"frame","timestamp","nose_x","nose_y","nose_z","nose_confidence","left_eye_inner_x","left_eye_inner_y","left_eye_inner_z","left_eye_inner_confidence","left_eye_x","left_eye_y","left_eye_z","left_eye_confidence","left_eye_outer_x","left_eye_outer_y","left_eye_outer_z","left_eye_outer_confidence","right_eye_inner_x","right_eye_inner_y","right_eye_inner_z","right_eye_inner_confidence","right_eye_x","right_eye_y","right_eye_z","right_eye_confidence","right_eye_outer_x","right_eye_outer_y","right_eye_outer_z","right_eye_outer_confidence","left_ear_x","left_ear_y","left_ear_z","left_ear_confidence","right_ear_x","right_ear_y","right_ear_z","right_ear_confidence","mouth_left_x","mouth_left_y","mouth_left_z","mouth_left_confidence","mouth_right_x","mouth_right_y","mouth_right_z","mouth_right_confidence","left_shoulder_x","left_shoulder_y","left_shoulder_z","left_shoulder_confidence","right_shoulder_x","right_shoulder_y","right_shoulder_z","right_shoulder_confidence","left_elbow_x","left_elbow_y","left_elbow_z","left_elbow_confidence","right_elbow_x","right_elbow_y","right_elbow_z","right_elbow_confidence","left_wrist_x","left_wrist_y","left_wrist_z","left_wrist_confidence","right_wrist_x","right_wrist_y","right_wrist_z","right_wrist_confidence","left_pinky_x","left_pinky_y","left_pinky_z","left_pinky_confidence","right_pinky_x","right_pinky_y","right_pinky_z","right_pinky_confidence","left_index_x","left_index_y","left_index_z","left_index_confidence","right_index_x","right_index_y","right_index_z","right_index_confidence","left_thumb_x","left_thumb_y","left_thumb_z","left_thumb_confidence","right_thumb_x","right_thumb_y","right_thumb_z","right_thumb_confidence","left_hip_x","left_hip_y","left_hip_z","left_hip_confidence","right_hip_x","right_hip_y","right_hip_z","right_hip_confidence","left_knee_x","left_knee_y","left_knee_z","left_knee_confidence","right_knee_x","right_knee_y","right_knee_z","right_knee_confidence","left_ankle_x","left_ankle_y","left_ankle_z","left_ankle_confidence","right_ankle_x","right_ankle_y","right_ankle_z","right_ankle_confidence","left_heel_x","left_heel_y","left_heel_z","left_heel_confidence","right_heel_x","right_heel_y","right_heel_z","right_heel_confidence","left_foot_index_x","left_foot_index_y","left_foot_index_z","left_foot_index_confidence","right_foot_index_x","right_foot_index_y","right_foot_index_z","right_foot_index_confidence"
"0","0.0000","0.50156","0.18044","0.01149","0.9589","0.48843","0.16883","0.00662","0.9541","0.48021","0.16569","0.00624","0.9566","0.47400","0.16995","0.00889","0.9380","0.51105","0.16795","0.01318","0.9575","0.51787","0.16671","0.01234","0.9032","0.52430","0.17019","0.01382","0.8907","0.46945","0.17896","0.01403","0.9501","0.52813","0.18387","0.02310","0.9045","0.49026","0.20362","0.00735","0.9950","0.51122","0.20514","0.01315","0.9741","0.43000","0.30257","0.00741","0.9114","0.57163","0.29971","0.01324","0.9805","0.41801","0.43211","-0.02272","0.9732","0.57923","0.43100","-0.01557","0.9183","0.42965","0.53804","-0.04184","0.9456","0.57162","0.53993","-0.03554","0.9401","0.42227","0.55703","-0.05112","0.9612","0.57755","0.55894","-0.04075","0.9604","0.41989","0.55486","-0.04578","0.9642","0.58369","0.55660","-0.03991","0.9547","0.43237","0.55420","-0.04140","0.9512","0.56551","0.55186","-0.03624","0.9576","0.45793","0.51991","-0.00237","0.9693","0.53782","0.51745","0.00397","0.9549","0.45976","0.71922","-0.00394","0.9574","0.53862","0.72150","0.00334","0.9308","0.46045","0.92263","0.00196","0.9651","0.53987","0.92099","0.00889","0.9489","0.46062","0.93997","0.01787","0.9608","0.53986","0.93971","0.02453","0.9506","0.46229","0.94932","-0.02070","0.9652","0.53879","0.95044","-0.01571","0.9571"
"1","0.0333","0.50166","0.17675","0.00805","0.9727","0.49125","0.16846","0.00833","0.9541","0.48412","0.16929","0.00606","0.9748","0.47494","0.17284","0.00784","0.9456","0.51404","0.16986","0.01135","0.9704","0.51638","0.16735","0.01419","0.9253","0.52612","0.16748","0.01683","0.9580","0.47000","0.18152","0.01767","0.9760","0.53010","0.17970","0.02378","0.9125","0.48955","0.20388","0.01018","0.9732","0.51046","0.20381","0.01408","0.9563","0.43162","0.29945","0.00635","0.9285","0.56888","0.30105","0.01476","0.9494","0.41731","0.43329","-0.02391","0.9802","0.57857","0.43148","-0.01841","0.9369","0.43092","0.54233","-0.04054","0.9950","0.57383","0.54224","-0.03797","0.9342","0.42145","0.55896","-0.04792","0.9658","0.57909","0.56063","-0.04148","0.9691","0.41875","0.55554","-0.05136","0.9754","0.58259","0.55424","-0.04150","0.9472","0.43145","0.55550","-0.04442","0.9752","0.56328","0.55478","-0.03500","0.9263","0.45921","0.52059","-0.00628","0.9433","0.53812","0.52006","0.00332","0.9421","0.46549","0.72096","-0.00655","0.9655","0.53912","0.71821","0.00579","0.9590","0.46113","0.92162","-0.00157","0.9631","0.54086","0.92319","0.00955","0.9171","0.46005","0.94058","0.01686","0.9636","0.53988","0.93985","0.02499","0.9715","0.46264","0.95111","-0.02750","0.9569","0.53965","0.94915","-0.01808","0.9099"
"2","0.0667","0.50167","0.17759","0.00957","0.9582","0.48772","0.17420","0.00561","0.9495","0.48280","0.16697","0.00375","0.9523","0.47527","0.17218","0.00722","0.9287","0.51303","0.16857","0.01560","0.9410","0.51732","0.16819","0.01498","0.9490","0.52325","0.16799","0.01462","0.9577","0.46877","0.17896","0.01823","0.9675","0.53038","0.18014","0.02447","0.9286","0.49056","0.20339","0.00989","0.9537","0.50824","0.20848","0.00950","0.9799","0.42888","0.30223","0.00601","0.9676","0.57141","0.30299","0.01512","0.9673","0.41888","0.42935","-0.02229","0.9739","0.58195","0.42666","-0.01595","0.9461","0.42967","0.54025","-0.04222","0.9618","0.56888","0.53955","-0.03612","0.9397","0.42246","0.55724","-0.04875","0.9524","0.57644","0.55636","-0.04467","0.9333","0.41605","0.55573","-0.05001","0.9787","0.58142","0.55652","-0.04219","0.9514","0.43553","0.55489","-0.04444","0.9535","0.56683","0.55184","-0.03963","0.9225","0.46045","0.51884","-0.00408","0.9581","0.53936","0.52182","0.00335","0.9339","0.46010","0.72093","-0.00542","0.9708","0.53866","0.72023","0.00456","0.9172","0.46007","0.91896","0.00367","0.9716","0.54002","0.92200","0.01040","0.9158","0.46030","0.93900","0.01872","0.9219","0.54070","0.94372","0.02525","0.9331","0.46148","0.95172","-0.02403","0.9453","0.54506","0.94608","-0.01856","0.9451"
"3","0.1000","0.49871","0.18057","0.01188","0.9289","0.49050","0.17137","0.00534","0.9785","0.47839","0.16748","0.00556","0.9812","0.47611","0.16960","0.00388","0.9402","0.51229","0.17212","0.01255","0.9209","0.51858","0.16942","0.01337","0.9605","0.52265","0.16991","0.01149","0.9416","0.46652","0.18054","0.01526","0.9351","0.53189","0.17799","0.02352","0.9076","0.49297","0.20213","0.00997","0.9429","0.51226","0.20284","0.01247","0.9584","0.43009","0.29879","0.00818","0.9431","0.57061","0.29989","0.01290","0.9412","0.42118","0.43088","-0.02135","0.9656","0.58014","0.42757","-0.02097","0.9563","0.42706","0.54284","-0.04165","0.9503","0.56923","0.54150","-0.03677","0.9454","0.42299","0.55951","-0.04851","0.9496","0.57926","0.56098","-0.04334","0.9393","0.41936","0.55675","-0.04536","0.9739","0.58435","0.55605","-0.03961","0.8907","0.43405","0.55673","-0.04247","0.9702","0.56783","0.55819","-0.03288","0.9413","0.46404","0.51860","-0.00212","0.9813","0.54011","0.52204","0.00482","0.9375","0.45820","0.72057","-0.00332","0.9412","0.54351","0.72011","0.00361","0.9200","0.45939","0.91885","0.00147","0.9911","0.53852","0.92124","0.00936","0.9381","0.46299","0.93858","0.01764","0.9724","0.53963","0.94020","0.02513","0.9527","0.46004","0.95102","-0.02379","0.9551","0.54139","0.95111","-0.01436","0.9508"
"4","0.1333","0.50318","0.18003","0.01029","0.9821","0.48952","0.17267","0.00542","0.9630","0.48452","0.16700","0.01071","0.9542","0.47775","0.17134","0.00625","0.9790","0.51349","0.16991","0.01828","0.9657","0.51731","0.16583","0.01340","0.9367","0.52325","0.17024","0.01553","0.9393","0.47074","0.18032","0.01575","0.9736","0.52835","0.18048","0.02364","0.9575","0.48669","0.20741","0.00946","0.9736","0.51047","0.20612","0.01469","0.9769","0.42680","0.30250","0.00753","0.9311","0.57026","0.29967","0.01017","0.9516","0.41756","0.42959","-0.02300","0.9462","0.58242","0.43340","-0.01787","0.9398","0.43056","0.54155","-0.04281","0.9494","0.57108","0.54201","-0.03520","0.9533","0.42059","0.56066","-0.04666","0.9723","0.57506","0.56343","-0.04154","0.9698","0.41777","0.55790","-0.04771","0.9111","0.58264","0.55479","-0.04234","0.9296","0.43369","0.55825","-0.04238","0.9487","0.56825","0.55353","-0.03517","0.9555","0.46069","0.52135","-0.00583","0.9388","0.53937","0.51906","0.00208","0.9275","0.45920","0.72054","-0.00310","0.9407","0.54064","0.72325","0.00352","0.9624","0.45910","0.92080","-0.00110","0.9725","0.54438","0.91820","0.00681","0.9520","0.46029","0.94161","0.01353","0.9687","0.53989","0.94060","0.02606","0.9802","0.45934","0.95075","-0.02183","0.9650","0.53806","0.95266","-0.01595","0.9416"
"5","0.1667","0.49854","0.18069","0.00783","0.9693","0.48602","0.16795","0.00768","0.9672","0.48306","0.16847","0.00665","0.9679","0.47539","0.17202","0.00944","0.9845","0.51104","0.17264","0.01365","0.9713","0.51747","0.16893","0.01512","0.9221","0.52670","0.16773","0.01117","0.9277","0.46960","0.17846","0.01698","0.9787","0.52861","0.17849","0.02183","0.9223","0.48775","0.20496","0.00920","0.9414","0.50744","0.20614","0.01070","0.9481","0.43010","0.30130","0.00878","0.9664","0.56967","0.30120","0.01436","0.9296","0.42048","0.43160","-0.02299","0.9367","0.58170","0.42797","-0.01646","0.9516","0.43223","0.54193","-0.04248","0.9590","0.57163","0.53769","-0.03517","0.9363","0.42106","0.55881","-0.05099","0.9679","0.57909","0.56333","-0.03873","0.9034","0.41987","0.55114","-0.04857","0.9491","0.58361","0.55482","-0.04098","0.9466","0.43248","0.55340","-0.04266","0.9739","0.56764","0.55693","-0.03239","0.9288","0.45945","0.52159","0.00059","0.9928","0.54355","0.51941","0.00340","0.9628","0.46006","0.72409","-0.00073","0.9642","0.53964","0.71879","0.00112","0.9469","0.45810","0.91951","0.00250","0.9518","0.53941","0.91830","0.00543","0.9424","0.46045","0.94051","0.01459","0.9355","0.53860","0.93897","0.02467","0.9217","0.45740","0.94968","-0.02185","0.9613","0.54191","0.95212","-0.01783","0.9068"
"6","0.2000","0.50002","0.18195","0.00900","0.9595","0.48371","0.17394","0.00743","0.9679","0.47977","0.16667","0.00484","0.9589","0.47407","0.16851","0.00654","0.9356","0.51476","0.17287","0.01352","0.9536","0.51782","0.16765","0.01491","0.9629","0.52277","0.17008","0.01559","0.9407","0.47079","0.17865","0.01821","0.9950","0.53048","0.18012","0.02565","0.9366","0.49175","0.20675","0.01034","0.9530","0.51094","0.20450","0.01236","0.9757","0.43190","0.29989","0.00645","0.9950","0.56844","0.30545","0.01717","0.9471","0.42325","0.42513","-0.02414","0.9527","0.57954","0.42797","-0.01555","0.9329","0.43260","0.53946","-0.04554","0.9647","0.56837","0.54077","-0.03510","0.9185","0.42093","0.56082","-0.04763","0.9385","0.57973","0.55955","-0.04270","0.9500","0.41560","0.55236","-0.04732","0.9493","0.57996","0.55703","-0.04139","0.9552","0.43155","0.55517","-0.04266","0.9487","0.56758","0.55253","-0.03586","0.9327","0.46252","0.51940","-0.00276","0.9800","0.54135","0.51939","0.00477","0.9590","0.46089","0.71833","-0.00379","0.9886","0.53919","0.71840","0.00385","0.9519","0.46008","0.91779","0.00208","0.9660","0.53903","0.91957","0.00802","0.9445","0.46241","0.94117","0.01620","0.9950","0.54164","0.94241","0.02327","0.9352","0.46133","0.95098","-0.02307","0.9431","0.53902","0.95360","-0.01682","0.9448"
"7","0.2333","0.50122","0.18185","0.00979","0.9656","0.48894","0.16970","0.00749","0.9561","0.48070","0.16899","0.00602","0.9574","0.47736","0.16944","0.00775","0.9455","0.51168","0.16955","0.01239","0.9380","0.51759","0.16641","0.01273","0.9669","0.52450","0.17286","0.01324","0.9134","0.47404","0.17923","0.01613","0.9779","0.52885","0.18235","0.02516","0.9333","0.48858","0.20359","0.01048","0.9518","0.50781","0.20416","0.00829","0.9476","0.43040","0.29979","0.00623","0.9459","0.56802","0.30239","0.01620","0.9843","0.41813","0.42977","-0.02180","0.9693","0.57891","0.43234","-0.01638","0.9627","0.42945","0.54028","-0.04400","0.9556","0.56819","0.54207","-0.03463","0.9527","0.42214","0.56298","-0.04852","0.9519","0.57662","0.56079","-0.04030","0.9599","0.42034","0.55870","-0.04808","0.9676","0.58379","0.55813","-0.03993","0.9653","0.43357","0.55868","-0.04349","0.9472","0.56841","0.55555","-0.03645","0.9394","0.46234","0.51764","-0.00392","0.9506","0.53918","0.51974","0.00525","0.9235","0.46152","0.71715","-0.00048","0.9703","0.54149","0.71888","0.00519","0.9549","0.46242","0.91953","0.00036","0.9548","0.54047","0.92266","0.00983","0.9535","0.46048","0.94132","0.01642","0.9691","0.54146","0.94137","0.02517","0.9319","0.45880","0.95243","-0.02500","0.9576","0.53933","0.95113","-0.01799","0.9266"
"8","0.2667","0.50283","0.18090","0.00914","0.9314","0.48777","0.17011","0.00498","0.9462","0.48515","0.16896","0.00470","0.9126","0.47672","0.17085","0.00691","0.9533","0.51154","0.17332","0.01368","0.9371","0.52169","0.17073","0.01471","0.9334","0.52273","0.17264","0.01576","0.9412","0.46772","0.18026","0.01777","0.9244","0.52845","0.17905","0.02491","0.9291","0.48688","0.20616","0.01042","0.9191","0.51145","0.20612","0.01091","0.9738","0.43076","0.29811","0.00680","0.9908","0.56751","0.30026","0.01403","0.9877","0.41917","0.43309","-0.02218","0.9509","0.58138","0.43194","-0.01561","0.9704","0.42896","0.54160","-0.04160","0.9778","0.57065","0.53971","-0.03586","0.9066","0.42019","0.56061","-0.04847","0.9520","0.57872","0.55979","-0.04459","0.9515","0.41517","0.55595","-0.04912","0.9635","0.58310","0.55522","-0.04401","0.9534","0.43634","0.55202","-0.04025","0.9682","0.56823","0.55549","-0.03680","0.9058","0.46082","0.52116","-0.00356","0.9589","0.54140","0.52283","0.00212","0.9201","0.45967","0.72228","-0.00541","0.9797","0.53859","0.71950","0.00316","0.9416","0.45705","0.92033","0.00515","0.9328","0.53991","0.91934","0.00840","0.9487","0.45876","0.94111","0.01693","0.9886","0.54079","0.94023","0.02389","0.9424","0.46109","0.94782","-0.02315","0.9674","0.54304","0.94997","-0.01423","0.9047"
"9","0.3000","0.50134","0.17917","0.01046","0.9676","0.49088","0.17442","0.00558","0.9504","0.48368","0.16879","0.00543","0.9367","0.47491","0.17101","0.00746","0.9740","0.51156","0.17015","0.01416","0.9551","0.51803","0.17096","0.01436","0.9440","0.52288","0.17068","0.01645","0.9270","0.47219","0.18145","0.01917","0.9758","0.53440","0.17871","0.02513","0.9319","0.49195","0.20451","0.00971","0.9415","0.50953","0.20351","0.00887","0.9570","0.42904","0.30075","0.00772","0.9345","0.57120","0.29902","0.01816","0.9656","0.42290","0.43157","-0.02536","0.9529","0.58026","0.43092","-0.01684","0.9374","0.42764","0.54050","-0.04535","0.9507","0.57337","0.53970","-0.03637","0.9572","0.42118","0.56058","-0.04935","0.9588","0.57776","0.56211","-0.04306","0.9526","0.41762","0.55428","-0.04740","0.9665","0.58148","0.55763","-0.04298","0.9117","0.43758","0.55639","-0.04263","0.9433","0.56744","0.55482","-0.03469","0.9448","0.46045","0.51674","-0.00111","0.9532","0.53959","0.51843","0.00707","0.9950","0.46092","0.71809","-0.00474","0.9498","0.53797","0.71711","0.00621","0.9163","0.45862","0.91913","0.00138","0.9590","0.54203","0.92055","0.01165","0.9430","0.45949","0.94002","0.02020","0.9578","0.54260","0.93748","0.02498","0.9581","0.46174","0.95097","-0.02116","0.9663","0.54021","0.95215","-0.01999","0.9586"
"10","0.3333","0.50270","0.18192","0.01176","0.9602","0.48923","0.17183","0.00754","0.9152","0.48222","0.16867","0.00535","0.9651","0.47763","0.17245","0.00905","0.9661","0.51165","0.16940","0.01552","0.9713","0.52027","0.16727","0.01517","0.9736","0.52399","0.16965","0.01189","0.9140","0.46836","0.18150","0.01748","0.9562","0.53100","0.17902","0.02542","0.9327","0.49177","0.20243","0.01221","0.9674","0.50838","0.20451","0.00999","0.9741","0.43207","0.29919","0.00979","0.9558","0.57407","0.30230","0.01708","0.9658","0.42358","0.43250","-0.01938","0.9886","0.57831","0.43126","-0.01513","0.9491","0.43372","0.53929","-0.04217","0.9512","0.56971","0.54177","-0.03776","0.9393","0.42191","0.56250","-0.04566","0.9775","0.57652","0.56132","-0.03817","0.9335","0.41962","0.55769","-0.04930","0.9291","0.58257","0.55757","-0.04186","0.9555","0.43683","0.55389","-0.04171","0.9658","0.57100","0.55853","-0.03672","0.9465","0.45826","0.52098","-0.00369","0.9630","0.54353","0.52287","0.00427","0.9523","0.46307","0.72038","-0.00310","0.9585","0.54031","0.71781","0.00534","0.9674","0.46225","0.92091","0.00008","0.9663","0.54016","0.92026","0.00541","0.9099","0.45942","0.93967","0.01510","0.9410","0.53943","0.93961","0.02278","0.9389","0.46273","0.95023","-0.02446","0.9716","0.53783","0.94984","-0.01511","0.9342"
"11","0.3667","0.50007","0.17972","0.00964","0.9938","0.48927","0.17015","0.00773","0.9441","0.48160","0.17256","0.00593","0.9849","0.47736","0.17123","0.01009","0.9313","0.51272","0.16856","0.01328","0.9349","0.51658","0.16880","0.01401","0.9628","0.52427","0.17237","0.01268","0.9580","0.47159","0.18030","0.01886","0.9642","0.52967","0.17772","0.02674","0.9364","0.49052","0.20336","0.01181","0.9256","0.50853","0.20595","0.00961","0.9608","0.43211","0.29821","0.00433","0.9601","0.57472","0.29847","0.01622","0.9590","0.42066","0.43046","-0.02592","0.9610","0.57887","0.43234","-0.01432","0.9515","0.43143","0.54099","-0.04283","0.9425","0.57139","0.54017","-0.03708","0.9605","0.42190","0.55925","-0.04992","0.9766","0.57845","0.56128","-0.04280","0.9558","0.41596","0.55474","-0.04865","0.9520","0.58304","0.55516","-0.04206","0.9277","0.43320","0.55256","-0.04414","0.9575","0.56947","0.55578","-0.03494","0.9334","0.45876","0.52038","-0.00548","0.9603","0.54050","0.52149","0.00409","0.9510","0.46068","0.72072","-0.00068","0.9240","0.54301","0.72268","0.00348","0.9578","0.46078","0.92153","0.00058","0.9666","0.54041","0.92208","0.01030","0.9176","0.45805","0.94105","0.01659","0.9565","0.54247","0.94069","0.02156","0.9830","0.45921","0.95070","-0.02285","0.9883","0.54306","0.95172","-0.01664","0.9261"
"12","0.4000","0.49962","0.17857","0.01237","0.9568","0.48804","0.17220","0.01161","0.9679","0.48292","0.16811","0.00918","0.9705","0.47577","0.16850","0.00734","0.9773","0.51542","0.17285","0.01400","0.9811","0.51660","0.16764","0.01630","0.9431","0.52617","0.16674","0.01089","0.9781","0.46856","0.18058","0.01667","0.9842","0.53016","0.18063","0.02270","0.9579","0.49037","0.20203","0.01143","0.9393","0.51203","0.20783","0.01131","0.9160","0.42974","0.30241","0.00798","0.9445","0.57018","0.30190","0.01310","0.9243","0.42126","0.42830","-0.02048","0.9485","0.58035","0.43179","-0.01669","0.9460","0.43094","0.53949","-0.04526","0.9495","0.56991","0.54238","-0.03632","0.9821","0.42413","0.56126","-0.04517","0.9619","0.57802","0.56214","-0.04124","0.9587","0.41971","0.55948","-0.04718","0.9891","0.58395","0.55564","-0.03937","0.9476","0.43327","0.55885","-0.04180","0.9720","0.56662","0.55379","-0.03900","0.8928","0.46259","0.52166","-0.00399","0.9369","0.54010","0.51758","0.00260","0.9407","0.46201","0.72242","-0.00646","0.9890","0.54038","0.71747","0.00631","0.9334","0.45991","0.91862","0.00382","0.9866","0.54033","0.92248","0.00732","0.9508","0.46218","0.94054","0.01850","0.9337","0.54368","0.94094","0.02316","0.9816","0.46131","0.95300","-0.01786","0.9301","0.54245","0.95263","-0.01495","0.9081"
"13","0.4333","0.50313","0.18158","0.01426","0.9671","0.48722","0.17260","0.00426","0.9752","0.48118","0.16671","0.00831","0.9847","0.48023","0.16984","0.00934","0.9455","0.51484","0.16914","0.01644","0.9018","0.51801","0.16902","0.01279","0.9199","0.52571","0.17074","0.01202","0.9594","0.47263","0.18032","0.01912","0.9471","0.52997","0.18212","0.02116","0.9353","0.48956","0.20519","0.01153","0.9371","0.51063","0.20428","0.01111","0.9799","0.43070","0.30229","0.00716","0.9286","0.57141","0.29968","0.01271","0.9417","0.41833","0.43144","-0.02283","0.9887","0.58215","0.43031","-0.01867","0.9547","0.43073","0.54223","-0.03963","0.9464","0.57462","0.54029","-0.03661","0.8980","0.42132","0.56187","-0.04854","0.9596","0.57748","0.56083","-0.04032","0.9278","0.41478","0.55694","-0.04831","0.9338","0.58572","0.55717","-0.04294","0.9215","0.43621","0.55779","-0.04440","0.9334","0.56281","0.55369","-0.03594","0.9240","0.45817","0.52376","-0.00179","0.9768","0.54335","0.51932","0.00276","0.9448","0.45903","0.72224","-0.00288","0.9562","0.54056","0.72163","0.00632","0.9611","0.46235","0.92131","0.00246","0.9617","0.54010","0.91915","0.00819","0.9610","0.46066","0.93834","0.01676","0.9715","0.54169","0.94168","0.02573","0.9466","0.46094","0.95179","-0.02324","0.9526","0.54628","0.95259","-0.01840","0.9265"
"14","0.4667","0.50251","0.17900","0.00902","0.9640","0.48716","0.17001","0.00889","0.9520","0.48580","0.16809","0.00857","0.9533","0.47617","0.17178","0.00681","0.9546","0.51550","0.16842","0.01479","0.9524","0.51986","0.16791","0.01247","0.9321","0.52423","0.17242","0.01163","0.9431","0.47367","0.17900","0.01470","0.9917","0.53232","0.18432","0.02389","0.9372","0.49074","0.20553","0.01016","0.9950","0.50782","0.20421","0.01160","0.9567","0.43002","0.30057","0.00735","0.9653","0.57221","0.30095","0.01686","0.9272","0.42136","0.43044","-0.02343","0.9638","0.57950","0.42961","-0.01290","0.9274","0.43199","0.53764","-0.04195","0.9704","0.57196","0.54159","-0.03551","0.9356","0.42366","0.56139","-0.04663","0.9612","0.58086","0.56023","-0.04006","0.9459","0.41920","0.55433","-0.04789","0.9597","0.58551","0.55168","-0.04288","0.9364","0.43580","0.55724","-0.04443","0.9950","0.56543","0.55334","-0.03582","0.9336","0.45818","0.52310","-0.00631","0.9738","0.54278","0.52171","0.00394","0.9592","0.46052","0.72124","-0.00367","0.9530","0.54312","0.72241","0.00600","0.9205","0.46289","0.91947","0.00468","0.9804","0.53960","0.92220","0.00959","0.9307","0.46073","0.93979","0.01554","0.9698","0.54155","0.94166","0.02496","0.9521","0.46007","0.95400","-0.02348","0.9766","0.54110","0.94891","-0.01546","0.9167"
"15","0.5000","0.50132","0.18167","0.01180","0.9490","0.48920","0.16958","0.00836","0.9586","0.48140","0.16884","0.00761","0.9560","0.47724","0.16946","0.01063","0.9509","0.51176","0.17027","0.01297","0.9489","0.51866","0.16704","0.01369","0.8972","0.52499","0.16772","0.01198","0.9073","0.47045","0.18013","0.01422","0.9594","0.52880","0.18397","0.02488","0.9015","0.49258","0.20631","0.00790","0.9950","0.51200","0.20551","0.01236","0.9833","0.43060","0.30317","0.00895","0.9060","0.57061","0.29932","0.01307","0.9584","0.42049","0.43418","-0.02158","0.9896","0.58199","0.42940","-0.01338","0.9175","0.42967","0.54018","-0.04094","0.9410","0.57170","0.54197","-0.03420","0.9269","0.42305","0.55908","-0.05120","0.9567","0.58003","0.55917","-0.04250","0.9440","0.42055","0.55624","-0.04454","0.9683","0.58370","0.55783","-0.03805","0.9455","0.43418","0.55493","-0.04052","0.9547","0.56651","0.55429","-0.03619","0.9144","0.45908","0.52007","-0.00050","0.9778","0.53928","0.51792","0.00419","0.9427","0.46101","0.72056","-0.00397","0.9573","0.53999","0.72187","0.00610","0.9331","0.46054","0.92095","0.00078","0.9630","0.54228","0.92154","0.00930","0.9170","0.46144","0.94324","0.01882","0.9566","0.54154","0.94043","0.02267","0.9385","0.46277","0.95065","-0.01985","0.9732","0.54044","0.95080","-0.01556","0.9458"
"16","0.5333","0.50162","0.17915","0.00891","0.9753","0.49255","0.16964","0.00863","0.9526","0.48606","0.16857","0.00686","0.9680","0.47726","0.17401","0.00835","0.9593","0.51457","0.17130","0.01346","0.9691","0.51756","0.16772","0.01373","0.9274","0.52841","0.16923","0.01648","0.9560","0.47176","0.18192","0.01825","0.9501","0.53212","0.18147","0.02712","0.9237","0.49206","0.20530","0.01306","0.9427","0.51228","0.20448","0.01118","0.9667","0.43300","0.30175","0.00842","0.9320","0.57071","0.30267","0.01602","0.9543","0.41889","0.43192","-0.02509","0.9787","0.57943","0.43347","-0.01679","0.9415","0.43113","0.54194","-0.03863","0.9557","0.57352","0.54150","-0.03625","0.9386","0.41995","0.56206","-0.04958","0.9655","0.58046","0.55982","-0.04156","0.9560","0.41784","0.55563","-0.04787","0.9641","0.58118","0.55482","-0.04273","0.9513","0.43362","0.55553","-0.04199","0.9823","0.56627","0.55517","-0.03422","0.9422","0.46190","0.52275","-0.00294","0.9728","0.53891","0.52109","0.00235","0.9257","0.46597","0.72106","-0.00646","0.9651","0.53866","0.71984","0.00589","0.9423","0.46177","0.92257","0.00143","0.9435","0.54082","0.92318","0.01188","0.9283","0.46034","0.94120","0.01740","0.9591","0.53868","0.94028","0.02486","0.9724","0.46491","0.95227","-0.02676","0.9763","0.53962","0.95045","-0.01618","0.9085"
"17","0.5667","0.50300","0.17819","0.01196","0.9645","0.48842","0.17322","0.00515","0.9489","0.48141","0.16639","0.00556","0.9583","0.47647","0.17057","0.00729","0.9439","0.51568","0.17023","0.01711","0.9438","0.51740","0.16716","0.01709","0.9346","0.52473","0.16818","0.01558","0.9495","0.46805","0.18149","0.01951","0.9936","0.53345","0.18058","0.02572","0.9373","0.49364","0.20292","0.01046","0.9574","0.51019","0.21165","0.01242","0.9762","0.43120","0.30246","0.00772","0.9374","0.57176","0.30307","0.01565","0.9543","0.42059","0.42890","-0.02228","0.9562","0.58391","0.42814","-0.01382","0.9302","0.43154","0.53755","-0.04046","0.9915","0.57051","0.53834","-0.03525","0.9412","0.42388","0.55574","-0.04902","0.9765","0.57837","0.55874","-0.04185","0.9336","0.41729","0.55731","-0.04858","0.9853","0.58343","0.55646","-0.04046","0.9314","0.43643","0.55493","-0.04182","0.9546","0.56729","0.55251","-0.03691","0.9241","0.46362","0.51868","-0.00326","0.9528","0.54023","0.52280","0.00701","0.9428","0.46190","0.72272","-0.00438","0.9641","0.54141","0.72225","0.00592","0.9262","0.46223","0.91984","0.00452","0.9841","0.54359","0.92347","0.01048","0.9164","0.46234","0.93872","0.02023","0.9444","0.54168","0.94395","0.02690","0.9189","0.46116","0.95196","-0.02135","0.9421","0.54374","0.94847","-0.01657","0.9630"
"18","0.6000","0.50338","0.18065","0.01229","0.9417","0.48918","0.17242","0.00671","0.9531","0.48066","0.16836","0.00824","0.9862","0.47552","0.17045","0.00444","0.9374","0.51235","0.17296","0.01492","0.9452","0.52086","0.16986","0.01587","0.9336","0.52463","0.17042","0.01158","0.9713","0.46923","0.18075","0.01548","0.9081","0.53068","0.17981","0.02140","0.8935","0.49286","0.20355","0.01100","0.9546","0.51264","0.20305","0.01343","0.9789","0.43027","0.29971","0.00899","0.9535","0.57253","0.30318","0.01245","0.9615","0.42111","0.43158","-0.02216","0.9542","0.58061","0.42713","-0.01748","0.9597","0.43009","0.54197","-0.03980","0.9677","0.57017","0.54377","-0.03586","0.9284","0.42198","0.55988","-0.04712","0.9593","0.58050","0.55980","-0.04540","0.9546","0.41984","0.55632","-0.04353","0.9649","0.58268","0.55538","-0.03987","0.9095","0.43528","0.55697","-0.04245","0.9480","0.56896","0.55728","-0.03165","0.9541","0.46289","0.52102","-0.00209","0.9519","0.54317","0.52190","0.00706","0.9488","0.45787","0.71964","-0.00066","0.9506","0.54267","0.72139","0.00402","0.9082","0.45976","0.92081","0.00400","0.9673","0.53790","0.92127","0.01107","0.9425","0.45965","0.93911","0.01774","0.9767","0.54124","0.94183","0.02770","0.9376","0.46070","0.95334","-0.02238","0.9695","0.54295","0.95280","-0.01360","0.9542"
"19","0.6333","0.50303","0.18048","0.01148","0.9950","0.49254","0.17409","0.00787","0.9762","0.48467","0.16804","0.00769","0.9868","0.47915","0.17106","0.00724","0.9934","0.51582","0.17135","0.01920","0.9406","0.51845","0.16687","0.01292","0.9208","0.52447","0.17050","0.01620","0.9491","0.46890","0.18106","0.01368","0.9604","0.53021","0.18139","0.02389","0.9453","0.48783","0.20751","0.00962","0.9671","0.51212","0.20814","0.01579","0.9787","0.42664","0.30263","0.00685","0.9663","0.57235","0.30115","0.01047","0.9405","0.41906","0.42993","-0.02419","0.9321","0.58184","0.43555","-0.01595","0.9004","0.43177","0.54343","-0.04012","0.9417","0.57156","0.54433","-0.03544","0.9448","0.42323","0.55991","-0.04678","0.9448","0.57641","0.56321","-0.03980","0.9754","0.42097","0.55668","-0.04775","0.9104","0.58400","0.55320","-0.04258","0.9308","0.43444","0.55643","-0.04148","0.9409","0.56672","0.55474","-0.03461","0.9343","0.46349","0.52142","-0.00459","0.9361","0.54272","0.51951","0.00427","0.9250","0.46431","0.72173","-0.00230","0.9441","0.54054","0.72361","0.00377","0.9614","0.46250","0.92306","0.00007","0.9818","0.54456","0.91842","0.00991","0.9776","0.46108","0.94297","0.01281","0.9674","0.54104","0.94190","0.02639","0.9840","0.45869","0.95081","-0.02155","0.9476","0.54009","0.95368","-0.01766","0.9536"
"20","0.6667","0.50046","0.18240","0.01081","0.9808","0.48920","0.16796","0.00692","0.9676","0.48414","0.16813","0.00717","0.9643","0.47624","0.17414","0.01034","0.9926","0.51324","0.17276","0.01136","0.9804","0.51848","0.16912","0.01390","0.9174","0.52615","0.17103","0.01247","0.9588","0.47197","0.18123","0.01600","0.9686","0.53053","0.17950","0.02347","0.9358","0.48689","0.20463","0.01061","0.9553","0.50853","0.20610","0.01115","0.9403","0.43031","0.30152","0.00772","0.9559","0.57240","0.30391","0.01542","0.9548","0.42186","0.43013","-0.02211","0.9777","0.58452","0.42816","-0.01475","0.9518","0.43218","0.54027","-0.04222","0.9530","0.57171","0.53830","-0.03363","0.9163","0.42438","0.55967","-0.05108","0.9740","0.57996","0.56102","-0.03873","0.9046","0.42184","0.55245","-0.04702","0.9338","0.58324","0.55507","-0.04088","0.9393","0.43509","0.55395","-0.04309","0.9583","0.56517","0.55897","-0.03399","0.9355","0.45867","0.52201","0.00094","0.9705","0.54374","0.51946","0.00449","0.9448","0.45941","0.72519","-0.00048","0.9575","0.54005","0.71960","0.00190","0.9463","0.45955","0.92025","0.00108","0.9706","0.53810","0.92074","0.00579","0.9452","0.46221","0.94004","0.01527","0.9422","0.53963","0.93852","0.02297","0.9153","0.45913","0.95125","-0.02194","0.9395","0.54306","0.95454","-0.01621","0.9188"
"21","0.7000","0.50141","0.18262","0.01044","0.9463","0.48427","0.17236","0.00753","0.9794","0.48211","0.16719","0.00765","0.9682","0.47479","0.16949","0.00786","0.9457","0.51777","0.17401","0.01404","0.9475","0.51918","0.16957","0.01229","0.9571","0.52406","0.17276","0.01670","0.9320","0.47062","0.18008","0.01817","0.9822","0.53343","0.18018","0.02523","0.9283","0.49245","0.20599","0.01226","0.9578","0.51244","0.20662","0.01344","0.9795","0.43221","0.29748","0.00563","0.9622","0.56922","0.30459","0.01731","0.9553","0.42333","0.42592","-0.02267","0.9711","0.58033","0.42761","-0.01640","0.9443","0.43346","0.53861","-0.04457","0.9669","0.56950","0.54214","-0.03455","0.9097","0.42197","0.56213","-0.04590","0.9194","0.58060","0.56088","-0.04172","0.9152","0.41722","0.55509","-0.04697","0.9672","0.58147","0.55843","-0.04151","0.9931","0.43421","0.55602","-0.04351","0.9333","0.56933","0.55363","-0.03605","0.9447","0.46425","0.52067","-0.00120","0.9490","0.54163","0.52096","0.00418","0.9428","0.46285","0.71912","-0.00307","0.9950","0.54005","0.71954","0.00519","0.9423","0.46054","0.92154","0.00274","0.9492","0.54134","0.91751","0.00721","0.9367","0.46260","0.94086","0.01963","0.9541","0.54266","0.94062","0.02783","0.9616","0.46120","0.95204","-0.02090","0.9438","0.54267","0.95302","-0.01700","0.9301"
"22","0.7333","0.50160","0.18123","0.01168","0.9402","0.48995","0.16916","0.00649","0.9423","0.48407","0.16956","0.00746","0.9751","0.47839","0.17081","0.00487","0.9282","0.51127","0.16922","0.01205","0.9291","0.51681","0.16719","0.01445","0.9510","0.52511","0.17361","0.01504","0.9096","0.47409","0.18078","0.01752","0.9594","0.53003","0.18407","0.02911","0.9320","0.49113","0.20413","0.01192","0.9454","0.50971","0.20460","0.00927","0.9695","0.43177","0.30242","0.00730","0.9531","0.57016","0.30206","0.01475","0.9567","0.41979","0.42880","-0.02287","0.9534","0.58208","0.43277","-0.01546","0.9427","0.43016","0.54269","-0.04388","0.9655","0.56876","0.54231","-0.03293","0.9659","0.42286","0.56357","-0.04639","0.9616","0.57860","0.56461","-0.03927","0.9654","0.41967","0.55836","-0.05030","0.9763","0.58579","0.55670","-0.03860","0.9629","0.43430","0.56043","-0.04419","0.9405","0.56736","0.55322","-0.03687","0.9396","0.46410","0.51861","-0.00466","0.9652","0.54194","0.52001","0.00483","0.9302","0.46133","0.72131","0.00071","0.9620","0.54060","0.72029","0.00684","0.9386","0.46130","0.92103","0.00189","0.9822","0.54115","0.92161","0.01177","0.9751","0.46061","0.94206","0.01534","0.9848","0.54200","0.94336","0.02674","0.9393","0.46166","0.95493","-0.02549","0.9797","0.53996","0.95011","-0.01675","0.9027"
"23","0.7667","0.50574","0.18252","0.00997","0.9362","0.48923","0.16941","0.00656","0.9298","0.48553","0.16998","0.00742","0.9211","0.47743","0.16984","0.00824","0.9729","0.51342","0.17358","0.01408","0.9357","0.52226","0.17078","0.01497","0.9321","0.52423","0.17390","0.01511","0.9469","0.46950","0.18191","0.01928","0.9244","0.52960","0.17865","0.02448","0.9377","0.48906","0.20678","0.00951","0.9670","0.51233","0.20440","0.01176","0.9911","0.43099","0.30050","0.00614","0.9772","0.56820","0.29765","0.01285","0.9809","0.42220","0.43230","-0.02134","0.9566","0.58129","0.43054","-0.01454","0.9688","0.43110","0.54281","-0.03961","0.9794","0.57003","0.54024","-0.03713","0.9043","0.42127","0.56184","-0.04778","0.9655","0.58035","0.56055","-0.04247","0.9813","0.41791","0.55637","-0.05075","0.9562","0.58272","0.55657","-0.04518","0.9423","0.43848","0.55445","-0.04069","0.9628","0.56992","0.55535","-0.03785","0.9361","0.45993","0.52065","-0.00246","0.9503","0.54105","0.52373","0.00403","0.9308","0.46019","0.72288","-0.00333","0.9593","0.53810","0.71799","0.00474","0.9514","0.45886","0.92216","0.00563","0.9734","0.54176","0.91904","0.00904","0.9365","0.46124","0.94071","0.01727","0.9549","0.54078","0.94166","0.02664","0.9227","0.46113","0.94827","-0.02433","0.9550","0.54534","0.94933","-0.01558","0.9029"
"24","0.8000","0.50074","0.18099","0.01101","0.9845","0.49189","0.17430","0.00855","0.9506","0.48697","0.16882","0.00473","0.8978","0.47627","0.17252","0.00886","0.9727","0.51282","0.17104","0.01541","0.9429","0.51994","0.17058","0.01366","0.9462","0.52392","0.16840","0.01422","0.9499","0.47131","0.18377","0.01893","0.9799","0.53545","0.18136","0.02560","0.9373","0.49095","0.20479","0.01026","0.9478","0.50971","0.20434","0.00943","0.9600","0.42666","0.30058","0.00736","0.9527","0.57427","0.30202","0.01719","0.9522","0.42275","0.43254","-0.02422","0.9523","0.58138","0.43067","-0.01524","0.9380","0.43198","0.54314","-0.04307","0.9577","0.57496","0.53844","-0.03700","0.9428","0.42261","0.56240","-0.04632","0.9706","0.57949","0.56053","-0.04133","0.9599","0.41989","0.55392","-0.04591","0.9950","0.58411","0.55794","-0.04141","0.9255","0.43770","0.55691","-0.04342","0.9546","0.57054","0.55633","-0.03354","0.9528","0.46115","0.51795","0.00041","0.9534","0.54231","0.52142","0.00469","0.9950","0.46299","0.71846","-0.00380","0.9647","0.54205","0.72025","0.00736","0.9269","0.45737","0.91859","0.00008","0.9679","0.54233","0.92181","0.01051","0.9650","0.46008","0.94016","0.01953","0.9503","0.54244","0.93819","0.02427","0.9588","0.46136","0.95090","-0.02050","0.9541","0.54286","0.95207","-0.01969","0.9561"
"25","0.8333","0.50494","0.18166","0.01374","0.9495","0.48935","0.17106","0.00496","0.9262","0.48246","0.16783","0.00926","0.9709","0.47930","0.17399","0.00719","0.9834","0.51274","0.17192","0.01497","0.9383","0.52067","0.16644","0.01489","0.9668","0.52472","0.16926","0.01517","0.9321","0.47060","0.18054","0.01683","0.9700","0.53309","0.18141","0.02551","0.9429","0.49313","0.20412","0.01303","0.9683","0.50982","0.20485","0.01193","0.9721","0.43292","0.30114","0.01017","0.9546","0.57156","0.30322","0.01618","0.9436","0.42469","0.42988","-0.02022","0.9746","0.58019","0.43176","-0.01506","0.9317","0.43506","0.53895","-0.04312","0.9467","0.56925","0.54228","-0.03796","0.9195","0.42394","0.56273","-0.04734","0.9508","0.57890","0.56292","-0.03822","0.9122","0.42200","0.55920","-0.04877","0.9509","0.58369","0.55691","-0.04242","0.9563","0.43830","0.55443","-0.04122","0.9694","0.57276","0.55736","-0.03571","0.9336","0.46079","0.52161","-0.00222","0.9852","0.54376","0.52176","0.00468","0.9351","0.46241","0.72074","-0.00154","0.9620","0.54504","0.71948","0.00521","0.9667","0.46245","0.91947","0.00153","0.9747","0.54279","0.92290","0.00460","0.9277","0.46028","0.93975","0.01501","0.9562","0.54041","0.94083","0.02186","0.9179","0.46299","0.94902","-0.02207","0.9548","0.54065","0.95007","-0.01566","0.9229"
"26","0.8667","0.50258","0.18076","0.01104","0.9900","0.48829","0.17144","0.00775","0.9364","0.48287","0.17382","0.00712","0.9659","0.47837","0.16889","0.00986","0.9442","0.51482","0.17150","0.01374","0.9501","0.51766","0.16868","0.01220","0.9375","0.52403","0.17341","0.01292","0.9672","0.47059","0.18282","0.01962","0.9534","0.52936","0.18079","0.02574","0.9233","0.49197","0.20193","0.01097","0.9101","0.50956","0.20749","0.01118","0.9611","0.43295","0.30113","0.00311","0.9561","0.57603","0.29815","0.01693","0.9226","0.42135","0.43399","-0.02683","0.9373","0.58034","0.43250","-0.01493","0.9525","0.43126","0.54024","-0.04096","0.9690","0.57171","0.53922","-0.03901","0.9426","0.42374","0.56142","-0.04874","0.9771","0.57939","0.56106","-0.04116","0.9461","0.41845","0.55607","-0.04851","0.9674","0.58382","0.55450","-0.04115","0.9320","0.43452","0.55540","-0.04568","0.9234","0.56900","0.55795","-0.03573","0.9242","0.45835","0.51925","-0.00312","0.9748","0.54152","0.52205","0.00304","0.9329","0.46207","0.72149","-0.00144","0.9275","0.54139","0.72378","0.00511","0.9192","0.46315","0.92230","0.00117","0.9552","0.53966","0.92255","0.00858","0.9656","0.45986","0.94247","0.01869","0.9649","0.54313","0.94039","0.02303","0.9758","0.46036","0.95052","-0.02150","0.9676","0.54338","0.95312","-0.01567","0.9257"
"27","0.9000","0.50051","0.17776","0.01325","0.9510","0.48878","0.17426","0.01058","0.9638","0.48239","0.16795","0.00756","0.9471","0.47846","0.16937","0.00814","0.9770","0.51407","0.17137","0.01433","0.9600","0.51943","0.16787","0.01601","0.9469","0.52750","0.16811","0.01389","0.9721","0.46941","0.18091","0.01985","0.9904","0.53080","0.18232","0.02253","0.9527","0.49024","0.20414","0.01224","0.9594","0.51133","0.20969","0.01054","0.9308","0.42883","0.30218","0.00825","0.9405","0.57187","0.30261","0.01561","0.9577","0.42257","0.42859","-0.01981","0.9270","0.58269","0.43127","-0.01591","0.9267","0.43137","0.54245","-0.04577","0.9448","0.57259","0.54182","-0.03572","0.9670","0.42470","0.56239","-0.04718","0.9632","0.57816","0.56303","-0.04014","0.9452","0.41759","0.55903","-0.04920","0.9652","0.58471","0.55344","-0.03929","0.9678","0.43531","0.55745","-0.04189","0.9483","0.56897","0.55465","-0.03938","0.9166","0.46470","0.52220","-0.00325","0.9334","0.53819","0.51825","0.00112","0.9369","0.46317","0.72478","-0.00664","0.9806","0.54061","0.72110","0.00757","0.9211","0.46282","0.91906","0.00228","0.9950","0.54092","0.92155","0.00908","0.9524","0.46357","0.94095","0.01794","0.9520","0.54534","0.93911","0.02251","0.9766","0.46110","0.95075","-0.01851","0.9382","0.54321","0.95361","-0.01494","0.9008"
"28","0.9333","0.50309","0.18315","0.01325","0.9533","0.48976","0.17305","0.00329","0.9770","0.48054","0.16815","0.00853","0.9856","0.48009","0.16959","0.00760","0.9487","0.51321","0.16944","0.01612","0.9189","0.51921","0.16979","0.01460","0.9424","0.52550","0.17103","0.01453","0.9461","0.47507","0.18233","0.02030","0.9698","0.53042","0.18248","0.02259","0.9426","0.48928","0.20635","0.01105","0.9316","0.51178","0.20411","0.01320","0.9830","0.43319","0.30442","0.00798","0.9304","0.57301","0.30123","0.01399","0.9479","0.41826","0.43214","-0.02119","0.9741","0.58284","0.43238","-0.01691","0.9638","0.43085","0.54275","-0.04241","0.9364","0.57455","0.54085","-0.03724","0.9190","0.42217","0.56201","-0.04610","0.9710","0.57814","0.56259","-0.04306","0.8828","0.41654","0.55481","-0.04896","0.9545","0.58594","0.55662","-0.04362","0.9233","0.43734","0.55759","-0.04394","0.9577","0.56455","0.55366","-0.03611","0.9246","0.45721","0.52305","-0.00165","0.9543","0.54544","0.51974","0.00239","0.9291","0.46062","0.72239","-0.00303","0.9229","0.53960","0.72147","0.00750","0.9691","0.46484","0.91986","0.00219","0.9830","0.54186","0.91968","0.00876","0.9496","0.46195","0.93776","0.01625","0.9781","0.54183","0.94242","0.02605","0.9473","0.46280","0.95292","-0.02406","0.9345","0.54528","0.95275","-0.01796","0.9104"
"29","0.9667","0.50525","0.18032","0.01018","0.9909","0.48763","0.16929","0.00852","0.9436","0.48839","0.16992","0.01013","0.9790","0.47642","0.17248","0.00772","0.9642","0.51595","0.16967","0.01407","0.9500","0.52122","0.16760","0.01331","0.9207","0.52529","0.17273","0.01093","0.9379","0.47478","0.17909","0.01393","0.9950","0.53383","0.18298","0.02266","0.9425","0.49122","0.20675","0.00982","0.9915","0.51199","0.20595","0.01154","0.9577","0.43292","0.29981","0.00635","0.9502","0.57295","0.30140","0.01600","0.9276","0.42276","0.43153","-0.02137","0.9577","0.58042","0.42889","-0.01551","0.9619","0.43014","0.53751","-0.04015","0.9522","0.57133","0.54139","-0.03596","0.9441","0.42218","0.56173","-0.04954","0.9371","0.58265","0.56208","-0.04011","0.9421","0.41939","0.55514","-0.04692","0.9816","0.58466","0.55416","-0.04260","0.9384","0.43826","0.55737","-0.04365","0.9697","0.56450","0.55622","-0.03420","0.9706","0.45868","0.52225","-0.00634","0.9802","0.54294","0.52062","0.00340","0.9641","0.46131","0.72124","-0.00316","0.9472","0.54351","0.72246","0.00733","0.9589","0.46361","0.92142","0.00333","0.9634","0.54024","0.92276","0.00852","0.9453","0.46132","0.93862","0.01624","0.9563","0.54108","0.94060","0.02504","0.9520","0.46088","0.95443","-0.02284","0.9561","0.54255","0.94963","-0.01763","0.9086"
"30","1.0000","0.50117","0.18161","0.01370","0.9346","0.49001","0.17046","0.00735","0.9556","0.48310","0.16709","0.00618","0.9557","0.47621","0.17062","0.01098","0.9616","0.51387","0.17011","0.01326","0.9452","0.51994","0.16887","0.01235","0.9123","0.52587","0.16930","0.01501","0.8850","0.46918","0.18070","0.01736","0.9383","0.52842","0.18572","0.02506","0.9171","0.49159","0.20501","0.00896","0.9950","0.51355","0.20539","0.01156","0.9839","0.43164","0.30449","0.00870","0.9385","0.57330","0.30243","0.01266","0.9674","0.42330","0.43251","-0.02371","0.9950","0.58144","0.43209","-0.01296","0.9105","0.43149","0.54062","-0.04211","0.9443","0.57266","0.54055","-0.03506","0.9421","0.42336","0.55988","-0.05068","0.9752","0.57991","0.55799","-0.04214","0.9279","0.42103","0.55887","-0.04455","0.9631","0.58321","0.55915","-0.03896","0.9516","0.43498","0.55395","-0.04354","0.9320","0.56740","0.55339","-0.03668","0.9392","0.46184","0.52145","0.00065","0.9950","0.54132","0.51891","0.00425","0.9578","0.46282","0.72137","-0.00389","0.9591","0.54009","0.72052","0.00403","0.9340","0.46205","0.92167","0.00299","0.9720","0.54233","0.92295","0.00880","0.9339","0.46285","0.94332","0.02006","0.9535","0.54016","0.94017","0.02248","0.9489","0.46449","0.94836","-0.02029","0.9898","0.54019","0.95110","-0.01634","0.9508"
"31","1.0333","0.50341","0.17996","0.00838","0.9714","0.49330","0.17110","0.00701","0.9316","0.48692","0.16922","0.00581","0.9591","0.47830","0.17223","0.00569","0.9622","0.51750","0.17113","0.01207","0.9612","0.51798","0.16849","0.01461","0.9283","0.52777","0.17012","0.01745","0.9356","0.47460","0.18019","0.01871","0.9646","0.53097","0.18089","0.02711","0.9332","0.49340","0.20712","0.01353","0.9480","0.51174","0.20620","0.01306","0.9542","0.43331","0.30188","0.01014","0.9541","0.56992","0.30139","0.01504","0.9606","0.42215","0.43083","-0.02385","0.9775","0.58128","0.43230","-0.01856","0.9284","0.43192","0.54080","-0.03990","0.9687","0.57394","0.54302","-0.03488","0.9490","0.42254","0.55962","-0.04879","0.9623","0.58105","0.56162","-0.04240","0.9637","0.41601","0.55648","-0.04992","0.9810","0.58242","0.55429","-0.04147","0.9552","0.43410","0.55619","-0.04246","0.9614","0.56672","0.55649","-0.03453","0.9357","0.46182","0.52155","-0.00449","0.9322","0.54244","0.52143","0.00006","0.9498","0.46636","0.72189","-0.00502","0.9709","0.53953","0.72219","0.00762","0.9340","0.46424","0.92140","-0.00117","0.9325","0.54060","0.92232","0.01032","0.9445","0.46137","0.94274","0.01630","0.9565","0.53981","0.94119","0.02463","0.9711","0.46412","0.95251","-0.02694","0.9766","0.54142","0.95027","-0.01573","0.9218"
"32","1.0667","0.50525","0.17843","0.01082","0.9614","0.48939","0.17422","0.00621","0.9556","0.48454","0.16678","0.00503","0.9641","0.47757","0.16973","0.00722","0.9452","0.51526","0.17233","0.01440","0.9455","0.51978","0.16831","0.01657","0.9365","0.52521","0.17101","0.01462","0.9529","0.47106","0.18076","0.01853","0.9857","0.53532","0.18362","0.02368","0.9511","0.49332","0.20565","0.00838","0.9590","0.51028","0.21074","0.01163","0.9836","0.43277","0.30336","0.00734","0.9751","0.57255","0.30311","0.01499","0.9732","0.42191","0.42835","-0.02149","0.9502","0.58353","0.42878","-0.01445","0.9411","0.43112","0.53960","-0.04263","0.9619","0.57242","0.53790","-0.03558","0.9498","0.42595","0.55858","-0.04911","0.9641","0.57887","0.55838","-0.04202","0.9053","0.41920","0.55492","-0.04791","0.9914","0.58439","0.55745","-0.04125","0.9464","0.43703","0.55595","-0.04303","0.9544","0.56909","0.55177","-0.03714","0.9045","0.46174","0.52136","-0.00443","0.9518","0.54109","0.52294","0.00522","0.9385","0.46106","0.72229","-0.00596","0.9506","0.54051","0.72370","0.00393","0.9405","0.46171","0.91917","0.00353","0.9950","0.54362","0.92366","0.01117","0.9406","0.46386","0.94148","0.01652","0.9349","0.54240","0.94299","0.02502","0.9207","0.46344","0.95270","-0.02019","0.9387","0.54537","0.94703","-0.01684","0.9639"
"33","1.1000","0.50344","0.18053","0.01254","0.9494","0.49116","0.17265","0.00562","0.9469","0.48125","0.16688","0.00774","0.9865","0.47793","0.17140","0.00425","0.9446","0.51340","0.17324","0.01252","0.9163","0.52165","0.16957","0.01639","0.9399","0.52368","0.17235","0.01158","0.9378","0.46926","0.18098","0.01577","0.9441","0.53515","0.17879","0.02219","0.9160","0.49483","0.20436","0.00826","0.9677","0.51433","0.20409","0.01093","0.9493","0.43168","0.30275","0.00682","0.9663","0.57482","0.30167","0.01279","0.9535","0.42245","0.43126","-0.02231","0.9779","0.58225","0.42906","-0.01938","0.9479","0.42779","0.54217","-0.04137","0.9586","0.57027","0.54397","-0.03499","0.9613","0.42304","0.56214","-0.04795","0.9604","0.58231","0.56216","-0.04334","0.9470","0.42122","0.55517","-0.04313","0.9782","0.58506","0.55779","-0.04005","0.8968","0.43575","0.55772","-0.04296","0.9756","0.56933","0.55796","-0.03258","0.9393","0.46554","0.52113","-0.00244","0.9695","0.54269","0.52155","0.00663","0.9190","0.45990","0.72218","-0.00046","0.9436","0.54427","0.72215","0.00422","0.9129","0.46134","0.91939","0.00205","0.9726","0.54033","0.92185","0.01069","0.9201","0.46246","0.94157","0.01815","0.9815","0.54287","0.94337","0.02662","0.9445","0.46101","0.95379","-0.02347","0.9621","0.54227","0.95261","-0.01250","0.9272"
"34","1.1333","0.50416","0.18036","0.00957","0.9817","0.49413","0.17292","0.00501","0.9467","0.48595","0.16849","0.00727","0.9680","0.47916","0.17101","0.00689","0.9640","0.51770","0.17181","0.01751","0.9521","0.51887","0.16915","0.01516","0.9381","0.52463","0.17178","0.01586","0.9344","0.47100","0.18044","0.01388","0.9766","0.53063","0.18055","0.02403","0.9380","0.48904","0.20655","0.00940","0.9714","0.51285","0.20822","0.01311","0.9950","0.42883","0.30261","0.00830","0.9306","0.57244","0.30274","0.01180","0.9597","0.42123","0.43024","-0.02366","0.9549","0.58256","0.43463","-0.01603","0.9289","0.43211","0.54305","-0.04224","0.9585","0.57260","0.54289","-0.03512","0.9567","0.42355","0.55999","-0.04697","0.9748","0.57854","0.56389","-0.04155","0.9763","0.42190","0.55812","-0.04922","0.9126","0.58581","0.55446","-0.03945","0.9235","0.43603","0.55786","-0.04222","0.9546","0.56928","0.55298","-0.03542","0.9550","0.46352","0.52136","-0.00608","0.9478","0.54266","0.51902","0.00274","0.9372","0.46336","0.72175","-0.00386","0.9628","0.54089","0.72289","0.00243","0.9508","0.46342","0.92124","-0.00115","0.9567","0.54496","0.91892","0.00695","0.9442","0.46120","0.94220","0.01264","0.9467","0.54226","0.94050","0.02463","0.9881","0.46067","0.95281","-0.02233","0.9832","0.53937","0.95443","-0.01683","0.9499"
"35","1.1667","0.50106","0.18150","0.00849","0.9566","0.48996","0.16869","0.00660","0.9791","0.48498","0.16964","0.00918","0.9701","0.47729","0.17354","0.00863","0.9950","0.51176","0.17380","0.01372","0.9753","0.52225","0.16868","0.01467","0.9236","0.52716","0.17129","0.01181","0.9411","0.47328","0.17997","0.01685","0.9526","0.53182","0.18038","0.02303","0.9293","0.48904","0.20458","0.01037","0.9564","0.50904","0.20729","0.00915","0.9368","0.43211","0.30238","0.00908","0.9577","0.57065","0.30218","0.01423","0.9408","0.42186","0.43268","-0.02286","0.9476","0.58417","0.42873","-0.01658","0.9591","0.43333","0.54143","-0.04189","0.9610","0.57259","0.53725","-0.03718","0.9267","0.42509","0.55916","-0.05099","0.9784","0.58043","0.56140","-0.04002","0.9092","0.41939","0.55359","-0.04785","0.9771","0.58516","0.55590","-0.04267","0.9552","0.43483","0.55380","-0.04378","0.9715","0.56742","0.55644","-0.03427","0.9307","0.45998","0.52071","0.00065","0.9931","0.54494","0.52147","0.00428","0.9615","0.45970","0.72472","-0.00275","0.9582","0.54217","0.72032","-0.00048","0.9352","0.46200","0.92107","0.00207","0.9949","0.53995","0.91931","0.00657","0.9691","0.46335","0.94041","0.01446","0.9574","0.53974","0.93966","0.02647","0.9158","0.45986","0.95028","-0.02079","0.9475","0.54271","0.95560","-0.01443","0.9299"
"36","1.2000","0.50375","0.18081","0.01100","0.9613","0.49037","0.17367","0.00415","0.9378","0.48459","0.16796","0.00668","0.9383","0.47689","0.17339","0.00764","0.9874","0.51582","0.17230","0.01133","0.9199","0.52309","0.16904","0.01426","0.9542","0.52753","0.17271","0.01397","0.9356","0.47311","0.18357","0.02043","0.9542","0.53452","0.18331","0.02316","0.9334","0.49274","0.20376","0.00958","0.9546","0.51097","0.20608","0.01161","0.9544","0.43345","0.30125","0.00330","0.9524","0.57634","0.30357","0.01268","0.9937","0.42264","0.43349","-0.02383","0.9784","0.58588","0.43452","-0.01662","0.9406","0.43371","0.54325","-0.04099","0.9950","0.57153","0.54025","-0.03287","0.9235","0.42316","0.56381","-0.04686","0.9571","0.58316","0.56281","-0.04120","0.9309","0.42197","0.55508","-0.04979","0.9355","0.58585","0.55684","-0.03881","0.9491","0.43946","0.55750","-0.04078","0.9561","0.57106","0.55748","-0.03744","0.9034","0.46096","0.51967","-0.00474","0.9698","0.54408","0.52140","0.00528","0.9381","0.46404","0.71974","-0.00114","0.9452","0.54203","0.71732","0.00509","0.9457","0.46502","0.92278","0.00344","0.9584","0.54307","0.92207","0.01468","0.9071","0.46155","0.94076","0.02074","0.9733","0.54458","0.94172","0.02405","0.9362","0.46560","0.95176","-0.02067","0.9425","0.54362","0.95208","-0.01421","0.9542"
"37","1.2333","0.50200","0.18087","0.01116","0.9415","0.49344","0.17144","0.00505","0.9545","0.48517","0.17003","0.00485","0.9253","0.47898","0.17098","0.00733","0.9684","0.51691","0.17011","0.01172","0.9043","0.52194","0.16939","0.01291","0.9414","0.52688","0.17085","0.01536","0.9334","0.47494","0.18464","0.01972","0.9526","0.53385","0.18381","0.02377","0.9264","0.49152","0.20472","0.00948","0.9749","0.51151","0.20645","0.01134","0.9368","0.43242","0.29971","0.00267","0.9593","0.57552","0.30412","0.01216","0.9623","0.42354","0.43326","-0.02584","0.9659","0.58401","0.43348","-0.01709","0.9376","0.43533","0.54255","-0.04007","0.9950","0.57438","0.54027","-0.03390","0.9291","0.42202","0.56450","-0.04377","0.9582","0.58421","0.56457","-0.04218","0.9290","0.42286","0.55488","-0.04861","0.9313","0.58362","0.55598","-0.04122","0.9401","0.43776","0.55746","-0.04144","0.9480","0.57121","0.55738","-0.03706","0.9152","0.46316","0.52094","-0.00476","0.9837","0.54219","0.52105","0.00619","0.9604","0.46462","0.72021","-0.00298","0.9374","0.54078","0.71957","0.00254","0.9534","0.46479","0.92189","0.00354","0.9470","0.54217","0.92435","0.01357","0.9044","0.46297","0.94021","0.01965","0.9847","0.54459","0.94275","0.02527","0.9454","0.46412","0.95194","-0.02207","0.9282","0.54291","0.95126","-0.01631","0.9348"
"38","1.2667","0.50249","0.18100","0.00884","0.9378","0.49064","0.17225","0.00520","0.9424","0.48145","0.17062","0.00813","0.9640","0.48198","0.16991","0.00579","0.9526","0.51686","0.17425","0.01450","0.9616","0.52364","0.16854","0.01353","0.9521","0.52740","0.17118","0.01443","0.9369","0.47164","0.18071","0.01715","0.9950","0.53157","0.18312","0.02435","0.9449","0.49119","0.20644","0.00947","0.9596","0.51019","0.20783","0.01125","0.9883","0.43157","0.30089","0.00578","0.9710","0.57304","0.30533","0.01537","0.9333","0.42533","0.43186","-0.02506","0.9512","0.58531","0.43257","-0.01937","0.9838","0.42977","0.53949","-0.04509","0.9477","0.57526","0.54326","-0.03673","0.9680","0.42334","0.56095","-0.04934","0.9602","0.58215","0.56312","-0.04282","0.9609","0.41657","0.55601","-0.04846","0.9709","0.58571","0.55920","-0.04118","0.9491","0.43665","0.55599","-0.04469","0.9275","0.56968","0.55789","-0.03602","0.9362","0.46349","0.52468","-0.00407","0.9646","0.54480","0.52159","0.00448","0.9663","0.46160","0.72124","-0.00482","0.9482","0.54315","0.72381","0.00479","0.9344","0.46162","0.92393","0.00040","0.9558","0.54630","0.92115","0.00741","0.9722","0.46626","0.94176","0.01575","0.9606","0.54417","0.94238","0.02448","0.9413","0.46051","0.94839","-0.02173","0.9513","0.54514","0.95289","-0.01740","0.9601"
"39","1.3000","0.50420","0.18360","0.01016","0.9224","0.49181","0.17361","0.00668","0.9475","0.48305","0.17319","0.00691","0.9337","0.48014","0.17595","0.00932","0.9769","0.51527","0.17446","0.01278","0.9240","0.52295","0.17247","0.01154","0.9180","0.52727","0.17341","0.01513","0.9350","0.47186","0.18376","0.01819","0.9600","0.53195","0.18139","0.02391","0.9234","0.49533","0.20517","0.01203","0.9705","0.51266","0.20997","0.00977","0.9515","0.43233","0.30433","0.00739","0.9887","0.57254","0.30410","0.01112","0.9482","0.42369","0.43184","-0.02302","0.9642","0.58171","0.43120","-0.01514","0.9512","0.43538","0.54160","-0.04797","0.9710","0.57382","0.53887","-0.04086","0.9426","0.42429","0.56135","-0.04943","0.9645","0.58125","0.56084","-0.04076","0.9547","0.41873","0.55869","-0.04997","0.9854","0.58696","0.55871","-0.04098","0.9186","0.44184","0.55876","-0.04393","0.9565","0.57071","0.55838","-0.03696","0.9532","0.46135","0.52338","-0.00433","0.9612","0.54297","0.52537","0.00078","0.9182","0.46261","0.72411","-0.00866","0.9683","0.54391","0.72289","0.00272","0.9470","0.46127","0.92112","0.00147","0.9779","0.54264","0.92071","0.00872","0.9536","0.46350","0.94154","0.01433","0.9950","0.53968","0.94229","0.02296","0.9267","0.46042","0.94989","-0.02088","0.9400","0.54320","0.94947","-0.01765","0.9328"
"40","1.3333","0.50705","0.18698","0.00849","0.9590","0.49223","0.17327","0.00252","0.9950","0.48667","0.17567","0.00912","0.9499","0.47879","0.17697","0.00659","0.9919","0.51409","0.17635","0.01429","0.9232","0.52137","0.17366","0.01441","0.9447","0.52968","0.17749","0.01109","0.9194","0.47733","0.18591","0.01633","0.9879","0.53429","0.18888","0.02284","0.9560","0.49434","0.20977","0.00762","0.9835","0.51223","0.21060","0.01170","0.9766","0.43048","0.30831","0.00401","0.9467","0.57422","0.30706","0.01256","0.9368","0.42368","0.43398","-0.02774","0.9777","0.58760","0.43680","-0.01970","0.9805","0.43407","0.54220","-0.04743","0.9307","0.57139","0.54272","-0.03972","0.9431","0.42578","0.56045","-0.05139","0.9237","0.58427","0.56095","-0.04504","0.9349","0.42099","0.55521","-0.05287","0.9950","0.58875","0.55805","-0.04542","0.9471","0.43727","0.55639","-0.04580","0.9596","0.56706","0.55533","-0.04454","0.9575","0.45958","0.52883","-0.00427","0.9608","0.54728","0.53008","0.00656","0.9351","0.46120","0.72210","-0.00441","0.9525","0.54533","0.72020","0.00333","0.9449","0.46533","0.92063","0.00290","0.9562","0.54137","0.91778","0.01297","0.9321","0.46383","0.94066","0.01173","0.9666","0.54368","0.94042","0.02677","0.9724","0.46477","0.95157","-0.02343","0.9739","0.54134","0.94699","-0.01585","0.9394"
"41","1.3667","0.50002","0.18698","0.00909","0.9653","0.48859","0.18197","0.00558","0.9362","0.48616","0.17720","0.00286","0.9428","0.47717","0.18027","0.00221","0.9605","0.51436","0.17729","0.01422","0.9449","0.52472","0.17890","0.01063","0.9511","0.52789","0.18081","0.00892","0.9288","0.47142","0.18825","0.01640","0.9569","0.53168","0.18653","0.02317","0.9514","0.49621","0.21386","0.00688","0.9370","0.51278","0.21532","0.00844","0.9369","0.42987","0.30936","0.00421","0.9950","0.57515","0.31068","0.01426","0.9304","0.41992","0.43956","-0.02516","0.9553","0.58615","0.43781","-0.01918","0.9533","0.43215","0.54351","-0.05221","0.9247","0.57372","0.54121","-0.04126","0.9458","0.42352","0.56513","-0.06015","0.9950","0.58139","0.56738","-0.04577","0.9528","0.42021","0.55593","-0.05460","0.9665","0.58258","0.56055","-0.04820","0.9252","0.43570","0.56068","-0.05138","0.9254","0.56906","0.55987","-0.04337","0.9090","0.46508","0.53174","-0.00143","0.9354","0.54528","0.53219","0.00334","0.9250","0.46050","0.72164","-0.01194","0.9633","0.54625","0.71868","-0.00378","0.9244","0.45911","0.91962","0.00291","0.9186","0.54365","0.92216","0.01025","0.9058","0.46435","0.93889","0.01678","0.9292","0.54349","0.93971","0.02315","0.9296","0.45979","0.95171","-0.02209","0.9475","0.54267","0.95092","-0.01505","0.9274"
"42","1.4000","0.50284","0.18625","0.00970","0.9950","0.49120","0.18206","0.00495","0.9485","0.48539","0.17851","0.00290","0.9132","0.47818","0.17988","0.00158","0.9456","0.51670","0.17771","0.01523","0.9457","0.52561","0.17847","0.01156","0.9298","0.52889","0.18189","0.00890","0.9222","0.47113","0.18773","0.01623","0.9605","0.53147","0.18644","0.02310","0.9409","0.49565","0.21278","0.00797","0.9246","0.51043","0.21372","0.00990","0.9423","0.43035","0.30863","0.00434","0.9670","0.57790","0.31174","0.01276","0.9428","0.41893","0.43849","-0.02426","0.9634","0.58641","0.43692","-0.01968","0.9627","0.43091","0.54403","-0.05051","0.9387","0.57286","0.54260","-0.04191","0.9479","0.42452","0.56509","-0.06084","0.9725","0.58168","0.56807","-0.04653","0.9671","0.42048","0.55699","-0.05487","0.9825","0.58386","0.55883","-0.04832","0.9551","0.43633","0.56050","-0.05221","0.9527","0.56985","0.56070","-0.04122","0.9471","0.46588","0.53175","-0.00236","0.9410","0.54628","0.53145","0.00299","0.9118","0.46018","0.72104","-0.00847","0.9657","0.54497","0.71711","-0.00436","0.9361","0.45836","0.91993","0.00042","0.9210","0.54334","0.91916","0.00980","0.9353","0.46314","0.94004","0.01653","0.9490","0.54535","0.94103","0.02414","0.9507","0.45969","0.95126","-0.02250","0.9394","0.54225","0.94965","-0.01398","0.9460"
"43","1.4333","0.50189","0.19162","0.00509","0.9647","0.48955","0.18518","0.00026","0.9665","0.48703","0.18035","0.00308","0.9745","0.47485","0.17983","0.00326","0.9407","0.51501","0.18592","0.01134","0.9302","0.52249","0.18340","0.01041","0.9604","0.52958","0.18719","0.01112","0.9409","0.47293","0.19138","0.01566","0.9789","0.53190","0.19257","0.02140","0.9368","0.49119","0.21617","0.00704","0.9773","0.51366","0.21749","0.00764","0.9815","0.42948","0.31353","0.00539","0.9784","0.57474","0.31445","0.01046","0.9462","0.42341","0.44079","-0.03038","0.9614","0.58390","0.44082","-0.02419","0.9519","0.43138","0.54652","-0.05377","0.9439","0.57149","0.54782","-0.05116","0.9556","0.42581","0.56567","-0.06172","0.9532","0.58253","0.56726","-0.05300","0.9261","0.41840","0.56141","-0.06008","0.9816","0.58795","0.56230","-0.05382","0.9552","0.43810","0.56002","-0.05469","0.9792","0.56971","0.56068","-0.04525","0.9569","0.46368","0.53893","-0.00342","0.9950","0.54710","0.53334","0.00305","0.9318","0.46366","0.71900","-0.01090","0.9447","0.54514","0.71789","-0.00153","0.9579","0.46362","0.92269","0.00052","0.9460","0.54416","0.92223","0.01081","0.9189","0.46211","0.94038","0.01456","0.9552","0.54510","0.93898","0.02234","0.9467","0.46162","0.94887","-0.02238","0.9873","0.54380","0.95110","-0.01681","0.9335"
"44","1.4667","0.50545","0.20039","0.00908","0.9578","0.49032","0.18617","0.00447","0.9879","0.48481","0.18897","0.00443","0.9950","0.48057","0.19164","0.00601","0.9855","0.51690","0.18772","0.01135","0.9297","0.52375","0.18820","0.00847","0.9520","0.52945","0.18931","0.01179","0.9370","0.47279","0.20025","0.01444","0.9607","0.53359","0.19886","0.02114","0.9538","0.49422","0.22577","0.00406","0.9560","0.51407","0.22453","0.00443","0.9447","0.43597","0.32021","0.00126","0.9543","0.57537","0.31931","0.00843","0.9355","0.42246","0.44789","-0.03394","0.9354","0.58412","0.44507","-0.02553","0.9879","0.43643","0.54590","-0.06059","0.9546","0.57546","0.54649","-0.05438","0.9585","0.42404","0.57121","-0.06191","0.9828","0.58115","0.56906","-0.05728","0.9660","0.42248","0.56103","-0.06462","0.9923","0.58635","0.56217","-0.05606","0.9467","0.43837","0.56275","-0.05980","0.9643","0.56812","0.56127","-0.05311","0.9319","0.46269","0.54450","-0.00488","0.9700","0.54311","0.54403","0.00597","0.9428","0.46265","0.72278","-0.01621","0.9753","0.54408","0.71890","-0.00112","0.9509","0.46417","0.92221","0.00173","0.9647","0.54233","0.92178","0.00812","0.9257","0.46194","0.94139","0.01800","0.9586","0.54467","0.94346","0.02448","0.9364","0.46496","0.95224","-0.02256","0.9805","0.54636","0.95203","-0.01765","0.9500"
"45","1.5000","0.50572","0.20464","0.00506","0.9467","0.48957","0.19476","0.00100","0.9641","0.48548","0.19603","-0.00021","0.9668","0.48078","0.19366","-0.00082","0.9131","0.51579","0.19568","0.00884","0.9657","0.52175","0.19464","0.00662","0.9379","0.52920","0.19689","0.00740","0.9570","0.47550","0.20573","0.01299","0.9628","0.53074","0.20576","0.01784","0.8999","0.49194","0.22928","0.00400","0.9448","0.51377","0.22844","0.00624","0.9788","0.43277","0.32600","0.00370","0.9565","0.57123","0.32780","0.00980","0.9424","0.42469","0.44893","-0.03814","0.9935","0.58331","0.44650","-0.03028","0.9406","0.43312","0.55328","-0.06290","0.9870","0.57147","0.54880","-0.05582","0.9564","0.42437","0.56884","-0.06774","0.9486","0.58101","0.56848","-0.06130","0.9114","0.41916","0.56316","-0.07045","0.9595","0.58560","0.56589","-0.06406","0.9358","0.43894","0.56656","-0.06154","0.9759","0.56948","0.56673","-0.05786","0.9429","0.46207","0.54958","-0.00103","0.9607","0.54518","0.55005","0.00518","0.9113","0.46172","0.72206","-0.01551","0.9467","0.54330","0.72015","-0.01402","0.9484","0.45756","0.92234","0.00257","0.9706","0.54647","0.91925","0.00590","0.9359","0.45811","0.93921","0.01499","0.9932","0.54356","0.94353","0.02265","0.9073","0.46175","0.95008","-0.02700","0.9602","0.54327","0.95095","-0.01521","0.9591"
"46","1.5333","0.50404","0.21341","0.00214","0.9849","0.49025","0.20435","-0.00181","0.9518","0.48499","0.19976","0.00215","0.9836","0.47717","0.20123","0.00082","0.9448","0.51621","0.20326","0.00727","0.9464","0.52273","0.19641","0.00757","0.9438","0.52904","0.20083","0.00963","0.9508","0.47061","0.21131","0.01133","0.9331","0.53525","0.21191","0.01503","0.9253","0.49524","0.23478","0.00027","0.9538","0.51183","0.23870","0.00326","0.9156","0.43179","0.33415","-0.00276","0.9950","0.57507","0.32906","0.00789","0.9203","0.42118","0.45433","-0.03930","0.9634","0.58091","0.45653","-0.03206","0.9305","0.43421","0.55553","-0.06898","0.9403","0.57363","0.55247","-0.06288","0.9512","0.42244","0.57328","-0.07290","0.9536","0.58497","0.57276","-0.06932","0.9361","0.42046","0.56707","-0.07513","0.9746","0.58226","0.56759","-0.06611","0.9393","0.43422","0.56828","-0.07085","0.9702","0.56716","0.57114","-0.06371","0.9130","0.46188","0.55803","-0.00118","0.9782","0.54238","0.55713","0.00720","0.9228","0.45934","0.71947","-0.02012","0.9605","0.54300","0.71926","-0.01512","0.9315","0.46007","0.91867","0.00036","0.9491","0.54564","0.91966","0.00933","0.9459","0.46465","0.94113","0.01679","0.9419","0.54231","0.94042","0.02436","0.9384","0.46265","0.95141","-0.02156","0.9663","0.54360","0.95288","-0.01461","0.9524"
"47","1.5667","0.50527","0.21569","0.00352","0.9798","0.49043","0.20412","0.00049","0.9315","0.48352","0.20117","0.00255","0.9725","0.47891","0.19997","0.00237","0.9737","0.51465","0.20229","0.00577","0.9503","0.52272","0.19825","0.00788","0.9216","0.52916","0.20313","0.00851","0.9662","0.47208","0.21196","0.01098","0.9492","0.53366","0.21332","0.01806","0.9375","0.49342","0.23338","-0.00100","0.9516","0.51089","0.23938","0.00101","0.9321","0.43333","0.33407","-0.00222","0.9909","0.57434","0.32939","0.00554","0.9297","0.42212","0.45328","-0.04184","0.9530","0.58138","0.45659","-0.03551","0.9546","0.43326","0.55532","-0.06916","0.9369","0.57354","0.55269","-0.06402","0.9560","0.42202","0.57220","-0.07490","0.9506","0.58460","0.57297","-0.07114","0.9492","0.41929","0.56706","-0.07367","0.9950","0.58610","0.56745","-0.06363","0.9287","0.43470","0.56961","-0.07010","0.9531","0.56783","0.57030","-0.06289","0.9372","0.46273","0.55667","-0.00099","0.9480","0.54050","0.55819","0.00590","0.9307","0.46076","0.71976","-0.02166","0.9695","0.54142","0.71921","-0.01425","0.9473","0.46201","0.92155","-0.00003","0.9434","0.54536","0.91936","0.00839","0.9719","0.46489","0.94136","0.01607","0.9365","0.54255","0.94061","0.02331","0.9222","0.46244","0.95136","-0.02286","0.9642","0.54402","0.95112","-0.01450","0.9112"
"48","1.6000","0.50446","0.21824","-0.00203","0.9797","0.49220","0.20664","0.00028","0.9262","0.48779","0.20434","0.00029","0.9598","0.47860","0.20662","-0.00275","0.9590","0.51806","0.20642","0.00602","0.9400","0.52173","0.20469","0.00608","0.9616","0.52998","0.20698","0.00499","0.9430","0.47316","0.21996","0.00487","0.9563","0.53612","0.21946","0.01678","0.9458","0.49069","0.24458","0.00181","0.9641","0.51332","0.24350","0.00407","0.9679","0.43316","0.33870","-0.01054","0.9423","0.57744","0.34111","0.00500","0.9257","0.42419","0.45719","-0.04468","0.9450","0.58552","0.45774","-0.03738","0.9417","0.43348","0.55496","-0.07814","0.9560","0.57438","0.55166","-0.06902","0.9863","0.42482","0.57700","-0.08150","0.9836","0.58259","0.57531","-0.08032","0.9302","0.42091","0.57022","-0.08054","0.9950","0.58638","0.56929","-0.07559","0.9265","0.43794","0.56795","-0.07602","0.9629","0.57052","0.57273","-0.06995","0.9344","0.46217","0.56707","-0.00265","0.9366","0.54559","0.56569","0.00506","0.9552","0.45954","0.71926","-0.02418","0.9633","0.54639","0.72084","-0.01839","0.9617","0.46216","0.92038","-0.00191","0.9331","0.54295","0.92277","0.01133","0.9555","0.46440","0.94006","0.01856","0.9498","0.54374","0.93730","0.02509","0.9555","0.46258","0.95134","-0.02515","0.9587","0.54650","0.95105","-0.01739","0.9050"
"49","1.6333","0.50547","0.22475","0.00288","0.9660","0.48837","0.21658","-0.00181","0.9487","0.48517","0.21276","-0.00122","0.9718","0.47784","0.21455","-0.00403","0.9417","0.51361","0.21550","0.00410","0.9428","0.52040","0.21044","0.00459","0.9592","0.53043","0.21255","0.00554","0.9341","0.47397","0.22669","0.00718","0.9410","0.53326","0.22484","0.01718","0.9197","0.49316","0.24793","0.00254","0.9456","0.51619","0.25203","0.00154","0.9728","0.43095","0.35025","-0.00436","0.9450","0.57107","0.34873","0.00273","0.9329","0.42048","0.46597","-0.04970","0.9902","0.58442","0.46691","-0.04176","0.9107","0.43336","0.55851","-0.08534","0.8843","0.57269","0.55866","-0.07744","0.9219","0.42339","0.57735","-0.09008","0.9276","0.58196","0.58039","-0.08409","0.9427","0.41841","0.57132","-0.08823","0.9671","0.58626","0.57302","-0.08177","0.9300","0.43426","0.57166","-0.08112","0.9717","0.57260","0.57105","-0.07187","0.9365","0.45983","0.57895","-0.00031","0.9779","0.54366","0.57446","0.00161","0.9374","0.46102","0.72196","-0.03204","0.9151","0.54970","0.71808","-0.01954","0.9483","0.46454","0.91979","0.00218","0.9431","0.54329","0.92242","0.00572","0.9743","0.46346","0.94077","0.01684","0.9344","0.54697","0.93908","0.02591","0.9632","0.46254","0.95111","-0.02469","0.9495","0.53975","0.94880","-0.01798","0.9467"
"50","1.6667","0.50529","0.23003","-0.00284","0.9785","0.49065","0.22029","-0.00486","0.9641","0.48711","0.21962","-0.00652","0.9752","0.47838","0.22177","-0.00257","0.9408","0.51416","0.22546","0.00076","0.9619","0.52223","0.21682","0.00609","0.9679","0.52856","0.22203","0.00393","0.9422","0.47294","0.23298","0.00823","0.9478","0.53343","0.23448","0.01526","0.9358","0.49315","0.25780","-0.00112","0.9950","0.51113","0.25855","-0.00082","0.9567","0.43440","0.35716","-0.00547","0.9178","0.57340","0.35678","0.00221","0.9609","0.42134","0.47016","-0.05138","0.9677","0.58362","0.46967","-0.04926","0.9620","0.43312","0.56088","-0.08688","0.9882","0.57537","0.56120","-0.08399","0.9374","0.42506","0.57970","-0.09419","0.9872","0.57969","0.58180","-0.08925","0.9258","0.42135","0.57568","-0.09568","0.9718","0.58748","0.57941","-0.08416","0.9231","0.43532","0.57221","-0.08793","0.9409","0.57009","0.57683","-0.08334","0.9333","0.46200","0.58581","-0.00149","0.9469","0.54535","0.58559","0.00661","0.9114","0.45927","0.71994","-0.03338","0.9643","0.54587","0.71835","-0.02565","0.9258","0.46131","0.91877","0.00036","0.9187","0.54381","0.91991","0.00708","0.9607","0.46283","0.94091","0.01698","0.9585","0.54332","0.94232","0.02463","0.9225","0.46260","0.95221","-0.02322","0.9301","0.54638","0.94993","-0.01612","0.9572"
"51","1.7000","0.50483","0.23973","-0.00001","0.9716","0.48905","0.22983","-0.00695","0.9465","0.48281","0.22608","-0.00650","0.9680","0.47926","0.22940","-0.00236","0.9552","0.51548","0.23018","-0.00029","0.9458","0.52261","0.22879","0.00297","0.9608","0.52915","0.23087","0.00046","0.9265","0.47325","0.24212","0.00258","0.9658","0.53510","0.24364","0.01149","0.9091","0.49494","0.26463","-0.00127","0.9275","0.51250","0.26456","-0.00215","0.9397","0.43085","0.36364","-0.00862","0.9833","0.57562","0.36116","-0.00382","0.9465","0.42402","0.47302","-0.06147","0.9694","0.58390","0.47677","-0.05411","0.9702","0.43375","0.56296","-0.09387","0.9748","0.57666","0.55677","-0.09203","0.9488","0.42237","0.58649","-0.10223","0.9673","0.58615","0.58254","-0.09251","0.9432","0.42002","0.57810","-0.09903","0.9716","0.58448","0.58028","-0.09305","0.9464","0.43624","0.57844","-0.09541","0.9445","0.57156","0.57571","-0.08895","0.9328","0.46104","0.59441","0.00172","0.9843","0.54537","0.59421","0.00415","0.9231","0.46124","0.72117","-0.03519","0.9549","0.54777","0.71856","-0.03097","0.9183","0.46468","0.92126","-0.00065","0.9466","0.54546","0.91977","0.00987","0.9444","0.46360","0.93865","0.01777","0.9347","0.54492","0.94338","0.02104","0.9307","0.46154","0.94720","-0.02486","0.9604","0.54629","0.95339","-0.01579","0.9493"
"52","1.7333","0.49952","0.24931","-0.00037","0.9506","0.49152","0.23540","-0.00644","0.9527","0.48241","0.23672","-0.00575","0.9468","0.47985","0.23726","-0.00774","0.9442","0.51720","0.23746","-0.00272","0.9656","0.52415","0.23606","-0.00022","0.9111","0.52749","0.23692","-0.00113","0.9507","0.47242","0.24757","0.00061","0.9614","0.53463","0.24839","0.00786","0.9204","0.49515","0.27287","-0.00267","0.9637","0.51439","0.27161","-0.00495","0.9393","0.43152","0.37272","-0.01216","0.9578","0.57293","0.37223","-0.00332","0.9366","0.42027","0.48145","-0.06258","0.9729","0.58281","0.48199","-0.05294","0.9516","0.43177","0.56386","-0.10305","0.9822","0.57452","0.56773","-0.09543","0.9567","0.42475","0.58649","-0.10793","0.9439","0.58160","0.58369","-0.10036","0.9411","0.42267","0.58384","-0.10729","0.9395","0.58877","0.58166","-0.10239","0.9180","0.43669","0.58106","-0.10238","0.9792","0.57042","0.58467","-0.09559","0.9407","0.46342","0.60718","-0.00295","0.9293","0.54402","0.60502","0.00424","0.9382","0.45877","0.71990","-0.04610","0.9440","0.54747","0.72149","-0.03545","0.9611","0.46198","0.92148","0.00117","0.9562","0.54091","0.92050","0.00540","0.9551","0.46409","0.94282","0.01660","0.9616","0.54361","0.94099","0.02516","0.9595","0.46160","0.94647","-0.02315","0.9604","0.54398","0.94971","-0.01637","0.9287"
"53","1.7667","0.50157","0.24755","-0.00213","0.9439","0.49245","0.23826","-0.00567","0.9717","0.48304","0.23706","-0.00413","0.9463","0.47978","0.23899","-0.00897","0.9545","0.51579","0.23783","0.00076","0.9537","0.52160","0.23603","0.00087","0.9078","0.52758","0.23737","0.00058","0.9451","0.47293","0.24878","0.00211","0.9636","0.53390","0.24778","0.00858","0.9516","0.49375","0.27227","-0.00310","0.9360","0.51390","0.27259","-0.00402","0.9624","0.43457","0.37225","-0.01216","0.9654","0.57228","0.37346","-0.00344","0.9195","0.42137","0.48147","-0.06146","0.9688","0.58321","0.48201","-0.05359","0.9607","0.43143","0.56309","-0.10471","0.9547","0.57271","0.56669","-0.09568","0.9744","0.42325","0.58719","-0.10701","0.9592","0.58291","0.58455","-0.10024","0.9219","0.42251","0.58462","-0.10501","0.9389","0.58781","0.57953","-0.09950","0.9155","0.43494","0.58124","-0.10108","0.9723","0.57005","0.58500","-0.09424","0.9241","0.46323","0.60858","-0.00256","0.9429","0.54455","0.60611","0.00427","0.9736","0.45870","0.72101","-0.04547","0.9575","0.54676","0.72223","-0.03510","0.9534","0.46249","0.92151","0.00090","0.9381","0.54311","0.92144","0.00396","0.9574","0.46314","0.94356","0.01704","0.9588","0.54483","0.94206","0.02368","0.9623","0.46099","0.94850","-0.02197","0.9720","0.54348","0.95045","-0.01662","0.9215"
"54","1.8000","0.50307","0.25711","-0.00712","0.9346","0.49335","0.24575","-0.00662","0.9490","0.48701","0.24091","-0.00868","0.9565","0.47932","0.24451","-0.00811","0.9738","0.51924","0.24576","-0.00131","0.9430","0.52054","0.24011","-0.00258","0.9375","0.52644","0.24369","-0.00373","0.9620","0.47213","0.25577","0.00011","0.9605","0.53386","0.25550","0.00984","0.9464","0.49028","0.27899","-0.00232","0.9509","0.51488","0.27774","-0.00318","0.9351","0.43178","0.37919","-0.01516","0.9537","0.57434","0.37672","-0.00710","0.9196","0.42407","0.48841","-0.06771","0.9341","0.58544","0.48561","-0.05789","0.9927","0.43372","0.56717","-0.10445","0.9735","0.57533","0.57020","-0.10197","0.9351","0.42402","0.59108","-0.11309","0.9428","0.58160","0.58845","-0.10810","0.9611","0.41874","0.58371","-0.11202","0.9917","0.58639","0.58180","-0.10886","0.9516","0.43520","0.58425","-0.10728","0.9946","0.56848","0.58340","-0.10109","0.9652","0.46248","0.60887","-0.00165","0.9582","0.54773","0.61120","0.00548","0.9652","0.45937","0.71999","-0.04558","0.9438","0.54978","0.72211","-0.03757","0.9322","0.46402","0.92188","0.00057","0.9565","0.54499","0.92068","0.00315","0.9510","0.46307","0.93763","0.01592","0.9401","0.53988","0.94053","0.01975","0.9146","0.46335","0.94845","-0.02544","0.9365","0.54418","0.94845","-0.01895","0.9259"
"55","1.8333","0.50230","0.25961","-0.00849","0.9252","0.49167","0.25290","-0.00868","0.9699","0.48058","0.25354","-0.01056","0.9459","0.47840","0.25614","-0.00693","0.9617","0.51585","0.24984","-0.00216","0.9177","0.52174","0.24986","0.00092","0.9263","0.52503","0.25124","-0.00413","0.9490","0.47197","0.25925","-0.00121","0.9512","0.53233","0.26110","0.00796","0.9479","0.49475","0.28215","-0.00758","0.9806","0.51486","0.28252","-0.00937","0.9726","0.43116","0.38301","-0.01420","0.9627","0.57389","0.38531","-0.00372","0.9162","0.42291","0.49011","-0.07096","0.9489","0.58166","0.49500","-0.06276","0.9368","0.43292","0.57019","-0.11394","0.9556","0.57293","0.57202","-0.10671","0.9318","0.42521","0.58999","-0.11618","0.9801","0.58421","0.58467","-0.10973","0.9568","0.42040","0.58784","-0.11878","0.9565","0.58467","0.58716","-0.11123","0.9376","0.43657","0.58465","-0.11272","0.9376","0.57370","0.58698","-0.10611","0.9653","0.46335","0.62044","-0.00279","0.9748","0.54219","0.61889","0.00843","0.9399","0.45856","0.72259","-0.04905","0.9728","0.54545","0.71995","-0.04161","0.9674","0.46212","0.92105","0.00053","0.9517","0.54186","0.92245","0.00942","0.9357","0.46325","0.94048","0.01763","0.9520","0.54156","0.93939","0.02346","0.9633","0.46330","0.95330","-0.02462","0.9370","0.54265","0.94858","-0.01249","0.9011"
"56","1.8667","0.50159","0.26795","-0.00985","0.9455","0.49275","0.25433","-0.01206","0.9649","0.48278","0.25704","-0.01091","0.9475","0.47542","0.25557","-0.00922","0.9526","0.51590","0.25799","-0.00438","0.9713","0.52171","0.25187","-0.00631","0.9474","0.53008","0.25695","-0.00351","0.9498","0.47348","0.26688","-0.00133","0.9518","0.53312","0.26490","0.00586","0.9135","0.49241","0.28796","-0.00965","0.9539","0.51536","0.29006","-0.00637","0.9767","0.43385","0.39276","-0.01780","0.9753","0.57623","0.39174","-0.01125","0.9613","0.42594","0.49929","-0.07149","0.9578","0.58695","0.49592","-0.06519","0.9460","0.43213","0.57608","-0.11910","0.9597","0.57504","0.57279","-0.11294","0.9298","0.42542","0.59182","-0.12459","0.9487","0.58334","0.59418","-0.11552","0.9436","0.42279","0.58774","-0.12324","0.9625","0.58700","0.58850","-0.11760","0.9480","0.43650","0.58600","-0.12218","0.9428","0.56892","0.58730","-0.11289","0.9531","0.46637","0.62853","0.00069","0.9320","0.54335","0.62871","0.01066","0.9910","0.45823","0.72201","-0.05464","0.9651","0.54622","0.72100","-0.04741","0.9642","0.46216","0.91842","0.00383","0.9495","0.54351","0.91906","0.00714","0.9292","0.45962","0.94197","0.01428","0.9745","0.54388","0.94119","0.01998","0.9385","0.46481","0.94998","-0.02557","0.9540","0.54401","0.94979","-0.01580","0.9554"
"57","1.9000","0.50404","0.27366","-0.00509","0.9446","0.49007","0.26049","-0.01089","0.9463","0.48280","0.25850","-0.01382","0.9433","0.47826","0.26418","-0.01204","0.9878","0.51481","0.26185","-0.00292","0.9269","0.52135","0.26238","-0.00420","0.9343","0.52914","0.26381","-0.00405","0.9302","0.47432","0.27534","-0.00310","0.9811","0.53603","0.26925","0.00502","0.9775","0.49431","0.30125","-0.00902","0.9520","0.51236","0.29871","-0.00993","0.9417","0.43372","0.39773","-0.01655","0.9283","0.57525","0.40060","-0.00961","0.9523","0.41900","0.50314","-0.07763","0.9399","0.58228","0.50216","-0.07177","0.9398","0.43207","0.57677","-0.12421","0.9395","0.57443","0.57641","-0.11582","0.9046","0.42567","0.59700","-0.13066","0.9427","0.58235","0.59303","-0.12095","0.9604","0.42031","0.59270","-0.12740","0.9950","0.58683","0.58921","-0.12223","0.9566","0.43536","0.59134","-0.12305","0.9583","0.56979","0.59052","-0.11657","0.9185","0.46332","0.63301","-0.00003","0.9950","0.54158","0.63066","0.00771","0.9519","0.45689","0.72144","-0.05512","0.9666","0.54688","0.71704","-0.04696","0.9531","0.46073","0.91902","-0.00193","0.9644","0.54594","0.91926","0.00657","0.9703","0.46369","0.94145","0.01745","0.9456","0.54588","0.93998","0.02202","0.9174","0.46285","0.94746","-0.02283","0.9835","0.54314","0.95122","-0.02000","0.9619"
"58","1.9333","0.50287","0.27208","-0.00763","0.9279","0.48998","0.26080","-0.01052","0.9437","0.48206","0.25815","-0.01518","0.9406","0.47872","0.26452","-0.01082","0.9678","0.51570","0.26166","-0.00459","0.9441","0.52137","0.25988","-0.00510","0.9332","0.52885","0.26234","-0.00481","0.9367","0.47489","0.27383","-0.00526","0.9629","0.53592","0.27048","0.00667","0.9895","0.49140","0.30326","-0.00907","0.9633","0.51284","0.29747","-0.00858","0.9176","0.43298","0.39869","-0.01700","0.9640","0.57467","0.40120","-0.01037","0.9529","0.42156","0.50280","-0.07921","0.9359","0.58251","0.50185","-0.07107","0.9497","0.43003","0.57550","-0.12398","0.9624","0.57626","0.57824","-0.11855","0.9038","0.42413","0.59759","-0.13054","0.9605","0.58246","0.59435","-0.12102","0.9406","0.41922","0.59217","-0.12948","0.9950","0.58719","0.58844","-0.12320","0.9804","0.43469","0.59050","-0.12368","0.9389","0.57194","0.59000","-0.11720","0.9211","0.46125","0.63400","0.00178","0.9791","0.54359","0.63349","0.01118","0.9396","0.45692","0.72095","-0.05601","0.9586","0.54767","0.71841","-0.04864","0.9799","0.46226","0.91877","-0.00181","0.9788","0.54550","0.92044","0.00736","0.9561","0.46166","0.94249","0.01637","0.9627","0.54577","0.93938","0.02189","0.9199","0.46122","0.94865","-0.02330","0.9640","0.54208","0.95089","-0.01803","0.9657"
"59","1.9667","0.50396","0.27829","-0.01060","0.9273","0.48951","0.26730","-0.01483","0.9601","0.48369","0.26250","-0.01566","0.9792","0.47762","0.26546","-0.01245","0.9365","0.51758","0.26567","-0.00668","0.9343","0.52273","0.26658","-0.00197","0.9443","0.52988","0.26629","-0.00460","0.9436","0.47307","0.27612","-0.00140","0.9928","0.53426","0.27844","0.00473","0.9299","0.49339","0.30042","-0.00923","0.9447","0.51581","0.30075","-0.00770","0.9657","0.43222","0.40143","-0.01547","0.9901","0.57638","0.39854","-0.01296","0.9462","0.42069","0.50387","-0.07940","0.9685","0.58466","0.50521","-0.07335","0.9677","0.43069","0.57492","-0.12959","0.9859","0.57294","0.57719","-0.12255","0.9177","0.42513","0.59824","-0.13353","0.9950","0.58061","0.59791","-0.12240","0.9422","0.42114","0.59015","-0.12935","0.9595","0.58568","0.59305","-0.12585","0.9298","0.43351","0.59253","-0.12844","0.9792","0.57056","0.59274","-0.11774","0.8874","0.46543","0.64054","-0.00031","0.9656","0.54526","0.63948","0.00560","0.9286","0.45569","0.72140","-0.06126","0.9728","0.54873","0.72019","-0.05151","0.9266","0.46354","0.92079","0.00234","0.9593","0.54171","0.92107","0.01046","0.9344","0.46305","0.94107","0.01939","0.9612","0.54227","0.93943","0.02714","0.9474","0.46673","0.94862","-0.02498","0.9907","0.54279","0.95054","-0.01633","0.9710"
"60","2.0000","0.50333","0.28225","-0.00933","0.9529","0.49022","0.26924","-0.01548","0.9950","0.48272","0.26860","-0.01538","0.9363","0.47695","0.26910","-0.01237","0.9651","0.51883","0.27243","-0.00793","0.9417","0.52216","0.26786","-0.00784","0.9296","0.52518","0.27074","-0.00564","0.9612","0.47438","0.28190","-0.00469","0.9536","0.53465","0.27990","0.00263","0.9088","0.49435","0.30315","-0.00968","0.9595","0.51256","0.30444","-0.01188","0.9379","0.43202","0.40297","-0.01607","0.9671","0.57562","0.40405","-0.01130","0.9675","0.42534","0.50396","-0.08296","0.9448","0.58624","0.50803","-0.07509","0.9394","0.43219","0.57929","-0.12966","0.9573","0.57508","0.57879","-0.12441","0.9633","0.42231","0.59859","-0.13379","0.9836","0.58248","0.59693","-0.12772","0.9324","0.42367","0.59387","-0.13278","0.9244","0.58732","0.59307","-0.12824","0.9386","0.43843","0.59325","-0.12826","0.9700","0.56823","0.59091","-0.12261","0.9508","0.46219","0.64295","-0.00175","0.9673","0.54501","0.64614","0.00774","0.9404","0.45513","0.71974","-0.06326","0.9309","0.54593","0.72101","-0.05301","0.9501","0.46356","0.92012","-0.00002","0.9502","0.54549","0.92234","0.00625","0.9292","0.46181","0.93847","0.01627","0.9419","0.54536","0.94168","0.02559","0.9239","0.46314","0.95018","-0.02345","0.9777","0.54445","0.94994","-0.01838","0.9084"
"61","2.0333","0.50311","0.28372","-0.01007","0.9436","0.49072","0.27028","-0.01495","0.9803","0.48661","0.27332","-0.01519","0.9432","0.48012","0.27419","-0.01358","0.9516","0.51731","0.27296","-0.00476","0.9801","0.52150","0.27338","-0.00773","0.9263","0.52512","0.27251","-0.00987","0.9483","0.47549","0.28252","-0.00682","0.9339","0.53498","0.28257","0.00160","0.9891","0.49153","0.30895","-0.01140","0.9535","0.51618","0.31108","-0.00950","0.9376","0.43233","0.40821","-0.02048","0.9666","0.57492","0.40793","-0.01136","0.9736","0.42228","0.51122","-0.08153","0.9470","0.58687","0.50691","-0.07672","0.9619","0.43213","0.58248","-0.13224","0.9783","0.57372","0.58027","-0.12825","0.9240","0.42554","0.59666","-0.13975","0.9666","0.58491","0.59588","-0.12942","0.9856","0.41997","0.59064","-0.13720","0.9787","0.58737","0.59152","-0.12940","0.9253","0.43546","0.59350","-0.13105","0.9376","0.57196","0.59319","-0.12516","0.9014","0.46634","0.64753","0.00071","0.9604","0.54360","0.64629","0.00661","0.9292","0.46014","0.72110","-0.06399","0.9432","0.54709","0.72027","-0.05878","0.9410","0.46445","0.92135","0.00070","0.9792","0.54566","0.91916","0.00897","0.9518","0.46449","0.93893","0.01700","0.9709","0.54270","0.93875","0.02271","0.9331","0.46545","0.95000","-0.02298","0.9290","0.54372","0.95037","-0.01711","0.9647"
"62","2.0667","0.50275","0.28350","-0.00928","0.9740","0.48992","0.27491","-0.01179","0.9583","0.48534","0.27172","-0.01220","0.9366","0.47766","0.27598","-0.01462","0.9866","0.51619","0.27368","-0.00820","0.9370","0.52314","0.27252","-0.00844","0.9420","0.52872","0.27362","-0.01085","0.9018","0.47311","0.28222","-0.00188","0.9729","0.53461","0.28336","0.00082","0.9133","0.49365","0.30904","-0.00651","0.9530","0.51396","0.31105","-0.00915","0.9624","0.43537","0.41179","-0.02008","0.9461","0.57202","0.40698","-0.01561","0.9518","0.42237","0.50929","-0.08687","0.9950","0.58349","0.50780","-0.07693","0.9564","0.42948","0.58019","-0.13523","0.9811","0.57332","0.58218","-0.12820","0.9390","0.42528","0.59805","-0.14425","0.9879","0.58171","0.60069","-0.13424","0.9092","0.42160","0.59389","-0.13961","0.9613","0.58605","0.59539","-0.13344","0.9454","0.43594","0.59516","-0.13366","0.9626","0.57219","0.59365","-0.12834","0.9458","0.46328","0.64908","0.00163","0.9346","0.54474","0.65121","0.00570","0.9511","0.46024","0.71967","-0.06662","0.9901","0.54705","0.71951","-0.05650","0.9457","0.46113","0.92067","-0.00092","0.9828","0.54649","0.91793","0.00832","0.9647","0.46328","0.94001","0.01387","0.9769","0.54368","0.94123","0.02452","0.9273","0.46296","0.95060","-0.02663","0.9416","0.54354","0.94867","-0.01968","0.9303"
"63","2.1000","0.50418","0.28774","-0.01238","0.9732","0.49187","0.27684","-0.01840","0.9465","0.48345","0.27166","-0.01491","0.9800","0.47954","0.27331","-0.01389","0.9722","0.51360","0.27683","-0.00915","0.9508","0.52029","0.26971","-0.01168","0.9424","0.52742","0.27673","-0.00617","0.9252","0.47208","0.28518","-0.00338","0.9917","0.53240","0.28567","0.00263","0.9348","0.49226","0.30780","-0.01109","0.9343","0.51631","0.31062","-0.00952","0.9293","0.43345","0.41242","-0.02096","0.9471","0.57460","0.40890","-0.01405","0.9266","0.42310","0.50995","-0.08619","0.9679","0.58183","0.51079","-0.07685","0.9387","0.43504","0.57715","-0.13670","0.9600","0.57438","0.58114","-0.12509","0.9482","0.42508","0.59993","-0.14147","0.9683","0.58340","0.60035","-0.13094","0.9191","0.42099","0.59356","-0.13965","0.9377","0.58444","0.59401","-0.13181","0.9495","0.43616","0.59548","-0.13387","0.9708","0.57047","0.59494","-0.12838","0.9399","0.46284","0.65322","-0.00057","0.9132","0.54052","0.64789","0.00788","0.9240","0.45970","0.72108","-0.06332","0.9784","0.55082","0.71913","-0.05639","0.9332","0.46758","0.92040","0.00192","0.9451","0.54574","0.91958","0.00847","0.9570","0.46366","0.94071","0.01427","0.9433","0.54483","0.93606","0.02314","0.9633","0.46688","0.94856","-0.02110","0.9444","0.54475","0.94672","-0.01867","0.9390"
"64","2.1333","0.50604","0.28774","-0.00918","0.9591","0.49325","0.27656","-0.01642","0.9411","0.48362","0.27202","-0.01309","0.9707","0.48041","0.27453","-0.01354","0.9950","0.51276","0.27640","-0.01018","0.9609","0.52281","0.27038","-0.00865","0.9166","0.52768","0.27432","-0.00729","0.9500","0.47295","0.28470","-0.00443","0.9810","0.53018","0.28704","0.00220","0.9344","0.49487","0.30589","-0.01153","0.9349","0.51570","0.31059","-0.01079","0.9522","0.43326","0.41289","-0.02031","0.9405","0.57427","0.40895","-0.01391","0.9007","0.42294","0.50873","-0.08329","0.9671","0.58110","0.50986","-0.07700","0.9209","0.43653","0.57911","-0.13491","0.9664","0.57580","0.58111","-0.12520","0.9443","0.42411","0.59922","-0.14088","0.9853","0.58302","0.60108","-0.12897","0.9091","0.42108","0.59432","-0.13951","0.9365","0.58387","0.59463","-0.13002","0.9193","0.43602","0.59461","-0.13261","0.9694","0.56921","0.59371","-0.12870","0.9526","0.46381","0.65209","0.00048","0.9326","0.54232","0.64960","0.00637","0.9163","0.45935","0.72293","-0.06261","0.9484","0.54996","0.71822","-0.05385","0.9482","0.46575","0.91956","0.00368","0.9580","0.54520","0.91872","0.00630","0.9649","0.46453","0.93991","0.01572","0.9601","0.54547","0.93920","0.02273","0.9358","0.46483","0.94656","-0.02087","0.9203","0.54423","0.94817","-0.01721","0.9396"
"65","2.1667","0.50358","0.28362","-0.00999","0.9355","0.49202","0.27430","-0.01381","0.9517","0.48328","0.27217","-0.01370","0.9594","0.47595","0.27334","-0.01253","0.9542","0.51577","0.27424","-0.00857","0.9579","0.52228","0.27191","-0.00960","0.9391","0.53053","0.27503","-0.00778","0.9514","0.47072","0.28513","-0.00505","0.9455","0.53733","0.28441","0.00221","0.9555","0.49647","0.30988","-0.00801","0.9723","0.51107","0.31150","-0.01034","0.9793","0.43303","0.40937","-0.01796","0.9277","0.57589","0.40962","-0.01350","0.9232","0.42078","0.51357","-0.08283","0.9522","0.58355","0.51004","-0.07527","0.9775","0.43152","0.58145","-0.13389","0.9843","0.57370","0.57977","-0.12985","0.9230","0.42659","0.59773","-0.13634","0.9538","0.58231","0.60053","-0.13349","0.9143","0.42155","0.59443","-0.14047","0.9323","0.59022","0.59531","-0.13042","0.9425","0.43627","0.59762","-0.13587","0.9593","0.57082","0.59321","-0.12772","0.9322","0.46102","0.64830","-0.00084","0.9518","0.54674","0.64962","0.00645","0.9200","0.45722","0.71770","-0.06193","0.9599","0.54842","0.72101","-0.05424","0.9514","0.46364","0.92174","0.00208","0.9684","0.54370","0.91916","0.00976","0.9235","0.45964","0.94184","0.01543","0.9457","0.54341","0.93747","0.02151","0.9772","0.46395","0.95249","-0.02380","0.9513","0.54305","0.94800","-0.01936","0.9398"
"66","2.2000","0.50547","0.28066","-0.01024","0.9418","0.48726","0.27139","-0.01466","0.9709","0.48587","0.26903","-0.01662","0.9593","0.47305","0.27371","-0.01704","0.9661","0.51588","0.27277","-0.00409","0.9219","0.52077","0.27321","-0.00898","0.8898","0.52808","0.27592","-0.00515","0.9577","0.47077","0.28354","-0.00437","0.9699","0.53447","0.28447","0.00281","0.9564","0.49777","0.31054","-0.01289","0.9503","0.51459","0.30781","-0.01002","0.9393","0.43260","0.40872","-0.02199","0.9773","0.57449","0.40842","-0.01062","0.9555","0.42315","0.51080","-0.08338","0.9771","0.58057","0.50661","-0.07317","0.9560","0.43207","0.57953","-0.13563","0.9543","0.57326","0.57919","-0.12688","0.9323","0.42246","0.59821","-0.13878","0.9583","0.57875","0.59947","-0.13046","0.9503","0.42173","0.59247","-0.13562","0.9650","0.58642","0.59388","-0.12876","0.9589","0.43544","0.59500","-0.13265","0.9715","0.57148","0.59193","-0.12612","0.9406","0.46092","0.64705","0.00064","0.9442","0.54316","0.64451","0.00772","0.9100","0.45836","0.72004","-0.06173","0.9287","0.54830","0.71887","-0.05884","0.9467","0.46185","0.92038","0.00156","0.9585","0.54170","0.91903","0.01045","0.9200","0.46380","0.93887","0.01791","0.9363","0.54085","0.93845","0.02568","0.9601","0.46165","0.94844","-0.02398","0.9690","0.54351","0.94962","-0.01829","0.9467"
"67","2.2333","0.50205","0.27938","-0.01187","0.9684","0.48737","0.26951","-0.01541","0.9544","0.48577","0.26574","-0.01387","0.9295","0.47497","0.27228","-0.01423","0.9651","0.51664","0.26699","-0.00548","0.9313","0.52390","0.26968","-0.01035","0.9481","0.52859","0.27223","-0.00525","0.9242","0.47550","0.27959","-0.00361","0.9622","0.53072","0.27656","0.00541","0.9531","0.49306","0.30338","-0.00901","0.9786","0.51242","0.30528","-0.00824","0.9737","0.43266","0.40283","-0.01799","0.9637","0.57236","0.40445","-0.00921","0.9396","0.42168","0.50669","-0.08193","0.9578","0.58544","0.50607","-0.07447","0.9419","0.43141","0.57929","-0.13220","0.9599","0.57428","0.57923","-0.11907","0.9292","0.42508","0.59987","-0.13488","0.9945","0.57894","0.59930","-0.12853","0.9411","0.41880","0.59274","-0.13795","0.9950","0.58680","0.59301","-0.13034","0.9622","0.43802","0.59095","-0.12737","0.9330","0.57100","0.59377","-0.12301","0.9310","0.46079","0.64468","0.00071","0.9942","0.54198","0.64190","0.00667","0.9624","0.45929","0.71745","-0.06074","0.9704","0.54939","0.71865","-0.05449","0.9727","0.46326","0.91980","-0.00039","0.9763","0.54321","0.91622","0.01078","0.9479","0.46127","0.94086","0.01619","0.9581","0.54238","0.93767","0.02196","0.9404","0.46429","0.94739","-0.02427","0.9438","0.54314","0.95027","-0.01720","0.9105"
"68","2.2667","0.50238","0.27630","-0.00826","0.9421","0.49160","0.26710","-0.01066","0.9723","0.48602","0.26296","-0.01353","0.9559","0.47866","0.26710","-0.00831","0.9642","0.51752","0.26616","-0.00790","0.9495","0.52188","0.26622","-0.00582","0.9087","0.52963","0.26916","-0.00532","0.9422","0.47282","0.27701","-0.00136","0.9603","0.53436","0.27686","0.00903","0.9554","0.49327","0.30280","-0.00939","0.9945","0.51280","0.29964","-0.01083","0.9478","0.43327","0.40085","-0.01676","0.9469","0.57115","0.40245","-0.01118","0.9529","0.42361","0.50256","-0.08032","0.9393","0.58447","0.50556","-0.07236","0.9605","0.43150","0.58083","-0.12699","0.9626","0.57331","0.57584","-0.11941","0.9521","0.42576","0.59578","-0.13094","0.9950","0.57907","0.59876","-0.12595","0.9621","0.42091","0.59249","-0.13044","0.9430","0.58550","0.58758","-0.12354","0.9262","0.43769","0.59209","-0.12803","0.9470","0.57021","0.58817","-0.11875","0.9541","0.45866","0.63895","0.00152","0.9733","0.54575","0.64140","0.00650","0.9403","0.45260","0.71901","-0.06102","0.9942","0.54597","0.71869","-0.05099","0.9588","0.46028","0.92251","0.00046","0.9749","0.54223","0.92109","0.00695","0.9372","0.46198","0.94388","0.01692","0.9950","0.54403","0.93830","0.02137","0.9833","0.46056","0.95117","-0.02650","0.9449","0.54741","0.95157","-0.01664","0.9502"
"69","2.3000","0.50361","0.27459","-0.00672","0.9900","0.49139","0.26692","-0.01088","0.9738","0.48640","0.26384","-0.01391","0.9536","0.47855","0.26600","-0.01066","0.9447","0.51816","0.26747","-0.00751","0.9629","0.52157","0.26500","-0.00394","0.9037","0.52882","0.26916","-0.00635","0.9416","0.47236","0.27723","-0.00207","0.9515","0.53301","0.27530","0.00723","0.9479","0.49165","0.30265","-0.00982","0.9950","0.51386","0.29874","-0.01038","0.9736","0.43320","0.40000","-0.01395","0.9708","0.57265","0.40289","-0.01219","0.9300","0.42272","0.50435","-0.08107","0.9684","0.58427","0.50340","-0.07229","0.9651","0.43151","0.57960","-0.12741","0.9702","0.57478","0.57660","-0.11850","0.9478","0.42529","0.59451","-0.13025","0.9950","0.57955","0.59915","-0.12493","0.9412","0.42010","0.59139","-0.13237","0.9415","0.58447","0.58775","-0.12479","0.9191","0.43647","0.59144","-0.12852","0.9698","0.57060","0.59108","-0.12006","0.9408","0.46009","0.63720","-0.00004","0.9818","0.54800","0.63978","0.00720","0.9601","0.45285","0.71736","-0.06153","0.9738","0.54528","0.71935","-0.05040","0.9892","0.46142","0.92042","-0.00350","0.9657","0.54190","0.92407","0.00631","0.9631","0.46279","0.94554","0.01584","0.9889","0.54324","0.93945","0.02083","0.9841","0.46220","0.94976","-0.02585","0.9601","0.54670","0.94923","-0.01647","0.9368"
"70","2.3333","0.50021","0.27056","-0.00506","0.9483","0.49072","0.25981","-0.01271","0.9742","0.48490","0.26401","-0.01170","0.9246","0.47995","0.26233","-0.01027","0.9263","0.51584","0.26197","-0.00078","0.9302","0.52151","0.26167","-0.00405","0.9643","0.52981","0.26008","-0.00299","0.9401","0.47238","0.27356","-0.00214","0.9878","0.53517","0.27095","0.00579","0.9791","0.49000","0.29894","-0.00677","0.9771","0.51012","0.29757","-0.01021","0.9640","0.43299","0.39433","-0.01474","0.9464","0.57489","0.39396","-0.00908","0.9216","0.42298","0.49870","-0.07613","0.9301","0.58325","0.49720","-0.06809","0.9287","0.42886","0.57577","-0.12431","0.9905","0.57214","0.57563","-0.11371","0.9495","0.42565","0.59359","-0.12599","0.9767","0.58229","0.59474","-0.11921","0.9749","0.41926","0.59171","-0.12817","0.9823","0.58300","0.58963","-0.11889","0.9156","0.43795","0.59117","-0.12258","0.9552","0.56943","0.58846","-0.11681","0.9611","0.46362","0.63272","0.00047","0.9659","0.54362","0.63635","0.01172","0.9460","0.45811","0.71826","-0.05744","0.9409","0.54683","0.72050","-0.04968","0.9332","0.46172","0.91935","0.00033","0.9603","0.54493","0.91826","0.00889","0.9185","0.46477","0.93967","0.01694","0.9406","0.54233","0.93797","0.02458","0.9238","0.46084","0.94877","-0.02430","0.9528","0.54572","0.94748","-0.01686","0.9471"
"71","2.3667","0.50613","0.26447","-0.00625","0.9615","0.48935","0.25649","-0.01033","0.9634","0.48478","0.25412","-0.01309","0.9480","0.48092","0.25655","-0.00950","0.9495","0.51966","0.25893","-0.00188","0.9520","0.51989","0.25207","-0.00586","0.8968","0.52553","0.25499","-0.00385","0.9456","0.47174","0.26604","-0.00129","0.9762","0.53508","0.26805","0.00393","0.9509","0.49348","0.29331","-0.00743","0.9655","0.51213","0.29041","-0.00480","0.9624","0.43322","0.39053","-0.01905","0.9495","0.57467","0.38858","-0.00558","0.9719","0.42428","0.49619","-0.07444","0.9682","0.58433","0.49742","-0.06684","0.9522","0.43247","0.57351","-0.12056","0.9665","0.57269","0.57745","-0.11163","0.9411","0.42270","0.59324","-0.12388","0.9360","0.58413","0.58981","-0.11786","0.9260","0.42077","0.58669","-0.12343","0.9610","0.58559","0.58531","-0.11357","0.9437","0.43811","0.58570","-0.11778","0.9707","0.56765","0.58638","-0.10911","0.9410","0.45901","0.62849","-0.00322","0.9750","0.54112","0.62585","0.00513","0.9421","0.45716","0.71921","-0.05380","0.9401","0.54508","0.71678","-0.04901","0.9401","0.46028","0.92303","-0.00072","0.9833","0.54534","0.91874","0.00805","0.9851","0.46160","0.93798","0.01255","0.9633","0.54208","0.93988","0.02624","0.9358","0.46223","0.94989","-0.02232","0.9699","0.54238","0.94593","-0.01722","0.9536"
"72","2.4000","0.50497","0.26304","-0.00479","0.9529","0.48839","0.25382","-0.00892","0.9587","0.47850","0.24617","-0.00885","0.9699","0.47712","0.24896","-0.01189","0.9720","0.51324","0.24909","-0.00345","0.9561","0.52005","0.24785","-0.00514","0.9210","0.52647","0.25106","0.00200","0.9595","0.47396","0.25907","0.00165","0.9701","0.53012","0.25865","0.00942","0.8978","0.49201","0.28501","-0.00509","0.9392","0.51051","0.28630","-0.00471","0.9540","0.43387","0.38357","-0.01226","0.9536","0.57333","0.38624","-0.00561","0.9406","0.41971","0.48879","-0.06769","0.9575","0.58320","0.49249","-0.06418","0.9264","0.43377","0.57070","-0.11279","0.9478","0.57375","0.56682","-0.10959","0.9393","0.42189","0.59104","-0.12144","0.9629","0.58236","0.58820","-0.10889","0.9755","0.41986","0.58405","-0.11960","0.9567","0.58443","0.58627","-0.11250","0.9385","0.43360","0.58578","-0.11455","0.9638","0.57128","0.58542","-0.10348","0.9130","0.46073","0.62074","-0.00132","0.9456","0.54360","0.62135","0.00777","0.9380","0.46041","0.72151","-0.05191","0.9667","0.54521","0.71913","-0.04119","0.9317","0.46247","0.92038","0.00007","0.9832","0.54582","0.92005","0.01086","0.9312","0.46637","0.94026","0.01694","0.9950","0.54683","0.93573","0.02025","0.9508","0.46141","0.94991","-0.02480","0.9588","0.54336","0.94972","-0.01726","0.9348"
"73","2.4333","0.50340","0.25167","-0.00448","0.9761","0.48862","0.24214","-0.00842","0.9680","0.48166","0.24023","-0.00759","0.9950","0.47877","0.24318","-0.00835","0.9337","0.51483","0.24644","-0.00152","0.9400","0.51693","0.24223","-0.00157","0.9869","0.52806","0.24420","-0.00159","0.9496","0.47322","0.24904","0.00004","0.9890","0.52997","0.25554","0.00533","0.9535","0.49452","0.28121","-0.00538","0.9717","0.51623","0.27890","-0.00475","0.9697","0.43095","0.37612","-0.01240","0.9622","0.57137","0.37785","-0.00405","0.9345","0.42345","0.48613","-0.06845","0.9717","0.58382","0.48709","-0.05746","0.9378","0.43125","0.56440","-0.11316","0.9761","0.57193","0.56765","-0.10163","0.9236","0.42324","0.58805","-0.11557","0.9531","0.57898","0.58618","-0.10679","0.9459","0.41964","0.58449","-0.11642","0.9950","0.58485","0.58354","-0.10708","0.9445","0.43475","0.58012","-0.10430","0.9666","0.56934","0.58088","-0.09976","0.9803","0.46182","0.61354","-0.00348","0.9784","0.54336","0.60918","0.00641","0.9509","0.45850","0.71771","-0.04728","0.9464","0.54670","0.72003","-0.04086","0.9708","0.46320","0.92002","0.00034","0.9613","0.54140","0.91885","0.00855","0.9289","0.46209","0.93827","0.01659","0.9623","0.54536","0.93845","0.02892","0.9363","0.46259","0.94875","-0.02271","0.9950","0.54375","0.95045","-0.01377","0.9595"
"74","2.4667","0.50303","0.25403","-0.00410","0.9731","0.48928","0.24314","-0.00945","0.9569","0.48242","0.24240","-0.00676","0.9621","0.47943","0.24305","-0.00716","0.9634","0.51553","0.24631","-0.00045","0.9382","0.51854","0.24372","-0.00197","0.9513","0.52943","0.24638","-0.00173","0.9534","0.47494","0.25011","0.00030","0.9810","0.53071","0.25347","0.00569","0.9250","0.49272","0.28029","-0.00604","0.9825","0.51574","0.27930","-0.00563","0.9395","0.43375","0.37638","-0.01349","0.9598","0.57262","0.37759","-0.00314","0.9385","0.42343","0.48651","-0.06763","0.9543","0.58169","0.48433","-0.05832","0.9185","0.43009","0.56506","-0.10960","0.9561","0.57240","0.56693","-0.10006","0.9310","0.42355","0.58916","-0.11313","0.9574","0.58150","0.58727","-0.10683","0.9475","0.42016","0.58434","-0.11497","0.9882","0.58516","0.58348","-0.10743","0.9303","0.43618","0.57980","-0.10307","0.9550","0.56966","0.58291","-0.09961","0.9746","0.46177","0.61261","-0.00072","0.9717","0.54361","0.60836","0.00779","0.9253","0.45833","0.71796","-0.04638","0.9435","0.54578","0.72151","-0.03994","0.9405","0.46274","0.92113","0.00209","0.9683","0.54182","0.91985","0.00803","0.9331","0.46334","0.93805","0.01774","0.9710","0.54530","0.93957","0.02584","0.9611","0.46296","0.95076","-0.02168","0.9848","0.54211","0.94833","-0.01582","0.9663"
"75","2.5000","0.50614","0.24767","-0.00157","0.9468","0.48999","0.23674","-0.00473","0.9636","0.48460","0.23822","-0.00858","0.9326","0.47819","0.23877","-0.00667","0.9615","0.51746","0.23196","-0.00066","0.9309","0.52155","0.23454","-0.00110","0.9476","0.52540","0.23707","0.00216","0.9739","0.47470","0.24946","0.00136","0.9356","0.53529","0.24683","0.01168","0.9274","0.49237","0.27204","-0.00722","0.9417","0.51370","0.27562","-0.00214","0.9662","0.43210","0.36928","-0.01157","0.9428","0.57353","0.37014","-0.00263","0.9445","0.42331","0.48131","-0.06365","0.9739","0.58433","0.47996","-0.05363","0.9437","0.43269","0.56343","-0.10397","0.9635","0.57425","0.56512","-0.09110","0.9202","0.42021","0.58397","-0.10793","0.9910","0.58218","0.58383","-0.10049","0.9256","0.41930","0.57954","-0.10892","0.9875","0.58293","0.57831","-0.09977","0.9634","0.43899","0.57865","-0.10234","0.9240","0.56825","0.57910","-0.09466","0.9490","0.46153","0.60560","-0.00377","0.9386","0.54513","0.60159","0.00332","0.9419","0.45812","0.72252","-0.04421","0.9389","0.54849","0.72142","-0.03720","0.9476","0.46349","0.92061","0.00005","0.9592","0.54318","0.91659","0.00566","0.9583","0.46166","0.93999","0.01585","0.9371","0.54127","0.93710","0.02442","0.9005","0.46392","0.94561","-0.02516","0.9387","0.54411","0.94707","-0.01594","0.9084"
"76","2.5333","0.50306","0.23875","-0.00067","0.9798","0.48803","0.22949","-0.00516","0.9931","0.48431","0.22589","-0.00514","0.9666","0.47693","0.23115","-0.00658","0.9339","0.51572","0.22703","-0.00191","0.9528","0.52096","0.22916","0.00143","0.9377","0.52487","0.22933","0.00332","0.9584","0.46964","0.23855","0.00445","0.9497","0.53546","0.23742","0.00973","0.9535","0.49254","0.26681","-0.00144","0.9885","0.51283","0.26062","-0.00335","0.9916","0.43231","0.36053","-0.01026","0.9700","0.57302","0.36248","-0.00325","0.9545","0.42106","0.47446","-0.05853","0.9395","0.58408","0.47786","-0.05059","0.9950","0.42938","0.56115","-0.10013","0.9605","0.57295","0.56256","-0.08732","0.9519","0.42734","0.58332","-0.09871","0.9603","0.58165","0.58334","-0.09400","0.9270","0.42226","0.57379","-0.09932","0.9822","0.58685","0.57991","-0.09365","0.9282","0.43540","0.57778","-0.09622","0.9457","0.57232","0.57564","-0.08709","0.9353","0.46500","0.59391","0.00100","0.9781","0.54425","0.59151","0.00658","0.9533","0.45981","0.71729","-0.03880","0.9236","0.54636","0.72196","-0.03134","0.9125","0.46165","0.91698","0.00116","0.9950","0.54422","0.92113","0.00874","0.9531","0.46048","0.94220","0.01939","0.9481","0.54432","0.94083","0.02336","0.9088","0.46144","0.94786","-0.02368","0.9507","0.54318","0.94918","-0.01629","0.9618"
"77","2.5667","0.50507","0.23174","0.00055","0.9552","0.49152","0.22116","-0.00333","0.9757","0.48713","0.21873","-0.00734","0.9709","0.47816","0.22041","-0.00575","0.9566","0.51828","0.22318","0.00137","0.9197","0.52070","0.22190","0.00289","0.9299","0.52506","0.22337","0.00444","0.9458","0.47126","0.23193","0.00713","0.9459","0.53272","0.23030","0.01393","0.9170","0.49436","0.25331","-0.00296","0.9459","0.51327","0.25665","-0.00110","0.9455","0.43122","0.35363","-0.00691","0.9713","0.57389","0.35323","-0.00046","0.9257","0.42571","0.47022","-0.05385","0.9708","0.58229","0.46544","-0.04870","0.9118","0.42956","0.56130","-0.08937","0.9475","0.57208","0.55632","-0.07852","0.9584","0.42273","0.57978","-0.09458","0.9626","0.58370","0.57967","-0.09103","0.9473","0.41770","0.57538","-0.09226","0.9690","0.58333","0.57356","-0.08587","0.9356","0.43903","0.57437","-0.08906","0.9688","0.57036","0.57605","-0.08644","0.9309","0.46099","0.58402","-0.00027","0.8958","0.54345","0.58698","0.00588","0.9465","0.46040","0.72170","-0.03336","0.9796","0.54671","0.71705","-0.02800","0.9157","0.46224","0.92149","0.00235","0.9950","0.54325","0.91948","0.01141","0.9255","0.46244","0.93866","0.01564","0.9815","0.54365","0.93430","0.02186","0.9276","0.46027","0.94725","-0.02780","0.9930","0.54159","0.94628","-0.01951","0.9199"
"78","2.6000","0.50458","0.22401","-0.00043","0.9200","0.48866","0.21293","-0.00189","0.9844","0.48305","0.21194","-0.00305","0.9663","0.47821","0.20669","0.00152","0.9857","0.51705","0.21352","0.00433","0.9518","0.52162","0.21153","0.00390","0.9339","0.52767","0.21057","0.00299","0.9240","0.47285","0.22457","0.00826","0.9670","0.53369","0.22658","0.01575","0.9398","0.49399","0.24927","-0.00028","0.9414","0.51263","0.24997","0.00135","0.9403","0.43261","0.34385","-0.00530","0.9730","0.57424","0.34441","0.00260","0.9341","0.42111","0.46299","-0.04978","0.9421","0.58427","0.46304","-0.04166","0.9313","0.43358","0.55606","-0.08232","0.9583","0.57213","0.55535","-0.07475","0.9069","0.42270","0.57631","-0.08914","0.9610","0.58066","0.57815","-0.08122","0.9346","0.41927","0.56885","-0.08788","0.9595","0.58468","0.57177","-0.07856","0.9574","0.43652","0.57443","-0.07904","0.9348","0.57043","0.56963","-0.07741","0.9480","0.46006","0.57540","-0.00428","0.9566","0.54384","0.57425","0.00686","0.9248","0.45872","0.71814","-0.02836","0.9634","0.54662","0.72041","-0.02130","0.9396","0.46153","0.91805","0.00294","0.9382","0.54620","0.91958","0.00999","0.9208","0.46126","0.93893","0.01435","0.9813","0.54576","0.93905","0.02304","0.9403","0.46488","0.94853","-0.02414","0.9665","0.54457","0.94783","-0.01640","0.9458"
"79","2.6333","0.50244","0.21503","0.00241","0.9752","0.48903","0.20530","-0.00230","0.9431","0.48454","0.20284","-0.00090","0.9382","0.47981","0.20968","-0.00083","0.9683","0.51151","0.20677","0.00603","0.9309","0.52161","0.20465","0.00566","0.9352","0.52937","0.20601","0.00658","0.9316","0.47093","0.21476","0.00999","0.9782","0.53456","0.21427","0.01460","0.9589","0.49419","0.23983","0.00135","0.9788","0.51190","0.23921","0.00144","0.9418","0.43180","0.33916","-0.00303","0.9267","0.57460","0.33780","0.00486","0.9336","0.41811","0.45807","-0.04469","0.9514","0.58290","0.45726","-0.03904","0.9614","0.42960","0.55495","-0.07605","0.9249","0.57454","0.54974","-0.06299","0.9450","0.42449","0.57271","-0.08232","0.9274","0.58078","0.57338","-0.07538","0.9541","0.41923","0.56651","-0.08329","0.9385","0.58412","0.56794","-0.07484","0.9609","0.43703","0.56937","-0.08069","0.9133","0.56916","0.56867","-0.06541","0.9446","0.46243","0.56601","-0.00141","0.9503","0.54381","0.56758","0.00628","0.9262","0.45903","0.71819","-0.02469","0.9592","0.54534","0.71574","-0.01669","0.9294","0.45909","0.91911","0.00133","0.9833","0.54156","0.92092","0.00848","0.9448","0.46039","0.94008","0.01545","0.9882","0.54156","0.93981","0.02061","0.9430","0.46185","0.94613","-0.02153","0.9471","0.54298","0.94870","-0.01551","0.9454"
"80","2.6667","0.50196","0.21587","0.00442","0.9408","0.48986","0.20502","-0.00229","0.9567","0.48178","0.20430","0.00131","0.9599","0.48103","0.20927","-0.00024","0.9609","0.51188","0.20725","0.00794","0.9530","0.52364","0.20511","0.00518","0.9251","0.52865","0.20554","0.00754","0.9359","0.47284","0.21553","0.00937","0.9800","0.53538","0.21561","0.01393","0.9898","0.49150","0.23996","0.00283","0.9756","0.51207","0.24038","0.00338","0.9518","0.42991","0.33815","-0.00275","0.9388","0.57269","0.33891","0.00594","0.9130","0.41896","0.45693","-0.04520","0.9686","0.58297","0.45678","-0.03968","0.9360","0.43017","0.55406","-0.07479","0.9225","0.57640","0.55170","-0.06565","0.9446","0.42479","0.57246","-0.08105","0.9431","0.58009","0.57316","-0.07346","0.9638","0.42008","0.56752","-0.08284","0.9643","0.58472","0.56711","-0.07393","0.9579","0.43664","0.57052","-0.07886","0.9182","0.56764","0.56781","-0.06721","0.9707","0.46146","0.56845","-0.00126","0.9477","0.54425","0.56696","0.00528","0.9289","0.45916","0.71910","-0.02529","0.9755","0.54583","0.71791","-0.01651","0.9308","0.46053","0.92057","0.00083","0.9885","0.54215","0.92141","0.00784","0.9399","0.46006","0.93949","0.01639","0.9864","0.54294","0.94155","0.02308","0.9384","0.45969","0.94791","-0.02381","0.9585","0.54677","0.94772","-0.01792","0.9433"
"81","2.7000","0.50492","0.20626","0.00234","0.9777","0.49103","0.20069","-0.00169","0.9238","0.48234","0.19807","0.00145","0.9789","0.47762","0.20116","-0.00258","0.9438","0.51087","0.19963","0.00900","0.9558","0.52519","0.19718","0.00778","0.9324","0.52739","0.19942","0.00562","0.9534","0.47144","0.20761","0.01112","0.9806","0.53655","0.20830","0.01737","0.9321","0.49468","0.23382","0.00268","0.9287","0.51267","0.23742","0.00549","0.9577","0.43277","0.33494","-0.00331","0.9370","0.57210","0.33235","0.00473","0.9564","0.42313","0.45176","-0.04272","0.9683","0.58259","0.45211","-0.03761","0.9504","0.42893","0.55086","-0.06987","0.9521","0.57052","0.54941","-0.06264","0.9339","0.42418","0.57142","-0.07657","0.9847","0.57914","0.57178","-0.06964","0.9305","0.41974","0.56618","-0.07503","0.9697","0.58453","0.56548","-0.06627","0.9032","0.43696","0.56481","-0.07127","0.9366","0.56921","0.56752","-0.05978","0.9891","0.46277","0.55892","-0.00361","0.9835","0.54456","0.55796","0.00415","0.9620","0.45955","0.72018","-0.02171","0.9518","0.54313","0.71795","-0.01405","0.9585","0.46327","0.91920","0.00282","0.9517","0.54424","0.91948","0.00994","0.9489","0.45892","0.93777","0.01845","0.9711","0.54153","0.93727","0.02337","0.9544","0.46135","0.95027","-0.02773","0.9580","0.54233","0.95085","-0.01703","0.9254"
"82","2.7333","0.50383","0.20236","0.00779","0.9766","0.48911","0.19306","0.00043","0.9339","0.48059","0.18880","0.00255","0.9787","0.47814","0.19179","0.00189","0.9559","0.51465","0.19758","0.00618","0.9635","0.52235","0.19393","0.01255","0.9462","0.52806","0.19491","0.01260","0.9363","0.47190","0.20317","0.01111","0.9613","0.53173","0.20570","0.01740","0.9379","0.49353","0.22803","0.00708","0.9510","0.51288","0.23015","0.00333","0.9700","0.43415","0.32372","0.00092","0.9412","0.57274","0.32263","0.00907","0.9562","0.42446","0.44852","-0.03818","0.9755","0.58268","0.44810","-0.03249","0.9254","0.43390","0.54859","-0.06501","0.9356","0.57251","0.54728","-0.06041","0.9415","0.42245","0.56656","-0.07029","0.9341","0.58213","0.56719","-0.06418","0.9178","0.41810","0.56482","-0.06760","0.9490","0.58657","0.56237","-0.06392","0.9349","0.43237","0.56061","-0.06440","0.9863","0.56915","0.56482","-0.05615","0.9004","0.46162","0.54997","-0.00313","0.9817","0.54460","0.55050","0.00360","0.9538","0.46135","0.71637","-0.01585","0.9578","0.54437","0.72045","-0.01182","0.9753","0.46242","0.91802","0.00281","0.9671","0.54206","0.91794","0.00781","0.9365","0.46134","0.93821","0.01677","0.9502","0.54409","0.94039","0.02658","0.9475","0.46371","0.95116","-0.01994","0.9770","0.54266","0.94857","-0.01788","0.9322"
"83","2.7667","0.50393","0.19711","0.00796","0.9592","0.49013","0.18852","0.00384","0.9904","0.48389","0.18414","0.00476","0.9837","0.47756","0.18815","0.00477","0.9701","0.51463","0.18784","0.01181","0.9193","0.52077","0.18411","0.00891","0.9284","0.52571","0.18867","0.01134","0.9550","0.46856","0.19665","0.01359","0.9698","0.53782","0.19587","0.01836","0.9297","0.49040","0.22404","0.00849","0.9544","0.51418","0.22295","0.00572","0.9284","0.43075","0.31765","0.00250","0.9658","0.57103","0.31839","0.01033","0.9315","0.42521","0.44190","-0.03279","0.9617","0.58167","0.44320","-0.02478","0.9284","0.43276","0.54613","-0.06062","0.9720","0.57331","0.54918","-0.05091","0.9491","0.42284","0.57032","-0.06565","0.9424","0.58131","0.57042","-0.05507","0.9415","0.42157","0.55915","-0.06364","0.9669","0.58379","0.56427","-0.05548","0.9566","0.43543","0.56079","-0.05938","0.9321","0.56739","0.55771","-0.05226","0.9608","0.46252","0.54329","-0.00220","0.9410","0.54465","0.53884","0.00461","0.9447","0.46070","0.71923","-0.01403","0.9379","0.54145","0.71782","-0.00739","0.9488","0.46316","0.92012","-0.00046","0.9419","0.54132","0.91841","0.00664","0.9657","0.46236","0.93845","0.01360","0.9440","0.54234","0.94059","0.01869","0.9433","0.46460","0.94899","-0.02532","0.9551","0.54171","0.95120","-0.01915","0.9658"
"84","2.8000","0.50138","0.19212","0.00782","0.9463","0.48934","0.18181","0.00373","0.9522","0.48563","0.18124","0.00275","0.9590","0.47780","0.18129","0.00427","0.9668","0.51449","0.18057","0.01429","0.9509","0.51936","0.17883","0.01122","0.9838","0.52572","0.18118","0.01172","0.9111","0.47405","0.19109","0.01399","0.9950","0.53199","0.18857","0.02109","0.9349","0.49225","0.21627","0.01146","0.9824","0.51396","0.21568","0.01015","0.9950","0.42983","0.31146","0.00170","0.9901","0.57103","0.31518","0.00972","0.9311","0.42052","0.43823","-0.02972","0.9903","0.58162","0.43660","-0.02476","0.9365","0.43315","0.54519","-0.05392","0.9735","0.57202","0.54661","-0.04682","0.9306","0.42460","0.56322","-0.05869","0.9842","0.57990","0.56202","-0.05384","0.9260","0.41779","0.56076","-0.05685","0.9802","0.58384","0.56016","-0.05375","0.9478","0.43216","0.55998","-0.05626","0.9631","0.57093","0.56033","-0.04976","0.9481","0.45866","0.53527","0.00062","0.9786","0.54149","0.53436","0.00535","0.9451","0.46242","0.71762","-0.01214","0.9602","0.54295","0.72050","-0.00179","0.9450","0.46247","0.92111","0.00267","0.9615","0.54332","0.92081","0.00925","0.9464","0.46484","0.93829","0.01806","0.9424","0.54031","0.93920","0.02354","0.9636","0.46160","0.94526","-0.02293","0.9463","0.54460","0.94765","-0.01618","0.9779"
"85","2.8333","0.50130","0.19039","0.00616","0.9512","0.48851","0.18051","0.00254","0.9716","0.48618","0.17986","0.00187","0.9643","0.47914","0.18240","0.00418","0.9656","0.51277","0.18032","0.01328","0.9522","0.52051","0.17976","0.01137","0.9699","0.52399","0.18102","0.00995","0.9348","0.47397","0.19171","0.01459","0.9478","0.53330","0.18958","0.02267","0.9260","0.49503","0.21714","0.01074","0.9950","0.51331","0.21534","0.00872","0.9864","0.42983","0.31107","0.00106","0.9612","0.57301","0.31472","0.01076","0.9116","0.42225","0.43640","-0.03025","0.9950","0.58138","0.43856","-0.02431","0.9083","0.43462","0.54386","-0.05327","0.9384","0.57189","0.54625","-0.04773","0.9297","0.42402","0.56467","-0.05942","0.9755","0.58097","0.56509","-0.05373","0.9506","0.41845","0.56077","-0.06030","0.9680","0.58324","0.55921","-0.05456","0.9636","0.43346","0.55936","-0.05442","0.9482","0.57035","0.55962","-0.04746","0.9333","0.46203","0.53596","0.00047","0.9846","0.54241","0.53446","0.00617","0.9390","0.46142","0.72019","-0.01141","0.9676","0.54121","0.71965","-0.00133","0.9646","0.46224","0.92182","0.00218","0.9547","0.54291","0.92087","0.00775","0.9434","0.46137","0.93786","0.01823","0.9559","0.53943","0.93984","0.02649","0.9735","0.46118","0.94739","-0.02125","0.9415","0.54405","0.94886","-0.01471","0.9779"
"86","2.8667","0.50203","0.18446","0.00881","0.9870","0.49194","0.17551","0.00726","0.9681","0.48550","0.17449","0.00592","0.9619","0.47759","0.17817","0.00548","0.9191","0.51325","0.17644","0.01053","0.9594","0.52041","0.17409","0.01281","0.9621","0.52559","0.17886","0.01097","0.9279","0.47198","0.19082","0.01695","0.9552","0.53277","0.18821","0.02121","0.9919","0.49034","0.21569","0.00936","0.9163","0.51451","0.21247","0.01070","0.9528","0.43368","0.30733","0.00490","0.9628","0.57287","0.30587","0.01176","0.9393","0.42296","0.43633","-0.02707","0.9698","0.58228","0.43583","-0.02082","0.9393","0.42936","0.54122","-0.04944","0.9454","0.57472","0.54114","-0.04364","0.9398","0.42124","0.55629","-0.05521","0.9950","0.58058","0.56397","-0.04614","0.9510","0.42391","0.55853","-0.05403","0.9916","0.58420","0.55850","-0.04390","0.9570","0.43337","0.55812","-0.04972","0.9379","0.56518","0.55906","-0.04376","0.9712","0.45947","0.52657","-0.00350","0.9851","0.54266","0.52684","0.00429","0.9069","0.46164","0.71661","-0.00890","0.9476","0.54382","0.71549","0.00048","0.9248","0.46118","0.91966","0.00169","0.9544","0.54321","0.91909","0.00852","0.9378","0.45882","0.93530","0.01869","0.9447","0.54378","0.94026","0.02078","0.9234","0.45777","0.94934","-0.02267","0.9767","0.54154","0.95264","-0.01712","0.9369"
"87","2.9000","0.50153","0.18658","0.00910","0.9510","0.48856","0.17760","0.00592","0.9308","0.48318","0.17158","0.00550","0.9459","0.48009","0.17230","0.00626","0.9689","0.51743","0.17370","0.01276","0.9508","0.51968","0.17214","0.01447","0.9584","0.52643","0.17530","0.01589","0.9807","0.47328","0.18351","0.01647","0.9642","0.53402","0.18193","0.02270","0.9389","0.49345","0.20562","0.00938","0.9726","0.51394","0.20801","0.01030","0.9611","0.42884","0.30074","0.00563","0.9669","0.57258","0.30145","0.01218","0.9050","0.42176","0.43073","-0.02546","0.9357","0.58276","0.43085","-0.01729","0.9584","0.43114","0.53997","-0.04923","0.9810","0.57436","0.54097","-0.03714","0.9337","0.41972","0.56131","-0.05512","0.9200","0.58157","0.56018","-0.04403","0.9257","0.41923","0.55366","-0.05310","0.9240","0.58349","0.55833","-0.04384","0.9476","0.43209","0.55588","-0.04723","0.9691","0.56923","0.55573","-0.03873","0.9367","0.46290","0.52665","-0.00515","0.9544","0.54096","0.52473","0.00369","0.9431","0.46075","0.72098","-0.00899","0.9501","0.54343","0.71170","0.00173","0.9206","0.46295","0.91734","0.00242","0.9609","0.54249","0.91937","0.00728","0.9573","0.46280","0.93694","0.01677","0.9384","0.54309","0.93853","0.02339","0.9506","0.45952","0.94741","-0.02302","0.9313","0.54204","0.94840","-0.01578","0.9529"
"88","2.9333","0.50431","0.18018","0.01315","0.9632","0.48867","0.17253","0.00673","0.9457","0.48562","0.16812","0.00868","0.9660","0.47400","0.16936","0.00697","0.9663","0.51348","0.17299","0.01627","0.9386","0.51997","0.17044","0.01236","0.9405","0.52675","0.17272","0.01177","0.9743","0.46977","0.18081","0.01644","0.9609","0.53313","0.18426","0.02434","0.9590","0.49136","0.20314","0.01247","0.9608","0.51141","0.20920","0.01083","0.9604","0.43172","0.30102","0.00827","0.9950","0.57159","0.30099","0.01352","0.9330","0.42417","0.43053","-0.02357","0.9472","0.58438","0.42928","-0.01336","0.9598","0.43219","0.54048","-0.04541","0.9765","0.57295","0.53725","-0.03710","0.9323","0.42228","0.55990","-0.05255","0.9737","0.57844","0.56008","-0.04203","0.9458","0.41610","0.55378","-0.04907","0.9467","0.58361","0.55478","-0.04575","0.9310","0.43403","0.55637","-0.04368","0.9490","0.56536","0.55033","-0.03791","0.9279","0.46001","0.52064","-0.00142","0.9488","0.54177","0.52051","0.00387","0.9320","0.46549","0.71912","-0.00357","0.9699","0.54476","0.71871","-0.00060","0.9555","0.46086","0.91915","0.00337","0.9681","0.54355","0.92068","0.01116","0.8981","0.45857","0.93928","0.01769","0.9467","0.54063","0.93885","0.02692","0.9521","0.46202","0.94761","-0.02379","0.9737","0.54363","0.94996","-0.01442","0.9582"
"89","2.9667","0.50283","0.18008","0.01021","0.9509","0.48430","0.16953","0.00991","0.9253","0.48499","0.16720","0.00880","0.9852","0.48152","0.16781","0.00563","0.9795","0.51376","0.17115","0.01261","0.9304","0.51679","0.16344","0.01441","0.9348","0.52625","0.17153","0.01513","0.9289","0.47083","0.17961","0.01450","0.9670","0.53320","0.18095","0.02409","0.9642","0.49070","0.20551","0.00992","0.9481","0.50915","0.20807","0.01016","0.9560","0.42948","0.29809","0.00298","0.9426","0.57326","0.29764","0.01562","0.9431","0.42207","0.43041","-0.02215","0.9166","0.58242","0.42602","-0.01395","0.9219","0.43398","0.54257","-0.04393","0.9529","0.57282","0.54208","-0.03698","0.9506","0.42296","0.55961","-0.04969","0.9380","0.58001","0.55982","-0.04040","0.9441","0.41844","0.55477","-0.04947","0.9460","0.58371","0.55581","-0.03963","0.9327","0.43592","0.55209","-0.04140","0.9586","0.56995","0.55296","-0.03716","0.9453","0.46176","0.51877","0.00139","0.9612","0.54268","0.51900","0.00227","0.9235","0.46182","0.71688","-0.00286","0.9403","0.54297","0.71862","0.00613","0.9375","0.46335","0.91630","0.00255","0.9871","0.54452","0.91559","0.00900","0.9497","0.46107","0.93444","0.01976","0.9451","0.54229","0.93723","0.02455","0.9599","0.46224","0.95050","-0.02070","0.9391","0.54238","0.94939","-0.01628","0.9251"
"90","3.0000","0.50140","0.18247","0.00923","0.9059","0.48994","0.17060","0.00818","0.9802","0.48446","0.16757","0.00978","0.9505","0.47697","0.16900","0.00698","0.9366","0.51020","0.16597","0.02079","0.9232","0.52079","0.16675","0.01726","0.9249","0.52859","0.16817","0.01446","0.9155","0.47230","0.17883","0.01606","0.9857","0.52971","0.17898","0.02716","0.9882","0.49492","0.20286","0.01277","0.9548","0.50933","0.20322","0.01088","0.9547","0.43122","0.29958","0.01004","0.9576","0.57449","0.30118","0.01200","0.9512","0.42105","0.42911","-0.02535","0.9820","0.58617","0.43029","-0.01598","0.9814","0.42967","0.53854","-0.03990","0.9866","0.57191","0.53730","-0.03673","0.9291","0.42337","0.55527","-0.04904","0.9279","0.58034","0.55863","-0.04108","0.9514","0.42126","0.55336","-0.04993","0.9640","0.58469","0.55453","-0.04282","0.9347","0.43415","0.55543","-0.04085","0.9464","0.56803","0.55335","-0.03655","0.9289","0.45947","0.52232","-0.00238","0.9503","0.54266","0.51865","0.00630","0.9439","0.46046","0.71630","-0.00178","0.9441","0.54470","0.71547","0.00126","0.9337","0.46149","0.91835","-0.00026","0.9718","0.54242","0.91714","0.00921","0.9205","0.45887","0.93741","0.01593","0.9714","0.54363","0.93679","0.02333","0.9295","0.46424","0.94629","-0.02304","0.9619","0.54275","0.94879","-0.01629","0.9225"
"91","3.0333","0.50344","0.17675","0.00975","0.9768","0.48724","0.16779","0.00692","0.9741","0.47987","0.16935","0.00640","0.9611","0.47744","0.17019","0.00832","0.9780","0.51383","0.16985","0.01435","0.9614","0.52050","0.16764","0.01141","0.9695","0.52556","0.16779","0.01308","0.9533","0.46988","0.17947","0.01593","0.9859","0.53579","0.17834","0.02198","0.9442","0.49072","0.20073","0.01200","0.9769","0.50768","0.20535","0.01192","0.9509","0.43208","0.29684","0.00741","0.9526","0.57318","0.29985","0.01877","0.9182","0.42148","0.43264","-0.02433","0.9273","0.58077","0.42592","-0.01591","0.9446","0.42786","0.54113","-0.04386","0.9356","0.57114","0.54068","-0.03403","0.9499","0.42261","0.55637","-0.05067","0.9759","0.57947","0.55821","-0.04069","0.9625","0.41554","0.55502","-0.04647","0.9597","0.58300","0.55291","-0.04463","0.9392","0.43302","0.55220","-0.04055","0.9744","0.56502","0.55473","-0.03655","0.9471","0.46087","0.51905","-0.00335","0.9456","0.54014","0.51889","0.00258","0.9649","0.45762","0.71651","-0.00510","0.9654","0.54140","0.72034","0.00127","0.9375","0.45831","0.92185","0.00483","0.9512","0.54355","0.92050","0.01410","0.9188","0.45931","0.93886","0.01732","0.9580","0.54044","0.94183","0.02265","0.9579","0.46216","0.95106","-0.02257","0.9462","0.53795","0.94979","-0.01515","0.9566"
"92","3.0667","0.50126","0.17549","0.00860","0.9658","0.48683","0.16751","0.00685","0.9459","0.47962","0.16950","0.00769","0.9157","0.47116","0.16727","0.00569","0.9540","0.51684","0.16941","0.01548","0.9164","0.51764","0.16763","0.01355","0.9396","0.52417","0.16937","0.01659","0.9496","0.47106","0.17835","0.01444","0.9641","0.53347","0.17800","0.02498","0.9747","0.48861","0.20185","0.00941","0.9603","0.51313","0.20423","0.00854","0.9532","0.43258","0.29851","0.00806","0.9339","0.57173","0.29782","0.01067","0.9161","0.42076","0.43037","-0.02273","0.9755","0.58277","0.42808","-0.01324","0.9466","0.42911","0.53892","-0.04482","0.9578","0.57005","0.53838","-0.03596","0.9426","0.42367","0.56089","-0.04938","0.9659","0.58246","0.55975","-0.04319","0.9558","0.41650","0.55738","-0.04867","0.9565","0.58353","0.55187","-0.04253","0.9767","0.43166","0.55336","-0.04498","0.9852","0.56498","0.55627","-0.04043","0.9235","0.45796","0.51860","-0.00937","0.9670","0.53766","0.52007","0.00261","0.9632","0.45827","0.71766","-0.00340","0.9288","0.53957","0.72199","0.00436","0.9397","0.46194","0.91964","0.00093","0.9591","0.53914","0.91825","0.00783","0.9344","0.45733","0.93741","0.01847","0.9379","0.53931","0.93891","0.02334","0.9556","0.46425","0.95089","-0.02116","0.9721","0.53930","0.95043","-0.01892","0.9361"
"93","3.1000","0.49882","0.17838","0.01024","0.9762","0.48487","0.17171","0.00807","0.9578","0.48440","0.16568","0.00877","0.9482","0.47491","0.16608","0.00603","0.9743","0.51280","0.17018","0.01546","0.9155","0.51891","0.16602","0.01434","0.9474","0.52837","0.16824","0.01308","0.9224","0.46977","0.17937","0.01799","0.9684","0.53216","0.17956","0.02563","0.9258","0.49473","0.20157","0.01037","0.9738","0.51352","0.20346","0.01127","0.9732","0.42996","0.29466","0.00867","0.9559","0.56988","0.29904","0.01701","0.9615","0.42095","0.42836","-0.02327","0.9628","0.58177","0.42735","-0.01472","0.9258","0.42544","0.53568","-0.04344","0.9759","0.57050","0.53802","-0.03304","0.9530","0.42197","0.55815","-0.05107","0.9551","0.57882","0.55788","-0.03953","0.9504","0.41717","0.55564","-0.04559","0.9866","0.58527","0.55656","-0.04261","0.9368","0.43326","0.54989","-0.04251","0.9748","0.56537","0.55542","-0.03678","0.9688","0.45489","0.51980","-0.00047","0.9725","0.54190","0.51893","0.00372","0.9388","0.45775","0.72028","-0.00018","0.9900","0.54057","0.71699","0.00442","0.9536","0.45846","0.92046","0.00040","0.9535","0.53924","0.92005","0.00979","0.9279","0.45893","0.94163","0.01505","0.9947","0.53948","0.93917","0.02337","0.9334","0.46069","0.94857","-0.02497","0.9458","0.54277","0.95163","-0.01636","0.9218"
"94","3.1333","0.49418","0.17724","0.01219","0.9680","0.48668","0.16626","0.00777","0.9577","0.47904","0.16711","0.00756","0.9431","0.47424","0.17063","0.00736","0.9671","0.51464","0.16870","0.01664","0.9271","0.51983","0.16133","0.01636","0.9517","0.52224","0.17183","0.01425","0.9493","0.46802","0.17982","0.01852","0.9336","0.53110","0.17754","0.02523","0.9285","0.48979","0.20350","0.00916","0.9652","0.50989","0.20197","0.01301","0.9950","0.42786","0.30204","0.00735","0.9581","0.56962","0.29872","0.01340","0.9819","0.41769","0.42964","-0.02195","0.9802","0.58220","0.43272","-0.01334","0.9552","0.43157","0.53953","-0.04427","0.9549","0.56789","0.53920","-0.03879","0.9203","0.42170","0.56080","-0.04659","0.9737","0.57962","0.55792","-0.04186","0.9218","0.41475","0.55591","-0.04723","0.9422","0.58257","0.55179","-0.03912","0.9422","0.43237","0.55496","-0.04253","0.9780","0.56620","0.55391","-0.03534","0.9489","0.45884","0.51982","-0.00208","0.9938","0.54091","0.51800","0.00062","0.9448","0.45999","0.71743","-0.00573","0.9769","0.54307","0.71863","0.00372","0.9170","0.45996","0.92086","0.00344","0.9416","0.54158","0.91871","0.01008","0.9754","0.45924","0.93760","0.01490","0.9541","0.54319","0.94052","0.02359","0.9375","0.45728","0.95005","-0.02274","0.9919","0.54191","0.95192","-0.01709","0.9217"
"95","3.1667","0.50040","0.17842","0.01067","0.9650","0.48777","0.16894","0.00643","0.9768","0.48520","0.17229","0.01000","0.9413","0.47331","0.16868","0.00845","0.9328","0.51418","0.16923","0.01610","0.9524","0.52183","0.16644","0.01413","0.9419","0.52682","0.16837","0.01454","0.9484","0.47023","0.17889","0.01874","0.9522","0.53264","0.17933","0.02318","0.9512","0.49028","0.20322","0.01380","0.9467","0.51187","0.20421","0.01213","0.9728","0.43052","0.29822","0.00735","0.9531","0.57092","0.30161","0.01367","0.9258","0.42074","0.43007","-0.02515","0.9615","0.58111","0.42624","-0.01539","0.9450","0.43218","0.53997","-0.04511","0.9658","0.56986","0.53844","-0.03836","0.9565","0.42155","0.56082","-0.04965","0.9822","0.57782","0.55750","-0.04276","0.9708","0.41907","0.55355","-0.04716","0.9727","0.58149","0.55236","-0.04009","0.9323","0.43566","0.55652","-0.04132","0.9529","0.56634","0.55172","-0.03790","0.9821","0.45538","0.51747","-0.00283","0.9405","0.54676","0.51910","0.00459","0.9428","0.45915","0.71918","-0.00179","0.9537","0.54426","0.72255","0.00277","0.9021","0.46042","0.91971","0.00125","0.9772","0.54207","0.91893","0.00925","0.9511","0.45944","0.93872","0.01770","0.9589","0.54009","0.94122","0.02345","0.9765","0.46067","0.94705","-0.02315","0.9730","0.54167","0.95002","-0.01501","0.9391"
"96","3.2000","0.49833","0.18049","0.01034","0.9739","0.48647","0.16831","0.00398","0.9316","0.48224","0.16456","0.00872","0.9790","0.47644","0.16963","0.00713","0.9651","0.51310","0.17144","0.01656","0.9258","0.51458","0.16824","0.01356","0.9785","0.52522","0.16890","0.01308","0.9361","0.47088","0.17950","0.01647","0.9492","0.53297","0.17898","0.02375","0.9532","0.48879","0.20494","0.01057","0.9428","0.50761","0.20313","0.01100","0.9354","0.42932","0.29959","0.00886","0.9524","0.57387","0.30101","0.01345","0.9390","0.41959","0.42773","-0.02158","0.9629","0.57976","0.42896","-0.01713","0.9736","0.43044","0.54283","-0.04525","0.9443","0.57201","0.53956","-0.03533","0.9426","0.41986","0.55749","-0.04909","0.9280","0.58349","0.56066","-0.04008","0.9335","0.41734","0.55486","-0.04541","0.9658","0.58196","0.55337","-0.04411","0.9507","0.43292","0.55294","-0.03973","0.9950","0.56647","0.55300","-0.03192","0.9651","0.45889","0.51494","-0.00198","0.9491","0.54091","0.51745","0.00021","0.9157","0.45820","0.72043","-0.00130","0.9446","0.54174","0.71868","0.00556","0.9142","0.46003","0.92010","-0.00031","0.9716","0.53813","0.91453","0.00926","0.9416","0.45879","0.94046","0.01718","0.9588","0.54388","0.93695","0.02288","0.9512","0.45823","0.94650","-0.01807","0.9723","0.54133","0.94909","-0.01537","0.9468"
"97","3.2333","0.50142","0.17817","0.01091","0.9499","0.48952","0.17177","0.00510","0.9540","0.48012","0.16954","0.00764","0.9255","0.47468","0.17023","0.00803","0.9870","0.51586","0.17007","0.01326","0.9175","0.52202","0.16742","0.01450","0.9270","0.52579","0.16909","0.01739","0.9428","0.46989","0.18197","0.02022","0.9344","0.53501","0.18057","0.02329","0.9381","0.48815","0.20280","0.00972","0.9499","0.50666","0.20278","0.01171","0.9663","0.43102","0.29759","0.00458","0.9732","0.57417","0.30249","0.01125","0.9537","0.41958","0.42993","-0.02652","0.9635","0.58274","0.43199","-0.01600","0.9321","0.43323","0.54171","-0.03941","0.9950","0.57342","0.54009","-0.03189","0.9295","0.42157","0.56181","-0.04580","0.9809","0.58290","0.56098","-0.03943","0.9292","0.41880","0.55300","-0.04705","0.9375","0.58312","0.55499","-0.03827","0.9586","0.43566","0.55494","-0.04117","0.9389","0.56981","0.55475","-0.03750","0.9268","0.46089","0.51755","-0.00361","0.9589","0.54101","0.51955","0.00657","0.9371","0.46292","0.71714","-0.00008","0.9313","0.54153","0.71623","0.00474","0.9481","0.46049","0.92270","0.00343","0.9591","0.54237","0.91975","0.01419","0.9341","0.45830","0.93760","0.02008","0.9861","0.54339","0.94031","0.02581","0.9535","0.46091","0.94921","-0.02097","0.9315","0.54132","0.94944","-0.01417","0.9358"
"98","3.2667","0.50083","0.17769","0.01214","0.9544","0.48913","0.16968","0.00612","0.9430","0.48078","0.16735","0.00483","0.9433","0.47546","0.16917","0.00733","0.9925","0.51389","0.16957","0.01170","0.8991","0.52051","0.16810","0.01564","0.9471","0.52709","0.17074","0.01511","0.9483","0.47022","0.18081","0.02115","0.9741","0.53299","0.18178","0.02435","0.9268","0.48943","0.20194","0.01131","0.9660","0.50792","0.20112","0.01155","0.9228","0.43020","0.29876","0.00240","0.9826","0.57382","0.30099","0.01140","0.9680","0.41910","0.43119","-0.02388","0.9760","0.58395","0.43052","-0.01602","0.9239","0.42991","0.54133","-0.04103","0.9950","0.57216","0.53860","-0.03279","0.9221","0.41944","0.56183","-0.04497","0.9642","0.58291","0.56187","-0.04244","0.9612","0.41829","0.55347","-0.04832","0.9543","0.58216","0.55377","-0.03819","0.9406","0.43438","0.55345","-0.04112","0.9621","0.57075","0.55577","-0.03794","0.9131","0.45920","0.51903","-0.00279","0.9689","0.54300","0.51895","0.00530","0.9390","0.46069","0.71656","-0.00334","0.9657","0.54271","0.71583","0.00228","0.9632","0.46167","0.92072","0.00209","0.9699","0.54401","0.92045","0.01322","0.9476","0.45922","0.93947","0.01799","0.9693","0.54341","0.93921","0.02641","0.9720","0.45961","0.95028","-0.02129","0.9244","0.54026","0.95011","-0.01566","0.9421"
"99","3.3000","0.50086","0.18069","0.00972","0.9468","0.48500","0.16925","0.00613","0.9378","0.48096","0.16682","0.00708","0.9644","0.47940","0.16728","0.00692","0.9596","0.51380","0.17151","0.01433","0.9584","0.52158","0.16758","0.01527","0.9260","0.52662","0.16793","0.01480","0.9237","0.46816","0.17817","0.01908","0.9778","0.53088","0.18014","0.02517","0.9258","0.48759","0.20655","0.00986","0.9371","0.50984","0.20600","0.01120","0.9705","0.42827","0.29870","0.00834","0.9591","0.57295","0.30277","0.01508","0.9621","0.42120","0.42901","-0.02298","0.9688","0.58426","0.43144","-0.01716","0.9650","0.42793","0.53712","-0.04438","0.9481","0.57269","0.54111","-0.03611","0.9623","0.42082","0.55903","-0.05011","0.9660","0.57898","0.56039","-0.04307","0.9307","0.41367","0.55450","-0.04972","0.9580","0.58541","0.55323","-0.03879","0.9687","0.43456","0.55367","-0.04355","0.9447","0.56809","0.55558","-0.03528","0.9374","0.45972","0.52100","-0.00308","0.9732","0.54336","0.52000","0.00634","0.9647","0.46122","0.71904","-0.00311","0.9451","0.54247","0.71973","0.00553","0.9365","0.45786","0.92229","0.00343","0.9683","0.54496","0.91808","0.00603","0.9634","0.46239","0.94033","0.01706","0.9554","0.54323","0.93896","0.02646","0.9641","0.45794","0.94704","-0.02149","0.9680","0.54403","0.95032","-0.01387","0.9412"
"100","3.3333","0.50143","0.18210","0.01137","0.9565","0.48825","0.17078","0.00683","0.9688","0.48082","0.17068","0.00856","0.9270","0.47605","0.17095","0.00734","0.9694","0.51284","0.17355","0.01460","0.9329","0.52134","0.17252","0.01270","0.9402","0.52586","0.17078","0.01652","0.9204","0.46716","0.18027","0.01735","0.9883","0.52956","0.18242","0.02312","0.9117","0.49050","0.20487","0.01163","0.9735","0.50974","0.20847","0.00832","0.9714","0.42772","0.30428","0.00793","0.9802","0.57024","0.30191","0.01236","0.9587","0.42229","0.43276","-0.02168","0.9590","0.58079","0.43130","-0.01498","0.9311","0.43296","0.54091","-0.04502","0.9942","0.57171","0.53706","-0.03845","0.9402","0.42190","0.56063","-0.04876","0.9675","0.57924","0.55735","-0.03917","0.9457","0.41477","0.55561","-0.04911","0.9782","0.58555","0.55789","-0.04162","0.9218","0.43619","0.55697","-0.04345","0.9550","0.56796","0.55745","-0.03578","0.9414","0.45746","0.52108","-0.00321","0.9667","0.54058","0.52360","0.00299","0.8885","0.45836","0.72065","-0.00694","0.9554","0.54328","0.72083","0.00468","0.9350","0.45673","0.92137","0.00245","0.9475","0.54075","0.91918","0.00977","0.9395","0.45920","0.94038","0.01515","0.9794","0.53764","0.94184","0.02403","0.9156","0.45755","0.94950","-0.02024","0.9511","0.54163","0.94625","-0.01837","0.9379"
"101","3.3667","0.50323","0.18522","0.01054","0.9541","0.49086","0.17135","0.00408","0.9793","0.48218","0.17278","0.00867","0.9623","0.47601","0.17555","0.00748","0.9488","0.51112","0.17196","0.01454","0.9630","0.51942","0.16977","0.01438","0.9388","0.52718","0.17462","0.01265","0.9048","0.47130","0.18491","0.01625","0.9641","0.53018","0.18779","0.02218","0.9455","0.48910","0.20760","0.00927","0.9627","0.51053","0.20911","0.01215","0.9469","0.42715","0.30662","0.00476","0.9692","0.57073","0.30440","0.01328","0.9176","0.41938","0.43196","-0.02736","0.9573","0.58553","0.43387","-0.02051","0.9677","0.43122","0.53992","-0.04502","0.9478","0.56907","0.53980","-0.04015","0.9308","0.42292","0.56072","-0.05086","0.9455","0.58257","0.55984","-0.04578","0.9326","0.41774","0.55467","-0.05094","0.9706","0.58655","0.55699","-0.04437","0.9585","0.43297","0.55496","-0.04514","0.9718","0.56707","0.55347","-0.04384","0.9458","0.45854","0.52770","-0.00471","0.9844","0.54481","0.52716","0.00587","0.9352","0.45881","0.72015","-0.00182","0.9655","0.54478","0.71895","0.00403","0.9413","0.46123","0.91949","0.00477","0.9480","0.54104","0.91684","0.01099","0.9347","0.46136","0.93885","0.01282","0.9740","0.54253","0.93949","0.02759","0.9821","0.45896","0.94966","-0.02208","0.9815","0.53984","0.94473","-0.01469","0.9654"
"102","3.4000","0.50239","0.18734","0.01213","0.9741","0.48855","0.17294","0.00305","0.9894","0.48121","0.17160","0.00990","0.9455","0.47656","0.17413","0.00999","0.9859","0.51379","0.17360","0.01562","0.9134","0.51989","0.16795","0.01395","0.9561","0.52636","0.17545","0.01254","0.9055","0.46998","0.18551","0.01689","0.9753","0.53261","0.18594","0.02276","0.9470","0.48969","0.20520","0.00837","0.9472","0.50987","0.20906","0.01372","0.9843","0.42602","0.30622","0.00560","0.9703","0.57027","0.30466","0.01141","0.9357","0.42006","0.43284","-0.02531","0.9717","0.58369","0.43370","-0.01936","0.9693","0.43132","0.54105","-0.04443","0.9581","0.56987","0.53899","-0.03966","0.9687","0.42254","0.55988","-0.04984","0.9407","0.58137","0.55889","-0.04801","0.9104","0.41723","0.55509","-0.05184","0.9664","0.58555","0.55789","-0.04441","0.9583","0.43153","0.55413","-0.04571","0.9826","0.56742","0.55465","-0.04114","0.9499","0.45596","0.52615","-0.00216","0.9793","0.54423","0.52807","0.00664","0.9269","0.45885","0.71982","-0.00288","0.9685","0.54433","0.71885","0.00231","0.9433","0.46028","0.91913","0.00301","0.9448","0.54232","0.91808","0.01216","0.9274","0.46213","0.93820","0.01474","0.9509","0.54217","0.93911","0.02701","0.9703","0.45847","0.94997","-0.02163","0.9776","0.53938","0.94497","-0.01393","0.9477"
"103","3.4333","0.49742","0.18534","0.01056","0.9684","0.48649","0.17992","0.00818","0.9357","0.48344","0.17703","0.00597","0.9422","0.47409","0.17869","0.00493","0.9630","0.51394","0.17703","0.01452","0.9595","0.52337","0.17609","0.01166","0.9317","0.52597","0.17944","0.01201","0.9289","0.46718","0.18656","0.01732","0.9609","0.52887","0.18686","0.02300","0.9685","0.49349","0.21092","0.00954","0.9401","0.50945","0.21333","0.01006","0.9300","0.42767","0.30726","0.00578","0.9825","0.57523","0.30941","0.01172","0.9535","0.41786","0.43768","-0.02497","0.9570","0.58321","0.43825","-0.01880","0.9602","0.42848","0.54136","-0.04989","0.9250","0.57012","0.53991","-0.03884","0.9261","0.41899","0.56408","-0.05961","0.9942","0.58230","0.56448","-0.04437","0.9858","0.41427","0.55481","-0.05401","0.9909","0.58199","0.55933","-0.04631","0.9323","0.43073","0.56115","-0.04909","0.9410","0.56708","0.55677","-0.04111","0.9504","0.45820","0.52901","0.00122","0.9417","0.54396","0.53040","0.00560","0.9598","0.45892","0.71795","-0.00840","0.9686","0.54247","0.71572","-0.00239","0.9583","0.45451","0.91781","0.00427","0.9380","0.54259","0.91734","0.01007","0.9374","0.45988","0.93822","0.01752","0.9454","0.54199","0.93800","0.02424","0.9522","0.45600","0.95111","-0.02142","0.9214","0.53963","0.94991","-0.01358","0.9557"
"104","3.4667","0.49927","0.19010","0.00500","0.9425","0.48486","0.18150","0.00214","0.9681","0.48016","0.17715","0.00554","0.9950","0.47425","0.18081","0.00456","0.9655","0.51333","0.18377","0.01013","0.9164","0.52002","0.17953","0.01330","0.9356","0.52747","0.18436","0.01421","0.9330","0.47258","0.19064","0.01570","0.9872","0.52827","0.19071","0.01976","0.9297","0.48876","0.21513","0.00747","0.9913","0.50983","0.21614","0.00965","0.9950","0.42440","0.30992","0.00600","0.9749","0.57221","0.31325","0.01161","0.9284","0.42013","0.43983","-0.02830","0.9574","0.58386","0.43683","-0.02421","0.9678","0.42598","0.54476","-0.05095","0.9318","0.56979","0.54649","-0.05026","0.9806","0.41942","0.56108","-0.05821","0.9752","0.58130","0.56463","-0.05207","0.9290","0.41513","0.55885","-0.05812","0.9644","0.58371","0.55970","-0.05174","0.9412","0.43462","0.55706","-0.05247","0.9672","0.56804","0.55789","-0.04485","0.9802","0.46049","0.53544","-0.00299","0.9922","0.54382","0.53211","0.00640","0.9360","0.46092","0.71650","-0.00932","0.9354","0.54244","0.71684","-0.00203","0.9646","0.46070","0.92268","0.00306","0.9539","0.54162","0.91957","0.01352","0.9384","0.46046","0.94328","0.01859","0.9628","0.54162","0.93716","0.02490","0.9215","0.45833","0.94875","-0.02039","0.9696","0.54167","0.95052","-0.01618","0.9282"
"105","3.5000","0.50170","0.19772","0.00973","0.9631","0.48836","0.18497","0.00535","0.9624","0.47998","0.18860","0.00537","0.9811","0.47510","0.18997","0.00547","0.9716","0.51483","0.18675","0.01128","0.9363","0.52065","0.18530","0.01356","0.9649","0.52719","0.18838","0.01330","0.9384","0.46736","0.19747","0.01611","0.9371","0.53235","0.19528","0.02099","0.9551","0.49277","0.22386","0.00323","0.9469","0.50859","0.22127","0.00341","0.9272","0.43026","0.31724","0.00358","0.9562","0.57071","0.31822","0.00957","0.9510","0.41756","0.44698","-0.03115","0.9498","0.58272","0.44227","-0.02430","0.9794","0.43159","0.54402","-0.05671","0.9802","0.57043","0.54446","-0.05239","0.9533","0.42178","0.56899","-0.06503","0.9712","0.57803","0.56832","-0.05645","0.9292","0.41834","0.55928","-0.06488","0.9372","0.58351","0.56007","-0.05421","0.9545","0.43212","0.55997","-0.06205","0.9408","0.56703","0.55800","-0.05055","0.9517","0.46020","0.54401","-0.00458","0.9678","0.54120","0.54276","0.00530","0.9349","0.45910","0.72120","-0.01531","0.9579","0.54132","0.71780","-0.00203","0.9451","0.46069","0.92000","0.00501","0.9537","0.54102","0.92016","0.01075","0.9269","0.45923","0.93983","0.01869","0.9615","0.54134","0.94021","0.02603","0.9491","0.46067","0.94897","-0.02316","0.9569","0.54457","0.94906","-0.01592","0.9396"
"106","3.5333","0.50056","0.19669","0.01068","0.9398","0.48741","0.18488","0.00493","0.9835","0.48047","0.18770","0.00527","0.9950","0.47428","0.18941","0.00444","0.9762","0.51267","0.18604","0.01070","0.9464","0.52081","0.18532","0.01100","0.9421","0.52790","0.18766","0.01153","0.9524","0.46708","0.19706","0.01491","0.9714","0.53142","0.19714","0.02105","0.9501","0.49048","0.22318","0.00568","0.9555","0.51029","0.22336","0.00362","0.9221","0.43225","0.31707","0.00460","0.9528","0.57356","0.31790","0.00898","0.9331","0.41613","0.44466","-0.03247","0.9410","0.58033","0.44331","-0.02450","0.9470","0.43257","0.54524","-0.05866","0.9654","0.57204","0.54607","-0.05198","0.9414","0.42017","0.56811","-0.06376","0.9469","0.57998","0.56654","-0.05557","0.9592","0.41783","0.55770","-0.06199","0.9610","0.58605","0.56151","-0.05509","0.9472","0.43322","0.56053","-0.06012","0.9448","0.56536","0.55852","-0.04836","0.9424","0.45975","0.54374","-0.00434","0.9615","0.54152","0.54245","0.00488","0.9466","0.46117","0.72036","-0.01498","0.9763","0.54122","0.71722","-0.00226","0.9532","0.46059","0.92099","0.00387","0.9671","0.54111","0.91881","0.01134","0.9131","0.45789","0.94132","0.01863","0.9683","0.54264","0.94230","0.02803","0.9523","0.45727","0.94943","-0.02252","0.9867","0.54328","0.94870","-0.01522","0.9472"
"107","3.5667","0.49930","0.20392","0.00572","0.9377","0.48578","0.19258","0.00314","0.9474","0.48095","0.19371","0.00275","0.9528","0.47620","0.19220","-0.00054","0.9105","0.51425","0.19473","0.00975","0.9674","0.51766","0.19289","0.00814","0.9242","0.52400","0.19634","0.00930","0.9359","0.47163","0.20376","0.01470","0.9950","0.53065","0.20599","0.01773","0.9238","0.48771","0.22734","0.00409","0.9498","0.51319","0.22892","0.00745","0.9763","0.42831","0.32481","0.00388","0.9535","0.57136","0.32733","0.01106","0.9429","0.42021","0.44798","-0.03735","0.9756","0.57969","0.44653","-0.02721","0.9319","0.42913","0.55232","-0.06229","0.9855","0.56960","0.54788","-0.05698","0.9761","0.42108","0.56747","-0.06751","0.9583","0.57858","0.56891","-0.05827","0.9222","0.41469","0.56142","-0.07008","0.9527","0.58486","0.56426","-0.06458","0.9343","0.43337","0.56654","-0.06081","0.9535","0.56750","0.56373","-0.05710","0.9451","0.45974","0.54865","0.00028","0.9653","0.54138","0.55058","0.00559","0.9307","0.45804","0.71948","-0.01691","0.9331","0.54281","0.71678","-0.01226","0.9412","0.45427","0.91856","0.00408","0.9572","0.54457","0.91819","0.00607","0.9689","0.45615","0.93853","0.01858","0.9720","0.54164","0.94316","0.02468","0.9031","0.45784","0.94696","-0.02659","0.9249","0.54257","0.94797","-0.01314","0.9354"
"108","3.6000","0.50050","0.21282","0.00284","0.9728","0.48525","0.20114","0.00158","0.9505","0.47981","0.19989","0.00310","0.9882","0.47174","0.19959","0.00247","0.9695","0.51117","0.19957","0.00883","0.9639","0.52063","0.19562","0.00751","0.9314","0.52409","0.20133","0.01088","0.9582","0.46765","0.20959","0.01114","0.9376","0.52977","0.21175","0.01917","0.9406","0.49029","0.23524","0.00122","0.9400","0.50718","0.23855","0.00275","0.9121","0.42813","0.33331","-0.00160","0.9787","0.57183","0.32829","0.00866","0.9251","0.41790","0.45311","-0.03902","0.9477","0.57686","0.45513","-0.03173","0.9479","0.42598","0.55377","-0.06781","0.9674","0.57163","0.55330","-0.06241","0.9437","0.41762","0.57152","-0.07365","0.9707","0.58269","0.57150","-0.06727","0.9408","0.41599","0.56765","-0.07270","0.9777","0.58185","0.56607","-0.06278","0.9402","0.43030","0.56726","-0.07026","0.9666","0.56179","0.56857","-0.06317","0.9587","0.45894","0.55699","-0.00011","0.9706","0.53929","0.55680","0.00693","0.9143","0.45664","0.71700","-0.01876","0.9570","0.53921","0.72026","-0.01293","0.9267","0.45576","0.91817","0.00203","0.9677","0.54209","0.91709","0.01028","0.9492","0.46247","0.93959","0.01940","0.9574","0.54014","0.93913","0.02582","0.9225","0.45802","0.95014","-0.02337","0.9589","0.54013","0.95191","-0.01376","0.9446"
"109","3.6333","0.49964","0.21610","-0.00014","0.9633","0.48778","0.20622","0.00151","0.9389","0.48255","0.20313","0.00064","0.9457","0.47661","0.20570","-0.00221","0.9687","0.51377","0.20507","0.00851","0.9370","0.51821","0.20522","0.00780","0.9637","0.52625","0.20664","0.00769","0.9334","0.47079","0.21800","0.00656","0.9607","0.53165","0.21792","0.01832","0.9374","0.48685","0.24247","0.00249","0.9601","0.50980","0.24071","0.00497","0.9521","0.42785","0.33899","-0.00623","0.9540","0.57267","0.33970","0.00558","0.9277","0.41735","0.45654","-0.04420","0.9183","0.58093","0.45683","-0.03599","0.9337","0.42957","0.55403","-0.07666","0.9583","0.57151","0.55196","-0.07052","0.9790","0.42088","0.57559","-0.08076","0.9749","0.58046","0.57295","-0.07834","0.9144","0.41704","0.56939","-0.07943","0.9859","0.58398","0.56761","-0.07454","0.9112","0.43492","0.56906","-0.07639","0.9470","0.56541","0.57201","-0.07004","0.9172","0.45882","0.56595","0.00024","0.9498","0.54243","0.56625","0.00519","0.9492","0.45614","0.72013","-0.02367","0.9950","0.54418","0.72173","-0.01606","0.9504","0.45846","0.91854","-0.00025","0.9311","0.53979","0.92245","0.01117","0.9547","0.45848","0.94066","0.02039","0.9348","0.53889","0.93560","0.02667","0.9401","0.45792","0.94831","-0.02449","0.9610","0.54216","0.94957","-0.01678","0.9122"
"110","3.6667","0.50195","0.22345","0.00354","0.9803","0.48388","0.21424","-0.00008","0.9534","0.48060","0.21326","0.00028","0.9395","0.47529","0.21615","-0.00294","0.9334","0.51307","0.21537","0.00273","0.9278","0.51713","0.21162","0.00551","0.9567","0.52640","0.21307","0.00583","0.9471","0.46893","0.22602","0.00712","0.9467","0.53069","0.22448","0.01686","0.9337","0.48905","0.24636","0.00226","0.9290","0.51441","0.24851","0.00250","0.9727","0.42567","0.35004","-0.00236","0.9663","0.57037","0.34595","0.00239","0.9554","0.41580","0.46467","-0.04789","0.9849","0.58346","0.46519","-0.04125","0.9141","0.42997","0.55884","-0.08263","0.9031","0.56939","0.55861","-0.07447","0.9128","0.41734","0.57530","-0.08839","0.9350","0.57761","0.58071","-0.08033","0.9485","0.41377","0.56990","-0.08779","0.9540","0.58235","0.57133","-0.07970","0.9537","0.42936","0.57013","-0.08167","0.9565","0.56720","0.56988","-0.07261","0.9254","0.45677","0.57830","0.00055","0.9910","0.53958","0.57462","0.00255","0.9468","0.45691","0.72104","-0.03099","0.9525","0.54413","0.71889","-0.01911","0.9294","0.45810","0.92064","0.00137","0.9646","0.54065","0.92111","0.00847","0.9754","0.45986","0.93946","0.01757","0.9704","0.54280","0.93893","0.02637","0.9503","0.45854","0.95010","-0.02409","0.9692","0.53666","0.94680","-0.01694","0.9402"
"111","3.7000","0.49882","0.22333","0.00099","0.9944","0.48412","0.21514","-0.00149","0.9277","0.47865","0.21184","-0.00180","0.9485","0.47485","0.21519","-0.00445","0.9519","0.51114","0.21551","0.00293","0.9190","0.51860","0.21242","0.00484","0.9334","0.52475","0.21429","0.00672","0.9525","0.47174","0.22543","0.00742","0.9458","0.52957","0.22602","0.01572","0.9329","0.48954","0.24722","0.00371","0.9518","0.51166","0.24933","0.00142","0.9909","0.42604","0.35144","-0.00293","0.9674","0.56932","0.34588","0.00300","0.9482","0.41754","0.46530","-0.04646","0.9814","0.57988","0.46585","-0.04032","0.9275","0.42921","0.55649","-0.08335","0.9119","0.56991","0.55784","-0.07611","0.9241","0.41857","0.57574","-0.08748","0.9218","0.57759","0.57884","-0.08020","0.9295","0.41212","0.56973","-0.08673","0.9587","0.58354","0.57298","-0.07940","0.9348","0.43215","0.56925","-0.08104","0.9690","0.56769","0.57200","-0.07279","0.9153","0.45593","0.57833","0.00204","0.9776","0.53977","0.57451","0.00344","0.9311","0.45719","0.72227","-0.03007","0.9440","0.54444","0.71879","-0.01956","0.9606","0.45977","0.91961","0.00399","0.9507","0.54077","0.92165","0.00716","0.9742","0.45749","0.93688","0.01542","0.9950","0.54224","0.93903","0.02570","0.9621","0.45739","0.95080","-0.02455","0.9415","0.53834","0.95027","-0.01719","0.9594"
"112","3.7333","0.50020","0.22812","-0.00256","0.9774","0.48782","0.22007","-0.00346","0.9393","0.48145","0.22005","-0.00522","0.9808","0.47604","0.22260","0.00044","0.9346","0.51231","0.22465","0.00336","0.9778","0.51826","0.21797","0.00685","0.9573","0.52467","0.22077","0.00666","0.9192","0.46732","0.23308","0.00877","0.9489","0.52996","0.23513","0.01655","0.9531","0.48962","0.25630","-0.00052","0.9869","0.50887","0.25752","0.00123","0.9551","0.42793","0.35480","-0.00464","0.9582","0.56776","0.35280","0.00156","0.9529","0.41785","0.46868","-0.05001","0.9756","0.57909","0.46849","-0.04744","0.9827","0.42827","0.56105","-0.08646","0.9705","0.57211","0.56112","-0.08125","0.9595","0.41797","0.57871","-0.09206","0.9772","0.57787","0.58007","-0.08555","0.9315","0.41694","0.57456","-0.09056","0.9585","0.58107","0.57725","-0.08476","0.9170","0.43223","0.57401","-0.08634","0.9688","0.56535","0.57639","-0.08154","0.9261","0.45876","0.58406","0.00060","0.9630","0.54296","0.58533","0.00732","0.9350","0.45587","0.71935","-0.03194","0.9411","0.54298","0.71774","-0.02521","0.9115","0.45781","0.91746","0.00213","0.9028","0.54134","0.91868","0.00770","0.9682","0.45590","0.94017","0.01774","0.9474","0.54133","0.94047","0.02776","0.9293","0.45708","0.95192","-0.02268","0.9372","0.53959","0.94842","-0.01407","0.9303"
"113","3.7667","0.50027","0.23941","0.00289","0.9701","0.48473","0.22774","-0.00510","0.9428","0.47747","0.22519","-0.00192","0.9412","0.47328","0.22909","-0.00259","0.9355","0.51134","0.22986","0.00040","0.9656","0.51933","0.22880","0.00490","0.9545","0.52746","0.23047","0.00121","0.9256","0.46867","0.24116","0.00420","0.9425","0.52973","0.24328","0.01063","0.9156","0.49116","0.26597","-0.00118","0.9545","0.50791","0.26433","0.00010","0.9373","0.42765","0.36253","-0.00687","0.9770","0.57126","0.36110","-0.00276","0.9104","0.41968","0.47330","-0.05919","0.9683","0.58048","0.47742","-0.05255","0.9627","0.43000","0.56184","-0.09237","0.9568","0.57376","0.55931","-0.09112","0.9692","0.41713","0.58498","-0.10214","0.9691","0.58345","0.58407","-0.09154","0.9471","0.41553","0.57666","-0.09738","0.9687","0.58062","0.57949","-0.09182","0.9603","0.42958","0.57785","-0.09333","0.9505","0.56521","0.57644","-0.08996","0.9242","0.45776","0.59508","0.00290","0.9610","0.54079","0.59529","0.00556","0.9485","0.45561","0.72073","-0.03498","0.9564","0.54389","0.71755","-0.02782","0.9550","0.45844","0.91979","0.00161","0.9526","0.54235","0.91913","0.01035","0.9271","0.45811","0.93807","0.01922","0.9531","0.53976","0.94477","0.02347","0.9088","0.45638","0.94644","-0.02382","0.9451","0.54047","0.95217","-0.01466","0.9282"
"114","3.8000","0.49602","0.24728","-0.00152","0.9350","0.48796","0.23551","-0.00619","0.9530","0.47861","0.23688","-0.00406","0.9603","0.47354","0.23847","-0.00672","0.9548","0.51188","0.23729","0.00154","0.9223","0.51995","0.23477","0.00251","0.9111","0.52413","0.23743","0.00123","0.9571","0.46561","0.24710","0.00380","0.9785","0.53117","0.24743","0.01025","0.9261","0.49182","0.27254","-0.00274","0.9543","0.51198","0.27228","-0.00415","0.9223","0.42669","0.37141","-0.00933","0.9718","0.56760","0.37093","-0.00125","0.9313","0.41507","0.48122","-0.05928","0.9755","0.58116","0.48151","-0.05139","0.9660","0.42739","0.56313","-0.10240","0.9886","0.56931","0.56519","-0.09451","0.9344","0.42017","0.58563","-0.10668","0.9454","0.58200","0.58300","-0.09814","0.9365","0.41755","0.58401","-0.10402","0.9096","0.58478","0.57896","-0.09925","0.9150","0.43130","0.58023","-0.10051","0.9637","0.56716","0.58537","-0.09256","0.9157","0.45670","0.60718","-0.00127","0.9255","0.54147","0.60582","0.00784","0.9545","0.45237","0.71913","-0.04367","0.9452","0.54322","0.72241","-0.03444","0.9578","0.45558","0.92189","0.00214","0.9126","0.54048","0.92020","0.00688","0.9521","0.45888","0.94236","0.01928","0.9321","0.54207","0.94019","0.02557","0.9576","0.45668","0.94636","-0.02088","0.9587","0.53915","0.94789","-0.01527","0.9450"
"115","3.8333","0.49459","0.24715","0.00058","0.9513","0.48598","0.23780","-0.00527","0.9568","0.47999","0.23647","-0.00387","0.9712","0.47413","0.23956","-0.00743","0.9480","0.51184","0.23644","-0.00001","0.9786","0.51843","0.23312","0.00226","0.9145","0.52497","0.23784","-0.00104","0.9707","0.46743","0.24608","0.00198","0.9765","0.53055","0.24752","0.00946","0.9275","0.48934","0.27172","-0.00087","0.9365","0.51023","0.27269","-0.00314","0.9331","0.42562","0.37226","-0.00983","0.9480","0.56813","0.37271","-0.00399","0.9426","0.41579","0.47993","-0.05997","0.9636","0.57994","0.48174","-0.05349","0.9598","0.42697","0.56369","-0.10335","0.9699","0.56828","0.56543","-0.09642","0.9252","0.41732","0.59002","-0.10735","0.9569","0.58020","0.58171","-0.09864","0.9646","0.41881","0.58444","-0.10355","0.9369","0.58410","0.58119","-0.09852","0.9024","0.43093","0.58232","-0.09964","0.9920","0.56854","0.58394","-0.09277","0.9436","0.45810","0.60811","-0.00337","0.9473","0.54262","0.60555","0.00708","0.9542","0.45433","0.71864","-0.04433","0.9430","0.54304","0.72071","-0.03641","0.9813","0.45706","0.91942","0.00089","0.9254","0.53947","0.91981","0.00670","0.9640","0.45937","0.94277","0.01867","0.9364","0.53964","0.94001","0.02663","0.9679","0.45636","0.94772","-0.02192","0.9637","0.54106","0.94831","-0.01539","0.9229"
"116","3.8667","0.49734","0.25592","-0.00505","0.9321","0.48739","0.24489","-0.00623","0.9603","0.48214","0.23990","-0.00875","0.9545","0.47503","0.24277","-0.00820","0.9689","0.51626","0.24566","-0.00087","0.9605","0.51645","0.23990","-0.00073","0.9223","0.52440","0.24271","-0.00329","0.9738","0.46889","0.25356","0.00247","0.9586","0.53037","0.25463","0.00952","0.9394","0.48704","0.27777","-0.00367","0.9598","0.51123","0.27823","-0.00203","0.9447","0.42868","0.38062","-0.01175","0.9572","0.56985","0.37541","-0.00429","0.9345","0.41577","0.48707","-0.06750","0.9367","0.58050","0.48678","-0.05649","0.9670","0.42895","0.56568","-0.10469","0.9811","0.57421","0.56900","-0.09900","0.9378","0.41896","0.58812","-0.11307","0.9537","0.57814","0.58726","-0.10635","0.9439","0.41259","0.58326","-0.11064","0.9699","0.58381","0.58088","-0.10688","0.9411","0.43133","0.58204","-0.10708","0.9950","0.56525","0.58331","-0.09949","0.9642","0.45855","0.60771","0.00163","0.9626","0.54363","0.61234","0.00519","0.9614","0.45149","0.72044","-0.04230","0.9638","0.54651","0.72117","-0.03742","0.9466","0.45710","0.92143","0.00161","0.9669","0.54101","0.92053","0.00627","0.9201","0.45656","0.93810","0.01696","0.9263","0.53791","0.93953","0.02319","0.9516","0.45778","0.94777","-0.02522","0.9082","0.54115","0.94732","-0.01793","0.9390"
"117","3.9000","0.49777","0.25857","-0.00869","0.9285","0.48536","0.25178","-0.00899","0.9549","0.47433","0.25419","-0.00830","0.9486","0.47473","0.25625","-0.00627","0.9341","0.51390","0.24807","-0.00169","0.9428","0.51890","0.24900","0.00068","0.9208","0.52265","0.25148","-0.00442","0.9334","0.46553","0.26038","-0.00063","0.9841","0.52844","0.26067","0.00707","0.9439","0.48913","0.28413","-0.00509","0.9696","0.51055","0.28215","-0.00813","0.9689","0.42554","0.38274","-0.01077","0.9643","0.56852","0.38470","-0.00215","0.9440","0.41694","0.48873","-0.06942","0.9602","0.57794","0.49184","-0.06184","0.9408","0.42726","0.57272","-0.11247","0.9612","0.57015","0.57263","-0.10581","0.9161","0.41954","0.58891","-0.11527","0.9842","0.57990","0.58690","-0.10872","0.9475","0.41447","0.58689","-0.11607","0.9464","0.58224","0.58677","-0.10986","0.9456","0.43356","0.58383","-0.11113","0.9507","0.56720","0.58932","-0.10509","0.9722","0.45947","0.62030","-0.00063","0.9559","0.53903","0.61934","0.01106","0.9158","0.45497","0.72102","-0.04812","0.9765","0.54177","0.72111","-0.04071","0.9311","0.45926","0.91886","0.00308","0.9191","0.53463","0.92152","0.00873","0.9450","0.45665","0.94052","0.01901","0.9402","0.53911","0.94020","0.02620","0.9805","0.45743","0.95432","-0.02455","0.9460","0.53888","0.94942","-0.01363","0.9291"
"118","3.9333","0.49680","0.26697","-0.00676","0.9501","0.48712","0.25602","-0.00977","0.9630","0.47791","0.25576","-0.00755","0.9755","0.46996","0.25598","-0.00589","0.9535","0.51100","0.25679","-0.00270","0.9657","0.51893","0.25214","-0.00587","0.9244","0.52557","0.25814","-0.00400","0.9100","0.46652","0.26634","-0.00112","0.9659","0.52935","0.26737","0.00733","0.9263","0.48699","0.28756","-0.00920","0.9454","0.51075","0.29078","-0.00452","0.9806","0.42991","0.39322","-0.01644","0.9682","0.57087","0.38982","-0.00905","0.9544","0.42005","0.49752","-0.07268","0.9625","0.58125","0.49679","-0.06415","0.9589","0.42536","0.57580","-0.11723","0.9529","0.57033","0.57192","-0.11348","0.9436","0.42018","0.59216","-0.12108","0.9548","0.57769","0.59370","-0.11327","0.9614","0.41578","0.58641","-0.12257","0.9474","0.58262","0.58871","-0.11449","0.9628","0.43233","0.58602","-0.12180","0.9269","0.56525","0.58628","-0.11141","0.9698","0.46150","0.62667","0.00452","0.9212","0.53763","0.62654","0.01199","0.9792","0.45231","0.72057","-0.05387","0.9514","0.54400","0.72132","-0.04732","0.9505","0.45747","0.91968","0.00501","0.9950","0.54201","0.91858","0.00842","0.9411","0.45413","0.94125","0.01563","0.9600","0.54194","0.94126","0.02189","0.9317","0.45877","0.95034","-0.02238","0.9470","0.53827","0.94789","-0.01348","0.9580"
"119","3.9667","0.49631","0.26730","-0.00736","0.9651","0.48708","0.25446","-0.00989","0.9617","0.47810","0.25441","-0.00838","0.9720","0.46993","0.25531","-0.00740","0.9506","0.51172","0.25682","-0.00144","0.9631","0.52016","0.25357","-0.00364","0.9264","0.52666","0.25464","-0.00249","0.9309","0.46768","0.26847","-0.00024","0.9490","0.52970","0.26748","0.00740","0.8990","0.48622","0.28715","-0.00993","0.9508","0.51169","0.29261","-0.00745","0.9850","0.42749","0.39098","-0.01376","0.9867","0.57105","0.39142","-0.01051","0.9495","0.41778","0.49844","-0.07127","0.9342","0.58218","0.49500","-0.06598","0.9422","0.42508","0.57569","-0.11924","0.9758","0.57147","0.57313","-0.11193","0.9149","0.41782","0.59169","-0.12204","0.9759","0.57815","0.59381","-0.11411","0.9596","0.41570","0.58832","-0.12310","0.9309","0.58430","0.58712","-0.11490","0.9522","0.43008","0.58525","-0.12108","0.9234","0.56374","0.58633","-0.11072","0.9828","0.46043","0.62801","0.00209","0.9117","0.53790","0.62827","0.01331","0.9588","0.45424","0.72027","-0.05242","0.9577","0.54381","0.71952","-0.04536","0.9615","0.45712","0.91961","0.00534","0.9681","0.54246","0.91864","0.00978","0.9288","0.45506","0.94156","0.01619","0.9829","0.54093","0.94037","0.02173","0.9640","0.45850","0.95101","-0.02568","0.9540","0.53980","0.94811","-0.01322","0.9372"
"120","4.0000","0.49679","0.27396","-0.00387","0.9641","0.48794","0.26163","-0.01072","0.9683","0.47881","0.26013","-0.01467","0.9781","0.47480","0.26476","-0.01189","0.9706","0.51178","0.26105","-0.00130","0.9284","0.51477","0.26241","-0.00117","0.9149","0.52357","0.26209","-0.00244","0.9234","0.46900","0.27344","-0.00556","0.9603","0.53256","0.27008","0.00738","0.9671","0.48862","0.29995","-0.00663","0.9643","0.50797","0.29855","-0.00786","0.9349","0.42737","0.39634","-0.01318","0.9449","0.57034","0.40082","-0.01078","0.9398","0.41350","0.50288","-0.07774","0.9557","0.57638","0.50056","-0.07116","0.9585","0.42586","0.57665","-0.12480","0.9432","0.57125","0.57664","-0.11437","0.9196","0.42029","0.59575","-0.12970","0.9455","0.57853","0.59465","-0.11814","0.9572","0.41430","0.59393","-0.12761","0.9950","0.57949","0.58877","-0.12095","0.9574","0.42932","0.59064","-0.12072","0.9555","0.56624","0.59049","-0.11495","0.9075","0.45693","0.63252","0.00199","0.9735","0.53967","0.63362","0.00888","0.9557","0.45218","0.72189","-0.05335","0.9356","0.54502","0.71752","-0.04670","0.9712","0.45490","0.91977","-0.00014","0.9777","0.54098","0.92008","0.00684","0.9545","0.45829","0.94032","0.01758","0.9682","0.54278","0.94043","0.02373","0.8891","0.45771","0.94691","-0.02154","0.9888","0.54037","0.95227","-0.01563","0.9633"
"121","4.0333","0.49770","0.27707","-0.01084","0.9400","0.48584","0.26693","-0.01153","0.9464","0.47747","0.26376","-0.01281","0.9677","0.47151","0.26896","-0.01102","0.9385","0.51210","0.26715","-0.00526","0.9293","0.51803","0.26605","-0.00125","0.9235","0.52423","0.26635","-0.00339","0.9345","0.46922","0.27563","0.00045","0.9705","0.53239","0.27805","0.00633","0.9234","0.48791","0.30067","-0.00656","0.9377","0.51028","0.30104","-0.00556","0.9707","0.42774","0.40037","-0.01413","0.9557","0.57093","0.39752","-0.01089","0.9246","0.41553","0.50496","-0.07759","0.9657","0.57797","0.50420","-0.07232","0.9935","0.42286","0.57615","-0.12916","0.9685","0.56797","0.57536","-0.12212","0.9441","0.42085","0.59673","-0.13189","0.9950","0.57639","0.59938","-0.12127","0.9820","0.41842","0.59013","-0.12764","0.9824","0.58337","0.59184","-0.12523","0.9012","0.42861","0.59183","-0.12491","0.9689","0.56456","0.59304","-0.11687","0.8972","0.45972","0.63970","0.00157","0.9569","0.54289","0.63869","0.00730","0.9604","0.45120","0.72175","-0.06026","0.9794","0.54565","0.71977","-0.05084","0.9439","0.45680","0.91997","0.00272","0.9739","0.53965","0.92180","0.01024","0.9407","0.45619","0.94130","0.01909","0.9592","0.53810","0.93819","0.02706","0.9480","0.46028","0.94850","-0.02478","0.9610","0.53942","0.95011","-0.01534","0.9460"
"122","4.0667","0.49969","0.28413","-0.00541","0.9329","0.48255","0.27080","-0.01269","0.9950","0.47757","0.26840","-0.01646","0.9768","0.47497","0.26927","-0.00982","0.9670","0.51190","0.27288","-0.00714","0.9620","0.51735","0.27052","-0.00741","0.9413","0.52206","0.27054","-0.00569","0.9476","0.46659","0.28271","-0.00269","0.9186","0.52960","0.27791","0.00408","0.8927","0.49008","0.30420","-0.00741","0.9300","0.50906","0.30596","-0.00736","0.9494","0.42769","0.40345","-0.01502","0.9599","0.56929","0.40293","-0.01180","0.9238","0.41742","0.50295","-0.08222","0.9624","0.58105","0.50658","-0.07440","0.9387","0.42613","0.57870","-0.12923","0.9255","0.57094","0.57846","-0.12247","0.9288","0.41650","0.59862","-0.13239","0.9950","0.57759","0.59700","-0.12743","0.9420","0.41587","0.59335","-0.13162","0.9404","0.58202","0.59357","-0.12638","0.9555","0.43463","0.59402","-0.12878","0.9497","0.56544","0.59032","-0.12224","0.9572","0.45483","0.64216","0.00133","0.9639","0.53935","0.64900","0.00935","0.9440","0.44965","0.72002","-0.06501","0.9298","0.54145","0.71975","-0.05317","0.9531","0.45745","0.91983","0.00242","0.9400","0.54294","0.92366","0.00771","0.9070","0.45731","0.93665","0.01775","0.9553","0.54094","0.94165","0.02554","0.8892","0.45527","0.95313","-0.02313","0.9637","0.54057","0.95112","-0.01876","0.8827"
"123","4.1000","0.49983","0.28325","-0.00780","0.9341","0.48496","0.27138","-0.01103","0.9814","0.47937","0.27411","-0.01300","0.9599","0.47492","0.27654","-0.01358","0.9629","0.51412","0.27505","-0.00468","0.9725","0.51812","0.27095","-0.00521","0.9024","0.52226","0.26988","-0.00870","0.9368","0.46780","0.28212","-0.00629","0.9534","0.53136","0.28448","0.00100","0.9766","0.48527","0.30864","-0.00897","0.9721","0.51083","0.31168","-0.00842","0.9221","0.42722","0.41128","-0.02075","0.9769","0.57133","0.40929","-0.01086","0.9580","0.41677","0.50849","-0.08156","0.9590","0.58095","0.50858","-0.07741","0.9636","0.42571","0.58339","-0.13232","0.9734","0.56941","0.57673","-0.12581","0.9400","0.41933","0.59880","-0.13971","0.9605","0.57852","0.59800","-0.12967","0.9521","0.41558","0.59354","-0.13787","0.9746","0.58130","0.59256","-0.12993","0.9136","0.43060","0.59426","-0.13082","0.9636","0.56699","0.59464","-0.12471","0.8991","0.45835","0.64862","0.00159","0.9825","0.54064","0.64732","0.00552","0.9090","0.45540","0.72001","-0.06264","0.9537","0.54262","0.72065","-0.05642","0.9532","0.45836","0.91868","0.00132","0.9813","0.54157","0.92119","0.01001","0.9624","0.45904","0.93904","0.01663","0.9748","0.53786","0.93900","0.02305","0.9402","0.45790","0.94913","-0.02387","0.9452","0.54066","0.95114","-0.01582","0.9535"
"124","4.1333","0.49753","0.28231","-0.00822","0.9322","0.48428","0.27159","-0.01049","0.9647","0.48136","0.27437","-0.01282","0.9355","0.47631","0.27758","-0.01220","0.9593","0.51326","0.27426","-0.00381","0.9504","0.52022","0.27067","-0.00810","0.9046","0.52296","0.27009","-0.00951","0.9496","0.46913","0.28293","-0.00873","0.9421","0.53061","0.28422","0.00352","0.9682","0.48716","0.30909","-0.01047","0.9500","0.51058","0.31106","-0.00790","0.9218","0.42792","0.40955","-0.02082","0.9554","0.57302","0.41087","-0.01124","0.9457","0.41527","0.50967","-0.08121","0.9474","0.58003","0.50604","-0.07652","0.9445","0.42625","0.58176","-0.13202","0.9714","0.56982","0.57913","-0.12665","0.9418","0.41996","0.59772","-0.13926","0.9648","0.57929","0.59703","-0.12809","0.9345","0.41405","0.59077","-0.13758","0.9898","0.58130","0.59308","-0.12639","0.9215","0.42964","0.59429","-0.13105","0.9616","0.56639","0.59392","-0.12397","0.9216","0.46018","0.64884","0.00370","0.9695","0.53907","0.64879","0.00727","0.9437","0.45430","0.72238","-0.06235","0.9635","0.54539","0.72004","-0.05721","0.9357","0.45959","0.92151","-0.00050","0.9711","0.53908","0.92012","0.00949","0.9778","0.45686","0.93925","0.01620","0.9680","0.54086","0.93926","0.02164","0.9506","0.45867","0.95092","-0.02281","0.9359","0.54023","0.95051","-0.01590","0.9562"
"125","4.1667","0.49613","0.28558","-0.00981","0.9860","0.48420","0.27525","-0.01298","0.9762","0.47887","0.27251","-0.01177","0.9671","0.47311","0.27573","-0.01384","0.9789","0.51025","0.27573","-0.00720","0.9478","0.51811","0.27342","-0.00767","0.9521","0.52543","0.27654","-0.01118","0.9114","0.46679","0.28506","-0.00123","0.9816","0.52992","0.28334","-0.00026","0.9357","0.48773","0.30741","-0.00487","0.9560","0.51040","0.31205","-0.00794","0.9368","0.42969","0.41196","-0.01981","0.9756","0.56849","0.40794","-0.01514","0.9316","0.41785","0.51023","-0.08665","0.9950","0.58027","0.50826","-0.07720","0.9644","0.42402","0.58030","-0.13379","0.9950","0.56695","0.58482","-0.12616","0.9268","0.41802","0.59863","-0.14123","0.9950","0.57851","0.60162","-0.13225","0.9125","0.41361","0.59403","-0.13982","0.9525","0.58053","0.59579","-0.13260","0.9691","0.43090","0.59555","-0.13207","0.9773","0.56852","0.59404","-0.12747","0.9505","0.45640","0.64716","0.00067","0.9413","0.54163","0.64944","0.00474","0.9126","0.45357","0.71896","-0.06513","0.9929","0.54440","0.72243","-0.05692","0.9513","0.45490","0.92142","-0.00114","0.9691","0.54271","0.91823","0.01036","0.9466","0.45779","0.94146","0.01540","0.9793","0.54189","0.94205","0.02720","0.9199","0.45520","0.95261","-0.02529","0.9607","0.53701","0.94904","-0.02037","0.9367"
"126","4.2000","0.49867","0.28784","-0.00890","0.9540","0.48649","0.27834","-0.01563","0.9401","0.47828","0.27247","-0.01405","0.9718","0.47360","0.27454","-0.01200","0.9868","0.50998","0.27759","-0.00939","0.9667","0.51677","0.27265","-0.00977","0.9337","0.52447","0.27728","-0.00749","0.9516","0.46697","0.28361","-0.00408","0.9748","0.52893","0.28561","0.00592","0.9157","0.48864","0.30853","-0.01015","0.9304","0.50971","0.31041","-0.00907","0.9467","0.42775","0.41443","-0.01829","0.9553","0.56813","0.41011","-0.01225","0.9399","0.41917","0.50914","-0.08415","0.9650","0.57693","0.51307","-0.07479","0.9092","0.42918","0.57900","-0.13332","0.9372","0.56973","0.58347","-0.12463","0.9432","0.41740","0.60017","-0.13893","0.9868","0.57904","0.60099","-0.12882","0.9192","0.41338","0.59427","-0.13799","0.9549","0.57975","0.59614","-0.13087","0.9410","0.43005","0.59598","-0.13400","0.9644","0.56750","0.59618","-0.12893","0.9473","0.45835","0.65481","-0.00050","0.9269","0.53641","0.65082","0.00875","0.9160","0.45392","0.72300","-0.06210","0.9749","0.54478","0.71793","-0.05505","0.9168","0.45995","0.91923","0.00235","0.9583","0.54015","0.91950","0.00887","0.9567","0.45593","0.94084","0.01515","0.9391","0.53804","0.93848","0.02306","0.9416","0.46037","0.94900","-0.01988","0.9399","0.53902","0.94790","-0.01507","0.9503"
"127","4.2333","0.50063","0.28227","-0.00722","0.9530","0.48682","0.27640","-0.01167","0.9359","0.47815","0.27284","-0.01307","0.9451","0.47329","0.27376","-0.01480","0.9567","0.51287","0.27471","-0.00651","0.9566","0.51626","0.27108","-0.00813","0.9357","0.52486","0.27528","-0.00619","0.9305","0.46461","0.28807","-0.00512","0.9412","0.53363","0.28599","0.00126","0.9274","0.48975","0.31174","-0.00798","0.9761","0.50489","0.31133","-0.00871","0.9737","0.42787","0.40970","-0.01725","0.9069","0.57095","0.41019","-0.01397","0.9707","0.41686","0.51430","-0.08254","0.9539","0.57940","0.51046","-0.07481","0.9722","0.42673","0.58074","-0.13431","0.9649","0.56868","0.58028","-0.12692","0.9289","0.41829","0.59585","-0.13679","0.9440","0.57474","0.60035","-0.13361","0.9381","0.41655","0.59518","-0.14059","0.9290","0.58451","0.59687","-0.12815","0.9212","0.42840","0.59570","-0.13650","0.9572","0.56722","0.59286","-0.12706","0.8977","0.45445","0.65086","-0.00103","0.9807","0.54110","0.64906","0.00737","0.9269","0.45050","0.71926","-0.06175","0.9639","0.54360","0.71911","-0.05578","0.9553","0.45880","0.92207","0.00215","0.9721","0.53850","0.91914","0.01074","0.9332","0.45341","0.94263","0.01573","0.9451","0.53922","0.93877","0.02225","0.9701","0.45620","0.95258","-0.02115","0.9292","0.53879","0.94945","-0.01758","0.9439"
"128","4.2667","0.50007","0.28208","-0.00830","0.9278","0.48564","0.27707","-0.01268","0.9491","0.47933","0.27467","-0.01163","0.9561","0.47131","0.27420","-0.01494","0.9472","0.51037","0.27447","-0.00732","0.9487","0.51738","0.27353","-0.00749","0.9460","0.52411","0.27550","-0.00664","0.9539","0.46808","0.28626","-0.00427","0.9851","0.53278","0.28647","0.00202","0.9477","0.49027","0.30997","-0.00777","0.9782","0.50559","0.31210","-0.00969","0.9909","0.42692","0.40982","-0.01838","0.9585","0.57114","0.41141","-0.01312","0.9442","0.41685","0.51568","-0.08292","0.9734","0.57958","0.51058","-0.07610","0.9657","0.42403","0.58255","-0.13435","0.9724","0.57014","0.57900","-0.12765","0.9567","0.41931","0.59897","-0.13507","0.9466","0.57717","0.60047","-0.13227","0.9275","0.41452","0.59352","-0.13810","0.9233","0.58495","0.59772","-0.13108","0.9434","0.42850","0.59743","-0.13452","0.9402","0.56717","0.59200","-0.12558","0.9349","0.45681","0.65123","0.00116","0.9690","0.54096","0.64892","0.00640","0.9165","0.45191","0.71917","-0.06420","0.9626","0.54510","0.72057","-0.05721","0.9598","0.45927","0.92185","0.00122","0.9663","0.53898","0.92102","0.01086","0.9415","0.45461","0.94281","0.01866","0.9462","0.53767","0.93768","0.02078","0.9630","0.45441","0.95356","-0.02272","0.9546","0.53794","0.94765","-0.01723","0.9348"
"129","4.3000","0.49817","0.28181","-0.00808","0.9465","0.48274","0.27227","-0.01579","0.9684","0.48026","0.26987","-0.01649","0.9211","0.46763","0.27406","-0.01679","0.9699","0.50932","0.27411","-0.00326","0.9301","0.51593","0.27429","-0.01097","0.9023","0.52357","0.27696","-0.00477","0.9362","0.46667","0.28348","-0.00583","0.9950","0.52946","0.28593","0.00468","0.9573","0.49104","0.31017","-0.01140","0.9685","0.51010","0.30858","-0.01092","0.9429","0.42521","0.41103","-0.02122","0.9629","0.56971","0.40960","-0.01017","0.9376","0.41652","0.51114","-0.08363","0.9813","0.57532","0.50783","-0.07307","0.9661","0.42495","0.57991","-0.13623","0.9332","0.56677","0.57988","-0.12611","0.9336","0.41703","0.59927","-0.13840","0.9427","0.57587","0.60072","-0.13134","0.9681","0.41723","0.59371","-0.13803","0.9574","0.58279","0.59389","-0.12860","0.9455","0.43057","0.59534","-0.13133","0.9802","0.56613","0.59244","-0.12465","0.9293","0.45500","0.64970","0.00187","0.9521","0.54087","0.64772","0.00876","0.9194","0.45006","0.71879","-0.06238","0.9534","0.54290","0.72010","-0.05904","0.9256","0.45634","0.92100","0.00108","0.9614","0.53765","0.91940","0.00868","0.9537","0.45628","0.93889","0.01774","0.9206","0.53744","0.94127","0.02808","0.9353","0.45441","0.94826","-0.02276","0.9806","0.53872","0.94883","-0.01808","0.9450"
"130","4.3333","0.49705","0.28157","-0.01184","0.9655","0.48352","0.27101","-0.01501","0.9516","0.47913","0.26736","-0.01364","0.9332","0.46905","0.27212","-0.01189","0.9293","0.51272","0.27086","-0.00554","0.9346","0.51912","0.26935","-0.00945","0.9648","0.52467","0.27277","-0.00570","0.9454","0.46909","0.27977","-0.00388","0.9823","0.52660","0.27853","0.00519","0.9740","0.48807","0.30446","-0.00743","0.9483","0.50848","0.30543","-0.00697","0.9666","0.42700","0.40459","-0.01767","0.9950","0.56955","0.40628","-0.01015","0.9366","0.41517","0.50842","-0.07990","0.9615","0.57981","0.50627","-0.07299","0.9384","0.42657","0.57931","-0.13158","0.9515","0.56861","0.58068","-0.11950","0.9156","0.41738","0.59903","-0.13528","0.9707","0.57417","0.59927","-0.12885","0.9086","0.41130","0.59438","-0.13667","0.9921","0.58011","0.59422","-0.12754","0.9397","0.43260","0.59041","-0.12671","0.9564","0.56497","0.59466","-0.12469","0.9266","0.45355","0.64524","-0.00050","0.9690","0.53810","0.64310","0.00731","0.9708","0.45254","0.71803","-0.06276","0.9811","0.54528","0.72053","-0.05493","0.9528","0.45688","0.92071","-0.00087","0.9609","0.53765","0.91873","0.00987","0.9721","0.45366","0.94089","0.01612","0.9513","0.53620","0.93862","0.02166","0.9720","0.45757","0.94903","-0.02405","0.9324","0.53853","0.95252","-0.01585","0.9095"
"131","4.3667","0.49881","0.27733","-0.00633","0.9480","0.48561","0.27045","-0.01012","0.9406","0.48187","0.26441","-0.01208","0.9373","0.47361","0.26698","-0.00961","0.9499","0.51240","0.26614","-0.00794","0.9432","0.51691","0.26726","-0.00555","0.9163","0.52419","0.26910","-0.00520","0.9314","0.46550","0.27884","-0.00259","0.9463","0.52923","0.27875","0.00735","0.9815","0.48583","0.30308","-0.00886","0.9950","0.50880","0.29862","-0.00987","0.9470","0.42650","0.40212","-0.01511","0.9467","0.56814","0.40369","-0.01319","0.9389","0.41557","0.50521","-0.07937","0.9300","0.57837","0.50587","-0.07076","0.9429","0.42603","0.58189","-0.12742","0.9919","0.57003","0.57668","-0.11881","0.9839","0.41774","0.59672","-0.13046","0.9697","0.57537","0.59998","-0.12379","0.9688","0.41487","0.59317","-0.13228","0.9474","0.58217","0.58960","-0.12350","0.9327","0.43046","0.59464","-0.12773","0.9347","0.56692","0.58824","-0.11927","0.9589","0.45506","0.63963","0.00013","0.9543","0.54245","0.64202","0.00721","0.9388","0.44812","0.72075","-0.05999","0.9689","0.54188","0.72147","-0.05121","0.9297","0.45419","0.92096","-0.00095","0.9641","0.53731","0.92460","0.00677","0.9327","0.45492","0.94628","0.01669","0.9945","0.53961","0.94169","0.02057","0.9765","0.45383","0.95222","-0.02654","0.9438","0.54169","0.95143","-0.01757","0.9302"
"132","4.4000","0.49670","0.27461","-0.00656","0.9294","0.48487","0.26346","-0.01165","0.9624","0.47950","0.26598","-0.01124","0.9454","0.47439","0.26397","-0.01133","0.9641","0.51094","0.26240","-0.00205","0.9477","0.51649","0.26196","-0.00372","0.9504","0.52485","0.26129","-0.00348","0.9660","0.46479","0.27552","-0.00237","0.9782","0.53259","0.27284","0.00623","0.9386","0.48558","0.29831","-0.00843","0.9551","0.50443","0.29719","-0.01136","0.9579","0.42774","0.39487","-0.01271","0.9469","0.57009","0.39505","-0.00836","0.9014","0.41716","0.50076","-0.07430","0.9479","0.57895","0.50036","-0.06713","0.9135","0.42398","0.57714","-0.12335","0.9794","0.57040","0.57477","-0.11350","0.9549","0.41768","0.59453","-0.12688","0.9727","0.57842","0.59553","-0.11977","0.9696","0.41318","0.59129","-0.12851","0.9745","0.58081","0.59063","-0.11877","0.9311","0.43150","0.59263","-0.12398","0.9485","0.56684","0.58998","-0.11792","0.9522","0.45732","0.63386","0.00137","0.9792","0.53871","0.63627","0.00928","0.9489","0.45415","0.71895","-0.05644","0.9519","0.54374","0.72497","-0.04914","0.9457","0.45381","0.91945","0.00051","0.9555","0.53935","0.92114","0.01061","0.8957","0.45609","0.94144","0.01541","0.9211","0.53902","0.93897","0.02531","0.9241","0.45407","0.95032","-0.02373","0.9491","0.54346","0.95015","-0.01613","0.9394"
"133","4.4333","0.49459","0.27316","-0.00748","0.9314","0.48361","0.26307","-0.01265","0.9655","0.47853","0.26319","-0.01088","0.9544","0.47289","0.26272","-0.01102","0.9331","0.51136","0.26390","-0.00219","0.9157","0.51669","0.26176","-0.00158","0.9600","0.52549","0.26163","-0.00258","0.9397","0.46560","0.27404","-0.00099","0.9935","0.53020","0.27206","0.00347","0.9510","0.48424","0.29946","-0.00805","0.9708","0.50268","0.29901","-0.01065","0.9569","0.42558","0.39525","-0.01423","0.9347","0.57097","0.39785","-0.01083","0.9119","0.41689","0.49950","-0.07415","0.9423","0.58016","0.49837","-0.06673","0.9434","0.42361","0.57655","-0.12427","0.9575","0.56879","0.57540","-0.11531","0.9118","0.42025","0.59615","-0.12750","0.9576","0.58016","0.59655","-0.11923","0.9457","0.41252","0.59326","-0.12862","0.9770","0.57974","0.59174","-0.12030","0.9538","0.43218","0.59297","-0.12341","0.9545","0.56540","0.59097","-0.11793","0.9891","0.45639","0.63569","0.00095","0.9660","0.53752","0.63550","0.01010","0.9290","0.45316","0.71936","-0.05604","0.9307","0.54308","0.72306","-0.04946","0.9315","0.45342","0.92049","-0.00022","0.9731","0.53951","0.91981","0.01027","0.9059","0.45630","0.94414","0.01593","0.9312","0.54076","0.93997","0.02576","0.9535","0.45557","0.94971","-0.02325","0.9511","0.54204","0.94837","-0.01554","0.9420"
"134","4.4667","0.50101","0.26761","-0.00838","0.9569","0.48384","0.25828","-0.01173","0.9545","0.47775","0.25771","-0.01231","0.9426","0.47309","0.26031","-0.01037","0.9604","0.51434","0.25918","-0.00314","0.9577","0.51536","0.25708","-0.00750","0.9032","0.52221","0.25695","-0.00344","0.9481","0.46674","0.26534","-0.00227","0.9739","0.52979","0.26974","0.00489","0.9549","0.48618","0.29421","-0.00743","0.9699","0.50680","0.29190","-0.00577","0.9625","0.42459","0.39088","-0.01841","0.9411","0.56984","0.39187","-0.00544","0.9431","0.41776","0.49633","-0.07394","0.9712","0.57959","0.49736","-0.06921","0.9735","0.42569","0.57411","-0.12166","0.9489","0.57015","0.57620","-0.11079","0.9168","0.41867","0.59331","-0.12310","0.9508","0.57795","0.59353","-0.11687","0.9396","0.41549","0.58902","-0.12367","0.9541","0.58078","0.58765","-0.11458","0.9305","0.43198","0.58504","-0.11630","0.9610","0.56458","0.58839","-0.11137","0.9082","0.45259","0.63258","-0.00238","0.9428","0.53919","0.62950","0.00507","0.9520","0.45250","0.72216","-0.05335","0.9799","0.54099","0.71878","-0.04678","0.9474","0.45398","0.92253","-0.00058","0.9624","0.53862","0.91749","0.00722","0.9886","0.45617","0.93867","0.01259","0.9548","0.53557","0.94010","0.02520","0.9370","0.45707","0.94990","-0.02430","0.9843","0.53849","0.94836","-0.01847","0.9367"
"135","4.5000","0.49856","0.26641","-0.00628","0.9554","0.48340","0.25280","-0.00790","0.9756","0.47531","0.24965","-0.01054","0.9664","0.47290","0.25148","-0.01216","0.9599","0.51002","0.24991","-0.00308","0.9501","0.51662","0.24856","-0.00691","0.9242","0.52265","0.25327","0.00216","0.9753","0.46678","0.26271","0.00167","0.9513","0.52894","0.26096","0.01130","0.9220","0.48873","0.28755","-0.00554","0.9544","0.50459","0.28627","-0.00446","0.9642","0.42770","0.38542","-0.01578","0.9538","0.56870","0.38880","-0.00603","0.9414","0.41311","0.49184","-0.07012","0.9586","0.57821","0.49412","-0.06263","0.9161","0.42854","0.57177","-0.11183","0.9357","0.56867","0.56864","-0.10898","0.9464","0.41701","0.59025","-0.12219","0.9806","0.57918","0.59020","-0.11056","0.9950","0.41473","0.58606","-0.12098","0.9750","0.58041","0.58773","-0.11301","0.9448","0.42818","0.58787","-0.11618","0.9662","0.56507","0.58822","-0.10378","0.9256","0.45527","0.62069","-0.00228","0.9449","0.53898","0.62210","0.00672","0.9346","0.45418","0.72320","-0.05162","0.9327","0.54162","0.72147","-0.04378","0.9321","0.45717","0.91988","-0.00139","0.9924","0.53843","0.92220","0.00960","0.9415","0.46017","0.94204","0.01782","0.9803","0.54270","0.93850","0.02195","0.9179","0.45584","0.95200","-0.02324","0.9541","0.53876","0.95236","-0.01704","0.9527"
"136","4.5333","0.49646","0.25615","-0.00240","0.9753","0.48315","0.24386","-0.00943","0.9606","0.47560","0.24314","-0.00722","0.9843","0.47155","0.24619","-0.00941","0.9448","0.50888","0.24714","-0.00135","0.9512","0.51391","0.24490","-0.00312","0.9778","0.52517","0.24746","-0.00084","0.9326","0.46537","0.25261","0.00025","0.9765","0.52590","0.25941","0.00645","0.9462","0.48824","0.28278","-0.00475","0.9750","0.51092","0.28126","-0.00740","0.9440","0.42456","0.37860","-0.01364","0.9760","0.56901","0.37739","-0.00445","0.9354","0.41743","0.48911","-0.06655","0.9662","0.57930","0.48716","-0.05687","0.9439","0.42528","0.56687","-0.10989","0.9795","0.56812","0.56932","-0.10116","0.9448","0.41675","0.59029","-0.11503","0.9219","0.57593","0.58752","-0.10599","0.9387","0.41281","0.58677","-0.11600","0.9580","0.58193","0.58372","-0.10712","0.9311","0.43208","0.58049","-0.10317","0.9445","0.56508","0.58365","-0.10019","0.9857","0.45681","0.61332","-0.00137","0.9950","0.53893","0.61193","0.00683","0.9361","0.45125","0.71856","-0.04918","0.9413","0.54361","0.72092","-0.04123","0.9456","0.45783","0.92184","0.00034","0.9735","0.53732","0.92057","0.00691","0.9465","0.45592","0.93802","0.01610","0.9647","0.54111","0.94143","0.02613","0.9861","0.45707","0.95061","-0.02200","0.9886","0.53791","0.95113","-0.01571","0.9676"
"137","4.5667","0.49788","0.25553","-0.00223","0.9938","0.48377","0.24628","-0.00973","0.9774","0.47632","0.24319","-0.00760","0.9848","0.47273","0.24516","-0.00948","0.9477","0.50968","0.24822","-0.00082","0.9405","0.51481","0.24275","-0.00239","0.9731","0.52365","0.24707","-0.00246","0.9536","0.46567","0.25259","-0.00100","0.9843","0.52643","0.25549","0.00556","0.9545","0.48921","0.28209","-0.00455","0.9721","0.50903","0.28162","-0.00559","0.9410","0.42538","0.37985","-0.01354","0.9479","0.56808","0.37771","-0.00297","0.9177","0.41720","0.48782","-0.06698","0.9536","0.57850","0.48823","-0.05589","0.9392","0.42515","0.56841","-0.10790","0.9659","0.56871","0.56984","-0.09968","0.9164","0.41750","0.59007","-0.11273","0.9301","0.57541","0.58734","-0.10544","0.9492","0.41357","0.58694","-0.11706","0.9667","0.58176","0.58392","-0.11003","0.9408","0.42862","0.58168","-0.10545","0.9471","0.56571","0.58153","-0.09861","0.9717","0.45682","0.61495","-0.00282","0.9759","0.54059","0.61038","0.00724","0.9226","0.45192","0.71966","-0.04796","0.9421","0.54275","0.72322","-0.03922","0.9516","0.45496","0.92203","0.00130","0.9776","0.53755","0.92007","0.00718","0.9136","0.45538","0.93780","0.01572","0.9642","0.53919","0.93982","0.02589","0.9294","0.45724","0.94997","-0.02258","0.9593","0.53784","0.94941","-0.01519","0.9685"
"138","4.6000","0.50132","0.24972","-0.00110","0.9520","0.48248","0.23863","-0.00432","0.9456","0.47858","0.24146","-0.00947","0.9539","0.47122","0.23921","-0.00760","0.9555","0.51238","0.23717","-0.00104","0.9412","0.51463","0.23528","-0.00166","0.9516","0.52167","0.24044","0.00195","0.9877","0.46702","0.24954","0.00146","0.9560","0.52780","0.24930","0.01011","0.9188","0.48473","0.27280","-0.00630","0.9587","0.50841","0.27764","-0.00258","0.9559","0.42636","0.37109","-0.01265","0.9465","0.56891","0.37325","-0.00169","0.9302","0.41667","0.48204","-0.06541","0.9552","0.57907","0.48220","-0.05586","0.9309","0.42597","0.56544","-0.10527","0.9674","0.56964","0.56696","-0.09093","0.9183","0.41624","0.58482","-0.10899","0.9599","0.57647","0.58487","-0.10296","0.9376","0.41176","0.58085","-0.10874","0.9721","0.57883","0.57973","-0.10012","0.9381","0.43034","0.58034","-0.10182","0.9167","0.56345","0.57962","-0.09492","0.9436","0.45584","0.60618","-0.00320","0.9521","0.53873","0.60167","0.00475","0.9244","0.45318","0.72297","-0.04452","0.9511","0.54374","0.72180","-0.03644","0.9412","0.45656","0.92177","-0.00088","0.9582","0.53913","0.91800","0.00481","0.9525","0.45492","0.94148","0.01456","0.9688","0.53575","0.93934","0.02377","0.9304","0.45736","0.94710","-0.02637","0.9408","0.53988","0.94995","-0.01493","0.9356"
"139","4.6333","0.49927","0.24186","-0.00296","0.9807","0.48221","0.23187","-0.00564","0.9884","0.47940","0.22698","-0.00518","0.9481","0.46984","0.23328","-0.00815","0.9458","0.51067","0.22869","0.00005","0.9512","0.51690","0.22986","0.00011","0.9355","0.51997","0.23134","0.00322","0.9127","0.46371","0.23965","0.00362","0.9327","0.52993","0.23871","0.01015","0.9563","0.48655","0.26927","-0.00112","0.9663","0.50857","0.26238","-0.00262","0.9539","0.42509","0.36162","-0.01050","0.9585","0.56883","0.36382","-0.00221","0.9369","0.41594","0.47751","-0.05630","0.9508","0.57939","0.47877","-0.04926","0.9612","0.42406","0.56470","-0.10042","0.9574","0.56791","0.56682","-0.08800","0.9430","0.42018","0.58737","-0.09834","0.9558","0.57549","0.58614","-0.09467","0.9159","0.41467","0.57477","-0.10127","0.9670","0.58245","0.57917","-0.09314","0.9514","0.42950","0.57882","-0.09805","0.9395","0.56735","0.57752","-0.09032","0.9445","0.46031","0.59781","-0.00061","0.9725","0.53919","0.59191","0.00788","0.9396","0.45556","0.71615","-0.03891","0.9339","0.54361","0.72335","-0.03328","0.9343","0.45427","0.91850","0.00387","0.9817","0.54005","0.92270","0.00761","0.9529","0.45551","0.94268","0.01983","0.9713","0.53932","0.94272","0.02318","0.9218","0.45698","0.95135","-0.02300","0.9651","0.53901","0.95234","-0.01523","0.9405"
"140","4.6667","0.49916","0.23263","0.00172","0.9552","0.48419","0.22382","-0.00441","0.9684","0.47854","0.22081","-0.00709","0.9638","0.47185","0.22235","-0.00630","0.9664","0.51100","0.22323","0.00160","0.9693","0.51675","0.22300","0.00352","0.9319","0.52099","0.22543","0.00390","0.9233","0.46753","0.23451","0.00708","0.9580","0.52748","0.23239","0.01488","0.9258","0.49073","0.25659","-0.00177","0.9419","0.50648","0.25921","-0.00372","0.9813","0.42501","0.35776","-0.00791","0.9796","0.56890","0.35472","0.00090","0.9584","0.41784","0.47083","-0.05270","0.9794","0.57814","0.47058","-0.04910","0.9209","0.42647","0.56258","-0.08943","0.9581","0.56669","0.55989","-0.07851","0.9754","0.41488","0.58169","-0.09542","0.9797","0.57869","0.58151","-0.08985","0.9507","0.41154","0.57595","-0.09229","0.9776","0.58024","0.57629","-0.08865","0.9110","0.43233","0.57491","-0.09001","0.9605","0.56444","0.57709","-0.08837","0.9175","0.45453","0.58536","-0.00063","0.9324","0.53615","0.58828","0.00462","0.9585","0.45340","0.72008","-0.03698","0.9690","0.54157","0.72046","-0.02918","0.9194","0.45370","0.92148","0.00339","0.9749","0.53920","0.91957","0.00846","0.9204","0.45694","0.94133","0.01428","0.9847","0.53839","0.93655","0.02254","0.9097","0.45327","0.94908","-0.02626","0.9675","0.53600","0.95017","-0.02070","0.9202"
"141","4.7000","0.49884","0.23502","0.00127","0.9738","0.48251","0.22260","-0.00262","0.9769","0.47948","0.22185","-0.00625","0.9547","0.47178","0.22349","-0.00770","0.9688","0.51262","0.22448","0.00205","0.9346","0.51629","0.22317","0.00402","0.9538","0.52280","0.22537","0.00315","0.9489","0.46487","0.23492","0.00856","0.9431","0.52771","0.23231","0.01267","0.9038","0.49049","0.25783","-0.00145","0.9620","0.50562","0.25921","-0.00091","0.9690","0.42796","0.35527","-0.00787","0.9845","0.56916","0.35472","-0.00029","0.9420","0.41828","0.47151","-0.05407","0.9756","0.57630","0.47217","-0.04835","0.9046","0.42627","0.56305","-0.08922","0.9373","0.56792","0.56119","-0.08013","0.9567","0.41719","0.58095","-0.09563","0.9565","0.57737","0.58147","-0.09170","0.9514","0.41400","0.57682","-0.09377","0.9659","0.57944","0.57427","-0.08839","0.9361","0.43229","0.57578","-0.09018","0.9677","0.56540","0.57663","-0.08630","0.9251","0.45550","0.58542","-0.00131","0.9388","0.53729","0.58768","0.00524","0.9523","0.45379","0.72328","-0.03493","0.9658","0.54162","0.72048","-0.03160","0.9301","0.45643","0.92144","0.00278","0.9437","0.53644","0.92159","0.00927","0.9245","0.45563","0.94096","0.01371","0.9896","0.53960","0.93693","0.02123","0.9286","0.45270","0.94796","-0.02614","0.9933","0.53604","0.94843","-0.01846","0.9190"
"142","4.7333","0.49724","0.22451","-0.00001","0.9350","0.48405","0.21538","-0.00066","0.9950","0.47641","0.21585","-0.00534","0.9557","0.47118","0.21044","-0.00088","0.9814","0.51602","0.21735","0.00349","0.9517","0.51612","0.21386","0.00151","0.9700","0.52201","0.21183","0.00429","0.9460","0.46568","0.22641","0.00902","0.9571","0.52791","0.22996","0.01523","0.9209","0.48860","0.25326","0.00039","0.9700","0.50847","0.25238","0.00148","0.9484","0.42554","0.34503","-0.00680","0.9584","0.56914","0.34692","0.00196","0.9138","0.41540","0.46372","-0.05011","0.9602","0.57979","0.46392","-0.04204","0.9350","0.42681","0.55603","-0.08372","0.9370","0.56792","0.55948","-0.07636","0.9006","0.41757","0.57894","-0.08894","0.9686","0.57662","0.57760","-0.07967","0.9695","0.41336","0.57101","-0.08888","0.9401","0.58270","0.57482","-0.08072","0.9662","0.43190","0.57316","-0.08189","0.9302","0.56530","0.56979","-0.07967","0.9421","0.45578","0.57757","-0.00353","0.9768","0.53877","0.57637","0.00600","0.9357","0.45330","0.71702","-0.03007","0.9503","0.54082","0.72314","-0.02461","0.9153","0.45544","0.92038","0.00120","0.9596","0.54348","0.92230","0.00620","0.9117","0.45572","0.94108","0.01315","0.9823","0.54060","0.93955","0.02161","0.9153","0.45979","0.95075","-0.02450","0.9531","0.53886","0.95046","-0.01554","0.9372"
"143","4.7667","0.49782","0.21779","0.00346","0.9606","0.48629","0.20544","-0.00223","0.9612","0.47780","0.20530","-0.00028","0.9724","0.47326","0.21251","-0.00104","0.9764","0.50706","0.20805","0.00324","0.9284","0.51695","0.20670","0.00620","0.9221","0.52386","0.20755","0.00722","0.9162","0.46408","0.21658","0.00926","0.9744","0.53180","0.21562","0.01541","0.9828","0.48756","0.24187","0.00082","0.9950","0.50564","0.24238","0.00197","0.9621","0.42531","0.33973","-0.00209","0.9437","0.56857","0.34215","0.00426","0.9362","0.41243","0.45944","-0.04465","0.9918","0.57772","0.45868","-0.04095","0.9506","0.42323","0.55584","-0.07703","0.9355","0.57028","0.55310","-0.06508","0.9618","0.41930","0.57390","-0.08054","0.9297","0.57465","0.57572","-0.07573","0.9562","0.41356","0.56765","-0.08311","0.9528","0.58030","0.56836","-0.07669","0.9418","0.42946","0.57127","-0.07878","0.9094","0.56402","0.56889","-0.06681","0.9681","0.45552","0.56815","-0.00109","0.9419","0.53957","0.56881","0.00352","0.9311","0.45264","0.71921","-0.02666","0.9579","0.54074","0.71852","-0.01710","0.9300","0.45623","0.92203","-0.00010","0.9950","0.53592","0.92219","0.00905","0.9551","0.45528","0.94233","0.01580","0.9796","0.53625","0.94236","0.02051","0.9557","0.45427","0.94810","-0.02300","0.9386","0.54023","0.94900","-0.01823","0.9362"
"144","4.8000","0.49908","0.21109","0.00267","0.9670","0.48520","0.20092","-0.00342","0.9421","0.47530","0.19836","0.00048","0.9869","0.46997","0.20274","-0.00252","0.9285","0.50966","0.20204","0.00812","0.9636","0.51792","0.20065","0.00697","0.9518","0.52415","0.20232","0.00448","0.9699","0.46584","0.20921","0.00920","0.9781","0.53169","0.21077","0.01716","0.9387","0.48868","0.23668","0.00081","0.9382","0.50970","0.23936","0.00481","0.9616","0.42680","0.33651","-0.00362","0.9094","0.56742","0.33440","0.00238","0.9512","0.41725","0.45388","-0.04352","0.9686","0.57837","0.45472","-0.03810","0.9424","0.42292","0.55398","-0.07251","0.9302","0.56688","0.55270","-0.06211","0.9397","0.41901","0.57398","-0.07856","0.9655","0.57502","0.57297","-0.06982","0.9306","0.41491","0.56979","-0.07553","0.9774","0.57858","0.56831","-0.06622","0.9259","0.42909","0.56795","-0.07079","0.9322","0.56612","0.56906","-0.06077","0.9665","0.45651","0.56013","-0.00442","0.9608","0.53904","0.56055","0.00124","0.9657","0.45362","0.72351","-0.02476","0.9432","0.53644","0.71807","-0.01451","0.9522","0.45668","0.92102","0.00287","0.9308","0.54003","0.92073","0.00981","0.9162","0.45345","0.94072","0.01843","0.9645","0.54019","0.93961","0.02298","0.9316","0.45492","0.95174","-0.02770","0.9563","0.53891","0.95378","-0.01576","0.9154"
"145","4.8333","0.49444","0.20573","0.00713","0.9439","0.48392","0.19438","0.00029","0.9493","0.47504","0.18932","0.00394","0.9736","0.47085","0.19209","0.00164","0.9767","0.50946","0.19966","0.00474","0.9507","0.51805","0.19484","0.01323","0.9727","0.52317","0.19735","0.01028","0.9438","0.46505","0.20542","0.00906","0.9725","0.52775","0.20685","0.01618","0.9596","0.48621","0.22980","0.00576","0.9311","0.50656","0.23003","0.00487","0.9479","0.42803","0.32416","-0.00027","0.9454","0.56706","0.32648","0.00900","0.9490","0.41827","0.45018","-0.04037","0.9184","0.57835","0.44877","-0.03103","0.9403","0.42672","0.55249","-0.06691","0.9580","0.56776","0.54935","-0.06163","0.9452","0.41751","0.56898","-0.07198","0.9347","0.57594","0.56990","-0.06402","0.9154","0.41246","0.56616","-0.06836","0.9397","0.58151","0.56305","-0.06472","0.9677","0.42746","0.56366","-0.06641","0.9602","0.56446","0.56421","-0.05489","0.9150","0.45732","0.55215","-0.00542","0.9542","0.53883","0.55471","0.00345","0.9266","0.45389","0.71909","-0.01611","0.9415","0.54034","0.72298","-0.01305","0.9749","0.45581","0.92185","-0.00007","0.9652","0.53662","0.92254","0.00538","0.9478","0.45534","0.94345","0.01535","0.9357","0.53770","0.94188","0.02514","0.9597","0.45867","0.95119","-0.02325","0.9448","0.54009","0.94982","-0.01836","0.9623"
"146","4.8667","0.49554","0.20488","0.00673","0.9852","0.48441","0.19564","-0.00077","0.9466","0.47449","0.18901","0.00318","0.9876","0.47223","0.19333","0.00101","0.9625","0.51065","0.19814","0.00457","0.9374","0.51713","0.19562","0.01299","0.9602","0.52401","0.19709","0.01144","0.9223","0.46536","0.20524","0.00959","0.9561","0.52702","0.20568","0.01663","0.9636","0.48733","0.22971","0.00399","0.9519","0.50679","0.23154","0.00195","0.9263","0.42983","0.32315","0.00045","0.9393","0.56910","0.32595","0.00779","0.9485","0.41694","0.45025","-0.03956","0.9364","0.57896","0.44953","-0.03132","0.9421","0.42687","0.55126","-0.06601","0.9262","0.56891","0.54834","-0.05994","0.9265","0.41750","0.56825","-0.07200","0.9473","0.57691","0.56865","-0.06370","0.9422","0.41276","0.56797","-0.07061","0.9448","0.58136","0.56301","-0.06463","0.9460","0.42578","0.56397","-0.06473","0.9854","0.56552","0.56451","-0.05520","0.9118","0.45575","0.55194","-0.00330","0.9950","0.53605","0.55419","0.00262","0.9490","0.45397","0.71853","-0.01611","0.9696","0.54018","0.72454","-0.01539","0.9617","0.45410","0.92196","-0.00073","0.9414","0.53789","0.92256","0.00651","0.9436","0.45304","0.94098","0.01689","0.9501","0.53770","0.94217","0.02427","0.9536","0.45850","0.95030","-0.02224","0.9682","0.53916","0.95071","-0.01811","0.9128"
"147","4.9000","0.49823","0.19764","0.00824","0.9589","0.48431","0.19150","0.00215","0.9799","0.47899","0.18664","0.00197","0.9884","0.46908","0.19024","0.00512","0.9560","0.51075","0.19024","0.01004","0.9028","0.51686","0.18570","0.00995","0.9178","0.52249","0.19221","0.00778","0.9281","0.46472","0.19855","0.01219","0.9517","0.53162","0.19851","0.01647","0.9088","0.48576","0.22615","0.00550","0.9625","0.50765","0.22372","0.00558","0.9668","0.42648","0.32052","-0.00027","0.9693","0.56608","0.31910","0.00990","0.9355","0.41765","0.44663","-0.03283","0.9530","0.57725","0.44290","-0.02579","0.9627","0.42563","0.54955","-0.06192","0.9559","0.57078","0.55150","-0.05079","0.9698","0.41817","0.57116","-0.06650","0.9511","0.57573","0.57135","-0.05439","0.9774","0.41614","0.56147","-0.06477","0.9583","0.58048","0.56506","-0.05611","0.9325","0.42856","0.56296","-0.05953","0.9553","0.56180","0.55882","-0.05248","0.9696","0.45572","0.54608","-0.00332","0.9499","0.53831","0.54186","0.00204","0.9519","0.45418","0.72078","-0.01337","0.9632","0.53785","0.72001","-0.00894","0.9410","0.45798","0.92305","-0.00007","0.9331","0.53831","0.92057","0.00545","0.9423","0.45661","0.93818","0.01337","0.9320","0.53941","0.94130","0.01831","0.9852","0.45859","0.95229","-0.02552","0.9266","0.53638","0.95273","-0.01926","0.9635"
"148","4.9333","0.49651","0.19384","0.00756","0.9407","0.48412","0.18381","0.00125","0.9741","0.47910","0.18344","0.00030","0.9825","0.47313","0.18327","0.00282","0.9822","0.50792","0.18212","0.01181","0.9522","0.51714","0.18086","0.00826","0.9695","0.51885","0.18265","0.01042","0.9336","0.46930","0.19229","0.01311","0.9620","0.52735","0.19241","0.02127","0.9434","0.48896","0.22028","0.00991","0.9748","0.50986","0.21626","0.00639","0.9950","0.42307","0.31402","0.00133","0.9779","0.56560","0.31653","0.00948","0.9118","0.41560","0.44046","-0.03086","0.9821","0.57662","0.43954","-0.02444","0.9059","0.42685","0.54749","-0.05511","0.9842","0.56750","0.54812","-0.04653","0.9282","0.41846","0.56737","-0.05938","0.9950","0.57490","0.56682","-0.05421","0.9309","0.41320","0.56436","-0.05998","0.9532","0.57744","0.56073","-0.05482","0.9381","0.42792","0.56057","-0.05739","0.9591","0.56482","0.56281","-0.04851","0.9068","0.45359","0.53796","-0.00287","0.9654","0.53885","0.53645","0.00520","0.9237","0.45525","0.72098","-0.01403","0.9640","0.53845","0.72333","-0.00309","0.9280","0.45794","0.92306","0.00149","0.9402","0.53940","0.92231","0.00545","0.9320","0.45671","0.94222","0.01428","0.9678","0.53463","0.94064","0.02364","0.9493","0.45531","0.94849","-0.02390","0.9462","0.53912","0.94830","-0.01609","0.9430"
"149","4.9667","0.49558","0.18873","0.00765","0.9748","0.48615","0.17801","0.00616","0.9654","0.47974","0.18071","0.00407","0.9514","0.47132","0.18053","0.00357","0.9292","0.50798","0.17857","0.00943","0.9385","0.51557","0.17707","0.01225","0.9585","0.51854","0.18057","0.01181","0.9342","0.46665","0.19097","0.01665","0.9537","0.52894","0.19059","0.01956","0.9669","0.48598","0.21595","0.01163","0.9293","0.50773","0.21325","0.00774","0.9522","0.42681","0.31009","0.00300","0.9854","0.56831","0.30817","0.01060","0.9240","0.41532","0.43800","-0.02772","0.9634","0.57701","0.43457","-0.02146","0.9416","0.42379","0.54377","-0.05032","0.9298","0.56817","0.54402","-0.04471","0.9569","0.41430","0.55996","-0.05570","0.9861","0.57563","0.56595","-0.04624","0.9834","0.41715","0.55956","-0.05331","0.9702","0.58095","0.55940","-0.04606","0.9556","0.42964","0.55996","-0.05059","0.9458","0.56130","0.56002","-0.04426","0.9742","0.45168","0.52902","-0.00374","0.9719","0.53690","0.52770","0.00217","0.9217","0.45674","0.71831","-0.00935","0.9275","0.53762","0.71730","-0.00042","0.9581","0.45597","0.92113","-0.00078","0.9695","0.53876","0.92085","0.00897","0.9486","0.45525","0.93909","0.01740","0.9585","0.54141","0.94275","0.02096","0.9269","0.45209","0.95066","-0.02536","0.9950","0.53623","0.95439","-0.01823","0.9319"
"150","5.0000","0.49684","0.18674","0.00794","0.9887","0.48521","0.17582","0.00666","0.9427","0.48046","0.17728","0.00388","0.9700","0.47108","0.17918","0.00451","0.9279","0.50986","0.17893","0.00999","0.9438","0.51406","0.17737","0.01117","0.9651","0.52074","0.17932","0.00941","0.9425","0.46567","0.19178","0.01542","0.9738","0.52784","0.18990","0.01792","0.9606","0.48693","0.21772","0.00788","0.9227","0.50927","0.21497","0.00745","0.9354","0.42621","0.31042","0.00252","0.9676","0.56860","0.30881","0.00971","0.9192","0.41524","0.43809","-0.02641","0.9671","0.57554","0.43648","-0.02247","0.9341","0.42553","0.54320","-0.05079","0.9453","0.56951","0.54391","-0.04609","0.9478","0.41339","0.55930","-0.05548","0.9950","0.57571","0.56700","-0.04682","0.9622","0.41756","0.56168","-0.05503","0.9790","0.58097","0.55980","-0.04723","0.9586","0.42868","0.55892","-0.04954","0.9585","0.55999","0.55988","-0.04554","0.9541","0.45312","0.53022","-0.00268","0.9721","0.53778","0.52817","0.00402","0.9288","0.45598","0.71965","-0.00902","0.9531","0.54002","0.71711","-0.00128","0.9539","0.45606","0.92145","0.00030","0.9852","0.53811","0.92202","0.00787","0.9431","0.45408","0.93844","0.01760","0.9776","0.53891","0.94225","0.02170","0.9124","0.45227","0.95118","-0.02371","0.9754","0.53646","0.95403","-0.01965","0.9233"
"151","5.0333","0.49347","0.18869","0.00761","0.9556","0.48347","0.18031","0.00410","0.9443","0.47578","0.17362","0.00335","0.9364","0.47105","0.17486","0.00622","0.9697","0.51069","0.17605","0.01024","0.9410","0.51425","0.17463","0.01227","0.9627","0.52206","0.17574","0.01322","0.9694","0.46742","0.18536","0.01554","0.9284","0.52699","0.18190","0.02141","0.9604","0.48864","0.20873","0.00771","0.9810","0.50858","0.21032","0.00626","0.9335","0.42362","0.30266","0.00207","0.9733","0.56985","0.30417","0.01322","0.9269","0.41860","0.43420","-0.02860","0.9339","0.57849","0.43318","-0.01750","0.9486","0.42387","0.54223","-0.04882","0.9884","0.56902","0.54270","-0.03795","0.9556","0.41502","0.56322","-0.05467","0.9208","0.57840","0.56271","-0.04549","0.9502","0.41233","0.55678","-0.05437","0.9348","0.57806","0.56192","-0.04569","0.9626","0.42561","0.55971","-0.04952","0.9609","0.56460","0.55943","-0.04127","0.9249","0.45731","0.52929","-0.00758","0.9882","0.53970","0.52636","0.00346","0.9317","0.45470","0.72476","-0.01021","0.9706","0.53816","0.71324","-0.00013","0.9083","0.45633","0.91930","0.00016","0.9602","0.53554","0.92201","0.00754","0.9606","0.45601","0.94009","0.01503","0.9694","0.53970","0.94080","0.02153","0.9338","0.45458","0.94979","-0.02326","0.9256","0.53773","0.95135","-0.01667","0.9669"
"152","5.0667","0.49921","0.18186","0.01169","0.9629","0.48155","0.17333","0.00536","0.9383","0.47835","0.17107","0.00682","0.9451","0.47040","0.17269","0.00749","0.9770","0.51102","0.17526","0.01373","0.9268","0.51491","0.17420","0.01010","0.9531","0.52246","0.17489","0.00929","0.9533","0.46367","0.18359","0.01599","0.9616","0.52428","0.18834","0.02076","0.9478","0.48529","0.20397","0.00910","0.9520","0.50544","0.21088","0.00541","0.9846","0.42431","0.30373","0.00777","0.9854","0.56890","0.30532","0.01210","0.9429","0.41824","0.43368","-0.02449","0.9567","0.57773","0.43328","-0.01576","0.9438","0.42565","0.54288","-0.04786","0.9875","0.56856","0.53955","-0.03996","0.9378","0.41659","0.56417","-0.05261","0.9595","0.57651","0.56185","-0.04299","0.9343","0.40929","0.55580","-0.04994","0.9487","0.57946","0.55619","-0.04665","0.9406","0.42777","0.55780","-0.04378","0.9393","0.56264","0.55277","-0.03958","0.9338","0.45199","0.52352","-0.00093","0.9775","0.53934","0.52243","0.00450","0.9280","0.45710","0.72083","-0.00486","0.9689","0.54189","0.72281","-0.00119","0.9656","0.45596","0.92232","0.00272","0.9688","0.53959","0.92230","0.01006","0.9160","0.45360","0.94078","0.01473","0.9547","0.53703","0.94205","0.02524","0.9309","0.45590","0.95135","-0.02535","0.9700","0.53966","0.95149","-0.01629","0.9487"
"153","5.1000","0.49810","0.18149","0.00755","0.9758","0.47873","0.17187","0.00966","0.9631","0.47611","0.17022","0.00772","0.9749","0.47521","0.17095","0.00598","0.9860","0.50781","0.17144","0.01138","0.9465","0.51283","0.16700","0.01346","0.9624","0.52051","0.17348","0.01276","0.9508","0.46392","0.18476","0.01375","0.9627","0.52779","0.18056","0.02323","0.9296","0.48617","0.20751","0.00913","0.9399","0.50413","0.21042","0.00859","0.9385","0.42451","0.30289","0.00247","0.9671","0.56890","0.30098","0.01311","0.9444","0.41667","0.43172","-0.02258","0.9442","0.57761","0.43019","-0.01397","0.9373","0.42655","0.54270","-0.04579","0.9519","0.56909","0.54313","-0.03606","0.9394","0.41650","0.56160","-0.05014","0.9481","0.57484","0.56228","-0.04221","0.9396","0.41265","0.55714","-0.05042","0.9407","0.58051","0.55681","-0.04357","0.9122","0.43055","0.55492","-0.04081","0.9276","0.56522","0.55381","-0.03820","0.9616","0.45682","0.52138","-0.00309","0.9424","0.53772","0.52141","0.00223","0.9660","0.45823","0.72002","-0.00391","0.9477","0.53910","0.71934","0.00516","0.9350","0.45799","0.91783","0.00167","0.9681","0.54019","0.91841","0.00563","0.9332","0.45520","0.93960","0.01763","0.9342","0.53615","0.94209","0.02574","0.9434","0.45529","0.95401","-0.02329","0.9709","0.53745","0.95149","-0.01957","0.9349"
"154","5.1333","0.49761","0.18346","0.00892","0.9454","0.48638","0.17414","0.00846","0.9565","0.47826","0.17006","0.00860","0.9555","0.47040","0.17283","0.00450","0.9542","0.50736","0.16829","0.01717","0.9416","0.51592","0.16865","0.01563","0.9328","0.52346","0.17060","0.01311","0.9448","0.46585","0.18034","0.01476","0.9769","0.52784","0.18179","0.02605","0.9494","0.48897","0.20492","0.01047","0.9423","0.50527","0.20548","0.00938","0.9317","0.42580","0.30274","0.00743","0.9631","0.56984","0.30390","0.00777","0.9535","0.41462","0.43284","-0.02630","0.9716","0.58145","0.43281","-0.01578","0.9613","0.42256","0.54068","-0.03873","0.9475","0.56682","0.53892","-0.04048","0.9181","0.41747","0.55666","-0.04880","0.8954","0.57549","0.56133","-0.03997","0.9589","0.41459","0.55538","-0.05105","0.9455","0.58062","0.55791","-0.04311","0.9463","0.42654","0.55765","-0.04363","0.9575","0.56131","0.55626","-0.03653","0.9460","0.45468","0.52369","-0.00396","0.9561","0.53686","0.51988","0.00443","0.9553","0.45640","0.72177","-0.00589","0.9222","0.54120","0.71775","0.00002","0.9334","0.45542","0.92227","0.00125","0.9658","0.53818","0.91995","0.00972","0.9588","0.45087","0.94032","0.01677","0.9382","0.53803","0.93945","0.02324","0.9626","0.45704","0.94884","-0.02518","0.9758","0.53826","0.95189","-0.01813","0.9219"
"155","5.1667","0.49967","0.17840","0.00860","0.9681","0.48540","0.17013","0.00906","0.9596","0.47618","0.17150","0.00611","0.9437","0.47396","0.17370","0.00610","0.9635","0.51128","0.17151","0.01101","0.9432","0.51948","0.16771","0.00927","0.9463","0.52581","0.17045","0.01013","0.9604","0.46882","0.18173","0.01660","0.9553","0.53006","0.17955","0.02305","0.9577","0.48810","0.20523","0.01148","0.9514","0.50628","0.20900","0.00882","0.9762","0.42832","0.29997","0.00734","0.9547","0.57087","0.29928","0.01742","0.9312","0.41867","0.43436","-0.02613","0.9238","0.57811","0.42714","-0.01980","0.9550","0.42675","0.54417","-0.04440","0.9436","0.57026","0.54219","-0.03633","0.9565","0.41732","0.56039","-0.05165","0.9331","0.57727","0.55959","-0.04176","0.9525","0.41282","0.55574","-0.04788","0.9536","0.57985","0.55648","-0.04530","0.9481","0.43204","0.55544","-0.04348","0.9523","0.56290","0.55720","-0.04027","0.9625","0.45876","0.52158","-0.00340","0.9547","0.53880","0.52224","0.00114","0.9545","0.45313","0.72042","-0.00471","0.9579","0.53989","0.72180","0.00195","0.9487","0.45564","0.92132","0.00467","0.9614","0.54262","0.92147","0.01254","0.9409","0.45662","0.94058","0.01741","0.9808","0.53881","0.94261","0.02194","0.9311","0.45635","0.95527","-0.02373","0.9358","0.53762","0.95201","-0.01586","0.9543"
"156","5.2000","0.49839","0.17498","0.00808","0.9751","0.48381","0.16838","0.00485","0.9658","0.47701","0.16896","0.00789","0.9448","0.47109","0.17178","0.00431","0.9570","0.51474","0.17229","0.01413","0.9066","0.51348","0.17136","0.01293","0.9477","0.52166","0.17138","0.01345","0.9459","0.46659","0.17954","0.01433","0.9573","0.53177","0.18066","0.02081","0.9464","0.48804","0.20416","0.00882","0.9576","0.51239","0.20579","0.00802","0.9455","0.42638","0.30094","0.00454","0.9383","0.57059","0.30089","0.01082","0.9268","0.41721","0.43089","-0.02528","0.9841","0.58071","0.42915","-0.01481","0.9311","0.42657","0.54188","-0.04712","0.9716","0.57028","0.54254","-0.03787","0.9495","0.42042","0.56286","-0.04985","0.9417","0.58217","0.56050","-0.04336","0.9411","0.41310","0.55899","-0.05001","0.9660","0.58390","0.55439","-0.04266","0.9629","0.42970","0.55571","-0.04532","0.9950","0.56493","0.55727","-0.03942","0.9367","0.45667","0.51940","-0.00834","0.9510","0.53743","0.52329","0.00235","0.9743","0.45583","0.71978","-0.00534","0.9211","0.53706","0.72211","0.00310","0.9366","0.45907","0.92349","0.00055","0.9671","0.54050","0.92053","0.00450","0.9341","0.45453","0.93960","0.01635","0.9324","0.53905","0.94154","0.02226","0.9513","0.46045","0.95400","-0.02275","0.9679","0.53836","0.95085","-0.01939","0.9023"
"157","5.2333","0.49737","0.18234","0.00883","0.9733","0.48372","0.17054","0.00720","0.9554","0.48084","0.16946","0.00630","0.9300","0.47293","0.16847","0.00735","0.9611","0.51163","0.17258","0.01242","0.9420","0.51619","0.16970","0.01360","0.9564","0.52648","0.16853","0.01293","0.9213","0.46673","0.18193","0.01659","0.9737","0.53128","0.18165","0.02373","0.9345","0.48832","0.20439","0.00914","0.9759","0.51106","0.20960","0.01030","0.9497","0.42667","0.29713","0.00826","0.9531","0.56915","0.30269","0.01680","0.9419","0.41767","0.43215","-0.02341","0.9461","0.57866","0.43108","-0.01540","0.9410","0.42292","0.53886","-0.04466","0.9585","0.57074","0.54171","-0.03475","0.9495","0.41711","0.56091","-0.05149","0.9799","0.57677","0.55984","-0.04164","0.9784","0.41309","0.55730","-0.04787","0.9751","0.58341","0.55695","-0.04536","0.9341","0.43045","0.55289","-0.04551","0.9474","0.56529","0.55575","-0.03789","0.9597","0.45439","0.52070","-0.00421","0.9564","0.54009","0.52208","0.00491","0.9320","0.45450","0.72485","-0.00280","0.9921","0.53644","0.71984","0.00242","0.9749","0.45733","0.92352","0.00034","0.9824","0.53857","0.92335","0.00805","0.9229","0.45385","0.94298","0.01490","0.9895","0.53788","0.94254","0.02124","0.9747","0.45600","0.95226","-0.02614","0.9306","0.54176","0.95491","-0.02054","0.9194"
"158","5.2667","0.49345","0.18017","0.01029","0.9749","0.48231","0.17071","0.00439","0.9369","0.47707","0.16778","0.00682","0.9480","0.47188","0.17205","0.00630","0.9665","0.51130","0.17284","0.01389","0.9543","0.51765","0.16467","0.01481","0.9373","0.52072","0.17497","0.01178","0.9623","0.46763","0.18251","0.01801","0.9488","0.53040","0.17653","0.02304","0.9443","0.48644","0.20655","0.00806","0.9810","0.50576","0.20388","0.01042","0.9844","0.42636","0.30229","0.00575","0.9413","0.56880","0.30187","0.01343","0.9594","0.41739","0.43410","-0.02315","0.9594","0.57868","0.43418","-0.01414","0.9607","0.42756","0.54473","-0.04486","0.9570","0.56777","0.54265","-0.03956","0.9201","0.41739","0.56494","-0.04859","0.9697","0.57808","0.56102","-0.04037","0.9215","0.41088","0.55838","-0.05037","0.9528","0.58228","0.55329","-0.04194","0.9562","0.42963","0.55672","-0.04344","0.9698","0.56476","0.55465","-0.03498","0.9578","0.45539","0.52011","-0.00403","0.9839","0.54018","0.51977","0.00332","0.9512","0.45640","0.72039","-0.00879","0.9766","0.54096","0.71908","0.00431","0.9056","0.45690","0.92217","0.00251","0.9341","0.54265","0.92187","0.00645","0.9697","0.45584","0.93954","0.01434","0.9523","0.54066","0.94349","0.02405","0.9671","0.45507","0.95253","-0.02335","0.9950","0.54262","0.95538","-0.01863","0.9434"
"159","5.3000","0.49950","0.17820","0.01105","0.9864","0.48535","0.17256","0.00422","0.9600","0.48035","0.17315","0.00884","0.9690","0.46885","0.17210","0.00753","0.9312","0.51029","0.17134","0.01579","0.9507","0.51890","0.16786","0.01306","0.9442","0.52451","0.16995","0.01048","0.9742","0.46752","0.18001","0.01708","0.9436","0.53099","0.18310","0.02257","0.9272","0.48854","0.20520","0.00989","0.9378","0.51019","0.20496","0.01158","0.9831","0.42741","0.30113","0.00699","0.9486","0.57093","0.30282","0.01159","0.9343","0.41876","0.43277","-0.02713","0.9567","0.58148","0.43132","-0.01739","0.9643","0.42800","0.53983","-0.04808","0.9770","0.57009","0.54055","-0.03898","0.9366","0.41845","0.56189","-0.04923","0.9950","0.57593","0.56141","-0.04312","0.9557","0.41571","0.55436","-0.04631","0.9916","0.58131","0.55394","-0.03963","0.9312","0.43298","0.55811","-0.04252","0.9529","0.56453","0.55346","-0.03985","0.9532","0.45440","0.52236","-0.00363","0.9658","0.54496","0.52134","0.00124","0.9450","0.45695","0.72305","-0.00497","0.9658","0.54030","0.72302","0.00127","0.9473","0.45762","0.92246","0.00077","0.9851","0.54026","0.92371","0.00749","0.9199","0.45640","0.93991","0.01613","0.9630","0.53753","0.94096","0.02324","0.9604","0.45727","0.94987","-0.02511","0.9630","0.53969","0.95188","-0.01659","0.9426"
"160","5.3333","0.49653","0.18283","0.01022","0.9950","0.48392","0.17073","0.00385","0.9238","0.47954","0.16776","0.00955","0.9950","0.47333","0.17049","0.00524","0.9677","0.51247","0.17063","0.01444","0.9474","0.51466","0.16989","0.01251","0.9594","0.52440","0.17185","0.01391","0.9173","0.46993","0.18230","0.01573","0.9455","0.53020","0.18104","0.02464","0.9382","0.48700","0.20603","0.00891","0.9258","0.50659","0.20515","0.01007","0.9699","0.42633","0.30149","0.00769","0.9889","0.57096","0.29995","0.01131","0.9284","0.41612","0.43069","-0.02449","0.9823","0.57866","0.43184","-0.01720","0.9568","0.42715","0.54395","-0.04784","0.9381","0.57297","0.54060","-0.03738","0.9340","0.41576","0.55922","-0.05166","0.9503","0.58229","0.56160","-0.03994","0.9205","0.41449","0.55587","-0.04633","0.9751","0.57999","0.55389","-0.04577","0.9459","0.42913","0.55544","-0.04131","0.9888","0.56535","0.55426","-0.03311","0.9838","0.45611","0.51753","-0.00273","0.9562","0.54104","0.51981","-0.00031","0.9568","0.45723","0.72292","-0.00255","0.9407","0.53886","0.72128","0.00526","0.9344","0.45902","0.92239","-0.00118","0.9927","0.53659","0.91708","0.00983","0.9325","0.45653","0.94151","0.01667","0.9586","0.54233","0.94052","0.02084","0.9502","0.45608","0.94916","-0.02190","0.9403","0.54017","0.95200","-0.01580","0.9484"
"161","5.3667","0.49736","0.17940","0.00950","0.9738","0.48473","0.17411","0.00339","0.9288","0.47536","0.17112","0.00654","0.9728","0.47101","0.17111","0.00457","0.9898","0.51044","0.17195","0.01044","0.8916","0.51869","0.16800","0.01385","0.9507","0.52163","0.17259","0.01444","0.9480","0.46673","0.18212","0.01907","0.9599","0.52885","0.18021","0.02233","0.9291","0.48524","0.20398","0.00839","0.9737","0.50238","0.20598","0.01062","0.9499","0.42481","0.30197","0.00478","0.9608","0.57052","0.30345","0.01035","0.9865","0.41434","0.43336","-0.02391","0.9527","0.58043","0.43174","-0.01572","0.9252","0.42665","0.54312","-0.04152","0.9950","0.56941","0.53958","-0.03527","0.9293","0.41719","0.56329","-0.04690","0.9465","0.57870","0.56335","-0.04131","0.9217","0.41413","0.55624","-0.04743","0.9410","0.57859","0.55619","-0.04108","0.9619","0.43136","0.55587","-0.04049","0.9673","0.56769","0.55641","-0.03869","0.9292","0.45423","0.52090","-0.00446","0.9913","0.53776","0.52233","0.00448","0.9489","0.45509","0.72009","-0.00214","0.9695","0.53703","0.71773","0.00446","0.9680","0.45802","0.92320","0.00217","0.9460","0.53816","0.92208","0.01395","0.9249","0.45463","0.93965","0.01819","0.9588","0.54100","0.94134","0.02402","0.9587","0.45487","0.95082","-0.02322","0.9560","0.53643","0.94999","-0.01468","0.9256"
"162","5.4000","0.49644","0.17854","0.01170","0.9489","0.48436","0.17094","0.00407","0.9520","0.47564","0.17064","0.00579","0.9451","0.47095","0.17298","0.00753","0.9730","0.51001","0.17114","0.00898","0.8775","0.51488","0.16832","0.01382","0.9509","0.52320","0.17037","0.01416","0.9182","0.46564","0.18347","0.01947","0.9622","0.52951","0.18117","0.02292","0.9435","0.48485","0.20588","0.00943","0.9595","0.50343","0.20646","0.01053","0.9321","0.42712","0.30060","0.00306","0.9672","0.57195","0.30282","0.00987","0.9633","0.41400","0.43310","-0.02458","0.9492","0.58071","0.43226","-0.01586","0.9452","0.42529","0.54421","-0.03965","0.9950","0.56789","0.54007","-0.03287","0.9037","0.41606","0.56314","-0.04606","0.9668","0.57824","0.56146","-0.04060","0.9278","0.41412","0.55598","-0.04849","0.9505","0.58132","0.55695","-0.04186","0.9481","0.42976","0.55611","-0.04146","0.9215","0.56536","0.55532","-0.03748","0.9281","0.45359","0.52034","-0.00399","0.9825","0.53890","0.52243","0.00428","0.9294","0.45505","0.71956","-0.00065","0.9762","0.53781","0.71784","0.00314","0.9459","0.45704","0.92280","0.00094","0.9607","0.53907","0.92224","0.01538","0.9359","0.45423","0.94019","0.01926","0.9794","0.53898","0.94206","0.02320","0.9771","0.45679","0.95049","-0.02281","0.9566","0.53773","0.95113","-0.01504","0.9413"
"163","5.4333","0.49664","0.18199","0.00771","0.9221","0.48188","0.17126","0.00543","0.9127","0.47592","0.16939","0.00792","0.9454","0.47565","0.16771","0.00852","0.9462","0.51060","0.17409","0.01149","0.9571","0.51795","0.16871","0.01345","0.9498","0.52364","0.17080","0.01403","0.9335","0.46462","0.17940","0.01523","0.9867","0.52856","0.18179","0.02347","0.9216","0.48425","0.20788","0.00947","0.9528","0.50480","0.20972","0.00843","0.9720","0.42596","0.29884","0.00577","0.9614","0.56872","0.30376","0.01429","0.9654","0.41632","0.43158","-0.02261","0.9623","0.57871","0.43324","-0.02037","0.9904","0.42213","0.53934","-0.04489","0.9481","0.57112","0.54229","-0.03744","0.9728","0.41442","0.56027","-0.05007","0.9535","0.57458","0.56094","-0.04110","0.9487","0.41008","0.55466","-0.05076","0.9483","0.58249","0.55562","-0.04203","0.9505","0.43106","0.55306","-0.04604","0.9548","0.56296","0.55656","-0.03648","0.9264","0.45667","0.52262","-0.00300","0.9631","0.54000","0.52099","0.00586","0.9657","0.45436","0.72022","-0.00574","0.9330","0.53825","0.72469","0.00512","0.9469","0.45328","0.92124","0.00283","0.9521","0.53953","0.92081","0.00737","0.9548","0.45761","0.94208","0.01583","0.9641","0.53814","0.93933","0.02358","0.9612","0.45365","0.94838","-0.02230","0.9824","0.54063","0.95159","-0.01686","0.9350"
"164","5.4667","0.49641","0.18445","0.00973","0.9232","0.48193","0.17165","0.00489","0.9702","0.47483","0.17144","0.00544","0.9404","0.47101","0.17502","0.00713","0.9765","0.51046","0.17487","0.01208","0.9399","0.51586","0.17205","0.01167","0.9630","0.52119","0.17214","0.01569","0.9570","0.46544","0.18395","0.01629","0.9622","0.52580","0.18258","0.02241","0.9113","0.48930","0.20359","0.00998","0.9508","0.50389","0.21095","0.00805","0.9683","0.42672","0.30511","0.00580","0.9603","0.56605","0.30311","0.01129","0.9683","0.41490","0.43073","-0.02387","0.9798","0.57809","0.43157","-0.01563","0.9200","0.42736","0.54183","-0.04591","0.9835","0.56956","0.54047","-0.04026","0.9378","0.41525","0.56057","-0.05127","0.9679","0.57885","0.55951","-0.03973","0.9683","0.41137","0.55858","-0.05097","0.9787","0.58181","0.55785","-0.04267","0.9372","0.43348","0.55840","-0.04277","0.9518","0.56467","0.55669","-0.03658","0.9571","0.45337","0.52056","-0.00491","0.9480","0.53782","0.52668","0.00228","0.9011","0.45306","0.72231","-0.00880","0.9694","0.53990","0.71992","0.00366","0.9202","0.45368","0.92233","0.00050","0.9546","0.53583","0.91971","0.00751","0.9300","0.45608","0.94044","0.01539","0.9950","0.53520","0.94269","0.02450","0.9319","0.45335","0.95251","-0.02183","0.9784","0.53856","0.94932","-0.01728","0.9336"
"165","5.5000","0.49849","0.18658","0.01044","0.9565","0.48384","0.17526","0.00162","0.9871","0.47930","0.17509","0.00683","0.9503","0.46969","0.17585","0.00888","0.9534","0.51055","0.17527","0.01404","0.9195","0.51575","0.17188","0.01402","0.9569","0.52390","0.17808","0.01174","0.9340","0.46612","0.18858","0.01612","0.9663","0.52620","0.18887","0.02256","0.9300","0.48626","0.20964","0.00729","0.9611","0.50648","0.20996","0.01121","0.9497","0.42114","0.30898","0.00495","0.9894","0.56813","0.30709","0.01217","0.9353","0.41490","0.43388","-0.02671","0.9885","0.58164","0.43459","-0.01939","0.9867","0.42683","0.54115","-0.04604","0.9261","0.56448","0.54388","-0.03853","0.9423","0.41859","0.56321","-0.05101","0.9185","0.57733","0.56109","-0.04754","0.9391","0.41389","0.55525","-0.05097","0.9910","0.58288","0.55872","-0.04491","0.9303","0.42677","0.55622","-0.04608","0.9833","0.56542","0.55465","-0.04214","0.9407","0.45072","0.52981","-0.00366","0.9780","0.54274","0.52766","0.00530","0.9289","0.45521","0.72106","-0.00347","0.9570","0.54227","0.72091","0.00325","0.9561","0.45587","0.92058","0.00075","0.9689","0.53870","0.91915","0.01144","0.9458","0.45669","0.94141","0.01308","0.9585","0.53795","0.94134","0.02590","0.9860","0.45441","0.95256","-0.02237","0.9950","0.53618","0.94860","-0.01461","0.9578"
"166","5.5333","0.50006","0.18825","0.00978","0.9615","0.48393","0.17378","0.00347","0.9883","0.47824","0.17338","0.01062","0.9462","0.46965","0.17530","0.00788","0.9734","0.50951","0.17458","0.01560","0.9081","0.51464","0.17394","0.01292","0.9684","0.52451","0.17581","0.01096","0.9316","0.46735","0.18763","0.01622","0.9696","0.52731","0.18734","0.02316","0.9522","0.48452","0.20905","0.00682","0.9950","0.50413","0.21047","0.01024","0.9626","0.42194","0.30758","0.00436","0.9734","0.56716","0.30592","0.01219","0.9388","0.41555","0.43468","-0.02586","0.9856","0.58197","0.43539","-0.02067","0.9693","0.42590","0.54206","-0.04621","0.9450","0.56655","0.54159","-0.04043","0.9593","0.41987","0.56384","-0.05092","0.9384","0.57909","0.56061","-0.04844","0.9293","0.41345","0.55648","-0.05207","0.9564","0.58290","0.55746","-0.04594","0.9443","0.42880","0.55650","-0.04660","0.9872","0.56322","0.55438","-0.04022","0.9372","0.45522","0.52968","-0.00339","0.9945","0.54073","0.52808","0.00417","0.9346","0.45445","0.72111","-0.00280","0.9771","0.54181","0.72147","0.00086","0.9579","0.45501","0.92102","0.00232","0.9583","0.53753","0.92002","0.01122","0.9522","0.45593","0.93990","0.01318","0.9675","0.53834","0.94133","0.02635","0.9755","0.45523","0.95255","-0.02267","0.9822","0.53651","0.94824","-0.01771","0.9489"
"167","5.5667","0.49339","0.18764","0.01026","0.9875","0.48203","0.18028","0.00438","0.9558","0.47590","0.17576","0.00344","0.9347","0.46894","0.17907","0.00549","0.9587","0.50955","0.17852","0.01358","0.9562","0.52016","0.17849","0.01168","0.9336","0.52264","0.17966","0.01085","0.9515","0.46201","0.18909","0.01930","0.9732","0.52722","0.18748","0.02519","0.9458","0.49094","0.21391","0.00877","0.9305","0.50453","0.21387","0.00992","0.9390","0.42177","0.30777","0.00399","0.9681","0.57130","0.30842","0.01360","0.9196","0.41112","0.43856","-0.02490","0.9554","0.58038","0.43886","-0.02081","0.9443","0.42423","0.54294","-0.05240","0.9290","0.56766","0.54095","-0.04004","0.9525","0.41313","0.56474","-0.05994","0.9668","0.57744","0.56742","-0.04629","0.9726","0.41060","0.55596","-0.05604","0.9776","0.57967","0.56010","-0.04786","0.9383","0.42770","0.56013","-0.05077","0.9486","0.56492","0.55810","-0.04126","0.9308","0.45553","0.53015","-0.00036","0.9263","0.54110","0.53129","0.00394","0.9293","0.45378","0.72057","-0.00946","0.9629","0.54108","0.71766","-0.00222","0.9444","0.45236","0.91834","0.00138","0.9209","0.53800","0.91934","0.01068","0.9259","0.45635","0.94093","0.01484","0.9469","0.53804","0.93945","0.02200","0.9537","0.45315","0.95034","-0.02123","0.9491","0.53746","0.95009","-0.01222","0.9415"
"168","5.6000","0.49679","0.19237","0.00545","0.9596","0.48104","0.18390","0.00057","0.9730","0.47666","0.17808","0.00596","0.9946","0.46958","0.18106","0.00551","0.9717","0.50991","0.18489","0.00837","0.9279","0.51702","0.17954","0.01290","0.9511","0.52527","0.18391","0.01226","0.9265","0.46582","0.19264","0.01599","0.9747","0.52820","0.19300","0.01947","0.9394","0.48516","0.21545","0.00586","0.9950","0.50585","0.21724","0.00719","0.9756","0.42053","0.31325","0.00496","0.9675","0.56980","0.31432","0.01048","0.9390","0.41482","0.44044","-0.02970","0.9662","0.57763","0.44095","-0.02527","0.9360","0.42257","0.54591","-0.05176","0.9342","0.56679","0.54739","-0.05028","0.9442","0.41657","0.56567","-0.06114","0.9368","0.57827","0.56622","-0.05231","0.9452","0.41052","0.55971","-0.05809","0.9834","0.58215","0.56146","-0.05201","0.9554","0.43050","0.55949","-0.05156","0.9950","0.56484","0.56075","-0.04629","0.9662","0.45649","0.53689","-0.00447","0.9823","0.54242","0.53267","0.00425","0.9367","0.45524","0.71840","-0.00947","0.9602","0.53880","0.71794","-0.00343","0.9565","0.45445","0.92265","0.00246","0.9542","0.54027","0.92280","0.01149","0.9120","0.45537","0.94154","0.01522","0.9442","0.53913","0.93885","0.02542","0.9615","0.45631","0.95102","-0.02194","0.9682","0.53960","0.94935","-0.01486","0.9018"
"169","5.6333","0.49651","0.19904","0.00912","0.9550","0.48290","0.18547","0.00522","0.9701","0.47760","0.18866","0.00371","0.9950","0.47129","0.18969","0.00465","0.9641","0.51063","0.18870","0.01022","0.9180","0.51733","0.18724","0.01036","0.9430","0.52395","0.18836","0.01058","0.9523","0.46329","0.19990","0.01485","0.9416","0.53007","0.19727","0.02187","0.9581","0.48878","0.22326","0.00321","0.9498","0.50685","0.22511","0.00220","0.9226","0.42586","0.31869","0.00390","0.9740","0.56923","0.31948","0.00801","0.9583","0.41320","0.44821","-0.03182","0.9343","0.57900","0.44432","-0.02534","0.9677","0.42817","0.54712","-0.05826","0.9583","0.56800","0.54562","-0.05236","0.9545","0.41484","0.56994","-0.06426","0.9619","0.57608","0.57045","-0.05698","0.9504","0.41496","0.56155","-0.06311","0.9521","0.58239","0.56249","-0.05572","0.9473","0.43005","0.55976","-0.05994","0.9431","0.56418","0.56110","-0.05157","0.9103","0.45449","0.54514","-0.00566","0.9725","0.53915","0.54413","0.00447","0.9196","0.45644","0.72131","-0.01558","0.9487","0.53829","0.71874","-0.00231","0.9523","0.45582","0.92198","0.00399","0.9644","0.53741","0.92090","0.01057","0.9411","0.45353","0.94083","0.01837","0.9616","0.53978","0.94212","0.02380","0.9359","0.45448","0.95088","-0.02211","0.9469","0.53965","0.95086","-0.01653","0.9588"
"170","5.6667","0.49802","0.20524","0.00660","0.9324","0.48136","0.19381","0.00503","0.9741","0.47740","0.19421","0.00068","0.9372","0.47086","0.19217","-0.00073","0.9410","0.51126","0.19668","0.00970","0.9740","0.51769","0.19296","0.00798","0.9378","0.52354","0.19688","0.00765","0.9516","0.46651","0.20631","0.01371","0.9667","0.52740","0.20566","0.01991","0.9080","0.48488","0.23014","0.00451","0.9539","0.50864","0.22918","0.00572","0.9933","0.42604","0.32626","0.00509","0.9368","0.56858","0.32672","0.01004","0.9325","0.41466","0.44837","-0.03869","0.9933","0.57830","0.44762","-0.02896","0.9294","0.42612","0.55269","-0.06244","0.9945","0.56514","0.54922","-0.05542","0.9619","0.41802","0.56839","-0.06591","0.9498","0.57665","0.57067","-0.06087","0.9329","0.41099","0.56468","-0.06801","0.9407","0.58221","0.56686","-0.06254","0.9334","0.43170","0.56717","-0.06291","0.9627","0.56316","0.56446","-0.05731","0.9496","0.45437","0.55186","-0.00058","0.9919","0.54052","0.55198","0.00727","0.9217","0.45265","0.72229","-0.01688","0.9342","0.53770","0.71879","-0.01127","0.9243","0.45127","0.91902","0.00276","0.9728","0.54140","0.91978","0.00569","0.9526","0.45279","0.93988","0.01678","0.9950","0.53845","0.94411","0.02388","0.9086","0.45406","0.94906","-0.02669","0.9475","0.53996","0.95094","-0.01668","0.9703"
"171","5.7000","0.49710","0.20434","0.00494","0.9419","0.48339","0.19414","0.00310","0.9765","0.47852","0.19422","0.00216","0.9446","0.47052","0.19324","-0.00237","0.9229","0.50964","0.19628","0.00953","0.9776","0.51581","0.19479","0.00711","0.9579","0.52194","0.19702","0.00738","0.9579","0.46829","0.20543","0.01436","0.9935","0.52706","0.20462","0.01810","0.9372","0.48530","0.22916","0.00414","0.9610","0.50841","0.22779","0.00552","0.9743","0.42460","0.32566","0.00560","0.9562","0.56732","0.32821","0.01044","0.9466","0.41691","0.44941","-0.03795","0.9950","0.57695","0.44964","-0.02962","0.9417","0.42431","0.55313","-0.06304","0.9892","0.56595","0.54751","-0.05616","0.9506","0.41803","0.56942","-0.06706","0.9705","0.57680","0.56872","-0.05732","0.9351","0.41104","0.56350","-0.07037","0.9596","0.58123","0.56534","-0.06487","0.9381","0.43065","0.56513","-0.06142","0.9513","0.56295","0.56420","-0.05663","0.9520","0.45410","0.55141","-0.00115","0.9808","0.53810","0.55037","0.00543","0.9523","0.45414","0.72162","-0.01636","0.9415","0.53704","0.72063","-0.01216","0.9235","0.44971","0.92037","0.00303","0.9757","0.54259","0.91726","0.00568","0.9405","0.45046","0.94051","0.01630","0.9883","0.53930","0.94565","0.02300","0.9130","0.45425","0.94857","-0.02705","0.9395","0.53918","0.95100","-0.01552","0.9266"
"172","5.7333","0.49743","0.21305","0.00224","0.9749","0.48236","0.20327","0.00147","0.9369","0.47581","0.20009","0.00351","0.9755","0.47008","0.20010","0.00296","0.9455","0.50868","0.20066","0.00911","0.9669","0.51656","0.19817","0.00873","0.9555","0.52128","0.20316","0.01111","0.9429","0.46511","0.21099","0.01064","0.9227","0.52902","0.21220","0.01864","0.9160","0.48699","0.23465","-0.00019","0.9397","0.50527","0.23753","0.00267","0.9076","0.42490","0.33555","-0.00072","0.9946","0.56791","0.32825","0.00660","0.9291","0.41421","0.45474","-0.04054","0.9663","0.57594","0.45552","-0.03331","0.9480","0.42371","0.55447","-0.06885","0.9449","0.56908","0.55166","-0.06359","0.9477","0.41634","0.57291","-0.07381","0.9551","0.57859","0.57310","-0.06853","0.9237","0.41233","0.56848","-0.07250","0.9667","0.57917","0.56568","-0.06351","0.9437","0.42570","0.56800","-0.07051","0.9526","0.56240","0.56935","-0.06122","0.9422","0.45455","0.55659","-0.00090","0.9762","0.53632","0.55831","0.00795","0.9407","0.45149","0.71800","-0.02071","0.9534","0.53748","0.71894","-0.01351","0.9179","0.45167","0.91871","0.00273","0.9611","0.54015","0.91962","0.00793","0.9577","0.45834","0.94006","0.01774","0.9606","0.53604","0.94143","0.02522","0.9180","0.45532","0.95225","-0.02190","0.9428","0.53887","0.95278","-0.01608","0.9272"
"173","5.7667","0.49654","0.21692","0.00122","0.9774","0.48490","0.20799","0.00123","0.9409","0.47882","0.20569","0.00044","0.9479","0.47380","0.20718","-0.00081","0.9730","0.51233","0.20765","0.00661","0.9376","0.51520","0.20503","0.00948","0.9594","0.52181","0.20735","0.00719","0.9467","0.46476","0.21921","0.00627","0.9767","0.53122","0.21876","0.01908","0.9473","0.48390","0.24192","0.00212","0.9779","0.50441","0.24274","0.00437","0.9693","0.42489","0.33933","-0.00691","0.9507","0.56943","0.33946","0.00681","0.9419","0.41648","0.45969","-0.04572","0.9441","0.57892","0.45688","-0.03677","0.9318","0.42587","0.55418","-0.07550","0.9670","0.56812","0.55195","-0.06948","0.9687","0.41552","0.57659","-0.08176","0.9554","0.57766","0.57371","-0.07760","0.9172","0.41221","0.57261","-0.07857","0.9826","0.58114","0.56761","-0.07580","0.9053","0.42927","0.56875","-0.07739","0.9587","0.56345","0.57240","-0.06850","0.9382","0.45332","0.56674","-0.00123","0.9224","0.54079","0.56544","0.00573","0.9463","0.45257","0.71915","-0.02319","0.9462","0.54227","0.72248","-0.01865","0.9447","0.45437","0.91761","-0.00090","0.9354","0.53889","0.92303","0.01061","0.9527","0.45301","0.94087","0.01904","0.9313","0.53867","0.93552","0.02734","0.9463","0.45606","0.95187","-0.02263","0.9572","0.54019","0.95032","-0.01580","0.9148"
"174","5.8000","0.49679","0.22425","0.00445","0.9896","0.47820","0.21478","-0.00277","0.9506","0.47701","0.21165","-0.00012","0.9522","0.47107","0.21563","-0.00219","0.9604","0.51176","0.21559","0.00217","0.9297","0.51605","0.21148","0.00524","0.9581","0.52406","0.21470","0.00750","0.9310","0.46584","0.22550","0.00673","0.9639","0.52949","0.22612","0.01663","0.9407","0.48757","0.24742","0.00437","0.9558","0.50924","0.25102","0.00240","0.9745","0.42244","0.34929","-0.00155","0.9679","0.56828","0.34582","0.00307","0.9345","0.41225","0.46685","-0.04969","0.9888","0.57955","0.46569","-0.03997","0.9299","0.42550","0.55644","-0.08253","0.9162","0.56777","0.55998","-0.07418","0.9228","0.41448","0.57796","-0.08851","0.9471","0.57598","0.57898","-0.08015","0.9485","0.40957","0.56909","-0.08655","0.9509","0.58038","0.57219","-0.07851","0.9454","0.42751","0.57097","-0.08149","0.9310","0.56689","0.57041","-0.07163","0.9372","0.45324","0.57787","-0.00090","0.9827","0.53683","0.57341","0.00332","0.9468","0.45219","0.72154","-0.03128","0.9272","0.54375","0.71847","-0.01783","0.9312","0.45734","0.91786","0.00415","0.9601","0.53888","0.92266","0.00722","0.9444","0.45457","0.93909","0.01739","0.9612","0.54192","0.94182","0.02636","0.9813","0.45465","0.94905","-0.02378","0.9655","0.53506","0.94890","-0.01780","0.9502"
"175","5.8333","0.49889","0.22896","-0.00032","0.9648","0.48382","0.22206","-0.00373","0.9535","0.47887","0.22113","-0.00678","0.9662","0.47236","0.22151","0.00184","0.9313","0.51034","0.22334","0.00342","0.9613","0.51863","0.21923","0.00589","0.9479","0.52381","0.22261","0.00471","0.9292","0.46695","0.23298","0.00956","0.9302","0.52652","0.23364","0.01588","0.9340","0.48613","0.25383","0.00008","0.9950","0.50263","0.25838","0.00141","0.9762","0.42452","0.35434","-0.00458","0.9698","0.56729","0.35591","0.00267","0.9367","0.41404","0.46842","-0.04972","0.9684","0.58006","0.46821","-0.04788","0.9741","0.42491","0.56242","-0.08625","0.9950","0.57144","0.56048","-0.08224","0.9543","0.41641","0.58156","-0.09306","0.9590","0.57585","0.58219","-0.08677","0.9359","0.41307","0.57350","-0.09223","0.9532","0.58274","0.57777","-0.08288","0.9170","0.42717","0.57244","-0.08708","0.9404","0.56473","0.57534","-0.08157","0.9174","0.45371","0.58338","-0.00085","0.9641","0.54079","0.58550","0.00683","0.9201","0.45126","0.71831","-0.03137","0.9534","0.54083","0.71749","-0.02487","0.9249","0.45316","0.91850","0.00132","0.9382","0.53771","0.91780","0.00843","0.9641","0.45408","0.94024","0.01719","0.9763","0.53869","0.94025","0.02677","0.9262","0.45423","0.95009","-0.02191","0.9447","0.54027","0.94917","-0.01530","0.9456"
"176","5.8667","0.49757","0.22908","-0.00154","0.9601","0.48322","0.22169","-0.00359","0.9475","0.47867","0.22113","-0.00538","0.9669","0.47212","0.22178","-0.00046","0.9370","0.50984","0.22554","0.00309","0.9787","0.51855","0.21672","0.00641","0.9242","0.52451","0.22124","0.00606","0.9279","0.46490","0.23340","0.00795","0.9371","0.52798","0.23243","0.01766","0.9270","0.48882","0.25792","-0.00178","0.9950","0.50478","0.25750","0.00263","0.9671","0.42479","0.35656","-0.00469","0.9503","0.56907","0.35491","0.00092","0.9316","0.41351","0.46782","-0.05124","0.9711","0.57838","0.46888","-0.04683","0.9872","0.42512","0.55957","-0.08551","0.9907","0.57102","0.56112","-0.08207","0.9302","0.41611","0.57969","-0.09205","0.9619","0.57582","0.58179","-0.08667","0.9140","0.41371","0.57371","-0.09185","0.9491","0.58166","0.57815","-0.08494","0.9145","0.42777","0.57254","-0.08609","0.9299","0.56481","0.57646","-0.08231","0.9095","0.45429","0.58525","-0.00074","0.9482","0.53982","0.58675","0.00829","0.9140","0.45237","0.72008","-0.03015","0.9536","0.54070","0.71794","-0.02688","0.9043","0.45398","0.91943","0.00178","0.9436","0.53793","0.91838","0.00868","0.9741","0.45429","0.94080","0.02010","0.9950","0.53852","0.94033","0.02661","0.9348","0.45462","0.95011","-0.02317","0.9396","0.53815","0.95086","-0.01298","0.9240"
"177","5.9000","0.49803","0.23792","-0.00008","0.9808","0.48496","0.22877","-0.00511","0.9586","0.47502","0.22571","-0.00261","0.9478","0.47116","0.22842","-0.00109","0.9426","0.51135","0.22980","-0.00029","0.9596","0.51799","0.22951","0.00346","0.9486","0.52419","0.23048","0.00159","0.9273","0.46565","0.24122","0.00431","0.9623","0.52785","0.24241","0.01205","0.9139","0.48784","0.26380","-0.00072","0.9365","0.50485","0.26392","-0.00096","0.9398","0.42386","0.36327","-0.00617","0.9830","0.56913","0.36077","-0.00303","0.9209","0.41560","0.47355","-0.05926","0.9577","0.57993","0.47845","-0.05349","0.9486","0.42382","0.56388","-0.09250","0.9721","0.57165","0.55923","-0.08966","0.9648","0.41432","0.58540","-0.10127","0.9382","0.58265","0.58401","-0.08971","0.9415","0.41186","0.57871","-0.09738","0.9725","0.58019","0.57920","-0.09104","0.9485","0.42964","0.57900","-0.09291","0.9455","0.56403","0.57575","-0.08807","0.9475","0.45572","0.59470","0.00257","0.9654","0.54004","0.59475","0.00406","0.9392","0.45348","0.72225","-0.03510","0.9684","0.54209","0.71774","-0.02925","0.9533","0.45413","0.92081","0.00224","0.9400","0.54021","0.91907","0.00981","0.9566","0.45487","0.93709","0.01923","0.9433","0.54086","0.94265","0.02312","0.9288","0.45387","0.94685","-0.02193","0.9732","0.53943","0.95306","-0.01459","0.9644"
"178","5.9333","0.49432","0.24605","0.00051","0.9514","0.48424","0.23682","-0.00425","0.9575","0.47344","0.23645","-0.00584","0.9585","0.47134","0.23910","-0.00678","0.9666","0.51168","0.23663","0.00229","0.9482","0.51770","0.23443","0.00083","0.9062","0.52153","0.23672","0.00217","0.9554","0.46391","0.24770","0.00386","0.9663","0.52852","0.24909","0.01221","0.9596","0.48569","0.27251","-0.00101","0.9655","0.50878","0.27436","-0.00304","0.9663","0.42568","0.37246","-0.01028","0.9487","0.56773","0.37098","-0.00353","0.9134","0.41035","0.48195","-0.05976","0.9734","0.57763","0.48133","-0.05099","0.9551","0.42513","0.56379","-0.10134","0.9624","0.56760","0.56808","-0.09543","0.9433","0.41653","0.58668","-0.10784","0.9728","0.57872","0.58161","-0.09879","0.9478","0.41577","0.58352","-0.10469","0.9255","0.58415","0.58070","-0.09889","0.9045","0.42809","0.58178","-0.10115","0.9644","0.56520","0.58342","-0.09276","0.9178","0.45431","0.60583","-0.00137","0.9424","0.54068","0.60509","0.00382","0.9480","0.44973","0.72009","-0.04409","0.9668","0.54287","0.72031","-0.03412","0.9642","0.45418","0.92033","0.00231","0.9296","0.53749","0.92169","0.00627","0.9470","0.45741","0.94109","0.01853","0.9657","0.53964","0.94178","0.02685","0.9652","0.45424","0.94742","-0.02246","0.9484","0.53843","0.94677","-0.01573","0.9476"
"179","5.9667","0.49695","0.25588","-0.00346","0.9220","0.48284","0.24491","-0.00569","0.9631","0.47747","0.24008","-0.00761","0.9721","0.46993","0.24237","-0.00642","0.9636","0.51353","0.24719","0.00132","0.9459","0.51290","0.23976","0.00087","0.9250","0.52093","0.24359","0.00049","0.9829","0.46370","0.25404","0.00254","0.9588","0.52798","0.25329","0.01139","0.9391","0.48387","0.27888","-0.00262","0.9487","0.50937","0.27777","-0.00204","0.9366","0.42237","0.37852","-0.01262","0.9513","0.56874","0.37674","-0.00302","0.9338","0.41492","0.48680","-0.06524","0.9747","0.58003","0.48492","-0.05731","0.9555","0.42674","0.56629","-0.10486","0.9660","0.57130","0.57091","-0.09914","0.9777","0.41434","0.58858","-0.11138","0.9604","0.57690","0.58639","-0.10578","0.9624","0.40966","0.58348","-0.10928","0.9686","0.58205","0.57981","-0.10598","0.9457","0.42729","0.58061","-0.10716","0.9950","0.56246","0.58423","-0.09841","0.9405","0.45412","0.61026","0.00164","0.9546","0.54149","0.61075","0.00573","0.9499","0.45208","0.72160","-0.04255","0.9526","0.54451","0.72174","-0.03580","0.9304","0.45449","0.92322","0.00188","0.9729","0.54056","0.92047","0.00537","0.9173","0.45425","0.93906","0.01634","0.9450","0.53605","0.94085","0.02272","0.9173","0.45527","0.94782","-0.02427","0.9147","0.53797","0.94810","-0.01589","0.9371"
"180","6.0000","0.49771","0.25610","-0.00543","0.9604","0.48298","0.24340","-0.00586","0.9636","0.47932","0.23948","-0.00711","0.9576","0.47114","0.24219","-0.00582","0.9800","0.51408","0.24601","0.00004","0.9371","0.51519","0.23903","-0.00031","0.9318","0.52198","0.24339","-0.00014","0.9590","0.46288","0.25497","0.00232","0.9407","0.52852","0.25337","0.01036","0.9431","0.48523","0.27720","-0.00195","0.9675","0.50870","0.27674","0.00010","0.9355","0.42416","0.37694","-0.01021","0.9457","0.56917","0.37812","-0.00439","0.9448","0.41425","0.48672","-0.06489","0.9652","0.57900","0.48618","-0.05508","0.9513","0.42580","0.56387","-0.10476","0.9578","0.57343","0.57249","-0.09779","0.9665","0.41419","0.58872","-0.11231","0.9377","0.57789","0.58659","-0.10597","0.9406","0.41096","0.58323","-0.11066","0.9815","0.58253","0.57977","-0.10818","0.9325","0.42720","0.58418","-0.10593","0.9950","0.56197","0.58219","-0.09908","0.9500","0.45469","0.60898","0.00051","0.9420","0.54303","0.61052","0.00587","0.9437","0.44836","0.72138","-0.04330","0.9201","0.54543","0.71950","-0.03539","0.9513","0.45523","0.92079","0.00047","0.9510","0.53973","0.92023","0.00637","0.9455","0.45504","0.93805","0.01734","0.9256","0.53571","0.93859","0.02069","0.9494","0.45416","0.94871","-0.02370","0.8998","0.53922","0.94907","-0.01747","0.9219"
"181","6.0333","0.49653","0.25905","-0.00831","0.9575","0.48258","0.25098","-0.00812","0.9785","0.47328","0.25072","-0.00999","0.9170","0.47146","0.25587","-0.00808","0.9443","0.51286","0.25021","0.00029","0.9349","0.51551","0.25107","0.00255","0.9140","0.52045","0.25152","-0.00098","0.9155","0.46321","0.25915","0.00028","0.9504","0.52709","0.26018","0.00749","0.9355","0.48808","0.28373","-0.00261","0.9737","0.50695","0.28204","-0.00563","0.9645","0.42353","0.38248","-0.01048","0.9551","0.56845","0.38530","-0.00192","0.9119","0.41564","0.48941","-0.06902","0.9360","0.57735","0.49253","-0.06105","0.9471","0.42455","0.57081","-0.11328","0.9598","0.56761","0.57237","-0.10626","0.9310","0.41620","0.59136","-0.11633","0.9763","0.57892","0.58700","-0.10854","0.9451","0.41202","0.58740","-0.11663","0.9585","0.58149","0.58808","-0.11007","0.9601","0.42985","0.58453","-0.11036","0.9489","0.56780","0.58731","-0.10470","0.9463","0.45507","0.61725","0.00020","0.9501","0.53664","0.62020","0.00983","0.9238","0.45189","0.72009","-0.04683","0.9901","0.54195","0.71967","-0.04015","0.9325","0.45463","0.91844","0.00317","0.9291","0.53671","0.91954","0.00960","0.9210","0.45598","0.94157","0.01940","0.9688","0.53797","0.93738","0.02514","0.9621","0.45412","0.95248","-0.02484","0.9357","0.53973","0.94884","-0.01200","0.9222"
"182","6.0667","0.49440","0.26560","-0.00879","0.9495","0.48297","0.25464","-0.00818","0.9579","0.47552","0.25465","-0.00832","0.9511","0.46846","0.25576","-0.00771","0.9639","0.50881","0.25668","-0.00131","0.9629","0.51683","0.25299","-0.00371","0.9525","0.52689","0.25896","-0.00236","0.9455","0.46429","0.26748","0.00028","0.9490","0.52839","0.26635","0.00807","0.9427","0.48472","0.28699","-0.01011","0.9606","0.50917","0.29075","-0.00582","0.9693","0.42523","0.39264","-0.01616","0.9855","0.57150","0.38819","-0.00916","0.9340","0.41733","0.50021","-0.07148","0.9638","0.58045","0.49482","-0.06312","0.9490","0.42329","0.57528","-0.11691","0.9735","0.57002","0.57206","-0.11218","0.9447","0.41636","0.59138","-0.12190","0.9697","0.57765","0.59150","-0.11378","0.9620","0.41447","0.58612","-0.12154","0.9534","0.58282","0.58808","-0.11443","0.9362","0.42838","0.58437","-0.12266","0.9147","0.56469","0.58752","-0.11088","0.9654","0.45698","0.62591","0.00332","0.9154","0.53883","0.62799","0.01230","0.9759","0.44976","0.72158","-0.05034","0.9594","0.54325","0.72103","-0.04559","0.9649","0.45489","0.91833","0.00516","0.9819","0.53875","0.91887","0.00936","0.9296","0.45261","0.94158","0.01595","0.9950","0.53928","0.94000","0.02073","0.9423","0.45760","0.95012","-0.02243","0.9526","0.53917","0.94853","-0.01362","0.9633"
"183","6.1000","0.49682","0.27200","-0.00479","0.9521","0.48201","0.25944","-0.00864","0.9648","0.47563","0.25877","-0.01252","0.9594","0.47122","0.26293","-0.01020","0.9926","0.51139","0.26061","-0.00378","0.9519","0.51406","0.26213","-0.00304","0.9215","0.52425","0.26291","-0.00462","0.9175","0.46654","0.27326","-0.00090","0.9835","0.52989","0.26917","0.00805","0.9672","0.48628","0.29926","-0.00734","0.9657","0.50704","0.29616","-0.00818","0.9387","0.42500","0.39723","-0.01279","0.9588","0.56831","0.39925","-0.00774","0.9352","0.41378","0.50246","-0.07570","0.9395","0.57786","0.50055","-0.06767","0.9380","0.42441","0.57579","-0.12268","0.9518","0.56867","0.57617","-0.11492","0.9132","0.41608","0.59655","-0.12830","0.9490","0.57602","0.59331","-0.11630","0.9655","0.41192","0.59125","-0.12768","0.9950","0.58096","0.58717","-0.11984","0.9469","0.42693","0.58969","-0.12011","0.9688","0.56667","0.59183","-0.11453","0.9367","0.45398","0.63241","0.00304","0.9950","0.53772","0.63192","0.01021","0.9369","0.45001","0.72139","-0.05409","0.9596","0.54380","0.71562","-0.04490","0.9486","0.45362","0.91795","0.00040","0.9673","0.53850","0.92070","0.00985","0.9590","0.45374","0.94219","0.01863","0.9740","0.54015","0.93704","0.02195","0.9003","0.45547","0.94785","-0.02101","0.9730","0.54016","0.95152","-0.01480","0.9914"
"184","6.1333","0.49788","0.27782","-0.00961","0.9647","0.48280","0.26415","-0.01236","0.9320","0.47649","0.26272","-0.01355","0.9804","0.47175","0.26628","-0.01155","0.9385","0.51317","0.26587","-0.00378","0.9380","0.51790","0.26370","0.00113","0.9413","0.52530","0.26723","-0.00163","0.9272","0.46579","0.27561","0.00195","0.9893","0.52930","0.27796","0.00784","0.9408","0.48744","0.29989","-0.00623","0.9464","0.50937","0.29826","-0.00449","0.9618","0.42409","0.40186","-0.01488","0.9786","0.57049","0.39675","-0.01028","0.9648","0.41520","0.50286","-0.07826","0.9499","0.57856","0.50360","-0.06952","0.9862","0.42238","0.57432","-0.12791","0.9673","0.56746","0.57518","-0.11968","0.9382","0.41818","0.59664","-0.13151","0.9511","0.57669","0.59524","-0.12047","0.9609","0.41439","0.59067","-0.13041","0.9684","0.58178","0.59155","-0.12308","0.9546","0.42740","0.59428","-0.12650","0.9685","0.56565","0.59157","-0.11604","0.9316","0.45840","0.63959","0.00239","0.9453","0.54231","0.64038","0.00853","0.9371","0.44900","0.72227","-0.05827","0.9431","0.54547","0.71948","-0.04929","0.9464","0.45396","0.91962","0.00471","0.9649","0.53691","0.92066","0.01130","0.9436","0.45586","0.93917","0.02250","0.9551","0.53799","0.93870","0.02624","0.9739","0.45779","0.94767","-0.02315","0.9796","0.53699","0.95269","-0.01347","0.9389"
"185","6.1667","0.49754","0.27813","-0.00962","0.9495","0.48448","0.26598","-0.01218","0.9396","0.47820","0.26377","-0.01357","0.9741","0.46988","0.26692","-0.01029","0.9393","0.51162","0.26652","-0.00540","0.8988","0.51768","0.26537","0.00052","0.9177","0.52461","0.26428","-0.00266","0.9384","0.46529","0.27486","-0.00008","0.9950","0.53109","0.27819","0.00613","0.9219","0.48769","0.30077","-0.00524","0.9413","0.50889","0.29965","-0.00669","0.9895","0.42525","0.40017","-0.01364","0.9691","0.57196","0.39804","-0.01064","0.9618","0.41349","0.50367","-0.07692","0.9597","0.57962","0.50385","-0.06901","0.9752","0.42407","0.57540","-0.12726","0.9530","0.56876","0.57535","-0.12063","0.9511","0.41636","0.59636","-0.13192","0.9616","0.57494","0.59781","-0.12197","0.9761","0.41361","0.59020","-0.12803","0.9549","0.58390","0.59286","-0.12388","0.9086","0.42601","0.59275","-0.12500","0.9679","0.56449","0.59297","-0.11628","0.9275","0.45758","0.63986","0.00088","0.9348","0.54210","0.63965","0.00891","0.9276","0.44739","0.72101","-0.05730","0.9636","0.54601","0.71993","-0.04883","0.9368","0.45455","0.91930","0.00375","0.9568","0.53974","0.92125","0.01149","0.9405","0.45540","0.93922","0.02126","0.9553","0.53625","0.93804","0.02660","0.9717","0.45841","0.94650","-0.02253","0.9687","0.53754","0.95004","-0.01398","0.9668"
"186","6.2000","0.50015","0.28403","-0.00734","0.9290","0.48143","0.27091","-0.01325","0.9950","0.47554","0.26663","-0.01545","0.9629","0.46849","0.26846","-0.00996","0.9927","0.51199","0.27295","-0.00705","0.9609","0.51800","0.26800","-0.00800","0.9423","0.52095","0.26798","-0.00564","0.9629","0.46502","0.28027","-0.00192","0.9319","0.53106","0.27787","0.00624","0.8977","0.48673","0.30309","-0.00705","0.9382","0.50817","0.30437","-0.00772","0.9634","0.42403","0.40393","-0.01394","0.9049","0.57123","0.40506","-0.01004","0.9340","0.41742","0.50228","-0.08143","0.9479","0.57988","0.50675","-0.07398","0.9238","0.42455","0.57869","-0.12708","0.9475","0.56865","0.57951","-0.12164","0.9535","0.41301","0.59612","-0.13147","0.9762","0.57631","0.59760","-0.12778","0.9451","0.41534","0.59277","-0.13077","0.9578","0.58248","0.59272","-0.12484","0.9283","0.43056","0.59244","-0.12740","0.9645","0.56295","0.58972","-0.11899","0.9794","0.45579","0.64215","0.00212","0.9705","0.54011","0.64736","0.00880","0.9263","0.44774","0.71823","-0.06331","0.9070","0.54189","0.71908","-0.05289","0.9403","0.45628","0.91865","0.00288","0.9547","0.54230","0.92244","0.00914","0.9473","0.45400","0.93786","0.01835","0.9464","0.54041","0.93930","0.02662","0.9163","0.45529","0.95185","-0.02223","0.9758","0.53975","0.94967","-0.01854","0.9159"
"187","6.2333","0.49875","0.28262","-0.00819","0.9320","0.48283","0.27017","-0.01196","0.9669","0.47807","0.27273","-0.01316","0.9767","0.47185","0.27587","-0.01300","0.9332","0.51520","0.27387","-0.00530","0.9575","0.51765","0.27034","-0.00601","0.9184","0.51961","0.27096","-0.00696","0.9397","0.46616","0.28118","-0.00547","0.9355","0.53131","0.28398","0.00290","0.9776","0.48529","0.30813","-0.00688","0.9702","0.51141","0.31095","-0.00731","0.9399","0.42446","0.40797","-0.01971","0.9441","0.57050","0.40896","-0.00902","0.9502","0.41414","0.51054","-0.08061","0.9813","0.58030","0.50726","-0.07450","0.9642","0.42293","0.58134","-0.13198","0.9502","0.56839","0.57787","-0.12647","0.9195","0.41802","0.59700","-0.13724","0.9708","0.57922","0.59684","-0.12848","0.9656","0.41417","0.59193","-0.13721","0.9839","0.57882","0.59138","-0.12845","0.9145","0.42836","0.59346","-0.12718","0.9507","0.56791","0.59502","-0.12335","0.9468","0.45687","0.64737","0.00431","0.9753","0.53709","0.64675","0.00883","0.9241","0.45334","0.72093","-0.06084","0.9616","0.54207","0.71839","-0.05605","0.9443","0.45699","0.91900","0.00183","0.9620","0.53860","0.91806","0.01136","0.9767","0.45520","0.93760","0.01894","0.9905","0.53891","0.94028","0.02354","0.9399","0.45630","0.94736","-0.02048","0.9335","0.53975","0.94976","-0.01620","0.9492"
"188","6.2667","0.49778","0.28525","-0.00752","0.9684","0.48317","0.27470","-0.01017","0.9698","0.47751","0.27125","-0.01200","0.9556","0.47262","0.27501","-0.01165","0.9924","0.51215","0.27468","-0.00662","0.9533","0.51698","0.27272","-0.00611","0.9319","0.52519","0.27348","-0.00941","0.9185","0.46654","0.28262","-0.00067","0.9826","0.52939","0.28207","0.00122","0.9091","0.48736","0.30708","-0.00546","0.9728","0.50822","0.31289","-0.00901","0.9383","0.42717","0.41079","-0.01831","0.9560","0.56964","0.40786","-0.01267","0.9128","0.41621","0.50800","-0.08413","0.9766","0.57973","0.50717","-0.07543","0.9590","0.42464","0.57870","-0.13373","0.9950","0.56782","0.58324","-0.12703","0.9562","0.41566","0.59781","-0.14056","0.9950","0.57777","0.60105","-0.13016","0.9246","0.41272","0.59272","-0.13840","0.9501","0.58069","0.59452","-0.13321","0.9581","0.42867","0.59330","-0.13242","0.9580","0.56755","0.59318","-0.12724","0.9292","0.45616","0.64857","0.00313","0.9135","0.54106","0.64995","0.00676","0.9275","0.45193","0.71784","-0.06421","0.9950","0.54197","0.72003","-0.05634","0.9208","0.45431","0.92167","-0.00073","0.9764","0.54230","0.91891","0.01257","0.9450","0.45685","0.93959","0.01607","0.9808","0.54111","0.94065","0.02708","0.9447","0.45432","0.94919","-0.02343","0.9405","0.53813","0.94667","-0.01818","0.9500"
"189","6.3000","0.49901","0.28669","-0.00584","0.9585","0.48452","0.27712","-0.01468","0.9632","0.47800","0.27027","-0.01181","0.9894","0.47309","0.27320","-0.01223","0.9795","0.50971","0.27625","-0.00766","0.9514","0.51595","0.27177","-0.00834","0.9221","0.52648","0.27416","-0.00758","0.9507","0.46486","0.28442","-0.00371","0.9661","0.52945","0.28357","0.00411","0.9262","0.48661","0.30766","-0.00932","0.9237","0.51000","0.31013","-0.00757","0.9558","0.42538","0.41167","-0.01890","0.9510","0.57140","0.40938","-0.01176","0.9193","0.41681","0.50816","-0.08096","0.9743","0.57458","0.51075","-0.07507","0.9478","0.42741","0.57774","-0.13198","0.9608","0.57054","0.57997","-0.12412","0.9388","0.41703","0.60064","-0.14016","0.9809","0.57769","0.60078","-0.12821","0.9186","0.41320","0.59321","-0.13793","0.9436","0.57866","0.59487","-0.12967","0.9260","0.42860","0.59285","-0.13248","0.9589","0.56667","0.59361","-0.12782","0.9409","0.45500","0.65222","0.00197","0.9439","0.53755","0.64993","0.00932","0.9295","0.45410","0.72018","-0.06253","0.9618","0.54484","0.71803","-0.05279","0.9557","0.45897","0.91869","0.00388","0.9661","0.54110","0.91975","0.00939","0.9689","0.45534","0.93959","0.01793","0.9392","0.53890","0.93732","0.02593","0.9513","0.45737","0.94763","-0.02105","0.9559","0.53994","0.94521","-0.01542","0.9455"
"190","6.3333","0.49765","0.28806","-0.00821","0.9616","0.48392","0.27409","-0.01481","0.9406","0.47741","0.27099","-0.01391","0.9568","0.47321","0.27310","-0.01137","0.9903","0.50864","0.27650","-0.00682","0.9578","0.51695","0.27190","-0.00796","0.9272","0.52558","0.27483","-0.00536","0.9432","0.46805","0.28315","-0.00138","0.9950","0.52857","0.28337","0.00553","0.9320","0.48627","0.30639","-0.01242","0.9333","0.51110","0.30882","-0.00881","0.9511","0.42699","0.41329","-0.01859","0.9384","0.56929","0.40861","-0.01170","0.9349","0.41558","0.50767","-0.08101","0.9604","0.57647","0.51058","-0.07526","0.9345","0.42661","0.57852","-0.13239","0.9625","0.57074","0.58046","-0.12317","0.9433","0.41787","0.60084","-0.13819","0.9646","0.57870","0.59648","-0.12728","0.9272","0.41298","0.59318","-0.13813","0.9369","0.57945","0.59582","-0.12844","0.9340","0.42813","0.59436","-0.13274","0.9660","0.56591","0.59366","-0.12695","0.9443","0.45681","0.65244","0.00183","0.9187","0.53721","0.64820","0.00907","0.9444","0.45322","0.72364","-0.06134","0.9522","0.54722","0.71974","-0.05379","0.9188","0.45813","0.91891","0.00467","0.9473","0.54026","0.91801","0.00968","0.9524","0.45541","0.94044","0.01724","0.9526","0.54085","0.93769","0.02481","0.9675","0.45944","0.94689","-0.01970","0.9445","0.53959","0.94691","-0.01598","0.9505"
"191","6.3667","0.49895","0.28279","-0.00789","0.9563","0.48463","0.27499","-0.01229","0.9468","0.47716","0.27363","-0.01353","0.9521","0.47119","0.27265","-0.01255","0.9330","0.51084","0.27296","-0.00549","0.9758","0.51793","0.27190","-0.00500","0.9453","0.52589","0.27362","-0.00511","0.9358","0.46351","0.28405","-0.00389","0.9660","0.53238","0.28497","0.00268","0.9372","0.49006","0.30727","-0.00755","0.9950","0.50475","0.31105","-0.00962","0.9880","0.42618","0.40878","-0.01797","0.9194","0.57071","0.41013","-0.01338","0.9516","0.41602","0.51240","-0.08084","0.9485","0.57863","0.51067","-0.07639","0.9652","0.42461","0.57984","-0.13325","0.9669","0.57088","0.57807","-0.12900","0.9411","0.41781","0.59809","-0.13378","0.9566","0.57676","0.60049","-0.13224","0.9591","0.41458","0.59319","-0.13766","0.9168","0.58388","0.59504","-0.12944","0.9263","0.42690","0.59570","-0.13356","0.9471","0.56671","0.59288","-0.12362","0.9328","0.45539","0.64880","0.00162","0.9651","0.54046","0.64949","0.00639","0.9143","0.44963","0.71863","-0.06213","0.9463","0.54239","0.72034","-0.05543","0.9675","0.45638","0.92051","0.00256","0.9389","0.53948","0.91771","0.01156","0.9110","0.45273","0.94076","0.01558","0.9414","0.54093","0.93788","0.02194","0.9816","0.45654","0.95232","-0.02061","0.9364","0.53917","0.94891","-0.01445","0.9390"
"192","6.4000","0.49897","0.28170","-0.00900","0.9405","0.48057","0.27169","-0.01212","0.9729","0.47990","0.26758","-0.01477","0.9705","0.46825","0.27279","-0.01493","0.9947","0.51010","0.27458","-0.00354","0.9318","0.51737","0.27145","-0.00883","0.9072","0.52505","0.27648","-0.00311","0.9421","0.46398","0.28090","-0.00235","0.9836","0.53089","0.28270","0.00413","0.9398","0.49069","0.31011","-0.01090","0.9473","0.50947","0.30821","-0.00930","0.9629","0.42313","0.40908","-0.01996","0.9476","0.56916","0.40785","-0.01003","0.9475","0.41280","0.50841","-0.08216","0.9885","0.57656","0.50781","-0.07081","0.9537","0.42460","0.57904","-0.13405","0.9519","0.56914","0.57839","-0.12535","0.9197","0.41836","0.59591","-0.13685","0.9417","0.57631","0.59939","-0.12790","0.9499","0.41555","0.59299","-0.13546","0.9563","0.58346","0.59509","-0.12668","0.9365","0.43020","0.59311","-0.13194","0.9667","0.56600","0.59082","-0.12314","0.9323","0.45383","0.64737","0.00228","0.9488","0.54172","0.64569","0.00951","0.9085","0.44853","0.71812","-0.06042","0.9576","0.54414","0.71866","-0.05650","0.9259","0.45514","0.92019","0.00203","0.9529","0.53845","0.91904","0.01154","0.9549","0.45512","0.93832","0.02012","0.9383","0.53947","0.93748","0.02952","0.9205","0.45387","0.94696","-0.02319","0.9584","0.54161","0.94800","-0.01714","0.9489"
"193","6.4333","0.49849","0.28065","-0.00977","0.9430","0.48260","0.26694","-0.01405","0.9353","0.47813","0.26441","-0.01363","0.9422","0.47096","0.27114","-0.01034","0.9705","0.51192","0.26534","-0.00385","0.9521","0.51820","0.26583","-0.00760","0.9815","0.52487","0.27119","-0.00286","0.9094","0.46773","0.28048","-0.00126","0.9862","0.52683","0.27597","0.00433","0.9509","0.48771","0.30203","-0.00787","0.9507","0.50794","0.30561","-0.00465","0.9574","0.42531","0.40328","-0.01416","0.9931","0.56749","0.40488","-0.00827","0.9273","0.41458","0.50720","-0.07992","0.9608","0.58059","0.50496","-0.07253","0.9485","0.42600","0.57843","-0.12984","0.9742","0.57006","0.58038","-0.11937","0.9260","0.41839","0.59835","-0.13339","0.9860","0.57616","0.59838","-0.12627","0.9586","0.41163","0.59256","-0.13529","0.9801","0.58105","0.59187","-0.12859","0.9219","0.43307","0.59052","-0.12622","0.9618","0.56750","0.59289","-0.12144","0.9266","0.45330","0.64330","0.00059","0.9551","0.53728","0.64066","0.01021","0.9513","0.45068","0.71588","-0.06031","0.9818","0.54630","0.71811","-0.05424","0.9410","0.45735","0.92042","0.00097","0.9671","0.53834","0.91786","0.00996","0.9449","0.45247","0.93927","0.01856","0.9299","0.53832","0.93776","0.02337","0.9609","0.45827","0.94834","-0.02335","0.9194","0.53921","0.94987","-0.01553","0.9230"
"194","6.4667","0.49760","0.27940","-0.01270","0.9677","0.48104","0.27074","-0.01147","0.9424","0.47831","0.26660","-0.01275","0.9088","0.47090","0.27182","-0.01032","0.9666","0.51105","0.26626","-0.00414","0.9551","0.51758","0.26701","-0.00696","0.9541","0.52436","0.27139","-0.00326","0.9522","0.46794","0.27927","-0.00268","0.9816","0.52722","0.27626","0.00703","0.9694","0.48645","0.30348","-0.00940","0.9655","0.50796","0.30612","-0.00548","0.9599","0.42542","0.40317","-0.01502","0.9860","0.56915","0.40401","-0.00849","0.9296","0.41226","0.50598","-0.07862","0.9554","0.58052","0.50581","-0.07170","0.9516","0.42482","0.57747","-0.13084","0.9621","0.57102","0.57860","-0.11829","0.9200","0.41703","0.59826","-0.13366","0.9652","0.57657","0.59790","-0.12778","0.9394","0.41197","0.59281","-0.13618","0.9826","0.58062","0.59182","-0.13001","0.9303","0.43385","0.58984","-0.12425","0.9549","0.56816","0.59363","-0.12306","0.9021","0.45519","0.64447","0.00151","0.9695","0.53806","0.64213","0.00910","0.9327","0.45339","0.71657","-0.05938","0.9862","0.54477","0.71902","-0.05228","0.9632","0.45824","0.92012","0.00344","0.9756","0.53910","0.91880","0.01256","0.9218","0.45358","0.94055","0.01851","0.9266","0.53755","0.93708","0.02384","0.9462","0.45764","0.94875","-0.02218","0.9236","0.54036","0.94973","-0.01598","0.9206"
"195","6.5000","0.49659","0.27511","-0.00639","0.9377","0.48449","0.26689","-0.00931","0.9921","0.47890","0.26246","-0.01057","0.9517","0.47233","0.26585","-0.01023","0.9487","0.51285","0.26456","-0.00790","0.9471","0.51929","0.26502","-0.00496","0.9416","0.52296","0.26905","-0.00420","0.9464","0.46502","0.27794","-0.00065","0.9598","0.52942","0.27498","0.00721","0.9618","0.48646","0.30106","-0.00866","0.9790","0.50835","0.29931","-0.01144","0.9347","0.42783","0.39945","-0.01140","0.9692","0.56894","0.40131","-0.01076","0.9366","0.41631","0.50094","-0.07899","0.9355","0.58169","0.50178","-0.07166","0.9178","0.42566","0.58074","-0.12684","0.9755","0.56943","0.57630","-0.11817","0.9689","0.41954","0.59258","-0.13083","0.9860","0.57594","0.59888","-0.12292","0.9474","0.41423","0.59126","-0.13182","0.9374","0.58112","0.58715","-0.12149","0.9345","0.43091","0.59055","-0.12832","0.9438","0.56604","0.58806","-0.11887","0.9366","0.45364","0.63681","0.00275","0.9691","0.54502","0.63901","0.00941","0.9315","0.44564","0.71854","-0.05843","0.9661","0.54138","0.71974","-0.05021","0.9498","0.45435","0.91990","-0.00085","0.9574","0.54012","0.92192","0.00916","0.9458","0.45685","0.94446","0.01797","0.9950","0.54035","0.93944","0.02197","0.9911","0.45379","0.94677","-0.02543","0.9363","0.54044","0.95019","-0.01450","0.9323"
"196","6.5333","0.49518","0.27198","-0.00347","0.9367","0.48369","0.26170","-0.01151","0.9723","0.47932","0.26295","-0.01101","0.9029","0.47380","0.26058","-0.00875","0.9440","0.51289","0.26152","-0.00124","0.9302","0.51674","0.26166","-0.00148","0.9518","0.52476","0.26113","-0.00278","0.9643","0.46509","0.27316","0.00029","0.9950","0.53330","0.26835","0.00653","0.9507","0.48440","0.29846","-0.00460","0.9569","0.50635","0.29662","-0.00664","0.9587","0.42600","0.39336","-0.01319","0.9431","0.57196","0.39470","-0.00637","0.9278","0.41796","0.49932","-0.07535","0.9349","0.58089","0.49644","-0.06769","0.9276","0.42266","0.57576","-0.12284","0.9804","0.57124","0.57264","-0.11250","0.9295","0.42024","0.59491","-0.12536","0.9950","0.57962","0.59471","-0.11633","0.9690","0.41443","0.58983","-0.12765","0.9867","0.57978","0.58952","-0.11720","0.9573","0.43067","0.58945","-0.12204","0.9267","0.56710","0.58888","-0.11511","0.9755","0.45728","0.63228","0.00102","0.9410","0.54035","0.63449","0.01162","0.9275","0.45464","0.71833","-0.05463","0.9334","0.54393","0.72241","-0.04859","0.9333","0.45312","0.91934","0.00255","0.9692","0.54114","0.91846","0.01279","0.9380","0.45601","0.93818","0.01800","0.9481","0.54088","0.93592","0.02487","0.9392","0.45311","0.94851","-0.02192","0.9386","0.54512","0.94706","-0.01596","0.9380"
"197","6.5667","0.50092","0.26668","-0.00399","0.9553","0.48466","0.25524","-0.00945","0.9548","0.47840","0.25415","-0.01088","0.9415","0.47364","0.25765","-0.00623","0.9449","0.51725","0.25779","-0.00228","0.9444","0.51680","0.25364","-0.00625","0.9202","0.52213","0.25465","-0.00206","0.9421","0.46599","0.26315","-0.00008","0.9904","0.53108","0.26899","0.00532","0.9398","0.48666","0.29149","-0.00367","0.9793","0.50663","0.29028","-0.00394","0.9526","0.42606","0.39052","-0.01821","0.9339","0.57064","0.39083","-0.00567","0.9622","0.41611","0.49577","-0.07330","0.9603","0.57949","0.49679","-0.06936","0.9686","0.42435","0.57206","-0.11789","0.9719","0.57064","0.57555","-0.11240","0.9499","0.41925","0.59295","-0.12057","0.9426","0.58086","0.59065","-0.11454","0.9252","0.41514","0.58701","-0.12397","0.9243","0.58172","0.58724","-0.11211","0.9481","0.43227","0.58484","-0.11655","0.9726","0.56549","0.58623","-0.11075","0.9359","0.45260","0.63032","-0.00128","0.9497","0.53955","0.62674","0.00767","0.9420","0.45295","0.72065","-0.05095","0.9834","0.54134","0.71462","-0.04549","0.9270","0.45327","0.92055","0.00051","0.9747","0.54105","0.91781","0.00735","0.9790","0.45654","0.93852","0.01309","0.9616","0.53850","0.93795","0.02664","0.9497","0.45549","0.94961","-0.02113","0.9679","0.53977","0.94832","-0.01688","0.9403"
"198","6.6000","0.49969","0.26313","-0.00516","0.9481","0.48421","0.25092","-0.00761","0.9709","0.47315","0.24828","-0.00873","0.9743","0.47333","0.25044","-0.00946","0.9810","0.51024","0.24814","-0.00004","0.9265","0.51734","0.24730","-0.00432","0.9046","0.52436","0.25160","0.00312","0.9614","0.46824","0.26122","0.00276","0.9358","0.52711","0.25865","0.01032","0.9121","0.48971","0.28518","-0.00555","0.9289","0.50609","0.28498","-0.00463","0.9658","0.42784","0.38248","-0.01184","0.9380","0.57115","0.38769","-0.00483","0.9258","0.41161","0.48910","-0.06616","0.9645","0.57976","0.49332","-0.06315","0.9245","0.42931","0.56637","-0.11105","0.9186","0.57164","0.56725","-0.10639","0.9403","0.41702","0.58823","-0.11959","0.9612","0.58195","0.59065","-0.10831","0.9903","0.41407","0.58320","-0.11955","0.9759","0.58120","0.58526","-0.11032","0.9490","0.42841","0.58602","-0.11448","0.9398","0.56440","0.58411","-0.10390","0.9227","0.45515","0.62016","-0.00044","0.9701","0.54155","0.62170","0.01138","0.9283","0.45214","0.71928","-0.05011","0.9489","0.54291","0.71921","-0.04157","0.9289","0.45540","0.91842","-0.00167","0.9867","0.53942","0.92009","0.01222","0.9340","0.46115","0.94192","0.01920","0.9751","0.54300","0.93889","0.02149","0.9545","0.45542","0.94896","-0.02238","0.9750","0.54073","0.95026","-0.01552","0.9735"
"199","6.6333","0.50001","0.26302","-0.00747","0.9194","0.48290","0.25090","-0.00854","0.9779","0.47539","0.24842","-0.00792","0.9531","0.47192","0.24958","-0.00850","0.9870","0.51178","0.24771","0.00014","0.9646","0.51922","0.24774","-0.00311","0.9247","0.52466","0.25217","0.00362","0.9535","0.46710","0.25975","0.00245","0.9640","0.53150","0.25851","0.01151","0.9290","0.48884","0.28493","-0.00598","0.9475","0.50702","0.28584","-0.00413","0.9313","0.42718","0.38293","-0.01312","0.9367","0.57126","0.38500","-0.00284","0.9364","0.41192","0.48902","-0.06933","0.9533","0.57917","0.49147","-0.06238","0.9223","0.42815","0.56917","-0.11031","0.9154","0.56998","0.56708","-0.10803","0.9382","0.41659","0.58744","-0.11929","0.9638","0.58208","0.58996","-0.10836","0.9892","0.41547","0.58408","-0.12009","0.9579","0.58281","0.58601","-0.11178","0.9609","0.42821","0.58490","-0.11408","0.9548","0.56586","0.58558","-0.10373","0.8924","0.45444","0.61935","0.00103","0.9446","0.54155","0.62237","0.00912","0.9398","0.45378","0.72047","-0.05023","0.9547","0.54129","0.71863","-0.04082","0.9475","0.45648","0.91916","-0.00089","0.9794","0.54062","0.91889","0.00960","0.9297","0.45988","0.93964","0.01839","0.9854","0.54342","0.93767","0.02282","0.9443","0.45606","0.94879","-0.02145","0.9528","0.54142","0.94792","-0.01482","0.9425"
"200","6.6667","0.49892","0.25087","-0.00185","0.9950","0.48370","0.24195","-0.00797","0.9731","0.47613","0.24314","-0.00666","0.9848","0.47301","0.24469","-0.00795","0.9539","0.51125","0.24648","-0.00163","0.9105","0.51706","0.24115","-0.00154","0.9699","0.52507","0.24346","0.00020","0.9608","0.46630","0.24927","0.00088","0.9786","0.52807","0.25354","0.00589","0.9599","0.48824","0.28107","-0.00292","0.9702","0.51227","0.28017","-0.00639","0.9436","0.42704","0.37680","-0.01310","0.9698","0.56887","0.37563","-0.00258","0.9367","0.41722","0.48560","-0.06494","0.9764","0.57968","0.48761","-0.05768","0.9317","0.42543","0.56426","-0.10817","0.9813","0.56980","0.56777","-0.09936","0.9277","0.41625","0.58982","-0.11220","0.9388","0.57849","0.58450","-0.10504","0.9383","0.41356","0.58369","-0.11235","0.9950","0.58125","0.58298","-0.10734","0.9389","0.42890","0.57983","-0.10319","0.9479","0.56729","0.58191","-0.09902","0.9846","0.45759","0.61227","0.00057","0.9798","0.54218","0.61020","0.00814","0.9279","0.45246","0.71768","-0.04652","0.9759","0.54257","0.72096","-0.03861","0.9628","0.45530","0.92104","0.00114","0.9736","0.53859","0.91782","0.00750","0.9172","0.45617","0.93766","0.01881","0.9693","0.54228","0.93975","0.02728","0.9492","0.45619","0.94947","-0.02088","0.9785","0.53877","0.94760","-0.01604","0.9652"
"201","6.7000","0.50120","0.24783","-0.00070","0.9475","0.48517","0.23659","-0.00132","0.9671","0.47883","0.23886","-0.00736","0.9441","0.47333","0.23831","-0.00623","0.9413","0.51161","0.23449","0.00075","0.9547","0.51815","0.23352","-0.00005","0.9349","0.52259","0.23803","0.00474","0.9766","0.46720","0.24805","0.00439","0.9497","0.53057","0.24735","0.01042","0.9490","0.48721","0.27045","-0.00536","0.9534","0.50908","0.27314","-0.00217","0.9847","0.42574","0.36890","-0.01093","0.9536","0.57086","0.37186","-0.00108","0.9305","0.41815","0.47863","-0.06351","0.9474","0.58155","0.48065","-0.05429","0.9402","0.42752","0.56423","-0.10348","0.9798","0.57319","0.56340","-0.08987","0.9192","0.41670","0.58391","-0.10784","0.9830","0.57847","0.58232","-0.09875","0.9177","0.41412","0.57936","-0.10830","0.9623","0.58110","0.57953","-0.09813","0.9491","0.42968","0.57852","-0.10040","0.9731","0.56546","0.57965","-0.09453","0.9583","0.45598","0.60211","-0.00204","0.9579","0.54261","0.60017","0.00663","0.9120","0.45229","0.72316","-0.04163","0.9523","0.54255","0.71893","-0.03556","0.9584","0.45632","0.92155","0.00143","0.9567","0.54113","0.91612","0.00654","0.9357","0.45638","0.94045","0.01505","0.9708","0.53912","0.93891","0.02623","0.9337","0.45528","0.94683","-0.02275","0.9394","0.54279","0.94638","-0.01583","0.9441"
"202","6.7333","0.49908","0.23961","0.00140","0.9907","0.48369","0.23065","-0.00520","0.9651","0.48065","0.22789","-0.00359","0.9436","0.47224","0.22931","-0.00640","0.9652","0.51085","0.22815","0.00190","0.9605","0.51883","0.23070","0.00134","0.9572","0.52252","0.22656","0.00504","0.9532","0.46679","0.23896","0.00541","0.9423","0.52981","0.23768","0.01203","0.9450","0.48834","0.26340","0.00051","0.9773","0.50844","0.25960","-0.00264","0.9518","0.42495","0.36125","-0.01017","0.9742","0.56942","0.36167","0.00045","0.9169","0.41800","0.47488","-0.05681","0.9429","0.58107","0.47671","-0.05025","0.9943","0.42337","0.56139","-0.09874","0.9784","0.56954","0.56367","-0.09016","0.9526","0.42053","0.58486","-0.09825","0.9400","0.57701","0.58262","-0.09390","0.9353","0.41448","0.57357","-0.10150","0.9572","0.58451","0.57796","-0.09262","0.9498","0.42901","0.57676","-0.09569","0.9407","0.56964","0.57555","-0.08704","0.9313","0.45917","0.59405","-0.00027","0.9857","0.54254","0.59173","0.00933","0.9521","0.45749","0.71586","-0.03901","0.9353","0.54370","0.72167","-0.03138","0.9241","0.45682","0.91871","0.00429","0.9755","0.54133","0.92135","0.00909","0.9648","0.45492","0.94256","0.01950","0.9513","0.54077","0.94039","0.02511","0.9326","0.45659","0.94791","-0.02241","0.9511","0.54213","0.94884","-0.01568","0.9513"
"203","6.7667","0.50036","0.23160","-0.00021","0.9809","0.48477","0.22065","-0.00183","0.9837","0.47981","0.21841","-0.00512","0.9790","0.47305","0.22066","-0.00496","0.9592","0.51456","0.22245","0.00279","0.9410","0.51733","0.22098","0.00403","0.9171","0.52435","0.22298","0.00442","0.9350","0.46612","0.23102","0.00895","0.9466","0.53171","0.22973","0.01314","0.9252","0.49040","0.25315","-0.00197","0.9670","0.50898","0.25588","-0.00152","0.9430","0.42542","0.35306","-0.00725","0.9906","0.57088","0.35202","0.00266","0.9507","0.41893","0.46784","-0.05268","0.9830","0.57802","0.46942","-0.04749","0.9055","0.42651","0.56086","-0.08916","0.9476","0.56834","0.55718","-0.07797","0.9495","0.41716","0.57851","-0.09475","0.9661","0.57886","0.57986","-0.08975","0.9433","0.41279","0.57452","-0.09357","0.9633","0.58141","0.57361","-0.08717","0.9157","0.43186","0.57276","-0.08893","0.9792","0.56825","0.57586","-0.08655","0.9338","0.45444","0.58255","-0.00054","0.9475","0.53886","0.58650","0.00561","0.9467","0.45453","0.71891","-0.03512","0.9569","0.54344","0.71927","-0.02823","0.9245","0.45724","0.92049","0.00362","0.9754","0.54092","0.91998","0.00864","0.9083","0.45789","0.93754","0.01611","0.9761","0.54169","0.93545","0.02131","0.9510","0.45358","0.94556","-0.02572","0.9770","0.53799","0.94754","-0.01809","0.9340"
"204","6.8000","0.50140","0.23071","0.00036","0.9516","0.48273","0.22140","-0.00185","0.9944","0.48027","0.21965","-0.00355","0.9492","0.47223","0.22051","-0.00482","0.9635","0.51532","0.22364","0.00224","0.9368","0.51994","0.22019","0.00562","0.9259","0.52331","0.22236","0.00227","0.9472","0.46838","0.23153","0.00808","0.9428","0.52992","0.23046","0.01587","0.9084","0.49208","0.25456","-0.00018","0.9412","0.50688","0.25596","-0.00210","0.9667","0.42677","0.35407","-0.00576","0.9626","0.57182","0.35249","0.00170","0.9549","0.42094","0.46897","-0.05295","0.9606","0.57826","0.46694","-0.04784","0.9212","0.42714","0.56083","-0.08974","0.9495","0.56944","0.55630","-0.07876","0.9521","0.41604","0.57818","-0.09403","0.9701","0.57866","0.57867","-0.08966","0.9602","0.41162","0.57377","-0.09092","0.9584","0.58168","0.57264","-0.08645","0.9225","0.43263","0.57307","-0.08934","0.9772","0.56874","0.57530","-0.08608","0.9125","0.45475","0.58325","-0.00045","0.9134","0.54063","0.58589","0.00770","0.9606","0.45411","0.72142","-0.03355","0.9708","0.54371","0.72011","-0.02524","0.9155","0.45736","0.92082","0.00351","0.9583","0.53945","0.91830","0.01095","0.9121","0.45732","0.93935","0.01504","0.9476","0.54179","0.93389","0.02330","0.9171","0.45522","0.94550","-0.02682","0.9891","0.53843","0.94598","-0.01881","0.9333"
"205","6.8333","0.49932","0.22288","0.00024","0.9505","0.48400","0.21245","-0.00028","0.9921","0.47882","0.21213","-0.00318","0.9827","0.47327","0.20650","-0.00125","0.9927","0.51581","0.21507","0.00483","0.9397","0.51886","0.21405","0.00206","0.9510","0.52403","0.20941","0.00519","0.9321","0.46601","0.22323","0.00942","0.9500","0.53089","0.22661","0.01553","0.9496","0.49089","0.24989","-0.00052","0.9599","0.51032","0.24929","-0.00021","0.9404","0.42665","0.34367","-0.00538","0.9790","0.57203","0.34537","0.00108","0.9192","0.41551","0.46120","-0.04992","0.9203","0.58368","0.46229","-0.04120","0.9332","0.42708","0.55769","-0.08464","0.9778","0.57027","0.55608","-0.07471","0.9180","0.41728","0.57698","-0.08835","0.9624","0.57740","0.57735","-0.08149","0.9153","0.41420","0.56854","-0.08687","0.9678","0.58425","0.57382","-0.07889","0.9579","0.43152","0.57342","-0.08035","0.9279","0.56698","0.57175","-0.07936","0.9382","0.45842","0.57486","-0.00361","0.9854","0.54009","0.57297","0.00763","0.9286","0.45337","0.71693","-0.02828","0.9465","0.54371","0.72014","-0.02213","0.9090","0.45649","0.91784","0.00358","0.9512","0.54524","0.91779","0.00895","0.9178","0.45697","0.93912","0.01640","0.9781","0.54205","0.93614","0.02368","0.9502","0.45943","0.95004","-0.02571","0.9447","0.54254","0.94698","-0.01610","0.9261"
"206","6.8667","0.49962","0.21531","0.00239","0.9770","0.48370","0.20596","-0.00196","0.9683","0.47793","0.20345","-0.00059","0.9639","0.47488","0.20955","-0.00017","0.9830","0.50919","0.20515","0.00830","0.9435","0.52048","0.20508","0.00668","0.9380","0.52708","0.20435","0.00966","0.9161","0.46711","0.21732","0.01003","0.9754","0.53192","0.21483","0.01750","0.9631","0.48942","0.23936","0.00188","0.9950","0.50974","0.24119","0.00559","0.9593","0.42665","0.33865","-0.00221","0.9482","0.57259","0.33838","0.00467","0.9287","0.41256","0.45701","-0.04464","0.9672","0.57948","0.45453","-0.03801","0.9450","0.42413","0.55560","-0.07632","0.9339","0.57290","0.55032","-0.06456","0.9307","0.41887","0.57176","-0.07967","0.9278","0.57849","0.57261","-0.07405","0.9397","0.41463","0.56895","-0.08300","0.9748","0.58324","0.56645","-0.07495","0.9528","0.43080","0.56813","-0.07907","0.9184","0.56492","0.56694","-0.06560","0.9579","0.45838","0.56559","-0.00140","0.9363","0.54124","0.56865","0.00505","0.9362","0.45393","0.71799","-0.02397","0.9676","0.54169","0.71652","-0.01889","0.9448","0.45638","0.91902","0.00031","0.9653","0.53905","0.92037","0.00874","0.9318","0.45438","0.93932","0.01551","0.9576","0.53770","0.93943","0.02038","0.9546","0.45483","0.94723","-0.02300","0.9647","0.54275","0.94679","-0.01901","0.9320"
"207","6.9000","0.49978","0.20704","0.00343","0.9466","0.48662","0.19918","-0.00073","0.9247","0.47755","0.19633","0.00166","0.9512","0.47127","0.20153","-0.00288","0.9486","0.51075","0.19885","0.00987","0.9668","0.52111","0.19526","0.00774","0.9311","0.52372","0.19937","0.00481","0.9431","0.46714","0.20836","0.00838","0.9669","0.53365","0.20673","0.01758","0.9600","0.49205","0.23350","0.00165","0.9305","0.51071","0.23688","0.00723","0.9628","0.42710","0.33430","-0.00308","0.9228","0.57135","0.33241","0.00386","0.9720","0.41602","0.45221","-0.04313","0.9950","0.57997","0.45237","-0.03619","0.9254","0.42462","0.54914","-0.06954","0.9215","0.56983","0.54885","-0.06368","0.9269","0.41986","0.56996","-0.07398","0.9920","0.57541","0.57229","-0.06968","0.9082","0.41546","0.56655","-0.07329","0.9768","0.58200","0.56543","-0.06663","0.9280","0.43204","0.56451","-0.07351","0.9435","0.56796","0.56533","-0.06127","0.9626","0.45839","0.55901","-0.00396","0.9849","0.54252","0.55942","0.00583","0.9841","0.45266","0.72027","-0.02188","0.9602","0.54011","0.71848","-0.01590","0.9442","0.45585","0.91736","0.00184","0.9408","0.54244","0.91806","0.00868","0.9404","0.45303","0.93870","0.01866","0.9654","0.53992","0.93785","0.02277","0.9388","0.45775","0.94993","-0.02645","0.9419","0.54127","0.95207","-0.01733","0.9381"
"208","6.9333","0.49997","0.20954","0.00459","0.9729","0.48674","0.20048","-0.00010","0.9502","0.47903","0.19671","0.00182","0.9653","0.47352","0.20287","-0.00144","0.9302","0.50988","0.19822","0.00820","0.9536","0.51996","0.19644","0.00855","0.9447","0.52464","0.19959","0.00571","0.9202","0.46626","0.20695","0.00991","0.9698","0.53394","0.20626","0.01614","0.9505","0.49065","0.23311","0.00307","0.9370","0.51009","0.23768","0.00652","0.9566","0.42793","0.33267","-0.00413","0.9360","0.57223","0.33296","0.00476","0.9773","0.41733","0.45300","-0.04305","0.9625","0.58043","0.45067","-0.03746","0.9326","0.42498","0.55001","-0.07147","0.9256","0.56902","0.55035","-0.06261","0.9425","0.41703","0.56940","-0.07571","0.9789","0.57712","0.57337","-0.06979","0.9180","0.41562","0.56696","-0.07627","0.9580","0.58283","0.56383","-0.06431","0.9032","0.43212","0.56441","-0.07142","0.9419","0.56731","0.56645","-0.06081","0.9537","0.45666","0.55866","-0.00480","0.9689","0.54371","0.55834","0.00286","0.9828","0.45476","0.71933","-0.02282","0.9442","0.54087","0.71789","-0.01610","0.9569","0.45615","0.91747","0.00158","0.9345","0.54424","0.91915","0.01073","0.9166","0.45563","0.93603","0.01803","0.9599","0.54105","0.93757","0.02212","0.9512","0.45760","0.95132","-0.02688","0.9736","0.54439","0.95008","-0.01778","0.9242"
"209","6.9667","0.49728","0.20187","0.00682","0.9693","0.48601","0.19150","0.00041","0.9577","0.47732","0.18706","0.00358","0.9828","0.47372","0.19159","-0.00033","0.9632","0.51246","0.19738","0.00586","0.9655","0.51982","0.19440","0.01220","0.9545","0.52481","0.19241","0.01258","0.9407","0.46757","0.20243","0.01171","0.9693","0.53019","0.20411","0.01801","0.9614","0.48867","0.22802","0.00623","0.9533","0.50959","0.22933","0.00471","0.9531","0.43024","0.31892","0.00164","0.9484","0.57195","0.32248","0.00853","0.9604","0.41961","0.44659","-0.03841","0.9797","0.58119","0.44871","-0.03314","0.9437","0.42730","0.54846","-0.06499","0.9394","0.57048","0.54736","-0.06184","0.9373","0.42013","0.56607","-0.07208","0.9376","0.58000","0.56758","-0.06308","0.9440","0.41299","0.56494","-0.06819","0.9441","0.58440","0.56180","-0.06302","0.9464","0.42609","0.56243","-0.06254","0.9732","0.56854","0.56313","-0.05523","0.9175","0.45746","0.55067","-0.00323","0.9784","0.54072","0.55121","0.00399","0.9288","0.45839","0.71830","-0.01561","0.9263","0.54216","0.72137","-0.01238","0.9869","0.45761","0.91949","0.00284","0.9739","0.54016","0.91958","0.00749","0.9471","0.45616","0.93991","0.01529","0.9253","0.54147","0.93967","0.02554","0.9490","0.45892","0.94954","-0.02020","0.9825","0.54205","0.94770","-0.01900","0.9256"
"210","7.0000","0.49958","0.19830","0.00718","0.9379","0.48573","0.18962","0.00293","0.9865","0.47963","0.18386","0.00301","0.9897","0.47187","0.18875","0.00343","0.9536","0.51193","0.18676","0.01048","0.9218","0.52191","0.18286","0.00781","0.9151","0.52703","0.18698","0.00842","0.9657","0.46586","0.19737","0.01105","0.9558","0.53524","0.19548","0.01953","0.9480","0.48766","0.22187","0.00623","0.9494","0.51039","0.22030","0.00342","0.9419","0.42857","0.31701","0.00019","0.9507","0.56987","0.31721","0.01194","0.9433","0.42057","0.44386","-0.03316","0.9464","0.57942","0.44137","-0.02491","0.9123","0.42826","0.54524","-0.06007","0.9546","0.57294","0.54859","-0.05171","0.9405","0.41988","0.57084","-0.06516","0.9575","0.57929","0.56799","-0.05467","0.9491","0.41790","0.55995","-0.06467","0.9708","0.58211","0.56230","-0.05518","0.9377","0.43110","0.56027","-0.05837","0.9504","0.56504","0.55667","-0.05307","0.9515","0.45800","0.54352","-0.00498","0.9012","0.54297","0.53884","0.00345","0.9726","0.45490","0.71865","-0.01588","0.9657","0.53958","0.71786","-0.00893","0.9468","0.45680","0.92048","-0.00144","0.9553","0.54109","0.92014","0.00728","0.9687","0.45702","0.93760","0.01444","0.9530","0.54113","0.93941","0.01829","0.9496","0.45949","0.94940","-0.02617","0.9475","0.54227","0.95129","-0.01598","0.9558"
"211","7.0333","0.49678","0.19147","0.00776","0.9409","0.48430","0.18148","0.00043","0.9508","0.48170","0.18117","0.00192","0.9708","0.47324","0.18129","0.00433","0.9377","0.51243","0.18066","0.01146","0.9597","0.51846","0.17921","0.00931","0.9547","0.52623","0.18084","0.01050","0.9163","0.47074","0.19258","0.01245","0.9362","0.53002","0.19044","0.02185","0.9276","0.48966","0.21618","0.01066","0.9881","0.50910","0.21407","0.00768","0.9936","0.42597","0.31173","0.00111","0.9680","0.56954","0.31313","0.00806","0.9304","0.41930","0.43508","-0.02847","0.9950","0.58136","0.43755","-0.02672","0.9059","0.42859","0.54316","-0.05526","0.9497","0.57208","0.54609","-0.04831","0.9265","0.41960","0.56269","-0.05919","0.9681","0.58006","0.56378","-0.05397","0.9362","0.41496","0.56168","-0.06062","0.9721","0.58113","0.55877","-0.05293","0.9617","0.43092","0.55854","-0.05728","0.9506","0.56956","0.55840","-0.04852","0.9175","0.45668","0.53427","-0.00047","0.9950","0.53961","0.53698","0.00518","0.9420","0.45787","0.71984","-0.01235","0.9751","0.53923","0.71980","-0.00098","0.9372","0.45838","0.92169","0.00232","0.9503","0.54140","0.92068","0.00876","0.9377","0.45869","0.94114","0.01592","0.9681","0.53857","0.93932","0.02344","0.9482","0.45648","0.94649","-0.02200","0.9330","0.54240","0.94525","-0.01628","0.9775"
"212","7.0667","0.49877","0.18622","0.00850","0.9613","0.48486","0.17476","0.00473","0.9558","0.48186","0.17749","0.00525","0.9612","0.47218","0.17993","0.00472","0.9243","0.51251","0.17766","0.00974","0.9553","0.51931","0.17518","0.01185","0.9610","0.52342","0.17519","0.01017","0.9210","0.46836","0.18994","0.01532","0.9827","0.53192","0.18888","0.02108","0.9703","0.48902","0.21503","0.01175","0.9359","0.51071","0.21180","0.00846","0.9504","0.42827","0.30716","0.00348","0.9733","0.57137","0.30589","0.01121","0.9184","0.41800","0.43482","-0.02652","0.9529","0.58019","0.43514","-0.02204","0.9348","0.42594","0.54089","-0.04861","0.9423","0.57307","0.54114","-0.04547","0.9519","0.41833","0.55668","-0.05788","0.9950","0.57743","0.56531","-0.04651","0.9410","0.41838","0.55841","-0.05500","0.9721","0.58528","0.55740","-0.04734","0.9684","0.43241","0.55780","-0.05111","0.9496","0.56454","0.55750","-0.04417","0.9482","0.45410","0.52717","-0.00489","0.9679","0.54080","0.52562","0.00268","0.9085","0.45971","0.71714","-0.01049","0.9541","0.54246","0.71529","-0.00217","0.9527","0.45881","0.92023","0.00126","0.9761","0.54092","0.91826","0.00889","0.9433","0.45607","0.93666","0.01649","0.9657","0.54438","0.93994","0.02167","0.9377","0.45413","0.94943","-0.02409","0.9788","0.53783","0.95282","-0.01819","0.9312"
"213","7.1000","0.49788","0.18417","0.00964","0.9829","0.48556","0.17561","0.00347","0.9724","0.48208","0.17617","0.00475","0.9633","0.47371","0.17918","0.00466","0.9574","0.51023","0.17705","0.01004","0.9331","0.52104","0.17493","0.01216","0.9422","0.52508","0.17913","0.01136","0.9458","0.46831","0.19078","0.01473","0.9528","0.53066","0.18595","0.02031","0.9705","0.48878","0.21514","0.01054","0.9266","0.51157","0.21021","0.00800","0.9392","0.42945","0.30786","0.00407","0.9790","0.57043","0.30545","0.01234","0.9371","0.41819","0.43564","-0.02583","0.9483","0.57795","0.43541","-0.02084","0.9355","0.42622","0.54010","-0.04942","0.9486","0.57291","0.54194","-0.04461","0.9453","0.41758","0.55628","-0.05580","0.9797","0.57831","0.56411","-0.04705","0.9392","0.41839","0.55627","-0.05348","0.9639","0.58477","0.55890","-0.04663","0.9734","0.43208","0.55733","-0.05064","0.9438","0.56355","0.55765","-0.04338","0.9608","0.45526","0.52726","-0.00359","0.9805","0.53993","0.52649","0.00343","0.9234","0.45858","0.71605","-0.00913","0.9637","0.54141","0.71430","-0.00399","0.9672","0.45745","0.92076","0.00111","0.9484","0.54062","0.91810","0.00835","0.9443","0.45746","0.93482","0.01621","0.9459","0.54346","0.93993","0.02067","0.9369","0.45263","0.94920","-0.02338","0.9950","0.53909","0.95330","-0.01671","0.9316"
"214","7.1333","0.49856","0.18803","0.00913","0.9443","0.48537","0.17674","0.00399","0.9453","0.47880","0.16903","0.00284","0.9575","0.47478","0.17346","0.00565","0.9401","0.51602","0.17329","0.01216","0.9289","0.52112","0.17188","0.01252","0.9527","0.52539","0.17333","0.01422","0.9831","0.46925","0.18480","0.01370","0.9265","0.53122","0.18171","0.02020","0.9440","0.49231","0.20731","0.00895","0.9510","0.50996","0.20575","0.00700","0.9292","0.42688","0.30005","0.00187","0.9623","0.57062","0.30284","0.01168","0.9172","0.41979","0.43231","-0.02510","0.9360","0.58309","0.43148","-0.01842","0.9742","0.42845","0.53834","-0.04850","0.9856","0.57319","0.54048","-0.03987","0.9471","0.41637","0.56007","-0.05537","0.9279","0.57983","0.56015","-0.04446","0.9366","0.41657","0.55390","-0.05232","0.9229","0.58053","0.55735","-0.04424","0.9483","0.42985","0.55637","-0.04880","0.9666","0.56760","0.55540","-0.04072","0.9407","0.45790","0.52479","-0.00511","0.9685","0.54184","0.52557","0.00382","0.9312","0.45644","0.72222","-0.01111","0.9535","0.54175","0.71384","0.00199","0.9316","0.45992","0.91686","0.00098","0.9806","0.53960","0.91894","0.00793","0.9507","0.45728","0.93931","0.01765","0.9944","0.54275","0.93812","0.02136","0.9338","0.45504","0.94680","-0.02287","0.9454","0.54327","0.94904","-0.01468","0.9594"
"215","7.1667","0.50241","0.18002","0.01197","0.9546","0.48647","0.17093","0.00532","0.9411","0.48384","0.16885","0.00616","0.9514","0.46848","0.17002","0.00761","0.9938","0.51426","0.17403","0.01401","0.9421","0.51953","0.17031","0.01118","0.9524","0.52650","0.17248","0.00900","0.9582","0.46776","0.18152","0.01704","0.9643","0.53123","0.18610","0.02281","0.9584","0.49057","0.20189","0.00949","0.9671","0.50879","0.21000","0.00872","0.9479","0.42715","0.30094","0.00601","0.9644","0.57115","0.30041","0.01305","0.9409","0.42074","0.42914","-0.02645","0.9459","0.58095","0.43013","-0.01532","0.9350","0.42663","0.54234","-0.04608","0.9692","0.57427","0.53711","-0.03913","0.9363","0.41811","0.56256","-0.05286","0.9840","0.57951","0.55954","-0.04330","0.9358","0.41307","0.55388","-0.04997","0.9428","0.58365","0.55459","-0.04725","0.9430","0.43122","0.55652","-0.04502","0.9457","0.56628","0.55070","-0.03761","0.9464","0.45709","0.52021","-0.00313","0.9578","0.54231","0.52071","0.00327","0.9251","0.46091","0.71739","-0.00648","0.9589","0.54401","0.71959","-0.00007","0.9480","0.45954","0.91880","0.00191","0.9757","0.54548","0.92081","0.00817","0.9251","0.45461","0.93844","0.01597","0.9616","0.53995","0.93951","0.02541","0.9137","0.45827","0.94828","-0.02323","0.9786","0.54321","0.94806","-0.01765","0.9521"
"216","7.2000","0.49896","0.18064","0.00752","0.9659","0.48271","0.17004","0.01004","0.9530","0.48062","0.16620","0.00670","0.9900","0.47578","0.16839","0.00458","0.9874","0.51261","0.16792","0.01312","0.9717","0.51879","0.16412","0.01296","0.9153","0.52496","0.17170","0.01480","0.9653","0.46786","0.18112","0.01226","0.9771","0.53413","0.17975","0.02189","0.9549","0.48932","0.20488","0.00913","0.9365","0.50775","0.20675","0.00834","0.9796","0.42708","0.30058","0.00320","0.9457","0.57393","0.29940","0.01537","0.9266","0.41870","0.43049","-0.02278","0.9488","0.58048","0.42684","-0.01637","0.9207","0.42995","0.54129","-0.04625","0.9285","0.57136","0.54132","-0.03793","0.9345","0.41866","0.55880","-0.05125","0.9631","0.57834","0.55960","-0.04108","0.9635","0.41520","0.55362","-0.05071","0.9694","0.58365","0.55480","-0.04263","0.9454","0.43290","0.55301","-0.04214","0.9505","0.56784","0.55424","-0.03859","0.9468","0.45780","0.51803","-0.00089","0.9427","0.54050","0.51971","0.00343","0.9580","0.45848","0.71758","-0.00536","0.9610","0.54250","0.71818","0.00424","0.9525","0.46005","0.91622","0.00193","0.9890","0.54248","0.91465","0.00633","0.9390","0.45698","0.93750","0.01599","0.9605","0.54212","0.93853","0.02245","0.9581","0.45971","0.95156","-0.02508","0.9401","0.54121","0.94930","-0.01875","0.9486"
"217","7.2333","0.50062","0.18259","0.00802","0.9362","0.48893","0.17066","0.00646","0.9752","0.48323","0.16815","0.00885","0.9685","0.47390","0.16910","0.00521","0.9414","0.51043","0.16642","0.01716","0.9531","0.51944","0.16661","0.01296","0.9475","0.52808","0.16804","0.01405","0.9347","0.46917","0.17855","0.01511","0.9452","0.53232","0.17992","0.02573","0.9467","0.49078","0.20324","0.00867","0.9340","0.51023","0.20351","0.00802","0.9626","0.42920","0.30137","0.00640","0.9517","0.57501","0.30204","0.00942","0.9413","0.41978","0.42992","-0.02630","0.9895","0.58294","0.42921","-0.01639","0.9485","0.42508","0.53814","-0.04113","0.9950","0.57041","0.53775","-0.03855","0.9126","0.42181","0.55596","-0.04987","0.9319","0.57866","0.55898","-0.04122","0.9409","0.41805","0.55322","-0.04810","0.9638","0.58424","0.55669","-0.04378","0.9230","0.43135","0.55631","-0.04440","0.9489","0.56517","0.55452","-0.03765","0.9302","0.45668","0.52117","-0.00391","0.9279","0.54151","0.52009","0.00342","0.9750","0.45707","0.71777","-0.00573","0.9135","0.54374","0.71506","0.00222","0.9410","0.45840","0.91993","-0.00204","0.9758","0.54205","0.91552","0.00878","0.9379","0.45643","0.93835","0.01629","0.9390","0.54343","0.93878","0.02402","0.9490","0.46267","0.94897","-0.02492","0.9681","0.54379","0.94968","-0.01822","0.9187"
"218","7.2667","0.50280","0.17777","0.00815","0.9667","0.48848","0.16634","0.00731","0.9849","0.48011","0.17005","0.00444","0.9477","0.47662","0.16887","0.00670","0.9812","0.51547","0.16996","0.01321","0.9556","0.52282","0.16591","0.00908","0.9645","0.52981","0.16788","0.01253","0.9117","0.47241","0.17877","0.01542","0.9889","0.53322","0.17884","0.02118","0.9576","0.49317","0.20238","0.01081","0.9630","0.50927","0.20535","0.01097","0.9580","0.43024","0.29713","0.00764","0.9585","0.57415","0.29880","0.01753","0.9250","0.42318","0.43221","-0.02688","0.9361","0.58308","0.42506","-0.02176","0.9470","0.42471","0.54238","-0.04453","0.9436","0.57376","0.54203","-0.03620","0.9356","0.42282","0.55657","-0.05048","0.9692","0.58148","0.55909","-0.04168","0.9320","0.41407","0.55445","-0.04737","0.9813","0.58693","0.55311","-0.04599","0.9305","0.43274","0.55321","-0.04255","0.9884","0.56849","0.55645","-0.03780","0.9653","0.46046","0.51903","-0.00625","0.9530","0.54289","0.52062","0.00246","0.9490","0.45734","0.71768","-0.00639","0.9613","0.54528","0.71930","0.00054","0.9561","0.45856","0.92026","0.00476","0.9359","0.54482","0.92000","0.01121","0.9219","0.45839","0.93820","0.01705","0.9482","0.54267","0.94033","0.02124","0.9177","0.45875","0.95183","-0.02308","0.9457","0.54063","0.95055","-0.01682","0.9523"
"219","7.3000","0.50275","0.17539","0.00585","0.9600","0.48624","0.16711","0.00590","0.9598","0.48043","0.16691","0.00684","0.9207","0.47285","0.16881","0.00164","0.9336","0.51761","0.16946","0.01357","0.9368","0.51899","0.16879","0.01129","0.9437","0.52655","0.17030","0.01306","0.9503","0.46914","0.17845","0.01468","0.9785","0.53441","0.17902","0.02089","0.9446","0.49165","0.20353","0.00804","0.9441","0.51469","0.20397","0.00717","0.9491","0.43069","0.29823","0.00564","0.9605","0.57437","0.29809","0.01014","0.9057","0.41967","0.42968","-0.02456","0.9774","0.58412","0.42796","-0.01598","0.9352","0.43211","0.53984","-0.04662","0.9594","0.57337","0.54101","-0.03753","0.9571","0.42198","0.56058","-0.04836","0.9636","0.58496","0.55987","-0.04359","0.9395","0.41793","0.55460","-0.05115","0.9684","0.58823","0.55154","-0.04383","0.9512","0.43145","0.55267","-0.04437","0.9950","0.56627","0.55538","-0.04079","0.9242","0.45770","0.51696","-0.00902","0.9610","0.54243","0.52133","0.00089","0.9724","0.45936","0.71712","-0.00709","0.9202","0.54328","0.71938","0.00281","0.9260","0.46160","0.91991","-0.00094","0.9776","0.54123","0.91620","0.00642","0.9385","0.45851","0.93697","0.01627","0.9227","0.54254","0.93982","0.02254","0.9614","0.46316","0.95172","-0.02386","0.9950","0.54242","0.94837","-0.01900","0.9040"
"220","7.3333","0.50033","0.18085","0.00878","0.9711","0.48530","0.16825","0.00801","0.9869","0.48396","0.16606","0.00805","0.9522","0.47686","0.16712","0.00492","0.9738","0.51551","0.16947","0.01371","0.9319","0.52072","0.16805","0.01326","0.9596","0.52981","0.16713","0.01009","0.9366","0.46761","0.17828","0.01598","0.9950","0.53541","0.18160","0.02307","0.9455","0.49385","0.20146","0.00817","0.9576","0.51304","0.20571","0.00853","0.9695","0.42951","0.29549","0.00575","0.9323","0.57218","0.30018","0.01425","0.9571","0.42067","0.42985","-0.02492","0.9280","0.58359","0.42747","-0.01666","0.9343","0.42736","0.53562","-0.04395","0.9685","0.57491","0.53706","-0.03541","0.9489","0.41979","0.55910","-0.05060","0.9873","0.58083","0.55653","-0.04358","0.9487","0.41816","0.55487","-0.04726","0.9806","0.58662","0.55484","-0.04485","0.9273","0.43547","0.54832","-0.04452","0.9775","0.56924","0.55454","-0.03785","0.9505","0.45691","0.51834","-0.00287","0.9556","0.54560","0.51964","0.00424","0.9167","0.45784","0.72261","-0.00244","0.9685","0.54247","0.71685","0.00396","0.9448","0.45755","0.92080","-0.00109","0.9713","0.54166","0.91888","0.00814","0.9585","0.46022","0.93980","0.01326","0.9893","0.54078","0.93766","0.02181","0.9539","0.46053","0.94844","-0.02677","0.9340","0.54636","0.95213","-0.02039","0.9199"
"221","7.3667","0.49665","0.17809","0.01122","0.9692","0.48551","0.16687","0.00471","0.9515","0.47966","0.16479","0.00629","0.9583","0.47677","0.16937","0.00622","0.9706","0.51555","0.17057","0.01463","0.9278","0.52218","0.16210","0.01342","0.9569","0.52490","0.16981","0.01010","0.9473","0.46946","0.17937","0.01685","0.9487","0.53305","0.17583","0.02357","0.9477","0.49037","0.20400","0.00780","0.9692","0.50903","0.20198","0.01093","0.9950","0.43022","0.30017","0.00725","0.9551","0.57147","0.29928","0.01222","0.9281","0.41801","0.43117","-0.02392","0.9589","0.58410","0.43257","-0.01494","0.9414","0.43022","0.54019","-0.04635","0.9486","0.57158","0.53876","-0.03987","0.9303","0.42025","0.56290","-0.04757","0.9786","0.58044","0.55905","-0.04266","0.9298","0.41449","0.55551","-0.04959","0.9573","0.58449","0.55249","-0.04367","0.9550","0.43303","0.55380","-0.04424","0.9460","0.57033","0.55496","-0.03802","0.9378","0.45747","0.51891","-0.00442","0.9950","0.54439","0.51764","0.00143","0.9946","0.45995","0.71949","-0.00867","0.9757","0.54483","0.71966","0.00375","0.8998","0.45809","0.92111","0.00239","0.9345","0.54383","0.91990","0.00718","0.9881","0.45720","0.93743","0.01382","0.9634","0.54511","0.94152","0.02266","0.9634","0.46010","0.95073","-0.02354","0.9950","0.54368","0.95189","-0.01941","0.9310"
"222","7.4000","0.50031","0.17690","0.00846","0.9612","0.48687","0.17019","0.00170","0.9488","0.48520","0.16994","0.00811","0.9715","0.47117","0.16896","0.00512","0.9392","0.51402","0.16997","0.01170","0.9328","0.52392","0.16674","0.01186","0.9634","0.52724","0.16782","0.01190","0.9447","0.47245","0.17802","0.01582","0.9614","0.53487","0.17825","0.02099","0.9414","0.49149","0.20433","0.00913","0.9497","0.51408","0.20348","0.00912","0.9950","0.43144","0.29886","0.00509","0.9804","0.57568","0.30191","0.01094","0.9276","0.41886","0.42957","-0.02655","0.9569","0.58459","0.42820","-0.02075","0.9499","0.43103","0.53775","-0.04682","0.9852","0.57307","0.53779","-0.03936","0.9300","0.42206","0.55883","-0.04983","0.9648","0.58334","0.56015","-0.04374","0.9596","0.41773","0.55447","-0.05008","0.9782","0.58566","0.55318","-0.04177","0.9395","0.43444","0.55696","-0.04319","0.9616","0.57005","0.55409","-0.04204","0.9685","0.45602","0.51861","-0.00589","0.9491","0.54809","0.52056","-0.00009","0.9419","0.46071","0.71948","-0.00464","0.9455","0.54504","0.72073","0.00013","0.9072","0.46184","0.91883","-0.00079","0.9879","0.54278","0.92030","0.00652","0.9618","0.45776","0.93892","0.01707","0.9886","0.54371","0.93984","0.02209","0.9650","0.46112","0.94585","-0.02556","0.9629","0.54312","0.94965","-0.01680","0.9413"
"223","7.4333","0.50020","0.18041","0.00804","0.9635","0.48780","0.17078","0.00434","0.9272","0.48220","0.16511","0.00763","0.9687","0.47598","0.17001","0.00736","0.9737","0.51577","0.17334","0.01461","0.9142","0.51893","0.16735","0.01152","0.9950","0.52782","0.16883","0.01086","0.9077","0.47206","0.18071","0.01533","0.9352","0.53392","0.17706","0.02400","0.9653","0.49096","0.20423","0.00958","0.9588","0.51118","0.20188","0.00923","0.9696","0.42886","0.30088","0.00669","0.9703","0.57554","0.30046","0.01125","0.9295","0.42016","0.42843","-0.02582","0.9763","0.58365","0.42946","-0.01830","0.9754","0.43059","0.54105","-0.04743","0.9664","0.57430","0.54036","-0.03798","0.9545","0.41834","0.55715","-0.05194","0.9422","0.58519","0.56196","-0.04097","0.9251","0.41681","0.55307","-0.04849","0.9828","0.58410","0.55434","-0.04369","0.9338","0.43280","0.55410","-0.04087","0.9723","0.56865","0.55273","-0.03675","0.9406","0.45712","0.51636","-0.00282","0.9039","0.54394","0.51761","-0.00021","0.9119","0.46078","0.71892","-0.00409","0.9361","0.54275","0.72003","0.00351","0.9206","0.46063","0.92049","-0.00071","0.9628","0.54066","0.91553","0.00850","0.9387","0.45881","0.93997","0.01602","0.9737","0.54713","0.93665","0.02008","0.9209","0.45906","0.94781","-0.02275","0.9399","0.54401","0.94800","-0.01732","0.9518"
"224","7.4667","0.50031","0.17952","0.00966","0.9732","0.48744","0.16971","0.00263","0.9643","0.48041","0.16849","0.00447","0.9502","0.47206","0.17158","0.00628","0.9766","0.51624","0.16993","0.01009","0.9193","0.52232","0.16680","0.01372","0.9451","0.52768","0.16866","0.01265","0.9360","0.46896","0.18165","0.01745","0.9741","0.53393","0.18002","0.02032","0.9525","0.49009","0.20259","0.00676","0.9700","0.50889","0.20448","0.00995","0.9508","0.42921","0.29871","0.00362","0.9472","0.57630","0.30013","0.00856","0.9487","0.42002","0.43203","-0.02651","0.9613","0.58453","0.43197","-0.01628","0.9154","0.42941","0.54199","-0.03997","0.9950","0.57154","0.53883","-0.03465","0.9263","0.41919","0.56200","-0.04795","0.9621","0.58313","0.56058","-0.03994","0.9377","0.41790","0.55328","-0.04987","0.9448","0.58705","0.55463","-0.04189","0.9242","0.43371","0.55428","-0.04326","0.9282","0.57327","0.55670","-0.03939","0.9152","0.45948","0.52087","-0.00508","0.9723","0.54425","0.51871","0.00467","0.9387","0.45847","0.71852","-0.00296","0.9477","0.54296","0.71561","0.00457","0.9541","0.45889","0.92159","0.00144","0.9475","0.54204","0.92171","0.01235","0.9328","0.46084","0.93815","0.01718","0.9540","0.54679","0.94041","0.02304","0.9598","0.46035","0.95143","-0.02140","0.9217","0.54331","0.94829","-0.01507","0.9313"
"225","7.5000","0.50096","0.17955","0.00863","0.9887","0.48662","0.17048","0.00368","0.9416","0.48125","0.16958","0.00425","0.9442","0.47375","0.16949","0.00385","0.9950","0.51417","0.16921","0.00952","0.9211","0.52200","0.16719","0.01328","0.9521","0.52672","0.16943","0.01260","0.9530","0.46825","0.18346","0.01794","0.9633","0.53357","0.18091","0.02249","0.9433","0.48874","0.20429","0.00773","0.9473","0.50758","0.20455","0.01022","0.9259","0.43074","0.29878","0.00197","0.9657","0.57523","0.30023","0.00867","0.9697","0.41824","0.43164","-0.02612","0.9777","0.58507","0.43243","-0.01645","0.9509","0.42855","0.54083","-0.04119","0.9950","0.57454","0.53922","-0.03398","0.9239","0.42046","0.56278","-0.04861","0.9763","0.58284","0.56186","-0.04248","0.9207","0.41664","0.55482","-0.05001","0.9480","0.58552","0.55387","-0.04094","0.9511","0.43406","0.55467","-0.04217","0.9150","0.57320","0.55626","-0.03966","0.9068","0.45995","0.51965","-0.00494","0.9800","0.54278","0.52093","0.00375","0.9245","0.45836","0.71904","-0.00482","0.9473","0.54433","0.71618","0.00118","0.9592","0.45941","0.92129","0.00271","0.9398","0.54508","0.92082","0.01353","0.9212","0.45821","0.93873","0.01669","0.9616","0.54675","0.94020","0.02245","0.9719","0.46159","0.94889","-0.02403","0.9434","0.54463","0.95018","-0.01724","0.9400"
"226","7.5333","0.50281","0.17969","0.00651","0.9420","0.48583","0.16945","0.00650","0.9574","0.48062","0.16627","0.00707","0.9578","0.47988","0.16730","0.00417","0.9509","0.51559","0.17001","0.01257","0.9535","0.52357","0.16654","0.01270","0.9377","0.52776","0.16929","0.01404","0.9318","0.46779","0.17842","0.01487","0.9755","0.53503","0.18007","0.02246","0.9148","0.48788","0.20570","0.00899","0.9352","0.50896","0.20516","0.01146","0.9645","0.42868","0.29730","0.00617","0.9471","0.57565","0.30438","0.01303","0.9623","0.42045","0.42914","-0.02399","0.9573","0.58435","0.43032","-0.01866","0.9759","0.42620","0.53836","-0.04659","0.9407","0.57589","0.54100","-0.03876","0.9658","0.41757","0.55780","-0.05122","0.9707","0.58231","0.56180","-0.04261","0.9622","0.41474","0.55422","-0.05073","0.9795","0.58699","0.55779","-0.04208","0.9673","0.43246","0.55393","-0.04539","0.9383","0.56949","0.55604","-0.03603","0.9319","0.45900","0.52003","-0.00460","0.9900","0.54487","0.52001","0.00321","0.9552","0.45865","0.71854","-0.00547","0.9393","0.54501","0.72188","0.00350","0.9326","0.45704","0.92100","-0.00118","0.9587","0.54706","0.91898","0.00637","0.9579","0.46180","0.94018","0.01455","0.9402","0.54472","0.93970","0.02450","0.9608","0.45820","0.94696","-0.02351","0.9619","0.54705","0.95125","-0.01613","0.9415"
"227","7.5667","0.50155","0.18256","0.00933","0.9272","0.48732","0.17110","0.00470","0.9494","0.48031","0.16900","0.00508","0.9259","0.47493","0.17132","0.00603","0.9572","0.51759","0.17514","0.01342","0.9430","0.52299","0.17311","0.01086","0.9499","0.52661","0.17316","0.01510","0.9392","0.46771","0.18299","0.01377","0.9706","0.53154","0.18312","0.02022","0.9231","0.49353","0.20205","0.00866","0.9543","0.51198","0.20829","0.00533","0.9641","0.42896","0.30249","0.00696","0.9588","0.57158","0.30464","0.00977","0.9744","0.42010","0.43109","-0.02435","0.9778","0.58450","0.43056","-0.01681","0.9274","0.42984","0.54144","-0.04761","0.9862","0.57644","0.53703","-0.04044","0.9366","0.42121","0.56164","-0.05095","0.9659","0.58585","0.55821","-0.03881","0.9365","0.41537","0.55739","-0.05020","0.9842","0.58698","0.55661","-0.04306","0.9156","0.43629","0.55819","-0.04764","0.9690","0.57004","0.55798","-0.03907","0.9564","0.45692","0.52052","-0.00510","0.9804","0.54477","0.52543","0.00057","0.9072","0.45661","0.72147","-0.00870","0.9418","0.54554","0.72188","0.00301","0.9430","0.45701","0.92148","-0.00066","0.9635","0.54200","0.91986","0.00677","0.9380","0.45907","0.94075","0.01271","0.9950","0.54054","0.94158","0.02158","0.9465","0.45764","0.95164","-0.02354","0.9597","0.54298","0.94728","-0.01912","0.9409"
"228","7.6000","0.50190","0.18231","0.00845","0.9268","0.48679","0.17057","0.00470","0.9487","0.47936","0.17158","0.00667","0.9400","0.47574","0.17399","0.00643","0.9494","0.51425","0.17393","0.01242","0.9390","0.52436","0.17285","0.01113","0.9483","0.52762","0.17190","0.01626","0.9436","0.46923","0.18341","0.01542","0.9743","0.53201","0.18058","0.02107","0.9049","0.49294","0.20171","0.01129","0.9461","0.50973","0.20721","0.00638","0.9504","0.42954","0.30187","0.00436","0.9950","0.57145","0.30035","0.00986","0.9348","0.42045","0.43212","-0.02386","0.9795","0.58374","0.43019","-0.01499","0.9280","0.43068","0.53950","-0.04742","0.9851","0.57266","0.53599","-0.04162","0.9422","0.41991","0.56126","-0.05178","0.9707","0.58264","0.55850","-0.04051","0.9415","0.41644","0.55596","-0.05119","0.9849","0.58583","0.55673","-0.04330","0.9391","0.43670","0.55787","-0.04325","0.9739","0.57224","0.55561","-0.03930","0.9563","0.45682","0.52046","-0.00395","0.9621","0.54372","0.52424","0.00073","0.9152","0.45682","0.72351","-0.00733","0.9445","0.54540","0.72089","0.00192","0.9369","0.45769","0.92153","-0.00165","0.9688","0.54230","0.91813","0.00675","0.9136","0.46082","0.93981","0.01265","0.9933","0.53912","0.94136","0.02214","0.8999","0.45747","0.95191","-0.02293","0.9621","0.54401","0.94956","-0.01725","0.9503"
"229","7.6333","0.50428","0.18502","0.00831","0.9587","0.48928","0.17340","0.00175","0.9910","0.48172","0.17355","0.00844","0.9605","0.47619","0.17519","0.00793","0.9748","0.51483","0.17596","0.01222","0.9060","0.52093","0.17240","0.01290","0.9506","0.53037","0.17622","0.00983","0.9392","0.47310","0.18468","0.01491","0.9715","0.53151","0.18838","0.02170","0.9475","0.49088","0.20861","0.00593","0.9859","0.51238","0.20981","0.01244","0.9781","0.42705","0.30741","0.00324","0.9632","0.57245","0.30511","0.01031","0.9231","0.41944","0.43431","-0.02875","0.9415","0.58564","0.43546","-0.02214","0.9733","0.43206","0.54050","-0.04738","0.9383","0.57154","0.54051","-0.04268","0.9427","0.42311","0.56021","-0.05329","0.9298","0.58373","0.56009","-0.04724","0.9436","0.41596","0.55608","-0.05227","0.9530","0.58992","0.55884","-0.04598","0.9408","0.43185","0.55320","-0.04597","0.9786","0.56794","0.55424","-0.04453","0.9606","0.45924","0.52618","-0.00486","0.9673","0.54685","0.52644","0.00275","0.9375","0.46070","0.72014","-0.00384","0.9715","0.54598","0.72065","0.00165","0.9466","0.45965","0.91951","0.00163","0.9488","0.54200","0.91603","0.01123","0.9567","0.46001","0.93885","0.01160","0.9650","0.54468","0.94002","0.02433","0.9950","0.45864","0.95025","-0.02353","0.9847","0.54117","0.94489","-0.01799","0.9516"
"230","7.6667","0.49831","0.18489","0.00782","0.9782","0.48645","0.17960","0.00359","0.9532","0.48121","0.17671","0.00351","0.9599","0.47322","0.17820","0.00015","0.9438","0.51689","0.17596","0.01333","0.9337","0.52606","0.17818","0.01094","0.9334","0.52931","0.17959","0.00912","0.9303","0.46661","0.18763","0.01637","0.9716","0.53375","0.18585","0.02337","0.9403","0.49357","0.21250","0.00818","0.9414","0.51057","0.21399","0.00733","0.9253","0.42739","0.30857","0.00368","0.9904","0.57674","0.30991","0.01073","0.9241","0.41570","0.43639","-0.02668","0.9804","0.58583","0.43791","-0.02104","0.9614","0.42734","0.54207","-0.05311","0.9406","0.57355","0.53879","-0.04162","0.9628","0.41949","0.56576","-0.05930","0.9791","0.58279","0.56514","-0.04800","0.9624","0.41717","0.55526","-0.05575","0.9746","0.58463","0.55821","-0.04905","0.9498","0.43079","0.56086","-0.05253","0.9535","0.57000","0.55815","-0.04287","0.8947","0.45901","0.53087","-0.00301","0.9533","0.54883","0.53114","0.00297","0.9261","0.45709","0.71843","-0.00898","0.9950","0.54706","0.71763","-0.00344","0.9213","0.45668","0.91839","0.00056","0.9021","0.54234","0.91924","0.00915","0.9190","0.46007","0.93831","0.01510","0.9597","0.54497","0.94014","0.02262","0.9425","0.45555","0.94986","-0.02202","0.9494","0.54165","0.94882","-0.01491","0.9411"
"231","7.7000","0.50281","0.19150","0.00433","0.9434","0.48627","0.18281","0.00138","0.9799","0.48136","0.17794","0.00517","0.9868","0.47301","0.17922","0.00235","0.9381","0.51737","0.18469","0.00879","0.8827","0.52447","0.18008","0.01248","0.9437","0.53156","0.18540","0.01196","0.9351","0.47197","0.19033","0.01461","0.9902","0.53316","0.19232","0.01879","0.9446","0.49010","0.21547","0.00440","0.9950","0.51083","0.21609","0.00722","0.9676","0.42511","0.31259","0.00438","0.9771","0.57398","0.31429","0.00998","0.9333","0.41926","0.44049","-0.03009","0.9538","0.58344","0.43911","-0.02596","0.9349","0.42819","0.54707","-0.05349","0.9460","0.56993","0.54750","-0.05165","0.9614","0.42120","0.56529","-0.06010","0.9693","0.58461","0.56504","-0.05541","0.9431","0.41362","0.55781","-0.06053","0.9880","0.58681","0.56127","-0.05319","0.9583","0.43506","0.55807","-0.05620","0.9575","0.57216","0.55848","-0.04791","0.9684","0.46055","0.53656","-0.00497","0.9797","0.54730","0.53248","0.00485","0.9329","0.46027","0.71761","-0.01081","0.9306","0.54581","0.71698","-0.00369","0.9528","0.45949","0.92150","0.00066","0.9423","0.54457","0.92193","0.00883","0.9360","0.45909","0.94285","0.01541","0.9618","0.54548","0.93988","0.02411","0.9590","0.45886","0.95073","-0.02230","0.9626","0.54429","0.94807","-0.01741","0.9080"
"232","7.7333","0.50072","0.19082","0.00318","0.9551","0.48770","0.18360","-0.00027","0.9811","0.48094","0.18053","0.00348","0.9950","0.47531","0.18026","0.00382","0.9641","0.51583","0.18463","0.01008","0.9044","0.52318","0.18067","0.01108","0.9354","0.52966","0.18494","0.01080","0.9365","0.46909","0.18973","0.01166","0.9517","0.53405","0.19149","0.02013","0.9536","0.48977","0.21617","0.00428","0.9871","0.51229","0.21638","0.00603","0.9839","0.42674","0.31352","0.00440","0.9828","0.57598","0.31331","0.00812","0.9459","0.41779","0.44066","-0.02999","0.9578","0.58350","0.44066","-0.02505","0.9184","0.42693","0.54539","-0.05191","0.9212","0.57201","0.54539","-0.05040","0.9598","0.42233","0.56552","-0.06022","0.9564","0.58524","0.56586","-0.05408","0.9386","0.41555","0.55903","-0.06054","0.9865","0.58801","0.56184","-0.05341","0.9728","0.43412","0.55832","-0.05444","0.9796","0.57026","0.55781","-0.04745","0.9770","0.46133","0.53583","-0.00538","0.9950","0.54877","0.53415","0.00314","0.9285","0.46059","0.71843","-0.01153","0.9262","0.54491","0.71733","-0.00274","0.9339","0.45821","0.92164","-0.00083","0.9613","0.54331","0.92160","0.01019","0.9250","0.45793","0.94106","0.01511","0.9756","0.54519","0.93768","0.02344","0.9452","0.45854","0.94976","-0.02315","0.9500","0.54638","0.94934","-0.01787","0.9201"
"233","7.7667","0.50453","0.19773","0.00766","0.9548","0.48662","0.18569","0.00264","0.9844","0.48114","0.18812","0.00475","0.9950","0.47690","0.18872","0.00433","0.9773","0.51578","0.18827","0.01072","0.9275","0.52527","0.18690","0.00951","0.9411","0.53162","0.18932","0.00939","0.9518","0.46852","0.19879","0.01399","0.9519","0.53405","0.19744","0.01858","0.9532","0.49354","0.22439","0.00299","0.9488","0.51253","0.22317","0.00127","0.9393","0.43194","0.31784","0.00238","0.9458","0.57327","0.31807","0.00682","0.9282","0.41678","0.44667","-0.03331","0.9539","0.58500","0.44486","-0.02637","0.9465","0.43397","0.54631","-0.06015","0.9763","0.57522","0.54677","-0.05295","0.9400","0.41982","0.57066","-0.06458","0.9683","0.58150","0.56825","-0.05862","0.9507","0.41781","0.56081","-0.06513","0.9403","0.58816","0.56140","-0.05651","0.9338","0.43411","0.56083","-0.05963","0.9449","0.56793","0.55865","-0.05262","0.9363","0.45842","0.54473","-0.00673","0.9606","0.54387","0.54371","0.00444","0.9168","0.45969","0.72207","-0.01463","0.9516","0.54193","0.71655","-0.00484","0.9559","0.45952","0.91973","0.00086","0.9500","0.54470","0.91958","0.00828","0.9369","0.45854","0.94241","0.01734","0.9528","0.54533","0.94195","0.02441","0.9321","0.46177","0.94973","-0.02414","0.9681","0.54681","0.94912","-0.01746","0.9520"
"234","7.8000","0.50284","0.20322","0.00300","0.9297","0.48817","0.19376","0.00095","0.9830","0.48305","0.19295","0.00007","0.9397","0.47611","0.19059","-0.00053","0.9249","0.51677","0.19536","0.00870","0.9260","0.52198","0.19312","0.00642","0.9391","0.52798","0.19601","0.00649","0.9617","0.47102","0.20585","0.01371","0.9525","0.53175","0.20393","0.01691","0.9168","0.49052","0.22901","0.00306","0.9626","0.51208","0.22602","0.00496","0.9565","0.42982","0.32482","0.00263","0.9617","0.57369","0.32666","0.00843","0.9432","0.42009","0.44819","-0.03855","0.9950","0.58314","0.44845","-0.02756","0.9481","0.42880","0.55362","-0.06362","0.9889","0.57298","0.54814","-0.05830","0.9740","0.42135","0.56791","-0.06787","0.9658","0.58301","0.56946","-0.06068","0.9486","0.41547","0.56450","-0.07053","0.9456","0.58748","0.56503","-0.06295","0.9563","0.43403","0.56536","-0.06143","0.9483","0.56981","0.56534","-0.05758","0.9584","0.45954","0.55025","-0.00279","0.9581","0.54612","0.54950","0.00369","0.9232","0.45786","0.72183","-0.01905","0.9472","0.54299","0.71873","-0.01404","0.9428","0.45516","0.92129","0.00219","0.9868","0.54759","0.91856","0.00526","0.9453","0.45640","0.93887","0.01654","0.9948","0.54409","0.94276","0.02276","0.9267","0.45770","0.94830","-0.02693","0.9583","0.54492","0.94859","-0.01637","0.9265"
"235","7.8333","0.50258","0.21389","0.00156","0.9786","0.48550","0.20198","0.00042","0.9595","0.48077","0.19918","0.00149","0.9858","0.47468","0.19775","0.00037","0.9466","0.51535","0.20171","0.00754","0.9693","0.52429","0.19661","0.00793","0.9328","0.52707","0.19961","0.00899","0.9574","0.46659","0.21118","0.01188","0.9348","0.53449","0.21318","0.01749","0.9196","0.49297","0.23484","0.00035","0.9579","0.51002","0.23927","0.00234","0.9291","0.42770","0.33393","-0.00155","0.9577","0.57751","0.32839","0.00722","0.9298","0.41692","0.45314","-0.04145","0.9617","0.58077","0.45606","-0.03438","0.9434","0.42900","0.55319","-0.07025","0.9553","0.57552","0.55114","-0.06458","0.9620","0.41998","0.57213","-0.07431","0.9651","0.58496","0.57070","-0.06907","0.9494","0.41759","0.56689","-0.07410","0.9750","0.58472","0.56484","-0.06424","0.9353","0.43129","0.56967","-0.06956","0.9748","0.56857","0.56764","-0.06178","0.9394","0.45974","0.55640","-0.00169","0.9583","0.54375","0.55525","0.00749","0.9402","0.45754","0.71955","-0.02183","0.9518","0.54397","0.71837","-0.01558","0.9380","0.45783","0.92042","0.00111","0.9434","0.54567","0.91966","0.00757","0.9559","0.46198","0.94066","0.01699","0.9308","0.54317","0.94070","0.02243","0.9262","0.45973","0.95140","-0.02461","0.9634","0.54442","0.95125","-0.01588","0.9421"
"236","7.8667","0.50363","0.21343","0.00166","0.9696","0.48688","0.20331","-0.00067","0.9530","0.48032","0.19999","0.00272","0.9629","0.47432","0.19863","0.00053","0.9617","0.51491","0.20043","0.00785","0.9431","0.52487","0.19812","0.00475","0.9341","0.52645","0.20122","0.00800","0.9627","0.46785","0.20979","0.01091","0.9393","0.53752","0.21134","0.01748","0.9372","0.49403","0.23409","-0.00047","0.9684","0.50922","0.23728","0.00149","0.9186","0.42814","0.33285","-0.00105","0.9778","0.57664","0.32916","0.00734","0.9359","0.41877","0.45368","-0.04293","0.9648","0.58267","0.45608","-0.03445","0.9485","0.42771","0.55499","-0.06985","0.9568","0.57481","0.55154","-0.06437","0.9640","0.41810","0.57058","-0.07520","0.9743","0.58484","0.57129","-0.07007","0.9320","0.41802","0.56740","-0.07540","0.9662","0.58512","0.56496","-0.06476","0.9404","0.43013","0.56685","-0.07008","0.9452","0.56954","0.57035","-0.06559","0.9325","0.45676","0.55501","-0.00057","0.9802","0.54218","0.55824","0.00637","0.9418","0.45500","0.71938","-0.02018","0.9386","0.54327","0.72072","-0.01603","0.9381","0.45714","0.91909","0.00020","0.9511","0.54579","0.91989","0.00821","0.9520","0.46290","0.94030","0.01685","0.9524","0.54051","0.94069","0.02392","0.9312","0.45752","0.95274","-0.02436","0.9542","0.54562","0.95219","-0.01714","0.9321"
"237","7.9000","0.50239","0.21835","-0.00054","0.9663","0.48799","0.20851","-0.00014","0.9095","0.48363","0.20406","0.00085","0.9667","0.47519","0.20668","-0.00219","0.9664","0.51726","0.20646","0.00505","0.9225","0.52070","0.20326","0.00611","0.9471","0.52976","0.20376","0.00404","0.9341","0.47149","0.21929","0.00549","0.9950","0.53525","0.21795","0.01640","0.9299","0.48860","0.24071","0.00170","0.9703","0.51210","0.24249","0.00266","0.9917","0.43166","0.33773","-0.00787","0.9406","0.57684","0.34336","0.00365","0.9278","0.41904","0.45690","-0.04620","0.9328","0.58597","0.45655","-0.03706","0.9676","0.43031","0.55592","-0.07779","0.9554","0.57525","0.55390","-0.07064","0.9529","0.42033","0.57693","-0.08325","0.9598","0.58425","0.57416","-0.08073","0.9299","0.41774","0.57026","-0.08207","0.9800","0.58861","0.56824","-0.07629","0.9200","0.43434","0.56907","-0.07668","0.9531","0.57034","0.57269","-0.07092","0.9328","0.45875","0.56666","-0.00201","0.9537","0.54536","0.56528","0.00398","0.9568","0.45638","0.71818","-0.02447","0.9558","0.54868","0.72094","-0.01811","0.9438","0.45848","0.92034","-0.00184","0.9306","0.54495","0.92393","0.00889","0.9533","0.45980","0.94119","0.01648","0.9381","0.54329","0.93706","0.02725","0.9374","0.45958","0.95161","-0.02609","0.9628","0.54437","0.94972","-0.01723","0.9345"
"238","7.9333","0.50253","0.22493","0.00277","0.9873","0.48496","0.21609","-0.00232","0.9514","0.48220","0.21333","-0.00101","0.9525","0.47528","0.21563","-0.00392","0.9369","0.51608","0.21605","0.00209","0.9337","0.52203","0.21018","0.00524","0.9421","0.52980","0.21362","0.00660","0.9517","0.47143","0.22607","0.00743","0.9489","0.53549","0.22602","0.01581","0.9310","0.49220","0.24740","0.00375","0.9586","0.51308","0.24956","0.00248","0.9821","0.42675","0.34964","-0.00519","0.9465","0.57251","0.34846","0.00181","0.9548","0.41626","0.46599","-0.04972","0.9762","0.58524","0.46464","-0.04094","0.9038","0.42962","0.55680","-0.08315","0.9164","0.57489","0.55903","-0.07667","0.9385","0.42127","0.57727","-0.09080","0.9576","0.58214","0.57953","-0.08037","0.9370","0.41502","0.56953","-0.08734","0.9754","0.58706","0.57183","-0.08059","0.9346","0.43474","0.57213","-0.08337","0.9614","0.57247","0.57213","-0.07330","0.9229","0.45667","0.57877","-0.00215","0.9950","0.54363","0.57566","0.00099","0.9446","0.45664","0.72156","-0.03182","0.9171","0.55007","0.71767","-0.02159","0.9532","0.46071","0.91990","0.00015","0.9343","0.54624","0.92174","0.00720","0.9950","0.45910","0.93898","0.01560","0.9485","0.54859","0.93915","0.02426","0.9799","0.46154","0.95036","-0.02529","0.9764","0.54207","0.94914","-0.01826","0.9279"
"239","7.9667","0.50534","0.22960","-0.00100","0.9805","0.48822","0.22260","-0.00309","0.9602","0.48238","0.21911","-0.00685","0.9582","0.47696","0.22206","-0.00161","0.9100","0.51573","0.22628","0.00165","0.9723","0.52389","0.21789","0.00714","0.9222","0.53000","0.22416","0.00390","0.9415","0.46878","0.23595","0.00695","0.9545","0.53371","0.23220","0.01566","0.9395","0.49332","0.25720","-0.00114","0.9950","0.50880","0.25730","0.00071","0.9950","0.43031","0.35453","-0.00572","0.9441","0.57511","0.35531","0.00099","0.9456","0.41716","0.46847","-0.05025","0.9615","0.58603","0.46909","-0.04739","0.9794","0.43118","0.55950","-0.08730","0.9950","0.57684","0.55939","-0.08421","0.9243","0.42097","0.57929","-0.09407","0.9685","0.58291","0.58124","-0.08803","0.9102","0.41770","0.57460","-0.09294","0.9760","0.58701","0.57970","-0.08678","0.9071","0.43240","0.57354","-0.08676","0.9693","0.56939","0.57446","-0.08196","0.9366","0.45813","0.58580","-0.00292","0.9467","0.54437","0.58424","0.00702","0.9448","0.45442","0.71952","-0.03160","0.9313","0.54918","0.71789","-0.02747","0.9140","0.45820","0.91968","0.00032","0.9391","0.54457","0.92150","0.00762","0.9864","0.45777","0.93949","0.01615","0.9805","0.54520","0.94097","0.02574","0.9268","0.45802","0.95106","-0.02240","0.9648","0.54481","0.94983","-0.01507","0.9338"
"240","8.0000","0.50412","0.22796","-0.00287","0.9783","0.48845","0.22131","-0.00521","0.9549","0.48264","0.21982","-0.00655","0.9721","0.47558","0.22197","-0.00081","0.9232","0.51618","0.22554","0.00182","0.9703","0.52315","0.21643","0.00585","0.9468","0.52988","0.22098","0.00296","0.9185","0.47038","0.23323","0.00773","0.9668","0.53423","0.23303","0.01573","0.9410","0.49269","0.25612","-0.00054","0.9950","0.51043","0.25718","-0.00058","0.9748","0.42924","0.35623","-0.00627","0.9632","0.57395","0.35712","0.00206","0.9490","0.42009","0.46939","-0.05266","0.9801","0.58606","0.46818","-0.04819","0.9843","0.43070","0.56056","-0.08780","0.9950","0.57538","0.55932","-0.08316","0.9508","0.42198","0.57955","-0.09429","0.9688","0.58119","0.58124","-0.08712","0.9378","0.41768","0.57530","-0.09383","0.9468","0.58888","0.57730","-0.08426","0.9329","0.43313","0.57509","-0.08819","0.9755","0.57135","0.57529","-0.08215","0.9141","0.45809","0.58517","-0.00284","0.9380","0.54479","0.58733","0.00459","0.9293","0.45568","0.71955","-0.03278","0.9647","0.54589","0.71865","-0.02575","0.9196","0.45716","0.91903","-0.00132","0.9200","0.54413","0.91888","0.00803","0.9751","0.45853","0.93952","0.01657","0.9709","0.54484","0.94094","0.02571","0.9430","0.45900","0.95119","-0.02355","0.9486","0.54491","0.95046","-0.01461","0.9292"
"241","8.0333","0.50430","0.23802","0.00064","0.9465","0.48679","0.22979","-0.00452","0.9519","0.47836","0.22603","-0.00513","0.9523","0.47436","0.22882","-0.00256","0.9453","0.51951","0.22957","0.00002","0.9546","0.52402","0.23025","0.00185","0.9514","0.52977","0.23262","-0.00089","0.9288","0.47240","0.24055","0.00350","0.9575","0.53559","0.24059","0.00945","0.8952","0.49322","0.26654","-0.00084","0.9455","0.51116","0.26469","-0.00251","0.9234","0.42892","0.36253","-0.00691","0.9836","0.57486","0.36146","-0.00221","0.9354","0.41923","0.47382","-0.05906","0.9681","0.58650","0.47715","-0.05489","0.9467","0.42951","0.56379","-0.09387","0.9745","0.57695","0.55881","-0.09153","0.9767","0.41911","0.58488","-0.10218","0.9836","0.58647","0.58287","-0.09236","0.9559","0.41753","0.57862","-0.09991","0.9595","0.58319","0.58032","-0.09311","0.9353","0.43224","0.57878","-0.09208","0.9401","0.56997","0.57618","-0.08826","0.9437","0.45889","0.59466","-0.00017","0.9841","0.54567","0.59623","0.00427","0.9255","0.45798","0.72081","-0.03515","0.9355","0.54709","0.71848","-0.02991","0.9520","0.45986","0.92063","-0.00000","0.9672","0.54646","0.92113","0.00915","0.9272","0.46135","0.93826","0.01651","0.9532","0.54488","0.94300","0.02222","0.9092","0.45902","0.94853","-0.02444","0.9619","0.54561","0.95195","-0.01396","0.9471"
"242","8.0667","0.50046","0.24754","-0.00210","0.9415","0.48896","0.23475","-0.00614","0.9597","0.47918","0.23634","-0.00601","0.9588","0.47691","0.23815","-0.00424","0.9490","0.51699","0.23825","0.00077","0.9647","0.52542","0.23473","0.00027","0.9142","0.52891","0.23697","-0.00026","0.9501","0.46874","0.24582","0.00152","0.9840","0.53568","0.24876","0.01093","0.9305","0.49398","0.27414","-0.00257","0.9634","0.51349","0.27416","-0.00276","0.9536","0.42845","0.37087","-0.01142","0.9642","0.57442","0.37169","-0.00454","0.9231","0.41683","0.48236","-0.06305","0.9743","0.58446","0.48106","-0.05391","0.9430","0.42861","0.56300","-0.10306","0.9745","0.57557","0.56591","-0.09657","0.9458","0.42008","0.58732","-0.10807","0.9759","0.58385","0.58271","-0.10060","0.9408","0.41896","0.58387","-0.10604","0.9394","0.59050","0.58148","-0.10019","0.9159","0.43219","0.58169","-0.10084","0.9840","0.57156","0.58490","-0.09289","0.9454","0.45883","0.60819","-0.00335","0.9344","0.54654","0.60738","0.00542","0.9363","0.45536","0.71934","-0.04509","0.9566","0.54727","0.72217","-0.03613","0.9610","0.45877","0.92110","0.00155","0.9385","0.54335","0.92176","0.00570","0.9632","0.46048","0.94428","0.01617","0.9611","0.54484","0.94061","0.02607","0.9614","0.45899","0.94856","-0.02090","0.9774","0.54336","0.94711","-0.01485","0.9510"
"243","8.1000","0.50256","0.25690","-0.00502","0.9417","0.48825","0.24420","-0.00668","0.9645","0.48367","0.24255","-0.00794","0.9593","0.47467","0.24427","-0.00848","0.9779","0.51828","0.24656","0.00044","0.9782","0.52185","0.23930","-0.00161","0.9393","0.52748","0.24237","-0.00275","0.9574","0.47086","0.25738","0.00097","0.9471","0.53367","0.25532","0.00963","0.9355","0.49105","0.27883","-0.00428","0.9524","0.51353","0.27858","-0.00254","0.9646","0.42832","0.38023","-0.01272","0.9703","0.57455","0.37887","-0.00544","0.9510","0.42067","0.48748","-0.06702","0.9308","0.58424","0.48676","-0.05652","0.9775","0.42949","0.56594","-0.10547","0.9470","0.57933","0.57065","-0.09982","0.9720","0.41998","0.58962","-0.11418","0.9254","0.58319","0.58526","-0.10648","0.9522","0.41615","0.58317","-0.11162","0.9929","0.58741","0.58250","-0.10803","0.9471","0.43244","0.58386","-0.10765","0.9950","0.56915","0.58416","-0.09983","0.9401","0.46140","0.61059","0.00032","0.9446","0.54842","0.61194","0.00326","0.9517","0.45644","0.72248","-0.04369","0.9369","0.55204","0.72127","-0.03734","0.9536","0.46007","0.92256","0.00141","0.9651","0.54398","0.92191","0.00491","0.9591","0.45817","0.93926","0.01445","0.9684","0.54150","0.93912","0.02015","0.9218","0.46079","0.94749","-0.02550","0.9229","0.54402","0.94951","-0.01696","0.9219"
"244","8.1333","0.50173","0.25683","-0.00832","0.9454","0.48873","0.24516","-0.00589","0.9649","0.48444","0.24157","-0.00856","0.9750","0.47644","0.24386","-0.00696","0.9818","0.52066","0.24643","-0.00157","0.9595","0.52321","0.23989","-0.00133","0.9306","0.52848","0.24515","-0.00230","0.9600","0.47014","0.25656","0.00325","0.9432","0.53508","0.25423","0.00915","0.9173","0.49006","0.27945","-0.00307","0.9476","0.51378","0.27770","-0.00269","0.9580","0.43019","0.37900","-0.01297","0.9811","0.57421","0.37892","-0.00561","0.9310","0.41885","0.48878","-0.06688","0.9356","0.58517","0.48748","-0.05733","0.9566","0.42885","0.56443","-0.10499","0.9585","0.57880","0.56958","-0.10132","0.9694","0.42087","0.58964","-0.11312","0.9799","0.58422","0.58739","-0.10808","0.9451","0.41521","0.58394","-0.11009","0.9925","0.58748","0.58218","-0.10771","0.9273","0.43229","0.58333","-0.10908","0.9916","0.57047","0.58357","-0.10118","0.9644","0.46174","0.60963","0.00087","0.9586","0.54621","0.61107","0.00514","0.9293","0.45452","0.72068","-0.04348","0.9371","0.55049","0.72095","-0.03588","0.9449","0.45905","0.92314","0.00252","0.9604","0.54650","0.92078","0.00527","0.9369","0.45724","0.93874","0.01744","0.9245","0.54104","0.94048","0.02157","0.9316","0.46015","0.94790","-0.02312","0.9245","0.54379","0.94906","-0.01712","0.9265"
"245","8.1667","0.50351","0.26024","-0.00807","0.9423","0.48829","0.25238","-0.00923","0.9564","0.47706","0.25385","-0.01240","0.9638","0.47593","0.25733","-0.00540","0.9287","0.51676","0.24899","-0.00163","0.9433","0.52134","0.25118","0.00082","0.9408","0.52649","0.25181","-0.00448","0.9505","0.46780","0.25925","0.00080","0.9765","0.53240","0.26016","0.00746","0.9386","0.49397","0.28372","-0.00496","0.9696","0.51407","0.28274","-0.00840","0.9654","0.42809","0.38428","-0.01068","0.9762","0.57432","0.38645","-0.00452","0.9295","0.42097","0.49042","-0.06899","0.9556","0.58266","0.49297","-0.06282","0.9345","0.42782","0.57146","-0.11396","0.9765","0.57378","0.57187","-0.10588","0.9412","0.42194","0.58986","-0.11498","0.9870","0.58431","0.58818","-0.10821","0.9568","0.41665","0.58797","-0.11761","0.9423","0.58714","0.58705","-0.11037","0.9317","0.43426","0.58616","-0.11358","0.9488","0.57430","0.58701","-0.10640","0.9623","0.46024","0.61987","0.00015","0.9422","0.54314","0.62108","0.00985","0.9649","0.45736","0.71988","-0.04888","0.9807","0.54795","0.72223","-0.04167","0.9296","0.46099","0.92048","0.00171","0.9158","0.54241","0.92119","0.00917","0.9312","0.45892","0.94292","0.01933","0.9463","0.54267","0.93773","0.02557","0.9462","0.46065","0.95395","-0.02288","0.9326","0.54404","0.95024","-0.01531","0.9236"
"246","8.2000","0.50172","0.26848","-0.00843","0.9785","0.48924","0.25596","-0.00962","0.9557","0.48121","0.25458","-0.01013","0.9523","0.47327","0.25571","-0.00641","0.9533","0.51652","0.25835","-0.00317","0.9493","0.52450","0.25355","-0.00607","0.9451","0.53263","0.25995","-0.00147","0.9351","0.47082","0.26774","0.00064","0.9661","0.53592","0.26788","0.00705","0.9378","0.49257","0.28861","-0.01014","0.9253","0.51456","0.29215","-0.00607","0.9941","0.43137","0.39210","-0.01600","0.9673","0.57785","0.39163","-0.01037","0.9663","0.42222","0.50005","-0.07122","0.9488","0.58651","0.49398","-0.06572","0.9166","0.42820","0.57442","-0.11754","0.9647","0.57715","0.57331","-0.11299","0.9278","0.42145","0.59157","-0.12312","0.9567","0.58450","0.59401","-0.11389","0.9550","0.42052","0.58907","-0.12250","0.9586","0.58761","0.58817","-0.11539","0.9504","0.43246","0.58498","-0.12185","0.9462","0.56859","0.58645","-0.11087","0.9718","0.46137","0.62871","0.00242","0.9421","0.54557","0.62928","0.01237","0.9780","0.45663","0.72255","-0.05219","0.9569","0.54845","0.72107","-0.04644","0.9670","0.45887","0.92016","0.00350","0.9805","0.54450","0.91731","0.01023","0.9634","0.45961","0.94326","0.01708","0.9538","0.54596","0.94185","0.02065","0.9533","0.46394","0.95060","-0.02419","0.9734","0.54606","0.94940","-0.01368","0.9547"
"247","8.2333","0.50288","0.27455","-0.00442","0.9393","0.48747","0.26181","-0.00953","0.9878","0.47948","0.25891","-0.01425","0.9624","0.47709","0.26449","-0.00971","0.9870","0.51749","0.26168","-0.00375","0.9605","0.52098","0.26201","-0.00248","0.9187","0.52913","0.26197","-0.00443","0.9549","0.47411","0.27347","-0.00187","0.9880","0.53632","0.27011","0.00662","0.9677","0.48962","0.30031","-0.00767","0.9495","0.51249","0.29825","-0.01067","0.9491","0.43172","0.39820","-0.01499","0.9415","0.57466","0.40073","-0.00981","0.9279","0.41644","0.50506","-0.07655","0.9270","0.58511","0.50188","-0.07078","0.9212","0.42660","0.57719","-0.12293","0.9471","0.57469","0.57764","-0.11646","0.9343","0.42283","0.59622","-0.13064","0.9482","0.58218","0.59584","-0.11909","0.9793","0.41792","0.59232","-0.12710","0.9950","0.58866","0.58946","-0.12035","0.9514","0.43315","0.59119","-0.12148","0.9365","0.57059","0.58967","-0.11506","0.9407","0.46149","0.63397","0.00198","0.9853","0.54243","0.63296","0.00952","0.9370","0.45379","0.72172","-0.05395","0.9663","0.54927","0.71924","-0.04770","0.9514","0.45972","0.92043","-0.00013","0.9674","0.54510","0.92112","0.01028","0.9436","0.46067","0.94134","0.01828","0.9645","0.54846","0.93927","0.02271","0.8996","0.45844","0.94796","-0.02174","0.9703","0.54542","0.95143","-0.01708","0.9659"
"248","8.2667","0.50107","0.27366","-0.00618","0.9292","0.48865","0.26255","-0.00920","0.9590","0.48180","0.25945","-0.01487","0.9652","0.47768","0.26602","-0.01139","0.9879","0.51834","0.26123","-0.00473","0.9436","0.51995","0.26248","-0.00272","0.9332","0.52992","0.26300","-0.00289","0.9124","0.47189","0.27435","-0.00253","0.9665","0.53636","0.27064","0.00785","0.9851","0.49176","0.29945","-0.00685","0.9426","0.51397","0.29673","-0.00818","0.9425","0.43043","0.39806","-0.01550","0.9591","0.57688","0.40124","-0.01027","0.9475","0.41881","0.50327","-0.07586","0.9348","0.58319","0.50322","-0.07047","0.9425","0.42950","0.57868","-0.12297","0.9497","0.57539","0.57807","-0.11497","0.9236","0.42150","0.59626","-0.12932","0.9590","0.58188","0.59602","-0.11990","0.9643","0.41508","0.59159","-0.12724","0.9691","0.58617","0.59120","-0.12183","0.9801","0.43150","0.59147","-0.11932","0.9444","0.57249","0.58935","-0.11545","0.9378","0.45952","0.63382","0.00253","0.9766","0.54479","0.63246","0.00890","0.9726","0.45461","0.72228","-0.05530","0.9587","0.55014","0.71900","-0.04798","0.9472","0.45844","0.92048","-0.00054","0.9771","0.54595","0.91910","0.00952","0.9211","0.46016","0.94069","0.01520","0.9582","0.54691","0.93984","0.02328","0.9183","0.45988","0.94913","-0.02093","0.9568","0.54276","0.95309","-0.01538","0.9771"
"249","8.3000","0.50366","0.27951","-0.00958","0.9618","0.48836","0.26901","-0.01377","0.9463","0.48132","0.26411","-0.01337","0.9765","0.47423","0.26531","-0.01291","0.9709","0.51881","0.26650","-0.00416","0.9385","0.52330","0.26661","-0.00000","0.9291","0.53087","0.26884","-0.00342","0.9307","0.47143","0.27567","0.00081","0.9550","0.53647","0.27876","0.00550","0.9442","0.49348","0.30299","-0.00761","0.9554","0.51699","0.30095","-0.00440","0.9561","0.42827","0.40107","-0.01466","0.9678","0.57644","0.40045","-0.01013","0.9376","0.41873","0.50356","-0.07935","0.9583","0.58555","0.50430","-0.07309","0.9879","0.42772","0.57751","-0.12827","0.9234","0.57486","0.57725","-0.12319","0.9435","0.42183","0.59782","-0.13089","0.9801","0.58189","0.59947","-0.12079","0.9651","0.41743","0.59295","-0.12852","0.9593","0.58812","0.59256","-0.12553","0.9083","0.43075","0.59491","-0.12623","0.9545","0.57059","0.59222","-0.11608","0.8945","0.46337","0.63961","0.00260","0.9519","0.54792","0.64186","0.00685","0.9303","0.45263","0.72329","-0.05908","0.9327","0.55060","0.72042","-0.04899","0.9301","0.45972","0.92157","0.00168","0.9415","0.54514","0.92427","0.00904","0.9582","0.46076","0.94013","0.02020","0.9528","0.54424","0.94057","0.02672","0.9585","0.46494","0.94803","-0.02292","0.9491","0.54490","0.95197","-0.01296","0.9315"
"250","8.3333","0.50389","0.28330","-0.00680","0.9383","0.48806","0.27108","-0.01411","0.9866","0.47842","0.26873","-0.01601","0.9529","0.47588","0.26879","-0.01116","0.9842","0.51957","0.27240","-0.00543","0.9522","0.52148","0.26932","-0.00789","0.9420","0.52800","0.27042","-0.00319","0.9740","0.46948","0.28261","-0.00321","0.9348","0.53685","0.27966","0.00500","0.9146","0.49375","0.30416","-0.00880","0.9444","0.51378","0.30655","-0.00732","0.9443","0.42953","0.40611","-0.01515","0.9415","0.57771","0.40452","-0.01111","0.9524","0.42246","0.50506","-0.08327","0.9424","0.58643","0.50947","-0.07268","0.9138","0.42773","0.57860","-0.12776","0.9562","0.57480","0.58086","-0.12244","0.9463","0.41890","0.59887","-0.13163","0.9785","0.58267","0.59791","-0.12728","0.9296","0.41931","0.59426","-0.13171","0.9478","0.59022","0.59335","-0.12558","0.9307","0.43761","0.59480","-0.12868","0.9653","0.57175","0.59018","-0.12081","0.9473","0.46083","0.64166","0.00103","0.9764","0.54531","0.64798","0.00832","0.9434","0.45302","0.71995","-0.06298","0.9224","0.54841","0.71920","-0.05246","0.9230","0.46096","0.92130","0.00062","0.9464","0.54730","0.92298","0.00739","0.9557","0.45913","0.94064","0.01545","0.9411","0.54699","0.94173","0.02431","0.9188","0.45970","0.95145","-0.02381","0.9858","0.54585","0.95270","-0.01527","0.8835"
"251","8.3667","0.50371","0.28411","-0.00976","0.9408","0.48703","0.27186","-0.01162","0.9667","0.48384","0.27285","-0.01308","0.9456","0.47944","0.27672","-0.01302","0.9317","0.51968","0.27578","-0.00575","0.9552","0.52424","0.27161","-0.00560","0.9285","0.52736","0.27242","-0.00772","0.9306","0.47175","0.28297","-0.00607","0.9368","0.53822","0.28361","0.00345","0.9509","0.48972","0.30898","-0.00869","0.9660","0.51591","0.31118","-0.00733","0.9417","0.43132","0.41148","-0.01955","0.9610","0.57708","0.40904","-0.01044","0.9413","0.41971","0.51103","-0.08257","0.9735","0.58669","0.50742","-0.07592","0.9489","0.42915","0.58371","-0.12970","0.9749","0.57586","0.57888","-0.12607","0.9381","0.42285","0.59994","-0.13761","0.9578","0.58657","0.59680","-0.12772","0.9492","0.41778","0.59388","-0.13840","0.9770","0.58747","0.59197","-0.12717","0.9386","0.43369","0.59431","-0.12879","0.9658","0.57313","0.59459","-0.12330","0.9320","0.46210","0.64962","0.00350","0.9603","0.54593","0.64860","0.00744","0.9293","0.45882","0.72451","-0.06110","0.9474","0.54891","0.72142","-0.05666","0.9398","0.46185","0.92025","0.00279","0.9684","0.54585","0.92079","0.01135","0.9765","0.46270","0.93886","0.01698","0.9675","0.54494","0.94019","0.02291","0.9453","0.46103","0.94983","-0.02318","0.9419","0.54753","0.95311","-0.01593","0.9707"
"252","8.4000","0.50554","0.28370","-0.00835","0.9539","0.48815","0.27148","-0.01017","0.9636","0.48268","0.27351","-0.01212","0.9418","0.47772","0.27555","-0.01382","0.9483","0.52126","0.27491","-0.00338","0.9651","0.52539","0.27203","-0.00631","0.9335","0.52622","0.27199","-0.00890","0.9487","0.47135","0.28238","-0.00636","0.9467","0.53734","0.28481","0.00415","0.9648","0.49175","0.30867","-0.00874","0.9775","0.51487","0.31140","-0.00780","0.9308","0.42865","0.40835","-0.01949","0.9423","0.57658","0.41126","-0.01019","0.9488","0.41897","0.51089","-0.08033","0.9466","0.58781","0.50738","-0.07393","0.9588","0.42954","0.58314","-0.13032","0.9650","0.57662","0.57867","-0.12654","0.9460","0.42272","0.60052","-0.13901","0.9586","0.58566","0.60055","-0.13062","0.9448","0.41927","0.59463","-0.13612","0.9464","0.58803","0.59358","-0.12715","0.9353","0.43515","0.59528","-0.12984","0.9566","0.57178","0.59407","-0.12438","0.9224","0.46476","0.65022","0.00292","0.9810","0.54626","0.64866","0.00793","0.9214","0.45953","0.72313","-0.06065","0.9532","0.54791","0.72165","-0.05651","0.9406","0.46184","0.92102","0.00098","0.9513","0.54645","0.92026","0.00974","0.9859","0.46158","0.94194","0.01789","0.9847","0.54642","0.93901","0.02410","0.9323","0.46328","0.95008","-0.02340","0.9467","0.54772","0.95040","-0.01451","0.9572"
"253","8.4333","0.50286","0.28725","-0.00911","0.9794","0.48932","0.27600","-0.01334","0.9634","0.48201","0.27282","-0.01302","0.9503","0.47588","0.27690","-0.01293","0.9946","0.51795","0.27387","-0.00773","0.9248","0.52334","0.27277","-0.00668","0.9547","0.53151","0.27564","-0.01000","0.8932","0.47144","0.28389","-0.00175","0.9809","0.53770","0.28382","0.00090","0.9275","0.49464","0.30994","-0.00825","0.9658","0.51470","0.31126","-0.00721","0.9524","0.43199","0.41184","-0.02054","0.9611","0.57457","0.40963","-0.01384","0.9355","0.41883","0.50882","-0.08595","0.9905","0.58707","0.50766","-0.07688","0.9605","0.42894","0.58075","-0.13291","0.9950","0.57336","0.58511","-0.12701","0.9555","0.42078","0.59987","-0.14112","0.9950","0.58239","0.60433","-0.13232","0.9163","0.41806","0.59554","-0.13879","0.9304","0.58623","0.59683","-0.13262","0.9670","0.43467","0.59462","-0.13117","0.9704","0.57437","0.59664","-0.12618","0.9397","0.46104","0.64965","0.00426","0.9537","0.54831","0.65136","0.00526","0.9352","0.45747","0.72162","-0.06289","0.9882","0.54910","0.72064","-0.05508","0.9436","0.45745","0.92143","-0.00025","0.9596","0.54890","0.92097","0.00933","0.9766","0.45977","0.94193","0.01373","0.9586","0.54840","0.94159","0.02769","0.9040","0.45828","0.95351","-0.02365","0.9571","0.54382","0.94991","-0.01760","0.9642"
"254","8.4667","0.50279","0.28910","-0.00884","0.9384","0.49100","0.27850","-0.01464","0.9234","0.48140","0.27418","-0.01360","0.9701","0.47729","0.27435","-0.01138","0.9684","0.51390","0.27965","-0.00731","0.9733","0.52225","0.27238","-0.00761","0.9227","0.53091","0.27751","-0.00690","0.9516","0.47148","0.28624","-0.00254","0.9768","0.53368","0.28518","0.00583","0.9488","0.49267","0.30988","-0.01143","0.9367","0.51727","0.31070","-0.00826","0.9402","0.43057","0.41417","-0.01990","0.9637","0.57719","0.41085","-0.01147","0.9102","0.42054","0.51095","-0.08282","0.9818","0.58329","0.51298","-0.07497","0.9322","0.43284","0.58050","-0.13239","0.9690","0.57635","0.58244","-0.12420","0.9476","0.42271","0.60049","-0.13876","0.9648","0.58284","0.60149","-0.12755","0.9367","0.41658","0.59309","-0.13787","0.9490","0.58477","0.59565","-0.12884","0.9203","0.43330","0.59776","-0.13171","0.9595","0.57256","0.59535","-0.12836","0.9659","0.46278","0.65458","0.00223","0.9258","0.54359","0.64933","0.00847","0.9386","0.45754","0.72272","-0.06191","0.9685","0.55103","0.71907","-0.05397","0.9388","0.46462","0.91956","0.00268","0.9497","0.54586","0.91965","0.00933","0.9623","0.45924","0.94245","0.01583","0.9651","0.54570","0.93889","0.02606","0.9316","0.46433","0.94976","-0.02010","0.9486","0.54692","0.94629","-0.01764","0.9570"
"255","8.5000","0.50480","0.28481","-0.00683","0.9407","0.48943","0.27642","-0.01206","0.9273","0.48099","0.27540","-0.01350","0.9624","0.47617","0.27402","-0.01182","0.9554","0.51730","0.27529","-0.00574","0.9660","0.52271","0.27363","-0.00705","0.9518","0.53097","0.27651","-0.00590","0.9354","0.46913","0.28704","-0.00414","0.9381","0.53792","0.28663","0.00279","0.9562","0.49552","0.31161","-0.00670","0.9709","0.51155","0.31370","-0.00825","0.9888","0.43125","0.40798","-0.01591","0.9311","0.57790","0.41252","-0.01018","0.9492","0.42079","0.51376","-0.08187","0.9452","0.58670","0.51058","-0.07445","0.9549","0.42953","0.58176","-0.13270","0.9563","0.57518","0.58044","-0.12811","0.9309","0.42235","0.59992","-0.13595","0.9460","0.58351","0.60060","-0.13019","0.9328","0.42050","0.59562","-0.13755","0.9133","0.59164","0.59488","-0.13048","0.9237","0.43250","0.59577","-0.13428","0.9762","0.57379","0.59399","-0.12483","0.9403","0.46004","0.65113","0.00082","0.9565","0.54674","0.65062","0.00734","0.9352","0.45488","0.71929","-0.06230","0.9430","0.54943","0.72412","-0.05647","0.9786","0.46443","0.92485","0.00274","0.9468","0.54618","0.92061","0.01070","0.9197","0.45865","0.94344","0.01489","0.9529","0.54450","0.93702","0.02182","0.9617","0.46093","0.95396","-0.02116","0.9746","0.54512","0.95017","-0.01687","0.9461"
"256","8.5333","0.50446","0.28261","-0.00679","0.9410","0.48984","0.27845","-0.01165","0.9405","0.48145","0.27353","-0.01192","0.9533","0.47571","0.27442","-0.01261","0.9548","0.51813","0.27475","-0.00662","0.9572","0.52540","0.27371","-0.00615","0.9453","0.53073","0.27568","-0.00508","0.9373","0.46993","0.28888","-0.00364","0.9380","0.54011","0.28771","0.00361","0.9750","0.49453","0.31120","-0.00669","0.9821","0.51238","0.31212","-0.00859","0.9950","0.43130","0.41029","-0.01630","0.9000","0.57664","0.41166","-0.01200","0.9223","0.42010","0.51508","-0.08276","0.9657","0.58661","0.51004","-0.07695","0.9651","0.42849","0.58233","-0.13082","0.9665","0.57585","0.58054","-0.12870","0.9555","0.42369","0.59848","-0.13329","0.9586","0.58499","0.60110","-0.13193","0.9504","0.42026","0.59332","-0.13913","0.9141","0.59198","0.59764","-0.12989","0.9231","0.43127","0.59797","-0.13287","0.9509","0.57337","0.59376","-0.12549","0.9322","0.45964","0.65233","0.00284","0.9556","0.54585","0.65071","0.00807","0.8974","0.45556","0.72044","-0.06229","0.9622","0.54945","0.72092","-0.05587","0.9582","0.46090","0.92300","0.00301","0.9568","0.54589","0.92063","0.01023","0.9507","0.45808","0.94330","0.01483","0.9367","0.54392","0.93664","0.02374","0.9766","0.45985","0.95545","-0.02045","0.9445","0.54554","0.94796","-0.01640","0.9406"
"257","8.5667","0.50460","0.28284","-0.00759","0.9126","0.48372","0.27283","-0.01263","0.9557","0.48355","0.26707","-0.01361","0.9408","0.47163","0.27559","-0.01421","0.9631","0.51886","0.27567","-0.00527","0.9390","0.52252","0.27456","-0.00841","0.9064","0.53005","0.27766","-0.00251","0.9636","0.46916","0.28403","-0.00179","0.9804","0.53498","0.28467","0.00492","0.9647","0.49719","0.31015","-0.00912","0.9563","0.51560","0.30988","-0.00723","0.9271","0.43052","0.41103","-0.01733","0.9486","0.57710","0.40887","-0.00953","0.9600","0.41963","0.51101","-0.08261","0.9599","0.58072","0.50910","-0.07021","0.9671","0.42893","0.58061","-0.13438","0.9257","0.57274","0.58015","-0.12499","0.9433","0.42190","0.59953","-0.13755","0.9485","0.58468","0.59968","-0.12847","0.9721","0.41970","0.59394","-0.13469","0.9253","0.58874","0.59448","-0.12729","0.9225","0.43556","0.59437","-0.12960","0.9646","0.57306","0.59335","-0.12548","0.9355","0.45866","0.64858","0.00063","0.9599","0.54715","0.64949","0.00949","0.9115","0.45503","0.71920","-0.06048","0.9486","0.54774","0.72153","-0.05650","0.9316","0.45996","0.92078","0.00477","0.9668","0.54408","0.92011","0.01220","0.9422","0.45965","0.94007","0.01867","0.9219","0.54446","0.93968","0.02814","0.9241","0.45846","0.94819","-0.02334","0.9777","0.54723","0.95020","-0.01929","0.9479"
"258","8.6000","0.50292","0.28320","-0.01063","0.9529","0.48783","0.27042","-0.01184","0.9486","0.48289","0.26790","-0.01076","0.9009","0.47240","0.27391","-0.01117","0.9377","0.51991","0.26767","-0.00489","0.9388","0.52434","0.26920","-0.00674","0.9388","0.53008","0.27472","-0.00474","0.9554","0.47141","0.28050","-0.00222","0.9704","0.53216","0.27752","0.00824","0.9514","0.49416","0.30493","-0.00759","0.9540","0.51505","0.30593","-0.00597","0.9528","0.42973","0.40559","-0.01641","0.9950","0.57629","0.40641","-0.00990","0.9427","0.41928","0.50896","-0.08072","0.9713","0.58643","0.50750","-0.07259","0.9369","0.42996","0.57962","-0.12949","0.9735","0.57617","0.58104","-0.11844","0.9340","0.42161","0.60198","-0.13362","0.9499","0.58141","0.60050","-0.12710","0.9470","0.41536","0.59589","-0.13491","0.9773","0.58641","0.59397","-0.12843","0.9485","0.43785","0.59264","-0.12568","0.9705","0.57332","0.59527","-0.12262","0.9150","0.45690","0.64719","0.00249","0.9557","0.54223","0.64403","0.00883","0.9521","0.45719","0.71804","-0.05897","0.9545","0.55120","0.72030","-0.05409","0.9749","0.46058","0.92068","0.00130","0.9643","0.54511","0.91930","0.01184","0.9535","0.45851","0.94012","0.01898","0.9607","0.54476","0.94048","0.02284","0.9485","0.46311","0.94919","-0.02181","0.9368","0.54624","0.95259","-0.01502","0.9324"
"259","8.6333","0.50254","0.27876","-0.00673","0.9670","0.48847","0.26923","-0.00856","0.9839","0.48560","0.26562","-0.01057","0.9345","0.47713","0.26690","-0.00862","0.9628","0.51901","0.26818","-0.00747","0.9578","0.52316","0.26786","-0.00366","0.9212","0.53210","0.27028","-0.00404","0.9346","0.46839","0.27796","0.00101","0.9554","0.53461","0.27799","0.00781","0.9722","0.49283","0.30467","-0.00862","0.9849","0.51331","0.30179","-0.01005","0.9511","0.43070","0.40316","-0.01133","0.9473","0.57355","0.40358","-0.01147","0.9402","0.42215","0.50372","-0.07876","0.9516","0.58721","0.50741","-0.07006","0.9401","0.42850","0.58285","-0.12690","0.9652","0.57728","0.57967","-0.11738","0.9696","0.42218","0.59564","-0.12940","0.9755","0.58194","0.60229","-0.12318","0.9418","0.42108","0.59297","-0.12971","0.9418","0.58788","0.58953","-0.12123","0.9262","0.43531","0.59325","-0.12618","0.9387","0.57069","0.59100","-0.11788","0.9500","0.46058","0.64027","0.00249","0.9878","0.55059","0.64138","0.00757","0.9175","0.45114","0.72052","-0.06011","0.9535","0.54877","0.72298","-0.05018","0.9540","0.45771","0.92218","-0.00100","0.9675","0.54483","0.92468","0.01094","0.9235","0.46073","0.94684","0.02041","0.9728","0.54641","0.94093","0.02055","0.9747","0.45827","0.95277","-0.02600","0.9536","0.54776","0.95301","-0.01420","0.9395"
"260","8.6667","0.50270","0.27826","-0.00496","0.9474","0.49168","0.26870","-0.00853","0.9539","0.48616","0.26437","-0.01069","0.9532","0.47808","0.26610","-0.01015","0.9754","0.51840","0.26752","-0.00685","0.9585","0.52533","0.26701","-0.00391","0.9087","0.52993","0.26977","-0.00490","0.9315","0.46970","0.27930","-0.00066","0.9390","0.53517","0.27777","0.00868","0.9636","0.49199","0.30341","-0.00905","0.9860","0.51228","0.29915","-0.00961","0.9323","0.43118","0.40296","-0.01301","0.9597","0.57482","0.40210","-0.01245","0.9388","0.42291","0.50480","-0.07730","0.9518","0.58859","0.50579","-0.07012","0.9533","0.43163","0.58292","-0.12644","0.9764","0.57673","0.57889","-0.11560","0.9755","0.42195","0.59650","-0.12784","0.9950","0.58055","0.60249","-0.12319","0.9679","0.41991","0.59357","-0.12984","0.9600","0.58594","0.58954","-0.12119","0.9479","0.43521","0.59305","-0.12596","0.9532","0.57235","0.59282","-0.11724","0.9413","0.45950","0.63942","0.00267","0.9889","0.54965","0.64213","0.00903","0.9698","0.45333","0.72027","-0.05878","0.9891","0.54950","0.72192","-0.05040","0.9499","0.45876","0.92339","0.00091","0.9342","0.54568","0.92390","0.00960","0.9499","0.46073","0.94629","0.01751","0.9650","0.54684","0.94173","0.02147","0.9885","0.45774","0.95174","-0.02203","0.9561","0.55083","0.95314","-0.01351","0.9265"
"261","8.7000","0.50168","0.27549","-0.00474","0.9442","0.48884","0.26275","-0.00820","0.9908","0.48329","0.26665","-0.00952","0.9307","0.47809","0.26235","-0.00906","0.9333","0.51860","0.26229","0.00021","0.9374","0.52317","0.26282","-0.00004","0.9704","0.53190","0.26407","-0.00223","0.9475","0.46886","0.27580","-0.00052","0.9827","0.53864","0.27189","0.00536","0.9457","0.49155","0.30099","-0.00448","0.9499","0.51075","0.30022","-0.00840","0.9423","0.42991","0.39543","-0.01330","0.9685","0.57621","0.39697","-0.00853","0.8971","0.41952","0.49960","-0.07308","0.9606","0.58629","0.49844","-0.06485","0.9306","0.42827","0.57855","-0.12197","0.9767","0.57499","0.57538","-0.11294","0.9592","0.42508","0.59501","-0.12328","0.9461","0.58502","0.59865","-0.11786","0.9590","0.41517","0.59107","-0.12791","0.9908","0.58748","0.59222","-0.11723","0.9330","0.43430","0.59265","-0.12085","0.9368","0.57291","0.59001","-0.11488","0.9617","0.46046","0.63378","0.00132","0.9530","0.54646","0.63679","0.01130","0.9412","0.45756","0.72118","-0.05627","0.9543","0.55097","0.72419","-0.04789","0.9450","0.45905","0.92247","0.00395","0.9614","0.54659","0.92049","0.01054","0.8873","0.46048","0.94138","0.01899","0.9488","0.54432","0.93857","0.02661","0.9227","0.45974","0.94875","-0.02077","0.9452","0.54996","0.95080","-0.01483","0.9524"
"262","8.7333","0.50573","0.26841","-0.00588","0.9562","0.48675","0.25796","-0.01084","0.9487","0.48233","0.25632","-0.01115","0.9595","0.47880","0.25728","-0.00752","0.9347","0.52229","0.26053","-0.00096","0.9746","0.52321","0.25391","-0.00494","0.9226","0.52952","0.25610","-0.00028","0.9441","0.46917","0.26712","0.00147","0.9493","0.53712","0.26902","0.00690","0.9406","0.49263","0.29286","-0.00287","0.9603","0.51215","0.29018","-0.00389","0.9747","0.43218","0.39379","-0.01621","0.9449","0.57717","0.39185","-0.00432","0.9579","0.42227","0.49710","-0.07236","0.9670","0.58621","0.49934","-0.06761","0.9689","0.43013","0.57630","-0.11836","0.9676","0.57691","0.57762","-0.10857","0.9492","0.42398","0.59330","-0.11838","0.9554","0.58506","0.59125","-0.11518","0.9545","0.41914","0.58826","-0.12292","0.9421","0.58954","0.58804","-0.11278","0.9404","0.43687","0.58911","-0.11577","0.9740","0.57111","0.58785","-0.10936","0.9320","0.45722","0.63218","-0.00101","0.9770","0.54538","0.62942","0.00691","0.9539","0.45585","0.72147","-0.05059","0.9483","0.54852","0.71726","-0.04547","0.9516","0.45979","0.92301","0.00138","0.9725","0.54688","0.91900","0.00804","0.9717","0.45980","0.94331","0.01422","0.9494","0.54496","0.94081","0.02646","0.9406","0.46032","0.95152","-0.02180","0.9807","0.54529","0.94911","-0.01799","0.9501"
"263","8.7667","0.50409","0.26507","-0.00472","0.9422","0.48792","0.25399","-0.00633","0.9701","0.47747","0.25077","-0.00863","0.9770","0.47693","0.25297","-0.00833","0.9950","0.51645","0.24844","0.00007","0.9450","0.52438","0.24901","-0.00173","0.9173","0.52947","0.25404","0.00466","0.9589","0.47324","0.26227","0.00174","0.9621","0.53571","0.26228","0.01141","0.9257","0.49353","0.28470","-0.00380","0.9468","0.51079","0.28671","-0.00293","0.9562","0.43179","0.38451","-0.01288","0.9370","0.57547","0.38643","-0.00419","0.9308","0.41765","0.49025","-0.06564","0.9440","0.58621","0.49507","-0.06300","0.9249","0.43111","0.57232","-0.10953","0.9415","0.57692","0.56855","-0.10892","0.9327","0.42180","0.59214","-0.11904","0.9717","0.58763","0.59134","-0.10645","0.9591","0.41992","0.58512","-0.11914","0.9858","0.58725","0.58660","-0.11216","0.9282","0.43299","0.58928","-0.11139","0.9494","0.57151","0.58818","-0.10139","0.8815","0.45882","0.62340","0.00236","0.9676","0.54760","0.62263","0.00877","0.9279","0.45871","0.72324","-0.05018","0.9349","0.54841","0.72124","-0.04087","0.9176","0.45979","0.92197","-0.00049","0.9950","0.54626","0.92272","0.01232","0.9148","0.46456","0.94210","0.01981","0.9776","0.54974","0.93785","0.02359","0.9158","0.45975","0.95359","-0.02069","0.9657","0.54578","0.95036","-0.01714","0.9236"
"264","8.8000","0.50442","0.26663","-0.00399","0.9587","0.48700","0.25351","-0.00735","0.9571","0.47863","0.25131","-0.00604","0.9757","0.47625","0.25189","-0.00957","0.9728","0.51735","0.25078","0.00092","0.9513","0.52587","0.24992","-0.00278","0.9184","0.53019","0.25354","0.00428","0.9513","0.47191","0.26269","0.00147","0.9511","0.53577","0.26210","0.01165","0.9156","0.49354","0.28693","-0.00559","0.9476","0.51140","0.28597","-0.00271","0.9456","0.43144","0.38640","-0.01025","0.9380","0.57585","0.38941","-0.00397","0.9474","0.41676","0.49208","-0.06699","0.9793","0.58657","0.49442","-0.06099","0.9277","0.43384","0.57115","-0.11000","0.9405","0.57702","0.56914","-0.10576","0.9356","0.42117","0.59040","-0.11925","0.9486","0.58563","0.59111","-0.11019","0.9644","0.41896","0.58597","-0.11857","0.9775","0.58708","0.58670","-0.10997","0.9239","0.43175","0.58772","-0.11330","0.9485","0.57252","0.58801","-0.10256","0.9078","0.45932","0.62120","-0.00066","0.9605","0.54709","0.62361","0.01114","0.9494","0.45841","0.72222","-0.04893","0.9635","0.54821","0.71974","-0.03998","0.9216","0.46070","0.92079","0.00167","0.9950","0.54636","0.92285","0.01228","0.9303","0.46360","0.94207","0.01885","0.9950","0.54875","0.94001","0.02221","0.9296","0.46070","0.95185","-0.02130","0.9555","0.54630","0.95112","-0.01585","0.9439"
"265","8.8333","0.50222","0.25491","-0.00111","0.9711","0.48685","0.24439","-0.00674","0.9791","0.48019","0.24229","-0.00646","0.9950","0.47520","0.24500","-0.00772","0.9536","0.51759","0.24882","-0.00083","0.9329","0.52212","0.24547","-0.00105","0.9506","0.53346","0.24748","-0.00156","0.9330","0.46949","0.25338","0.00007","0.9569","0.53336","0.25683","0.00727","0.9435","0.49404","0.28408","-0.00305","0.9777","0.51498","0.28108","-0.00500","0.9447","0.42695","0.37903","-0.00995","0.9467","0.57448","0.37898","-0.00099","0.9231","0.42022","0.48644","-0.06750","0.9673","0.58691","0.48818","-0.05762","0.9429","0.43093","0.56780","-0.10645","0.9833","0.57402","0.56938","-0.09756","0.8957","0.42102","0.59076","-0.11302","0.9312","0.58278","0.58726","-0.10456","0.9363","0.41855","0.58533","-0.11494","0.9714","0.58806","0.58384","-0.10579","0.9282","0.43422","0.58324","-0.10150","0.9673","0.57228","0.58407","-0.09738","0.9734","0.46059","0.61277","-0.00055","0.9950","0.54789","0.61210","0.00810","0.9469","0.45632","0.72035","-0.04510","0.9582","0.54815","0.72325","-0.03806","0.9622","0.46055","0.92280","0.00208","0.9610","0.54488","0.92144","0.00815","0.9211","0.46129","0.94132","0.01860","0.9639","0.54963","0.94272","0.02744","0.9504","0.46199","0.95272","-0.02118","0.9768","0.54581","0.95095","-0.01308","0.9912"
"266","8.8667","0.50440","0.24793","-0.00035","0.9390","0.48711","0.23657","-0.00136","0.9680","0.48373","0.24007","-0.00858","0.9546","0.47800","0.24081","-0.00412","0.9781","0.51886","0.23583","0.00290","0.9507","0.52412","0.23568","-0.00032","0.9592","0.52780","0.24034","0.00525","0.9715","0.47204","0.25143","0.00326","0.9631","0.53804","0.24971","0.01156","0.9404","0.49391","0.27186","-0.00582","0.9624","0.51547","0.27739","0.00017","0.9700","0.43100","0.37088","-0.00978","0.9748","0.57665","0.37090","-0.00062","0.9425","0.42192","0.48087","-0.06384","0.9428","0.58719","0.48370","-0.05303","0.9440","0.43001","0.56374","-0.10260","0.9668","0.57630","0.56767","-0.08928","0.9253","0.42102","0.58472","-0.10597","0.9751","0.58400","0.58557","-0.09826","0.9648","0.41766","0.57918","-0.10827","0.9847","0.58642","0.58138","-0.09729","0.9545","0.43428","0.57961","-0.09963","0.9478","0.57132","0.58081","-0.09361","0.9496","0.45898","0.60537","-0.00298","0.9513","0.54767","0.60104","0.00690","0.9469","0.45607","0.72451","-0.04262","0.9466","0.55111","0.72172","-0.03368","0.9445","0.46171","0.92149","-0.00111","0.9726","0.54648","0.91827","0.00600","0.9474","0.46062","0.94174","0.01664","0.9606","0.54493","0.93974","0.02766","0.9315","0.46102","0.94936","-0.02261","0.9575","0.54695","0.94882","-0.01463","0.9735"
"267","8.9000","0.50510","0.24232","0.00136","0.9914","0.48754","0.23348","-0.00373","0.9527","0.48525","0.22967","-0.00416","0.9658","0.47570","0.23183","-0.00456","0.9528","0.51866","0.23042","0.00223","0.9577","0.52446","0.23048","0.00239","0.9583","0.52804","0.23035","0.00539","0.9478","0.46892","0.24231","0.00637","0.9421","0.53694","0.23998","0.01188","0.9374","0.49326","0.26773","0.00179","0.9719","0.51399","0.26428","-0.00138","0.9681","0.42942","0.36239","-0.00828","0.9794","0.57635","0.36326","-0.00029","0.9622","0.41978","0.47777","-0.05628","0.9500","0.58672","0.47962","-0.04914","0.9739","0.42797","0.56415","-0.09803","0.9341","0.57559","0.56534","-0.08606","0.9348","0.42475","0.58585","-0.09717","0.9523","0.58272","0.58514","-0.09306","0.9356","0.41985","0.57718","-0.09904","0.9714","0.59165","0.57989","-0.09167","0.9379","0.43356","0.57937","-0.09478","0.9590","0.57456","0.57897","-0.08716","0.9426","0.46295","0.59697","0.00153","0.9810","0.54645","0.59450","0.00969","0.9499","0.46087","0.71916","-0.03713","0.9193","0.55024","0.72370","-0.03155","0.9324","0.46060","0.91923","0.00364","0.9936","0.54698","0.92201","0.01038","0.9231","0.45891","0.94265","0.02016","0.9698","0.54537","0.94201","0.02694","0.9147","0.45897","0.95092","-0.02014","0.9541","0.54825","0.95105","-0.01243","0.9418"
"268","8.9333","0.50481","0.24048","0.00018","0.9772","0.48682","0.23304","-0.00326","0.9530","0.48354","0.22705","-0.00475","0.9321","0.47526","0.23146","-0.00273","0.9494","0.51503","0.22897","0.00129","0.9291","0.52529","0.23033","0.00288","0.9521","0.52874","0.22932","0.00573","0.9174","0.46841","0.24253","0.00634","0.9390","0.53659","0.23971","0.01195","0.9443","0.49125","0.26824","-0.00006","0.9660","0.51300","0.26350","-0.00155","0.9720","0.42958","0.36453","-0.00735","0.9683","0.57709","0.36468","0.00084","0.9310","0.42029","0.47630","-0.05597","0.9275","0.58705","0.47742","-0.04938","0.9768","0.42750","0.56582","-0.09788","0.9486","0.57619","0.56573","-0.08674","0.9527","0.42441","0.58710","-0.09663","0.9480","0.58378","0.58449","-0.09225","0.9361","0.42107","0.57533","-0.10011","0.9533","0.59091","0.57983","-0.09084","0.9537","0.43375","0.57874","-0.09523","0.9919","0.57652","0.58012","-0.08675","0.9410","0.46346","0.59656","0.00038","0.9675","0.54665","0.59346","0.01015","0.9641","0.46033","0.71926","-0.03714","0.9571","0.55132","0.72254","-0.03145","0.9298","0.45954","0.92156","0.00327","0.9950","0.54743","0.92323","0.00959","0.9482","0.46041","0.94378","0.02224","0.9588","0.54783","0.94410","0.02591","0.9143","0.45946","0.94992","-0.02141","0.9465","0.54771","0.95234","-0.01432","0.9400"
"269","8.9667","0.50487","0.23299","0.00366","0.9592","0.48920","0.22389","-0.00143","0.9812","0.48493","0.22122","-0.00265","0.9643","0.47637","0.22170","-0.00381","0.9591","0.52068","0.22461","0.00269","0.9217","0.52397","0.22409","0.00479","0.9427","0.52825","0.22431","0.00579","0.9330","0.47063","0.23441","0.00852","0.9526","0.53518","0.23337","0.01344","0.9338","0.49639","0.25696","-0.00200","0.9494","0.51257","0.25884","0.00054","0.9468","0.42915","0.35645","-0.00614","0.9903","0.57791","0.35530","0.00029","0.9401","0.42200","0.47148","-0.05310","0.9635","0.58464","0.47160","-0.04691","0.9239","0.43046","0.56260","-0.08827","0.9582","0.57504","0.56031","-0.07711","0.9463","0.42098","0.57988","-0.09305","0.9648","0.58497","0.57999","-0.08681","0.9447","0.41762","0.57756","-0.09150","0.9613","0.58824","0.57494","-0.08770","0.9306","0.43661","0.57833","-0.08639","0.9652","0.57391","0.57787","-0.08354","0.9211","0.45999","0.58480","0.00041","0.9190","0.54541","0.58912","0.00753","0.9466","0.45708","0.72222","-0.03301","0.9411","0.54981","0.71984","-0.02694","0.9169","0.46154","0.92391","0.00505","0.9745","0.54503","0.92141","0.01071","0.9261","0.46057","0.94035","0.01870","0.9837","0.54755","0.93788","0.02584","0.9429","0.45758","0.94932","-0.02462","0.9906","0.54324","0.94910","-0.01769","0.9329"
"270","9.0000","0.50320","0.22427","0.00364","0.9450","0.48783","0.21525","0.00128","0.9633","0.48330","0.21612","-0.00244","0.9597","0.47745","0.20827","0.00008","0.9839","0.52309","0.21630","0.00580","0.9361","0.52409","0.21496","0.00430","0.9425","0.52974","0.21185","0.00430","0.9262","0.46843","0.22658","0.01058","0.9755","0.53576","0.23025","0.01611","0.9472","0.49312","0.25245","0.00285","0.9558","0.51562","0.25227","0.00279","0.9623","0.43121","0.34522","-0.00482","0.9920","0.57725","0.34758","0.00194","0.9216","0.42003","0.46534","-0.04938","0.9443","0.58747","0.46235","-0.04111","0.9203","0.43129","0.55686","-0.08280","0.9477","0.57672","0.55799","-0.07168","0.8928","0.42026","0.57841","-0.08910","0.9856","0.58395","0.57885","-0.07915","0.9592","0.41805","0.57273","-0.08523","0.9498","0.58783","0.57522","-0.07646","0.9615","0.43463","0.57551","-0.07879","0.9457","0.57155","0.57185","-0.07707","0.9376","0.45931","0.57857","-0.00256","0.9457","0.54468","0.57575","0.00659","0.9325","0.45816","0.71892","-0.02822","0.9552","0.55013","0.72294","-0.02264","0.9068","0.46003","0.92073","0.00407","0.9508","0.54907","0.92081","0.00995","0.8835","0.46151","0.94214","0.01520","0.9498","0.54659","0.94102","0.02421","0.9127","0.46219","0.95068","-0.02163","0.9420","0.54739","0.94969","-0.01496","0.9303"
"271","9.0333","0.50342","0.21831","0.00336","0.9308","0.48943","0.20541","-0.00054","0.9716","0.48336","0.20719","0.00076","0.9378","0.47969","0.21254","-0.00000","0.9582","0.51448","0.20777","0.00812","0.9255","0.52455","0.20668","0.00486","0.9344","0.53015","0.20844","0.00932","0.9280","0.47096","0.22135","0.01090","0.9831","0.53736","0.21791","0.01731","0.9867","0.49319","0.24233","0.00178","0.9740","0.51439","0.24240","0.00400","0.9407","0.43039","0.33880","-0.00244","0.9498","0.57462","0.33973","0.00369","0.9354","0.41883","0.46096","-0.04495","0.9566","0.58467","0.45695","-0.03849","0.9140","0.42935","0.55535","-0.07284","0.9346","0.57865","0.55420","-0.06261","0.9478","0.42529","0.57604","-0.08130","0.9221","0.58104","0.57511","-0.07091","0.9492","0.41869","0.56949","-0.08031","0.9598","0.58941","0.56950","-0.07270","0.9506","0.43581","0.56853","-0.07712","0.9105","0.57026","0.56898","-0.06327","0.9362","0.46112","0.56758","-0.00074","0.9480","0.54746","0.57037","0.00725","0.9502","0.45872","0.72106","-0.02396","0.9713","0.54687","0.71798","-0.01612","0.9144","0.46032","0.92178","0.00163","0.9827","0.54562","0.92143","0.00986","0.9392","0.45731","0.94196","0.01734","0.9712","0.54600","0.94294","0.02086","0.9474","0.45999","0.94654","-0.02211","0.9308","0.54701","0.94990","-0.01410","0.9259"
"272","9.0667","0.50382","0.21814","0.00364","0.9238","0.48952","0.20675","-0.00085","0.9627","0.48051","0.20655","0.00108","0.9489","0.47749","0.21188","-0.00119","0.9784","0.51457","0.20803","0.00789","0.9363","0.52483","0.20550","0.00608","0.9267","0.53199","0.20774","0.00977","0.9096","0.46998","0.21775","0.01078","0.9950","0.53780","0.21766","0.01569","0.9717","0.49260","0.24396","0.00205","0.9801","0.51401","0.24182","0.00483","0.9493","0.43225","0.34166","-0.00056","0.9230","0.57719","0.34051","0.00499","0.9168","0.41845","0.45928","-0.04691","0.9496","0.58535","0.45861","-0.03821","0.9148","0.42883","0.55656","-0.07455","0.9186","0.57787","0.55478","-0.06519","0.9470","0.42418","0.57525","-0.08147","0.9170","0.58278","0.57465","-0.07393","0.9695","0.41799","0.56765","-0.08125","0.9484","0.58922","0.56735","-0.07329","0.9726","0.43357","0.57076","-0.07788","0.9272","0.57070","0.57021","-0.06717","0.9716","0.46084","0.56992","-0.00017","0.9410","0.54616","0.57070","0.00784","0.9140","0.45880","0.72180","-0.02353","0.9532","0.54695","0.71893","-0.01658","0.9183","0.45992","0.92361","0.00130","0.9833","0.54439","0.92336","0.00942","0.9384","0.45952","0.94106","0.01672","0.9863","0.54393","0.94218","0.02327","0.9471","0.45996","0.94918","-0.02204","0.9646","0.54799","0.94765","-0.01678","0.9431"
"273","9.1000","0.50345","0.20986","0.00518","0.9535","0.49160","0.20137","-0.00029","0.9508","0.48025","0.19826","0.00511","0.9841","0.47609","0.20306","-0.00245","0.9557","0.51560","0.20144","0.00835","0.9542","0.52590","0.19997","0.00962","0.9241","0.53142","0.20395","0.00516","0.9443","0.46909","0.21049","0.01134","0.9720","0.54071","0.21081","0.01942","0.9556","0.49607","0.23484","0.00364","0.9133","0.51583","0.23978","0.00506","0.9603","0.43132","0.33641","-0.00266","0.9405","0.57656","0.33441","0.00503","0.9846","0.42191","0.45529","-0.04253","0.9773","0.58710","0.45250","-0.03510","0.9524","0.42947","0.55199","-0.07002","0.9359","0.57488","0.55144","-0.06054","0.9451","0.42275","0.57250","-0.07339","0.9633","0.58260","0.57490","-0.06734","0.9135","0.42072","0.56806","-0.07429","0.9593","0.58752","0.56909","-0.06474","0.9129","0.43617","0.56795","-0.06989","0.9540","0.57297","0.56859","-0.05997","0.9653","0.46143","0.56086","-0.00430","0.9721","0.54938","0.55987","0.00477","0.9920","0.45662","0.72274","-0.02105","0.9525","0.54622","0.72047","-0.01444","0.9552","0.46023","0.92052","0.00410","0.9301","0.54865","0.92083","0.01175","0.9530","0.45974","0.94179","0.02023","0.9585","0.54459","0.94017","0.02298","0.9465","0.46091","0.95203","-0.02508","0.9378","0.54755","0.95425","-0.01690","0.9253"
"274","9.1333","0.50157","0.20406","0.00791","0.9736","0.48914","0.19456","0.00268","0.9576","0.48114","0.18911","0.00523","0.9926","0.47461","0.19179","0.00013","0.9545","0.51716","0.19844","0.00548","0.9359","0.52482","0.19454","0.01509","0.9467","0.53305","0.19802","0.01219","0.9493","0.47209","0.20629","0.01180","0.9547","0.53621","0.20556","0.01723","0.9752","0.49245","0.23111","0.00789","0.9541","0.51361","0.23130","0.00506","0.9315","0.43392","0.32400","0.00212","0.9407","0.57658","0.32685","0.01070","0.9367","0.42207","0.45074","-0.03736","0.9646","0.58470","0.44773","-0.03155","0.9249","0.43151","0.55095","-0.06490","0.9525","0.57427","0.54980","-0.05822","0.9451","0.42134","0.56791","-0.06912","0.9550","0.58284","0.56830","-0.06044","0.9158","0.41802","0.56782","-0.06691","0.9385","0.58947","0.56141","-0.06363","0.9607","0.43146","0.56370","-0.06207","0.9714","0.57205","0.56285","-0.05531","0.9136","0.46107","0.55245","-0.00443","0.9934","0.54635","0.55359","0.00297","0.9580","0.46069","0.71848","-0.01711","0.9480","0.54790","0.72250","-0.01152","0.9789","0.46059","0.92283","0.00306","0.9355","0.54491","0.92199","0.00873","0.9320","0.46037","0.94296","0.01763","0.9414","0.54635","0.94381","0.02785","0.9295","0.46351","0.95300","-0.01854","0.9950","0.54748","0.94943","-0.01674","0.9227"
"275","9.1667","0.50394","0.19974","0.00933","0.9329","0.48690","0.18968","0.00388","0.9801","0.48385","0.18730","0.00459","0.9950","0.47297","0.19110","0.00557","0.9369","0.51729","0.19033","0.01325","0.9241","0.52578","0.18533","0.00793","0.9034","0.53168","0.18958","0.00724","0.9474","0.46921","0.19825","0.01390","0.9540","0.53926","0.19777","0.01998","0.9309","0.49094","0.22647","0.00722","0.9388","0.51398","0.22397","0.00568","0.9513","0.43284","0.31919","0.00028","0.9315","0.57393","0.31903","0.01193","0.9273","0.42435","0.44495","-0.03124","0.9509","0.58390","0.44586","-0.02367","0.9341","0.43071","0.54824","-0.06011","0.9708","0.57838","0.55058","-0.05082","0.9739","0.42316","0.57155","-0.06408","0.9491","0.58579","0.57228","-0.05300","0.9930","0.41978","0.56266","-0.06227","0.9744","0.58863","0.56501","-0.05466","0.9507","0.43496","0.56361","-0.05741","0.9336","0.56901","0.55800","-0.05193","0.9639","0.46150","0.54437","-0.00088","0.9375","0.54835","0.54231","0.00432","0.9567","0.45935","0.72056","-0.01334","0.9433","0.54508","0.71922","-0.00744","0.9184","0.46005","0.92337","0.00079","0.9386","0.54614","0.92185","0.00754","0.9577","0.46353","0.94019","0.01768","0.9550","0.54747","0.94242","0.01945","0.9663","0.46338","0.95113","-0.02332","0.9235","0.54396","0.95383","-0.01573","0.9682"
"276","9.2000","0.50497","0.19945","0.00979","0.9415","0.48874","0.19226","0.00450","0.9693","0.48398","0.18600","0.00611","0.9901","0.47689","0.18949","0.00492","0.9435","0.51682","0.18893","0.01264","0.9330","0.52403","0.18478","0.01068","0.8976","0.53047","0.18839","0.00897","0.9285","0.46761","0.19793","0.01457","0.9517","0.54027","0.19811","0.01983","0.9463","0.49332","0.22543","0.00757","0.9747","0.51488","0.22392","0.00639","0.9742","0.43065","0.31939","0.00313","0.9641","0.57506","0.31897","0.01130","0.9454","0.42485","0.44460","-0.03193","0.9546","0.58406","0.44441","-0.02330","0.9398","0.42965","0.54680","-0.05878","0.9537","0.57904","0.55035","-0.04953","0.9419","0.42156","0.57039","-0.06430","0.9803","0.58405","0.57054","-0.05453","0.9684","0.42054","0.56197","-0.06251","0.9896","0.58922","0.56438","-0.05510","0.9593","0.43432","0.56334","-0.05864","0.9428","0.56954","0.55744","-0.05250","0.9950","0.46281","0.54540","-0.00299","0.9424","0.54733","0.54202","0.00349","0.9555","0.45865","0.72172","-0.01368","0.9566","0.54612","0.72059","-0.00871","0.9446","0.46185","0.92341","0.00115","0.9577","0.54675","0.91997","0.00842","0.9639","0.46322","0.94073","0.01552","0.9454","0.54701","0.94151","0.02183","0.9652","0.46263","0.95158","-0.02527","0.9432","0.54603","0.95188","-0.01710","0.9467"
"277","9.2333","0.50125","0.19433","0.00844","0.9266","0.48809","0.18388","0.00091","0.9441","0.48418","0.18385","0.00377","0.9776","0.47705","0.18256","0.00486","0.9651","0.51677","0.18317","0.01239","0.9604","0.52276","0.18290","0.01098","0.9727","0.52959","0.18415","0.01085","0.9492","0.47315","0.19341","0.01433","0.9607","0.53547","0.19216","0.02343","0.9362","0.49566","0.21949","0.01095","0.9722","0.51449","0.21656","0.00789","0.9950","0.43056","0.31392","0.00118","0.9525","0.57570","0.31770","0.01180","0.9516","0.42062","0.43896","-0.02943","0.9850","0.58730","0.44090","-0.02563","0.9015","0.43250","0.54605","-0.05237","0.9264","0.57678","0.54832","-0.04799","0.9501","0.42284","0.56629","-0.05727","0.9950","0.58286","0.56598","-0.05324","0.9448","0.41666","0.56243","-0.06012","0.9670","0.58595","0.56138","-0.05480","0.9465","0.43278","0.56155","-0.05596","0.9605","0.57403","0.56202","-0.04802","0.9158","0.46038","0.53833","-0.00171","0.9689","0.54677","0.53678","0.00611","0.9538","0.46047","0.72157","-0.01214","0.9649","0.54528","0.72254","-0.00069","0.9229","0.46105","0.92468","0.00159","0.9346","0.54667","0.92059","0.00926","0.9217","0.46158","0.94196","0.01707","0.9865","0.54321","0.94032","0.02676","0.9615","0.45964","0.94771","-0.02187","0.9535","0.54863","0.95025","-0.01412","0.9508"
"278","9.2667","0.50192","0.18836","0.00915","0.9702","0.48806","0.17696","0.00794","0.9636","0.48531","0.17852","0.00505","0.9490","0.47661","0.18158","0.00758","0.9344","0.51733","0.17946","0.01077","0.9376","0.52388","0.17536","0.01471","0.9312","0.53004","0.17904","0.01296","0.9395","0.47049","0.19292","0.01749","0.9587","0.53553","0.19114","0.02284","0.9679","0.49168","0.21878","0.01173","0.9158","0.51509","0.21376","0.01058","0.9455","0.43181","0.30945","0.00436","0.9782","0.57668","0.30634","0.01229","0.9232","0.42014","0.43822","-0.02640","0.9684","0.58319","0.43636","-0.02153","0.9497","0.42843","0.54335","-0.04885","0.9341","0.57663","0.54266","-0.04359","0.9341","0.42016","0.55751","-0.05629","0.9811","0.58473","0.56583","-0.04443","0.9715","0.42092","0.55937","-0.05118","0.9950","0.58857","0.56000","-0.04450","0.9705","0.43447","0.55919","-0.04918","0.9487","0.56819","0.56066","-0.04208","0.9708","0.45591","0.52871","-0.00315","0.9950","0.54469","0.52806","0.00417","0.9293","0.46152","0.71911","-0.00871","0.9870","0.54612","0.71586","-0.00082","0.9415","0.46139","0.92163","0.00144","0.9501","0.54472","0.92016","0.00990","0.9437","0.45978","0.93852","0.01701","0.9613","0.54780","0.94258","0.02063","0.9506","0.45763","0.95127","-0.02349","0.9936","0.54389","0.95458","-0.01735","0.9416"
"279","9.3000","0.50106","0.18855","0.00922","0.9336","0.48822","0.17965","0.00498","0.9581","0.48259","0.17334","0.00508","0.9292","0.47752","0.17627","0.00664","0.9684","0.52132","0.17547","0.01216","0.9368","0.52344","0.17398","0.01356","0.9512","0.53074","0.17495","0.01448","0.9564","0.47138","0.18616","0.01656","0.9394","0.53581","0.18334","0.02125","0.9597","0.49556","0.20978","0.00942","0.9950","0.51675","0.21067","0.00939","0.9414","0.42771","0.30207","0.00396","0.9813","0.57611","0.30402","0.01199","0.9175","0.42212","0.43468","-0.02561","0.9593","0.58854","0.43276","-0.01851","0.9792","0.42902","0.54221","-0.04847","0.9950","0.57764","0.54337","-0.03854","0.9174","0.41964","0.56137","-0.05462","0.9170","0.58603","0.56155","-0.04355","0.9320","0.41689","0.55595","-0.05267","0.9549","0.58667","0.55893","-0.04356","0.9589","0.43197","0.56079","-0.04733","0.9669","0.57215","0.55919","-0.03860","0.9380","0.46150","0.53042","-0.00632","0.9609","0.54643","0.52832","0.00427","0.9338","0.45952","0.72509","-0.01027","0.9511","0.54526","0.71568","-0.00026","0.9145","0.46376","0.91869","0.00279","0.9634","0.54281","0.92123","0.00650","0.9590","0.46107","0.94098","0.01768","0.9521","0.54863","0.94010","0.02328","0.9411","0.46094","0.94944","-0.02251","0.9473","0.54571","0.95134","-0.01479","0.9614"
"280","9.3333","0.50110","0.18735","0.01007","0.9592","0.48815","0.18010","0.00630","0.9634","0.48339","0.17386","0.00523","0.9597","0.47745","0.17480","0.00466","0.9641","0.52222","0.17693","0.01281","0.9264","0.52153","0.17265","0.01377","0.9441","0.53004","0.17543","0.01569","0.9924","0.46947","0.18652","0.01675","0.9421","0.53443","0.18261","0.01992","0.9166","0.49631","0.20858","0.01115","0.9558","0.51565","0.20970","0.00968","0.9399","0.42911","0.30265","0.00393","0.9846","0.57493","0.30665","0.01104","0.9132","0.42101","0.43454","-0.02619","0.9585","0.58715","0.43384","-0.01875","0.9822","0.42856","0.54156","-0.04674","0.9772","0.57808","0.54241","-0.03791","0.9165","0.42002","0.56202","-0.05310","0.9499","0.58610","0.56295","-0.04283","0.9368","0.41927","0.55747","-0.05205","0.9318","0.58608","0.56077","-0.04286","0.9831","0.43032","0.55967","-0.04714","0.9862","0.57129","0.55807","-0.04030","0.9331","0.46163","0.53020","-0.00460","0.9718","0.54594","0.52791","0.00443","0.9266","0.45979","0.72499","-0.00941","0.9197","0.54666","0.71395","-0.00014","0.9182","0.46041","0.91876","0.00348","0.9857","0.54488","0.92113","0.00827","0.9444","0.46227","0.94065","0.01548","0.9752","0.54669","0.94234","0.02268","0.9537","0.46190","0.94948","-0.02181","0.9478","0.54466","0.95118","-0.01551","0.9534"
"281","9.3667","0.50574","0.18229","0.01283","0.9560","0.48775","0.17390","0.00572","0.9410","0.48610","0.17030","0.01081","0.9486","0.47449","0.17032","0.00682","0.9950","0.51833","0.17637","0.01408","0.9139","0.52245","0.17356","0.01117","0.9498","0.52952","0.17527","0.01247","0.9525","0.46984","0.18411","0.01676","0.9783","0.53561","0.18880","0.02416","0.9687","0.49222","0.20494","0.01058","0.9797","0.51398","0.21121","0.00835","0.9516","0.43122","0.30369","0.00742","0.9950","0.57706","0.30379","0.01281","0.9320","0.42342","0.43294","-0.02318","0.9397","0.58525","0.43276","-0.01446","0.9602","0.42976","0.54315","-0.04438","0.9594","0.57855","0.54015","-0.03763","0.9191","0.42116","0.56484","-0.05298","0.9483","0.58254","0.56238","-0.04048","0.9195","0.41408","0.55335","-0.04939","0.9443","0.58807","0.55649","-0.04628","0.9221","0.43231","0.56002","-0.04322","0.9317","0.56921","0.55404","-0.03660","0.9037","0.45902","0.52340","-0.00206","0.9513","0.54694","0.52279","0.00342","0.9538","0.46237","0.72040","-0.00515","0.9705","0.54693","0.72150","0.00015","0.9523","0.45982","0.92167","0.00190","0.9555","0.54957","0.92358","0.01128","0.9182","0.45634","0.94068","0.01631","0.9444","0.54581","0.94110","0.02623","0.9511","0.46158","0.94930","-0.02245","0.9662","0.54798","0.95024","-0.01511","0.9634"
"282","9.4000","0.50313","0.18189","0.00950","0.9722","0.48467","0.17125","0.01096","0.9403","0.48290","0.17034","0.00608","0.9729","0.48002","0.16978","0.00844","0.9950","0.51705","0.17121","0.01337","0.9463","0.52324","0.16525","0.01310","0.9435","0.52909","0.17473","0.01381","0.9582","0.46994","0.18380","0.01382","0.9643","0.53869","0.18206","0.02482","0.9318","0.49373","0.20855","0.00989","0.9572","0.51110","0.20582","0.00913","0.9747","0.43050","0.30273","0.00484","0.9437","0.57780","0.30026","0.01492","0.9366","0.42167","0.43272","-0.02119","0.9193","0.58671","0.42996","-0.01513","0.9175","0.43314","0.54259","-0.04467","0.9418","0.57506","0.54434","-0.03732","0.9368","0.42081","0.56259","-0.04912","0.9581","0.58149","0.56107","-0.03987","0.9463","0.41644","0.55650","-0.04792","0.9559","0.58873","0.55753","-0.04213","0.9630","0.43683","0.55430","-0.04128","0.9508","0.57289","0.55500","-0.03568","0.9485","0.46164","0.52095","0.00087","0.9648","0.54530","0.51945","0.00378","0.9272","0.46182","0.71870","-0.00396","0.9306","0.54702","0.72014","0.00421","0.9393","0.46169","0.91766","0.00320","0.9784","0.54811","0.91805","0.00813","0.9508","0.45904","0.93864","0.01785","0.9837","0.54401","0.93980","0.02385","0.9737","0.46206","0.95354","-0.02202","0.9436","0.54755","0.95188","-0.01845","0.9239"
"283","9.4333","0.50216","0.18462","0.00894","0.9323","0.48991","0.17245","0.00702","0.9880","0.48478","0.16975","0.01005","0.9539","0.47611","0.17104","0.00591","0.9510","0.51500","0.16670","0.01851","0.9233","0.52233","0.16934","0.01536","0.9455","0.53255","0.16914","0.01450","0.9281","0.47102","0.17930","0.01765","0.9661","0.53493","0.18130","0.02469","0.9739","0.49560","0.20573","0.01219","0.9271","0.51336","0.20576","0.01011","0.9636","0.42898","0.30197","0.00817","0.9569","0.57780","0.30540","0.01099","0.9439","0.42026","0.43178","-0.02748","0.9928","0.58929","0.42952","-0.01546","0.9556","0.42947","0.54156","-0.03905","0.9950","0.57486","0.53848","-0.03760","0.9230","0.42473","0.55833","-0.04982","0.9299","0.58490","0.56155","-0.04084","0.9545","0.41972","0.55446","-0.04968","0.9365","0.58693","0.55728","-0.04200","0.9530","0.43443","0.55600","-0.04284","0.9582","0.57089","0.55519","-0.03509","0.9162","0.45777","0.52476","-0.00342","0.9375","0.54272","0.52155","0.00417","0.9570","0.46085","0.72217","-0.00450","0.9451","0.54785","0.71848","0.00011","0.9356","0.45924","0.92160","0.00065","0.9612","0.54453","0.91898","0.01005","0.9623","0.45785","0.93913","0.01579","0.9468","0.54779","0.93825","0.02471","0.9212","0.46184","0.95072","-0.02379","0.9785","0.54607","0.95178","-0.01718","0.9510"
"284","9.4667","0.50212","0.17949","0.00727","0.9765","0.48694","0.17053","0.00746","0.9614","0.47910","0.17211","0.00669","0.9549","0.47186","0.17133","0.00917","0.9771","0.51551","0.17280","0.01422","0.9410","0.52350","0.16770","0.01094","0.9470","0.52955","0.16971","0.01413","0.9545","0.46930","0.18168","0.01695","0.9646","0.53529","0.18090","0.02141","0.9603","0.49094","0.20185","0.01079","0.9406","0.50570","0.20788","0.01134","0.9410","0.43090","0.30030","0.00617","0.9447","0.57444","0.30023","0.01916","0.9170","0.42149","0.43426","-0.02538","0.9237","0.58393","0.42939","-0.01986","0.9478","0.42588","0.54236","-0.04426","0.9674","0.57214","0.54228","-0.03467","0.9497","0.41913","0.55989","-0.05064","0.9534","0.58255","0.56162","-0.04127","0.9422","0.41189","0.55636","-0.04683","0.9665","0.58569","0.55368","-0.04351","0.9277","0.42958","0.55463","-0.04135","0.9858","0.56897","0.55570","-0.03760","0.9667","0.45890","0.52051","-0.00291","0.9293","0.54347","0.52210","0.00359","0.9326","0.45592","0.71960","-0.00631","0.9491","0.54217","0.72259","0.00204","0.9167","0.45664","0.92113","0.00565","0.9840","0.54690","0.92178","0.01103","0.9411","0.45684","0.93887","0.01636","0.9801","0.54191","0.94373","0.02227","0.9414","0.45836","0.95382","-0.02226","0.9493","0.54215","0.94974","-0.01646","0.9435"
"285","9.5000","0.50033","0.17723","0.00788","0.9650","0.48500","0.16975","0.00710","0.9573","0.48000","0.16938","0.00852","0.9151","0.47191","0.16921","0.00395","0.9410","0.51742","0.17125","0.01363","0.9139","0.51929","0.17071","0.01143","0.9647","0.52708","0.17052","0.01573","0.9394","0.46522","0.18185","0.01530","0.9551","0.53272","0.17937","0.02302","0.9513","0.48925","0.20531","0.01014","0.9507","0.51285","0.20439","0.00836","0.9508","0.42873","0.30184","0.00484","0.9355","0.57525","0.30132","0.00841","0.9313","0.41740","0.43280","-0.02122","0.9926","0.58260","0.42918","-0.01468","0.9508","0.42776","0.54173","-0.04378","0.9571","0.57353","0.54009","-0.03616","0.9560","0.42021","0.56183","-0.04838","0.9713","0.58468","0.56283","-0.04175","0.9308","0.41508","0.55681","-0.04836","0.9725","0.58561","0.55424","-0.04258","0.9724","0.43018","0.55365","-0.04438","0.9920","0.56824","0.55820","-0.04055","0.9433","0.45698","0.51970","-0.00722","0.9725","0.54041","0.52503","0.00018","0.9789","0.45729","0.71954","-0.00467","0.9365","0.54189","0.72395","0.00410","0.9687","0.45853","0.92213","-0.00088","0.9719","0.54273","0.92043","0.00583","0.9254","0.45645","0.93805","0.01749","0.9487","0.54503","0.94327","0.02378","0.9586","0.46214","0.95268","-0.02238","0.9797","0.54138","0.95180","-0.01926","0.9013"
"286","9.5333","0.49974","0.18155","0.00806","0.9593","0.48285","0.17156","0.00733","0.9556","0.48338","0.16849","0.00871","0.9358","0.47421","0.16968","0.00438","0.9475","0.51448","0.17166","0.01442","0.9466","0.52191","0.16712","0.01289","0.9691","0.52999","0.16976","0.01194","0.9390","0.46973","0.18036","0.01605","0.9950","0.53321","0.18242","0.02393","0.9448","0.49194","0.20252","0.01046","0.9431","0.51389","0.20759","0.00978","0.9379","0.42533","0.29971","0.00756","0.9621","0.57153","0.30308","0.01437","0.9452","0.41845","0.42945","-0.02377","0.9790","0.58315","0.42933","-0.01480","0.9679","0.42537","0.53773","-0.04504","0.9797","0.57334","0.54002","-0.03443","0.9441","0.41916","0.56127","-0.05249","0.9660","0.58017","0.55774","-0.04114","0.9385","0.41646","0.55710","-0.04529","0.9904","0.58462","0.55648","-0.04146","0.9284","0.43144","0.55251","-0.04371","0.9657","0.56815","0.55709","-0.03659","0.9574","0.45523","0.51963","-0.00226","0.9685","0.54433","0.51941","0.00384","0.9202","0.45384","0.72416","-0.00249","0.9658","0.54107","0.72005","0.00632","0.9632","0.45573","0.92205","-0.00120","0.9718","0.54297","0.92182","0.00842","0.9450","0.45641","0.94363","0.01476","0.9895","0.54262","0.93981","0.02248","0.9564","0.45813","0.95185","-0.02573","0.9475","0.54578","0.95278","-0.01847","0.9239"
"287","9.5667","0.49663","0.17953","0.00982","0.9519","0.48409","0.16990","0.00688","0.9648","0.47831","0.16735","0.00743","0.9551","0.47279","0.17352","0.00666","0.9643","0.51355","0.17199","0.01617","0.9317","0.52272","0.16494","0.01446","0.9420","0.52479","0.17406","0.01129","0.9514","0.46804","0.18224","0.01892","0.9547","0.53252","0.17786","0.02274","0.9289","0.49020","0.20690","0.00932","0.9651","0.50713","0.20330","0.01135","0.9726","0.42697","0.30074","0.00628","0.9628","0.57278","0.30234","0.01254","0.9650","0.41797","0.43182","-0.02510","0.9593","0.58189","0.43387","-0.01508","0.9523","0.42937","0.54217","-0.04407","0.9651","0.57154","0.54040","-0.03988","0.9335","0.41924","0.56534","-0.05000","0.9696","0.58066","0.56033","-0.04253","0.9356","0.41380","0.55729","-0.04901","0.9506","0.58506","0.55386","-0.04245","0.9786","0.43239","0.55612","-0.04369","0.9725","0.56927","0.55710","-0.03759","0.9468","0.45715","0.52048","-0.00558","0.9707","0.54451","0.52124","0.00218","0.9624","0.46004","0.72002","-0.00629","0.9793","0.54466","0.71957","0.00154","0.9057","0.45718","0.92172","0.00255","0.9372","0.54406","0.92220","0.00788","0.9631","0.45728","0.94006","0.01542","0.9679","0.54434","0.94352","0.02265","0.9546","0.45587","0.95234","-0.02295","0.9854","0.54617","0.95404","-0.01846","0.9254"
"288","9.6000","0.50022","0.17830","0.01110","0.9477","0.48443","0.17243","0.00449","0.9736","0.48058","0.17128","0.00886","0.9548","0.47109","0.17068","0.00706","0.9371","0.51464","0.17223","0.01512","0.9373","0.52361","0.16737","0.01124","0.9336","0.52785","0.17122","0.01114","0.9483","0.46999","0.17803","0.01784","0.9738","0.53461","0.18039","0.02261","0.9171","0.49067","0.20661","0.01120","0.9367","0.51247","0.20623","0.01216","0.9762","0.42869","0.29780","0.00724","0.9519","0.57458","0.30442","0.01222","0.9147","0.41779","0.43193","-0.02616","0.9590","0.58299","0.43051","-0.01890","0.9391","0.42958","0.53968","-0.04762","0.9674","0.57195","0.53899","-0.03821","0.9335","0.41980","0.56080","-0.04902","0.9950","0.57993","0.56134","-0.04309","0.9562","0.41473","0.55487","-0.04733","0.9771","0.58435","0.55555","-0.03970","0.9306","0.43478","0.55931","-0.04038","0.9706","0.56833","0.55447","-0.04080","0.9622","0.45493","0.52084","-0.00299","0.9588","0.54750","0.52156","0.00059","0.9284","0.45882","0.71920","-0.00392","0.9611","0.54456","0.72313","0.00146","0.9415","0.45998","0.92010","0.00169","0.9542","0.54358","0.92367","0.00848","0.9644","0.45619","0.94017","0.01548","0.9590","0.54258","0.94215","0.02149","0.9746","0.45852","0.94733","-0.02421","0.9580","0.54342","0.95183","-0.01544","0.9316"
"289","9.6333","0.50085","0.18192","0.00833","0.9885","0.48523","0.16984","0.00459","0.9339","0.48063","0.16560","0.00815","0.9904","0.47465","0.17215","0.00610","0.9617","0.51569","0.17223","0.01444","0.9342","0.51939","0.16886","0.01111","0.9826","0.52898","0.16913","0.01231","0.9303","0.47016","0.18163","0.01571","0.9387","0.53327","0.18121","0.02277","0.9548","0.48926","0.20771","0.01020","0.9638","0.51134","0.20414","0.01081","0.9518","0.42832","0.30109","0.00692","0.9563","0.57461","0.30192","0.01300","0.9434","0.41833","0.42859","-0.02345","0.9753","0.58240","0.42931","-0.01794","0.9950","0.42794","0.54396","-0.04613","0.9526","0.57423","0.54113","-0.03679","0.9535","0.41580","0.55793","-0.05079","0.9236","0.58609","0.56391","-0.04053","0.9427","0.41395","0.55558","-0.04704","0.9882","0.58240","0.55641","-0.04328","0.9253","0.42932","0.55482","-0.04278","0.9725","0.56941","0.55551","-0.03421","0.9590","0.45492","0.51830","-0.00215","0.9441","0.54383","0.52020","0.00012","0.9217","0.45713","0.72173","-0.00351","0.9461","0.54192","0.72098","0.00378","0.9072","0.45996","0.92301","0.00065","0.9762","0.54155","0.91888","0.00880","0.9294","0.45788","0.94079","0.01337","0.9310","0.54447","0.94124","0.02116","0.9281","0.45784","0.94847","-0.02070","0.9513","0.54256","0.95192","-0.01672","0.9434"
"290","9.6667","0.50310","0.17956","0.01079","0.9686","0.48856","0.17164","0.00481","0.9497","0.48144","0.16883","0.00645","0.9382","0.47351","0.17033","0.00646","0.9950","0.51700","0.17135","0.01059","0.9039","0.52501","0.16881","0.01352","0.9382","0.52814","0.16983","0.01377","0.9355","0.47046","0.18322","0.02086","0.9718","0.53616","0.18076","0.02311","0.9386","0.48982","0.20358","0.00822","0.9513","0.50963","0.20427","0.00946","0.9435","0.42914","0.29927","0.00141","0.9563","0.57823","0.30165","0.01033","0.9702","0.41834","0.43110","-0.02469","0.9723","0.58653","0.43349","-0.01653","0.9426","0.43141","0.54296","-0.04045","0.9950","0.57635","0.54005","-0.03400","0.9222","0.42069","0.56449","-0.04656","0.9423","0.58627","0.56352","-0.04286","0.9364","0.41961","0.55568","-0.04728","0.9272","0.58778","0.55579","-0.04217","0.9399","0.43277","0.55442","-0.04214","0.9407","0.57327","0.55694","-0.03777","0.9289","0.45893","0.52096","-0.00453","0.9651","0.54600","0.52091","0.00412","0.9228","0.46168","0.71964","-0.00464","0.9641","0.54573","0.71833","0.00367","0.9446","0.46112","0.92082","0.00181","0.9749","0.54868","0.92270","0.01376","0.9181","0.45844","0.93930","0.01728","0.9742","0.54806","0.94201","0.02258","0.9599","0.46039","0.95076","-0.02268","0.9415","0.54582","0.95055","-0.01436","0.9375"
"291","9.7000","0.50292","0.17989","0.00971","0.9796","0.48846","0.17092","0.00412","0.9288","0.48150","0.16983","0.00526","0.9205","0.47647","0.16935","0.00623","0.9694","0.51651","0.17075","0.00977","0.9008","0.52562","0.16821","0.01333","0.9441","0.52989","0.17060","0.01405","0.9357","0.47061","0.18303","0.01748","0.9195","0.53506","0.18112","0.02224","0.9383","0.49282","0.20459","0.00799","0.9542","0.51053","0.20376","0.01050","0.9357","0.42962","0.29857","0.00222","0.9558","0.57820","0.30300","0.00975","0.9799","0.41981","0.43217","-0.02631","0.9616","0.58600","0.43295","-0.01849","0.9438","0.43034","0.54368","-0.03998","0.9950","0.57556","0.53796","-0.03343","0.9295","0.41974","0.56312","-0.04527","0.9477","0.58674","0.56322","-0.04117","0.9091","0.41865","0.55389","-0.04910","0.9083","0.58990","0.55493","-0.04154","0.9204","0.43554","0.55721","-0.04267","0.9514","0.57424","0.55787","-0.03833","0.9263","0.45812","0.52114","-0.00462","0.9777","0.54512","0.52004","0.00248","0.9281","0.46074","0.71950","-0.00274","0.9515","0.54568","0.71823","0.00405","0.9597","0.46187","0.92076","0.00158","0.9603","0.54539","0.92186","0.01298","0.9274","0.45712","0.94082","0.01719","0.9846","0.54730","0.94053","0.02386","0.9683","0.46143","0.95257","-0.02101","0.9433","0.54574","0.94978","-0.01671","0.9568"
"292","9.7333","0.50168","0.18143","0.00775","0.9512","0.48710","0.17063","0.00411","0.9128","0.47960","0.16919","0.00749","0.9585","0.48016","0.16926","0.00714","0.9611","0.51815","0.17449","0.01265","0.9831","0.52654","0.16740","0.01118","0.9352","0.52972","0.17005","0.01140","0.9290","0.46810","0.18015","0.01504","0.9820","0.53485","0.17995","0.02312","0.9423","0.48862","0.20590","0.00765","0.9603","0.51328","0.20796","0.01063","0.9463","0.43032","0.29789","0.00433","0.9715","0.57590","0.30288","0.01246","0.9508","0.42136","0.43007","-0.02376","0.9605","0.58774","0.42990","-0.02129","0.9683","0.42839","0.53789","-0.04529","0.9445","0.57830","0.54203","-0.03691","0.9323","0.42115","0.55844","-0.05156","0.9752","0.58384","0.56275","-0.04220","0.9534","0.41521","0.55531","-0.05029","0.9586","0.58893","0.55645","-0.04207","0.9597","0.43436","0.55531","-0.04636","0.9426","0.57083","0.55656","-0.03703","0.9158","0.45931","0.52265","-0.00215","0.9777","0.54484","0.52124","0.00342","0.9581","0.46032","0.71918","-0.00574","0.9407","0.54619","0.72246","0.00514","0.9306","0.45890","0.92177","0.00053","0.9594","0.54732","0.91951","0.00529","0.9589","0.46085","0.94121","0.01569","0.9602","0.54598","0.93995","0.02310","0.9553","0.45779","0.94713","-0.02100","0.9950","0.54922","0.95224","-0.01610","0.9404"
"293","9.7667","0.50358","0.18301","0.01123","0.9342","0.48763","0.17276","0.00568","0.9671","0.47858","0.17053","0.00648","0.9501","0.47573","0.17444","0.00544","0.9625","0.51753","0.17336","0.01347","0.9254","0.52456","0.17358","0.01077","0.9402","0.53056","0.17232","0.01679","0.9444","0.47098","0.18238","0.01530","0.9726","0.53408","0.18159","0.02318","0.9079","0.49440","0.20239","0.01005","0.9744","0.51197","0.20878","0.00692","0.9687","0.42940","0.30450","0.00397","0.9950","0.57353","0.30310","0.00997","0.9770","0.42006","0.43256","-0.02504","0.9723","0.58638","0.42910","-0.01590","0.9638","0.43184","0.54161","-0.04671","0.9925","0.57810","0.53610","-0.04120","0.9566","0.42243","0.56066","-0.05070","0.9671","0.58550","0.56015","-0.04188","0.9480","0.41684","0.55967","-0.05050","0.9918","0.58990","0.55678","-0.04351","0.9233","0.43766","0.55908","-0.04502","0.9761","0.57169","0.55846","-0.03782","0.9285","0.45771","0.52230","-0.00588","0.9697","0.54439","0.52661","0.00082","0.8940","0.45832","0.72274","-0.01057","0.9552","0.54807","0.72084","0.00271","0.9369","0.45749","0.92183","0.00181","0.9651","0.54417","0.91910","0.00563","0.9435","0.46003","0.94113","0.01291","0.9950","0.54081","0.94232","0.02193","0.9302","0.45773","0.95184","-0.02217","0.9684","0.54602","0.94883","-0.01897","0.9359"
"294","9.8000","0.50557","0.18692","0.00764","0.9716","0.48836","0.17390","0.00411","0.9657","0.48391","0.17543","0.00822","0.9591","0.47468","0.17589","0.00606","0.9739","0.51796","0.17519","0.01265","0.9007","0.52185","0.17205","0.01261","0.9498","0.52956","0.17782","0.00835","0.9198","0.47189","0.18649","0.01501","0.9881","0.53435","0.18627","0.02119","0.9585","0.49223","0.20854","0.00561","0.9496","0.51137","0.21032","0.01285","0.9628","0.42453","0.30852","0.00256","0.9390","0.57624","0.30505","0.01239","0.9278","0.41730","0.43398","-0.02842","0.9629","0.59066","0.43655","-0.02138","0.9730","0.43126","0.54192","-0.04647","0.9352","0.57358","0.53989","-0.04303","0.9395","0.42402","0.55905","-0.05262","0.9180","0.58521","0.56148","-0.04791","0.9506","0.41599","0.55543","-0.05391","0.9848","0.58977","0.55694","-0.04548","0.9353","0.43235","0.55548","-0.04738","0.9950","0.57115","0.55420","-0.04307","0.9288","0.45751","0.52746","-0.00386","0.9569","0.54882","0.52871","0.00387","0.9246","0.46064","0.72170","-0.00456","0.9664","0.54884","0.71952","0.00315","0.9627","0.46152","0.91994","0.00045","0.9353","0.54374","0.91883","0.01183","0.9515","0.45795","0.93956","0.01246","0.9830","0.54557","0.94076","0.02359","0.9738","0.46012","0.95113","-0.02338","0.9749","0.54387","0.94599","-0.01794","0.9716"
"295","9.8333","0.49990","0.18685","0.00990","0.9859","0.48662","0.18054","0.00414","0.9461","0.48268","0.17601","0.00368","0.9366","0.47484","0.17805","0.00140","0.9496","0.51693","0.17737","0.01383","0.9440","0.52582","0.17640","0.01211","0.9199","0.53159","0.17893","0.01029","0.9341","0.46773","0.18699","0.01760","0.9759","0.53498","0.18730","0.02174","0.9564","0.49477","0.21484","0.00609","0.9106","0.51070","0.21266","0.00801","0.9301","0.42580","0.30782","0.00501","0.9494","0.57995","0.31030","0.01177","0.9387","0.41570","0.43787","-0.02674","0.9540","0.58929","0.43833","-0.02089","0.9396","0.42792","0.54415","-0.05130","0.9384","0.57469","0.54026","-0.04180","0.9455","0.41947","0.56494","-0.06068","0.9735","0.58435","0.56676","-0.04617","0.9638","0.41669","0.55606","-0.05381","0.9905","0.58697","0.56198","-0.04882","0.9302","0.43192","0.56125","-0.05153","0.9549","0.57221","0.55941","-0.04337","0.9117","0.45944","0.53107","-0.00232","0.9454","0.54786","0.52915","0.00148","0.9491","0.45775","0.72044","-0.01097","0.9612","0.54800","0.71814","-0.00268","0.9456","0.45500","0.91975","0.00221","0.9190","0.54460","0.91976","0.00841","0.9242","0.45902","0.93873","0.01559","0.9491","0.54712","0.93959","0.02186","0.9353","0.45685","0.95131","-0.02290","0.9233","0.54379","0.94907","-0.01446","0.9541"
"296","9.8667","0.50064","0.18684","0.00793","0.9859","0.48730","0.17858","0.00486","0.9131","0.48197","0.17757","0.00354","0.9436","0.47362","0.17979","0.00254","0.9423","0.51862","0.17719","0.01206","0.9621","0.52696","0.17871","0.01038","0.9343","0.53033","0.18023","0.01033","0.9251","0.46700","0.18758","0.01634","0.9717","0.53332","0.18634","0.02131","0.9348","0.49669","0.21455","0.00715","0.9334","0.51092","0.21215","0.00697","0.9386","0.42653","0.30716","0.00541","0.9950","0.57734","0.31085","0.01093","0.9478","0.41557","0.43844","-0.02678","0.9657","0.58876","0.43692","-0.02017","0.9693","0.43024","0.54401","-0.05192","0.9271","0.57489","0.53938","-0.04045","0.9485","0.41803","0.56537","-0.06000","0.9593","0.58521","0.56659","-0.04795","0.9508","0.41446","0.55542","-0.05542","0.9733","0.58460","0.55812","-0.04776","0.9385","0.43281","0.56082","-0.05239","0.9538","0.57109","0.55842","-0.04218","0.9406","0.46041","0.52859","-0.00134","0.9275","0.54916","0.53065","0.00321","0.9465","0.45679","0.71877","-0.00984","0.9814","0.54822","0.71742","-0.00345","0.9466","0.45549","0.91963","0.00139","0.9411","0.54487","0.91924","0.00886","0.9122","0.46158","0.93859","0.01728","0.9373","0.54644","0.94045","0.02083","0.9496","0.45629","0.95197","-0.02266","0.9466","0.54424","0.94815","-0.01369","0.9605"
"297","9.9000","0.50205","0.19069","0.00422","0.9514","0.48649","0.18204","-0.00117","0.9837","0.48128","0.17828","0.00381","0.9851","0.47342","0.18006","0.00338","0.9815","0.51733","0.18399","0.01007","0.8974","0.52287","0.17989","0.01113","0.9633","0.53105","0.18473","0.01263","0.9027","0.46992","0.19124","0.01376","0.9762","0.53504","0.19149","0.01948","0.9551","0.49049","0.21620","0.00610","0.9950","0.51213","0.21481","0.00797","0.9839","0.42439","0.31301","0.00315","0.9746","0.57668","0.31469","0.01062","0.9529","0.41874","0.44202","-0.03061","0.9617","0.58466","0.44003","-0.02657","0.9530","0.42622","0.54649","-0.05260","0.9349","0.57251","0.54613","-0.05271","0.9569","0.42224","0.56471","-0.06274","0.9639","0.58611","0.56357","-0.05142","0.9217","0.41585","0.55807","-0.06147","0.9633","0.58916","0.56121","-0.05588","0.9515","0.43344","0.55908","-0.05471","0.9692","0.57393","0.55842","-0.04756","0.9592","0.46178","0.53742","-0.00535","0.9712","0.54960","0.53370","0.00211","0.9457","0.46072","0.71719","-0.01202","0.9483","0.54701","0.71815","-0.00190","0.9488","0.46016","0.92344","0.00121","0.9620","0.54825","0.92217","0.01104","0.9134","0.45814","0.94089","0.01625","0.9329","0.54520","0.93848","0.02148","0.9342","0.45907","0.95091","-0.02215","0.9903","0.54478","0.94853","-0.01713","0.9011"
"298","9.9333","0.50416","0.19865","0.00748","0.9405","0.48727","0.18587","0.00321","0.9434","0.48142","0.18827","0.00178","0.9950","0.47364","0.19063","0.00307","0.9679","0.51783","0.18687","0.00900","0.9098","0.52571","0.18566","0.01029","0.9397","0.53292","0.18800","0.00776","0.9457","0.46780","0.19891","0.01277","0.9475","0.53615","0.19738","0.02038","0.9536","0.49444","0.22324","0.00415","0.9695","0.51173","0.22406","0.00128","0.9319","0.42994","0.31870","0.00224","0.9409","0.57580","0.31702","0.01042","0.9155","0.41877","0.44684","-0.03344","0.9234","0.58344","0.44282","-0.02607","0.9751","0.43210","0.54642","-0.06062","0.9804","0.57585","0.54706","-0.05390","0.9575","0.42156","0.56872","-0.06410","0.9885","0.58079","0.56915","-0.05805","0.9545","0.41686","0.55987","-0.06351","0.9606","0.58798","0.56203","-0.05741","0.9502","0.43244","0.56220","-0.06019","0.9424","0.56842","0.55828","-0.05105","0.9360","0.46023","0.54402","-0.00643","0.9462","0.54682","0.54291","0.00344","0.9278","0.45887","0.72005","-0.01626","0.9691","0.54520","0.71782","-0.00610","0.9638","0.46085","0.92115","0.00195","0.9439","0.54560","0.91973","0.01020","0.9379","0.45738","0.94064","0.01746","0.9836","0.54747","0.94182","0.02381","0.9427","0.45988","0.95053","-0.02391","0.9586","0.54811","0.94970","-0.01783","0.9559"
"299","9.9667","0.50332","0.20431","0.00334","0.9389","0.48514","0.19284","0.00155","0.9619","0.48242","0.19378","0.00062","0.9510","0.47375","0.19277","-0.00263","0.9470","0.51900","0.19560","0.00790","0.9582","0.52562","0.19426","0.00608","0.9468","0.53096","0.19534","0.00725","0.9340","0.47078","0.20554","0.01116","0.9708","0.53273","0.20464","0.01716","0.9177","0.49055","0.22847","0.00339","0.9382","0.51374","0.22730","0.00493","0.9851","0.43191","0.32444","0.00342","0.9480","0.57425","0.32686","0.00801","0.9330","0.41857","0.44871","-0.03892","0.9877","0.58597","0.44710","-0.02963","0.9405","0.42681","0.55376","-0.06574","0.9950","0.57326","0.54747","-0.05693","0.9558","0.42146","0.56690","-0.06839","0.9681","0.58375","0.57004","-0.06004","0.9491","0.41591","0.56368","-0.07101","0.9550","0.58807","0.56690","-0.06647","0.9568","0.43492","0.56512","-0.06306","0.9367","0.56968","0.56336","-0.05916","0.9276","0.45769","0.55047","-0.00435","0.9707","0.54598","0.54885","0.00176","0.9479","0.45796","0.72208","-0.01830","0.9506","0.54444","0.71935","-0.01243","0.9173","0.45674","0.92181","0.00191","0.9619","0.54802","0.91823","0.00569","0.9308","0.45388","0.93833","0.01655","0.9950","0.54470","0.94174","0.02215","0.9406","0.46019","0.94962","-0.02925","0.9360","0.54694","0.95003","-0.01539","0.9343"
"300","10.0000","0.50367","0.21245","0.00131","0.9944","0.48474","0.20303","-0.00151","0.9451","0.47836","0.20028","0.00085","0.9789","0.47349","0.19967","0.00067","0.9605","0.51673","0.20003","0.00620","0.9479","0.52424","0.19697","0.00618","0.9453","0.52783","0.20279","0.00835","0.9486","0.46857","0.21129","0.01021","0.9576","0.53528","0.21223","0.01911","0.9299","0.49302","0.23385","-0.00101","0.9772","0.51079","0.23714","-0.00014","0.9271","0.42744","0.33304","-0.00236","0.9696","0.57602","0.32867","0.00625","0.9276","0.41815","0.45303","-0.04017","0.9687","0.58241","0.45645","-0.03504","0.9601","0.42964","0.55314","-0.06914","0.9788","0.57712","0.55329","-0.06401","0.9556","0.41706","0.57156","-0.07434","0.9648","0.58517","0.57146","-0.07063","0.9015","0.41708","0.56649","-0.07459","0.9894","0.58550","0.56502","-0.06453","0.9385","0.42929","0.56740","-0.07062","0.9521","0.56710","0.56806","-0.06472","0.9555","0.45824","0.55681","-0.00087","0.9815","0.54381","0.55669","0.00656","0.9000","0.45471","0.71879","-0.02092","0.9417","0.54406","0.72121","-0.01671","0.9251","0.45690","0.91895","0.00066","0.9480","0.54679","0.92082","0.00725","0.9683","0.46077","0.94093","0.01516","0.9399","0.54276","0.94037","0.02110","0.9326","0.45781","0.95096","-0.02465","0.9577","0.54418","0.95358","-0.01832","0.9354"
"301","10.0333","0.50283","0.21361","-0.00112","0.9815","0.48575","0.20322","-0.00036","0.9463","0.47954","0.19966","0.00174","0.9637","0.47439","0.19984","-0.00034","0.9415","0.51745","0.20203","0.00519","0.9786","0.52335","0.19673","0.00519","0.9537","0.52779","0.20198","0.00868","0.9651","0.46831","0.21184","0.01002","0.9332","0.53566","0.21190","0.01726","0.9257","0.49275","0.23336","0.00026","0.9466","0.50970","0.23824","-0.00005","0.9222","0.42751","0.33349","-0.00184","0.9787","0.57605","0.32892","0.00697","0.9447","0.41934","0.45199","-0.04216","0.9682","0.58285","0.45397","-0.03532","0.9583","0.42670","0.55323","-0.06838","0.9559","0.57660","0.55187","-0.06485","0.9384","0.41753","0.57182","-0.07422","0.9509","0.58522","0.57035","-0.07012","0.9513","0.41698","0.56690","-0.07499","0.9790","0.58332","0.56468","-0.06448","0.9093","0.42846","0.56676","-0.07075","0.9689","0.56786","0.56838","-0.06429","0.9562","0.45761","0.55603","-0.00179","0.9821","0.54228","0.55482","0.00605","0.9361","0.45716","0.71764","-0.02023","0.9315","0.54350","0.71905","-0.01530","0.9283","0.45668","0.91899","-0.00004","0.9649","0.54690","0.91806","0.00965","0.9512","0.46268","0.93895","0.01414","0.9360","0.54323","0.93974","0.02218","0.9213","0.45735","0.95080","-0.02587","0.9789","0.54425","0.95058","-0.01673","0.9281"
"302","10.0667","0.50155","0.21814","-0.00115","0.9736","0.48623","0.20744","-0.00087","0.9284","0.48365","0.20341","-0.00044","0.9312","0.47553","0.20669","-0.00275","0.9822","0.52024","0.20499","0.00623","0.9137","0.52203","0.20545","0.00603","0.9589","0.53052","0.20642","0.00420","0.9402","0.46859","0.21860","0.00547","0.9915","0.53731","0.21733","0.01610","0.9130","0.48896","0.24114","0.00125","0.9614","0.51220","0.24243","0.00485","0.9586","0.42908","0.33769","-0.00753","0.9332","0.57614","0.34124","0.00378","0.9278","0.41801","0.45754","-0.04749","0.9499","0.58619","0.45816","-0.03888","0.9212","0.42983","0.55488","-0.07934","0.9354","0.57409","0.55117","-0.07036","0.9524","0.41946","0.57532","-0.08324","0.9618","0.58406","0.57142","-0.08100","0.9267","0.41686","0.56999","-0.08004","0.9753","0.58853","0.56880","-0.07753","0.8974","0.43239","0.56707","-0.07796","0.9581","0.57120","0.57325","-0.07013","0.9352","0.45678","0.56634","-0.00261","0.9214","0.54745","0.56473","0.00329","0.9392","0.45602","0.71974","-0.02614","0.9330","0.54837","0.72073","-0.01930","0.9276","0.45908","0.91914","0.00054","0.9224","0.54656","0.92343","0.00975","0.9720","0.45874","0.93935","0.01814","0.9547","0.54543","0.93779","0.02534","0.9509","0.45795","0.95067","-0.02647","0.9718","0.54650","0.95040","-0.01811","0.9207"
"303","10.1000","0.50385","0.22392","0.00191","0.9950","0.48304","0.21648","-0.00275","0.9516","0.47958","0.21136","-0.00301","0.9578","0.47350","0.21429","-0.00555","0.9520","0.51473","0.21575","0.00135","0.9353","0.52281","0.21047","0.00210","0.9384","0.53085","0.21358","0.00607","0.9597","0.46824","0.22516","0.00640","0.9649","0.53475","0.22441","0.01424","0.9617","0.49099","0.24569","0.00244","0.9562","0.51311","0.24948","-0.00016","0.9950","0.42732","0.34927","-0.00500","0.9572","0.57360","0.34636","0.00034","0.9426","0.41531","0.46548","-0.05197","0.9945","0.58605","0.46390","-0.04147","0.8975","0.42938","0.55777","-0.08444","0.9199","0.57433","0.55909","-0.07834","0.9250","0.41878","0.57520","-0.08970","0.9484","0.58312","0.57832","-0.08382","0.9473","0.41299","0.56874","-0.08819","0.9824","0.58742","0.57105","-0.08086","0.9266","0.42965","0.57091","-0.08201","0.9549","0.57117","0.57181","-0.07196","0.9267","0.45577","0.57863","-0.00285","0.9780","0.54462","0.57336","0.00040","0.9306","0.45664","0.72067","-0.03223","0.9101","0.54959","0.71794","-0.02099","0.9410","0.46098","0.91978","0.00089","0.9643","0.54552","0.92147","0.00576","0.9679","0.45819","0.93866","0.01480","0.9670","0.54762","0.93791","0.02429","0.9505","0.45630","0.94893","-0.02494","0.9870","0.54153","0.94911","-0.01923","0.9297"
"304","10.1333","0.50390","0.22956","-0.00240","0.9700","0.48650","0.22013","-0.00530","0.9726","0.48375","0.22046","-0.00835","0.9693","0.47461","0.22127","-0.00258","0.9452","0.51517","0.22417","-0.00084","0.9695","0.52243","0.21576","0.00585","0.9505","0.52802","0.21919","0.00257","0.9422","0.46917","0.23392","0.00756","0.9367","0.53434","0.23251","0.01464","0.9461","0.49109","0.25663","-0.00165","0.9950","0.50995","0.25667","-0.00048","0.9802","0.42784","0.35543","-0.00506","0.9347","0.57242","0.35517","0.00129","0.9430","0.41713","0.47020","-0.05246","0.9893","0.58533","0.47006","-0.04721","0.9540","0.42951","0.55967","-0.08748","0.9875","0.57561","0.55835","-0.08240","0.9384","0.41912","0.57884","-0.09617","0.9638","0.58064","0.58192","-0.08781","0.9513","0.41632","0.57443","-0.09364","0.9515","0.58881","0.57677","-0.08728","0.9057","0.43087","0.57186","-0.08844","0.9418","0.57127","0.57786","-0.08320","0.9119","0.45815","0.58375","-0.00300","0.9574","0.54668","0.58485","0.00499","0.9599","0.45500","0.71798","-0.03221","0.9580","0.54724","0.71908","-0.02785","0.9277","0.45639","0.91719","0.00049","0.9420","0.54521","0.91895","0.00806","0.9663","0.45894","0.93865","0.01790","0.9684","0.54500","0.94110","0.02271","0.9349","0.45690","0.95044","-0.02544","0.9519","0.54470","0.94881","-0.01718","0.9301"
"305","10.1667","0.50454","0.23838","0.00000","0.9492","0.48664","0.22984","-0.00745","0.9440","0.47733","0.22433","-0.00411","0.9525","0.47585","0.22858","-0.00437","0.9510","0.51781","0.22993","0.00024","0.9736","0.52344","0.23067","0.00099","0.9472","0.53057","0.23268","0.00124","0.9562","0.46892","0.23964","0.00302","0.9464","0.53516","0.24194","0.00962","0.9147","0.49248","0.26425","-0.00107","0.9371","0.51103","0.26524","-0.00241","0.9350","0.42817","0.36122","-0.00823","0.9950","0.57455","0.36046","-0.00430","0.9420","0.41728","0.47194","-0.06264","0.9614","0.58564","0.47621","-0.05500","0.9332","0.42944","0.56232","-0.09309","0.9695","0.57779","0.55836","-0.09103","0.9596","0.41555","0.58453","-0.10312","0.9722","0.58629","0.58203","-0.09355","0.9569","0.41559","0.57677","-0.09920","0.9556","0.58367","0.58044","-0.09298","0.9639","0.43135","0.57719","-0.09542","0.9639","0.57179","0.57525","-0.09034","0.9533","0.45737","0.59391","0.00094","0.9759","0.54528","0.59464","0.00448","0.9336","0.45630","0.71955","-0.03599","0.9843","0.54942","0.71801","-0.02968","0.9369","0.45904","0.91917","0.00208","0.9490","0.54624","0.91948","0.00862","0.9266","0.45730","0.93704","0.01614","0.9558","0.54624","0.94297","0.02188","0.8942","0.45584","0.94661","-0.02554","0.9510","0.54435","0.95258","-0.01579","0.9722"
"306","10.2000","0.50301","0.23756","0.00258","0.9518","0.48499","0.22910","-0.00627","0.9772","0.47753","0.22446","-0.00591","0.9765","0.47404","0.22924","-0.00299","0.9339","0.51817","0.22971","-0.00045","0.9610","0.52321","0.22697","0.00241","0.9707","0.52940","0.23016","-0.00084","0.9352","0.46856","0.24012","0.00326","0.9458","0.53418","0.24290","0.01163","0.9088","0.49206","0.26544","-0.00099","0.9687","0.51171","0.26378","-0.00260","0.9306","0.42684","0.36228","-0.00787","0.9829","0.57467","0.36173","-0.00470","0.9106","0.41876","0.47267","-0.05906","0.9595","0.58425","0.47678","-0.05480","0.9530","0.42931","0.56181","-0.09438","0.9950","0.57572","0.55967","-0.09107","0.9708","0.41655","0.58389","-0.10370","0.9686","0.58776","0.58179","-0.09542","0.9423","0.41458","0.57744","-0.10106","0.9687","0.58616","0.57962","-0.09372","0.9302","0.43210","0.57590","-0.09632","0.9406","0.57129","0.57514","-0.09274","0.9446","0.45714","0.59404","-0.00085","0.9834","0.54661","0.59466","0.00586","0.9469","0.45576","0.72069","-0.03526","0.9520","0.54859","0.71626","-0.03063","0.9292","0.45901","0.92023","-0.00066","0.9350","0.54685","0.91827","0.00942","0.9208","0.45761","0.93769","0.01737","0.9592","0.54631","0.94291","0.02174","0.9092","0.45747","0.94708","-0.02513","0.9633","0.54613","0.95363","-0.01648","0.9479"
"307","10.2333","0.49897","0.24608","-0.00407","0.9534","0.48775","0.23510","-0.00593","0.9594","0.47764","0.23551","-0.00583","0.9690","0.47379","0.23916","-0.00789","0.9561","0.51799","0.23599","0.00074","0.9748","0.52316","0.23326","-0.00019","0.9029","0.53008","0.23588","-0.00108","0.9475","0.46886","0.24676","-0.00127","0.9585","0.53614","0.24654","0.00943","0.9499","0.49426","0.27438","-0.00288","0.9538","0.51354","0.27316","-0.00665","0.9508","0.42809","0.37125","-0.01244","0.9621","0.57484","0.36942","-0.00518","0.9324","0.41399","0.48001","-0.06387","0.9676","0.58510","0.48121","-0.05478","0.9377","0.42784","0.56228","-0.10477","0.9575","0.57369","0.56556","-0.09564","0.9538","0.42190","0.58638","-0.10976","0.9851","0.58386","0.58227","-0.10180","0.9231","0.41793","0.58270","-0.10600","0.9372","0.59083","0.58070","-0.10015","0.9080","0.42997","0.57930","-0.10345","0.9664","0.57139","0.58412","-0.09320","0.9041","0.45781","0.60401","-0.00185","0.9425","0.54688","0.60373","0.00489","0.9376","0.45260","0.71931","-0.04663","0.9701","0.54674","0.72046","-0.03650","0.9661","0.45760","0.91981","-0.00043","0.9094","0.54283","0.92175","0.00584","0.9613","0.46023","0.94384","0.01710","0.9423","0.54543","0.93916","0.02601","0.9597","0.45672","0.94757","-0.02159","0.9533","0.54355","0.94869","-0.01788","0.9192"
"308","10.2667","0.50160","0.25648","-0.00678","0.9427","0.48553","0.24496","-0.00809","0.9803","0.48180","0.24031","-0.01017","0.9551","0.47347","0.24246","-0.00832","0.9474","0.51864","0.24623","-0.00108","0.9362","0.52132","0.23811","-0.00285","0.9317","0.52769","0.24174","-0.00274","0.9744","0.46773","0.25483","0.00222","0.9250","0.53524","0.25353","0.00835","0.9235","0.48986","0.27806","-0.00540","0.9432","0.51339","0.27690","-0.00426","0.9369","0.42763","0.37882","-0.01153","0.9582","0.57424","0.37646","-0.00702","0.9331","0.42014","0.48869","-0.06698","0.9554","0.58544","0.48393","-0.05757","0.9702","0.42901","0.56626","-0.10827","0.9530","0.57766","0.56936","-0.10109","0.9586","0.41735","0.58804","-0.11484","0.9506","0.58347","0.58713","-0.10871","0.9478","0.41404","0.58220","-0.11337","0.9641","0.58588","0.58140","-0.10941","0.9456","0.43092","0.58140","-0.10900","0.9950","0.56783","0.58193","-0.10140","0.9562","0.45747","0.60896","0.00043","0.9413","0.54703","0.61203","0.00246","0.9390","0.45276","0.71830","-0.04435","0.9260","0.55303","0.72085","-0.03974","0.9428","0.45767","0.92129","0.00068","0.9685","0.54299","0.92129","0.00462","0.9189","0.45703","0.93766","0.01440","0.9331","0.54243","0.93853","0.01943","0.9330","0.45745","0.94844","-0.02487","0.9307","0.54454","0.94724","-0.01928","0.9240"
"309","10.3000","0.50194","0.25914","-0.01071","0.9531","0.48506","0.25038","-0.00885","0.9661","0.47488","0.25092","-0.01251","0.9564","0.47415","0.25515","-0.00866","0.9583","0.51683","0.24883","-0.00241","0.9316","0.52275","0.25016","0.00190","0.9320","0.52676","0.25079","-0.00192","0.9449","0.46886","0.25915","-0.00119","0.9408","0.53318","0.26148","0.00538","0.9302","0.49487","0.28224","-0.00449","0.9653","0.51264","0.28235","-0.00971","0.9567","0.42628","0.38232","-0.01329","0.9574","0.57510","0.38503","-0.00401","0.9354","0.41757","0.49044","-0.07123","0.9646","0.58424","0.49192","-0.06169","0.9214","0.42604","0.56950","-0.11495","0.9511","0.57294","0.57057","-0.10769","0.9516","0.42056","0.58859","-0.11631","0.9927","0.58279","0.58545","-0.10955","0.9549","0.41421","0.58662","-0.11737","0.9671","0.58510","0.58630","-0.11056","0.9638","0.43308","0.58667","-0.11314","0.9234","0.57298","0.58571","-0.10437","0.9513","0.45662","0.61832","0.00039","0.9374","0.54224","0.61829","0.00724","0.9516","0.45395","0.71966","-0.04888","0.9950","0.54657","0.72026","-0.04072","0.9426","0.45770","0.91751","-0.00034","0.9325","0.54100","0.92149","0.00617","0.9183","0.45772","0.94045","0.01726","0.9509","0.54185","0.93870","0.02411","0.9711","0.45869","0.95181","-0.02397","0.9631","0.54466","0.94742","-0.01695","0.9326"
"310","10.3333","0.50032","0.26677","-0.00882","0.9622","0.48668","0.25496","-0.01148","0.9367","0.47707","0.25608","-0.01154","0.9669","0.47091","0.25551","-0.00826","0.9550","0.51608","0.25521","-0.00425","0.9526","0.52353","0.25272","-0.00652","0.9577","0.53147","0.25726","-0.00423","0.9290","0.46714","0.26570","-0.00049","0.9710","0.53447","0.26662","0.00582","0.9348","0.48953","0.28794","-0.01163","0.9701","0.51186","0.29142","-0.00706","0.9816","0.42765","0.38982","-0.01664","0.9630","0.57702","0.39113","-0.01198","0.9535","0.41861","0.49720","-0.07300","0.9583","0.58605","0.49431","-0.06671","0.9578","0.42698","0.57582","-0.11783","0.9640","0.57489","0.57350","-0.11573","0.9435","0.42130","0.59141","-0.12247","0.9785","0.58299","0.59340","-0.11617","0.9564","0.41546","0.58581","-0.12607","0.9445","0.58700","0.58845","-0.11690","0.9517","0.43153","0.58463","-0.12309","0.9332","0.56883","0.58518","-0.11198","0.9649","0.45991","0.62683","0.00203","0.9085","0.54318","0.62984","0.00995","0.9682","0.45288","0.71924","-0.05321","0.9566","0.54738","0.71807","-0.04829","0.9655","0.45661","0.91699","0.00314","0.9509","0.54432","0.91834","0.00745","0.9330","0.45753","0.94070","0.01389","0.9779","0.54595","0.93995","0.01767","0.9493","0.46096","0.95054","-0.02599","0.9418","0.54454","0.94860","-0.01640","0.9194"
"311","10.3667","0.50120","0.26683","-0.00957","0.9734","0.48763","0.25503","-0.01166","0.9433","0.47795","0.25443","-0.00869","0.9414","0.47103","0.25407","-0.00961","0.9563","0.51504","0.25624","-0.00370","0.9864","0.52238","0.25370","-0.00635","0.9441","0.53019","0.25505","-0.00369","0.9231","0.46801","0.26594","-0.00017","0.9833","0.53326","0.26427","0.00607","0.9328","0.48919","0.28675","-0.01060","0.9420","0.51313","0.28917","-0.00686","0.9586","0.42693","0.38979","-0.01715","0.9594","0.57682","0.39021","-0.00904","0.9577","0.41897","0.49782","-0.07251","0.9633","0.58669","0.49428","-0.06610","0.9611","0.42580","0.57372","-0.11794","0.9950","0.57640","0.57162","-0.11403","0.9195","0.41964","0.59061","-0.12195","0.9509","0.58332","0.59122","-0.11587","0.9373","0.41665","0.58567","-0.12523","0.9378","0.58829","0.59030","-0.11553","0.9622","0.43103","0.58427","-0.12123","0.9333","0.57085","0.58557","-0.11289","0.9673","0.45986","0.62719","0.00191","0.9156","0.54492","0.62901","0.00994","0.9705","0.45379","0.71950","-0.05302","0.9633","0.54723","0.71746","-0.04905","0.9479","0.45736","0.91815","0.00361","0.9823","0.54392","0.91660","0.00647","0.9476","0.45432","0.94028","0.01371","0.9571","0.54635","0.94083","0.01964","0.9524","0.45798","0.94829","-0.02508","0.9558","0.54338","0.94898","-0.01494","0.9362"
"312","10.4000","0.50003","0.27105","-0.00750","0.9350","0.48678","0.26113","-0.01123","0.9427","0.47704","0.25677","-0.01525","0.9790","0.47316","0.26408","-0.01224","0.9794","0.51707","0.26004","-0.00457","0.9338","0.52118","0.26172","-0.00304","0.9300","0.52892","0.26198","-0.00445","0.9268","0.46941","0.27284","-0.00440","0.9751","0.53515","0.26876","0.00574","0.9566","0.48944","0.29870","-0.00673","0.9552","0.51174","0.29569","-0.00847","0.9707","0.42889","0.39750","-0.01511","0.9439","0.57518","0.39878","-0.01088","0.9511","0.41447","0.50315","-0.07837","0.9608","0.58230","0.49919","-0.07159","0.9497","0.42677","0.57503","-0.12337","0.9509","0.57536","0.57426","-0.11616","0.9277","0.42003","0.59580","-0.12912","0.9347","0.58170","0.59274","-0.11923","0.9707","0.41431","0.59191","-0.12960","0.9950","0.58648","0.58731","-0.12250","0.9486","0.43014","0.59084","-0.12017","0.9433","0.57042","0.58905","-0.11688","0.9236","0.45777","0.63167","0.00048","0.9842","0.54361","0.63180","0.00760","0.9421","0.45213","0.72128","-0.05465","0.9569","0.54836","0.71701","-0.04884","0.9296","0.45650","0.91751","-0.00330","0.9642","0.54428","0.91777","0.00770","0.9433","0.45680","0.94048","0.01627","0.9375","0.54552","0.93841","0.02121","0.9250","0.45709","0.94698","-0.02413","0.9403","0.54399","0.95123","-0.01895","0.9832"
"313","10.4333","0.50154","0.27770","-0.01058","0.9653","0.48617","0.26450","-0.01300","0.9516","0.47828","0.26246","-0.01380","0.9730","0.47146","0.26585","-0.01116","0.9217","0.51875","0.26638","-0.00699","0.9102","0.52041","0.26249","-0.00263","0.9444","0.53017","0.26707","-0.00333","0.9406","0.46755","0.27446","-0.00113","0.9761","0.53503","0.27796","0.00463","0.9386","0.49047","0.29938","-0.00687","0.9481","0.51222","0.29979","-0.00643","0.9673","0.42487","0.40052","-0.01511","0.9588","0.57578","0.39682","-0.01211","0.9357","0.41839","0.50242","-0.07995","0.9737","0.58441","0.50341","-0.07355","0.9829","0.42442","0.57556","-0.12906","0.9746","0.57250","0.57558","-0.12252","0.9483","0.41969","0.59562","-0.13397","0.9950","0.58130","0.59902","-0.12361","0.9793","0.41648","0.59095","-0.12786","0.9339","0.58688","0.59205","-0.12614","0.9092","0.42812","0.59099","-0.12602","0.9792","0.56899","0.59288","-0.11892","0.9139","0.45977","0.63935","-0.00004","0.9344","0.54856","0.63759","0.00688","0.9239","0.45019","0.72005","-0.06067","0.9312","0.54784","0.71802","-0.05054","0.9485","0.45511","0.91977","0.00117","0.9586","0.54308","0.92117","0.01073","0.9416","0.45619","0.94003","0.02128","0.9557","0.54283","0.93808","0.02371","0.9718","0.46140","0.94617","-0.02553","0.9831","0.54292","0.94967","-0.01560","0.9369"
"314","10.4667","0.50074","0.28285","-0.00740","0.9509","0.48377","0.26884","-0.01590","0.9950","0.47741","0.26859","-0.01735","0.9504","0.47119","0.26830","-0.01154","0.9764","0.51731","0.27181","-0.00791","0.9490","0.52084","0.26758","-0.00681","0.9369","0.52677","0.26838","-0.00776","0.9364","0.46779","0.28170","-0.00337","0.9159","0.53386","0.27627","0.00388","0.9199","0.49218","0.30332","-0.00994","0.9366","0.51028","0.30420","-0.01060","0.9538","0.42655","0.40377","-0.01790","0.9417","0.57440","0.40288","-0.01080","0.9430","0.41801","0.50380","-0.08395","0.9514","0.58684","0.50740","-0.07565","0.9391","0.42578","0.57940","-0.12916","0.9523","0.57415","0.57693","-0.12482","0.9358","0.41544","0.59730","-0.13340","0.9896","0.58308","0.59594","-0.12906","0.9524","0.41781","0.59367","-0.13249","0.9585","0.58664","0.59150","-0.12762","0.9471","0.43414","0.59203","-0.12979","0.9810","0.57099","0.58822","-0.12153","0.9809","0.45584","0.63978","0.00135","0.9720","0.54510","0.64852","0.00686","0.9438","0.44959","0.71757","-0.06559","0.9306","0.54727","0.71922","-0.05272","0.9496","0.45734","0.91750","0.00035","0.9545","0.54463","0.92184","0.00790","0.9209","0.45504","0.93705","0.01635","0.9568","0.54461","0.94130","0.02308","0.9314","0.45630","0.95037","-0.02336","0.9950","0.54204","0.94837","-0.01914","0.9057"
"315","10.5000","0.50159","0.28198","-0.00853","0.9517","0.48426","0.27043","-0.01322","0.9804","0.48010","0.27190","-0.01380","0.9404","0.47596","0.27426","-0.01364","0.9487","0.51860","0.27320","-0.00403","0.9653","0.52251","0.26929","-0.00867","0.9153","0.52755","0.27200","-0.00893","0.9451","0.47024","0.27952","-0.00717","0.9339","0.53672","0.28372","0.00335","0.9656","0.48860","0.30832","-0.01000","0.9765","0.51214","0.31023","-0.00713","0.9331","0.42584","0.40819","-0.02017","0.9635","0.57540","0.40722","-0.01078","0.9481","0.41585","0.50837","-0.08324","0.9552","0.58446","0.50589","-0.07651","0.9465","0.42627","0.57967","-0.13449","0.9638","0.57366","0.57648","-0.12556","0.9363","0.41928","0.59731","-0.14112","0.9851","0.58412","0.59670","-0.13013","0.9696","0.41642","0.59028","-0.13788","0.9950","0.58495","0.59048","-0.13015","0.9097","0.43105","0.59260","-0.13088","0.9395","0.57153","0.59289","-0.12469","0.9095","0.46068","0.64659","0.00147","0.9692","0.54428","0.64552","0.00342","0.9176","0.45679","0.72093","-0.06175","0.9447","0.54747","0.71976","-0.05785","0.9378","0.45854","0.91890","-0.00002","0.9444","0.54519","0.91933","0.00914","0.9801","0.45775","0.93808","0.01373","0.9596","0.54341","0.93880","0.02175","0.9473","0.45946","0.94853","-0.02445","0.9408","0.54506","0.94933","-0.01682","0.9768"
"316","10.5333","0.50308","0.28328","-0.00942","0.9201","0.48442","0.27169","-0.01298","0.9805","0.47996","0.27138","-0.01488","0.9719","0.47482","0.27368","-0.01313","0.9283","0.51643","0.27342","-0.00558","0.9574","0.52292","0.26973","-0.00623","0.9049","0.52443","0.26958","-0.00911","0.9394","0.46864","0.28026","-0.00670","0.9405","0.53570","0.28273","0.00285","0.9512","0.49020","0.30725","-0.00971","0.9541","0.51353","0.31089","-0.00764","0.9380","0.42697","0.40927","-0.02041","0.9714","0.57535","0.40723","-0.01319","0.9559","0.41678","0.51010","-0.08055","0.9800","0.58634","0.50604","-0.07645","0.9488","0.42505","0.58096","-0.13227","0.9583","0.57332","0.57751","-0.12796","0.9193","0.42124","0.59819","-0.14088","0.9685","0.58441","0.59644","-0.13013","0.9600","0.41563","0.59036","-0.13839","0.9663","0.58605","0.59123","-0.12913","0.9287","0.43033","0.59160","-0.12996","0.9402","0.57189","0.59387","-0.12472","0.9100","0.45824","0.64711","0.00224","0.9679","0.54350","0.64644","0.00584","0.9210","0.45545","0.71893","-0.06309","0.9801","0.54707","0.71900","-0.05828","0.9462","0.45903","0.91791","0.00008","0.9746","0.54309","0.91978","0.01015","0.9651","0.45791","0.93953","0.01684","0.9548","0.54358","0.93785","0.02114","0.9608","0.45804","0.94717","-0.02264","0.9412","0.54467","0.95151","-0.01665","0.9464"
"317","10.5667","0.50030","0.28324","-0.00971","0.9797","0.48756","0.27437","-0.01179","0.9764","0.48095","0.26997","-0.01278","0.9429","0.47100","0.27496","-0.01374","0.9862","0.51536","0.27281","-0.00956","0.9290","0.52148","0.27260","-0.00716","0.9462","0.53053","0.27272","-0.01062","0.9098","0.46807","0.28329","-0.00380","0.9950","0.53505","0.28336","-0.00061","0.9188","0.48971","0.30619","-0.00739","0.9615","0.50955","0.30953","-0.01009","0.9703","0.42903","0.40942","-0.01728","0.9511","0.57254","0.40703","-0.01566","0.9407","0.41700","0.50739","-0.08482","0.9950","0.58406","0.50613","-0.07853","0.9346","0.42486","0.57906","-0.13455","0.9878","0.57376","0.58325","-0.12695","0.9260","0.41987","0.59717","-0.14227","0.9936","0.58158","0.60023","-0.13199","0.9326","0.41348","0.59048","-0.14101","0.9643","0.58493","0.59237","-0.13590","0.9332","0.43142","0.59488","-0.13254","0.9778","0.57188","0.59371","-0.12605","0.9356","0.45832","0.64769","0.00251","0.9618","0.54599","0.64845","0.00610","0.9362","0.45413","0.72105","-0.06627","0.9950","0.54934","0.71929","-0.05699","0.9268","0.45681","0.92129","-0.00196","0.9556","0.54509","0.91938","0.00996","0.9600","0.45649","0.93981","0.01457","0.9678","0.54445","0.93966","0.02613","0.9244","0.45818","0.94854","-0.02529","0.9345","0.54168","0.94798","-0.01800","0.9459"
"318","10.6000","0.50191","0.28754","-0.00763","0.9594","0.48563","0.27404","-0.01575","0.9431","0.47859","0.27077","-0.01322","0.9430","0.47341","0.27308","-0.01269","0.9689","0.51239","0.27680","-0.00854","0.9611","0.52021","0.27099","-0.00970","0.9427","0.52848","0.27594","-0.00690","0.9544","0.46721","0.28402","-0.00403","0.9782","0.53175","0.28453","0.00506","0.9534","0.48974","0.30802","-0.01021","0.9273","0.51385","0.30900","-0.00884","0.9430","0.42909","0.41219","-0.02067","0.9281","0.57415","0.40772","-0.01407","0.9350","0.41829","0.50883","-0.08446","0.9730","0.58208","0.51018","-0.07719","0.9467","0.42989","0.57619","-0.13271","0.9666","0.57593","0.57892","-0.12440","0.9579","0.41869","0.60087","-0.14246","0.9533","0.58394","0.59955","-0.13019","0.9002","0.41521","0.59260","-0.14032","0.9513","0.58456","0.59408","-0.13037","0.9196","0.43111","0.59412","-0.13158","0.9515","0.56961","0.59428","-0.12743","0.9662","0.45690","0.65254","0.00005","0.9164","0.54164","0.64906","0.00782","0.9344","0.45425","0.72051","-0.06463","0.9517","0.55021","0.71905","-0.05396","0.9271","0.46089","0.92014","0.00162","0.9572","0.54398","0.91806","0.00894","0.9489","0.45645","0.94210","0.01694","0.9566","0.54388","0.93719","0.02326","0.9621","0.45955","0.94719","-0.01944","0.9418","0.54421","0.94601","-0.01865","0.9446"
"319","10.6333","0.50279","0.28209","-0.00936","0.9350","0.48777","0.27298","-0.01416","0.9399","0.47960","0.27320","-0.01257","0.9539","0.47132","0.27079","-0.01549","0.9424","0.51645","0.27344","-0.00891","0.9640","0.52317","0.27226","-0.00793","0.9172","0.52763","0.27380","-0.00331","0.9437","0.46518","0.28329","-0.00459","0.9492","0.53588","0.28429","0.00165","0.9672","0.49158","0.30873","-0.00919","0.9782","0.50807","0.30983","-0.00864","0.9851","0.42573","0.40647","-0.01928","0.9019","0.57478","0.40871","-0.01368","0.9173","0.41544","0.51259","-0.08430","0.9819","0.58489","0.50924","-0.07456","0.9560","0.42741","0.58014","-0.13356","0.9641","0.57538","0.57812","-0.13059","0.9496","0.42013","0.59524","-0.13544","0.9506","0.58317","0.59823","-0.13164","0.9285","0.41636","0.59082","-0.13959","0.9201","0.59052","0.59426","-0.12981","0.9310","0.43090","0.59619","-0.13498","0.9678","0.57176","0.59006","-0.12789","0.9185","0.45682","0.65152","-0.00032","0.9843","0.54620","0.64899","0.00765","0.9072","0.44986","0.71705","-0.06404","0.9568","0.54789","0.71985","-0.05792","0.9554","0.46091","0.92064","0.00379","0.9701","0.54368","0.91735","0.00934","0.9119","0.45525","0.94034","0.01644","0.9741","0.54315","0.93663","0.02179","0.9725","0.45618","0.95222","-0.02182","0.9669","0.54266","0.94777","-0.01806","0.9610"
"320","10.6667","0.50224","0.28015","-0.01054","0.9464","0.48185","0.27193","-0.01565","0.9499","0.48075","0.26815","-0.01547","0.9745","0.46946","0.27282","-0.01533","0.9781","0.51570","0.27411","-0.00573","0.9172","0.51982","0.27049","-0.01061","0.9131","0.52935","0.27638","-0.00534","0.9567","0.46598","0.28334","-0.00404","0.9724","0.53366","0.28299","0.00422","0.9778","0.49182","0.31051","-0.01367","0.9511","0.51167","0.30788","-0.01137","0.9293","0.42734","0.40815","-0.02217","0.9542","0.57301","0.40815","-0.01109","0.9529","0.41574","0.50987","-0.08245","0.9790","0.57939","0.50685","-0.07226","0.9555","0.42511","0.57665","-0.13711","0.9478","0.57224","0.57739","-0.12579","0.9285","0.41625","0.59612","-0.13759","0.9532","0.57986","0.59980","-0.12940","0.9697","0.41646","0.59168","-0.13629","0.9516","0.58862","0.59171","-0.12890","0.9260","0.42993","0.59276","-0.13208","0.9587","0.57068","0.59022","-0.12683","0.9472","0.45377","0.64641","0.00017","0.9522","0.54549","0.64530","0.00784","0.9245","0.45154","0.71806","-0.06376","0.9333","0.54757","0.71986","-0.05924","0.9295","0.45583","0.91899","0.00262","0.9532","0.54318","0.91719","0.01034","0.9598","0.45621","0.93658","0.01784","0.9293","0.54043","0.93824","0.02664","0.9216","0.45390","0.94510","-0.02351","0.9670","0.54467","0.94791","-0.01724","0.9321"
"321","10.7000","0.50218","0.28183","-0.00864","0.9586","0.48117","0.27330","-0.01617","0.9595","0.48046","0.26657","-0.01466","0.9731","0.47067","0.27161","-0.01816","0.9865","0.51702","0.27263","-0.00560","0.9397","0.52108","0.27124","-0.01057","0.8906","0.52953","0.27559","-0.00420","0.9852","0.46579","0.28104","-0.00512","0.9679","0.53425","0.28328","0.00287","0.9658","0.49408","0.30920","-0.01045","0.9266","0.51171","0.30868","-0.01244","0.9541","0.42671","0.40858","-0.02042","0.9589","0.57213","0.40578","-0.00998","0.9796","0.41556","0.50959","-0.08544","0.9753","0.57839","0.50608","-0.07141","0.9308","0.42408","0.57857","-0.13534","0.9452","0.57332","0.57833","-0.12735","0.9189","0.41827","0.59716","-0.13743","0.9172","0.57848","0.59868","-0.12783","0.9527","0.41718","0.59305","-0.13516","0.9399","0.58744","0.59478","-0.12737","0.9366","0.43118","0.59270","-0.13235","0.9696","0.56926","0.59067","-0.12644","0.9321","0.45573","0.64571","-0.00081","0.9478","0.54435","0.64621","0.00770","0.9334","0.45010","0.71921","-0.06165","0.9358","0.54664","0.71899","-0.05861","0.9150","0.45625","0.91949","0.00111","0.9642","0.54269","0.91825","0.01074","0.9414","0.45762","0.93690","0.01713","0.9267","0.54295","0.93737","0.02764","0.9451","0.45355","0.94555","-0.02404","0.9917","0.54393","0.94973","-0.01814","0.9656"
"322","10.7333","0.49837","0.27999","-0.01141","0.9627","0.48323","0.26875","-0.01077","0.9720","0.47913","0.26622","-0.01417","0.9441","0.46932","0.27180","-0.01297","0.9361","0.51575","0.26527","-0.00487","0.9232","0.52211","0.26594","-0.00828","0.9803","0.52931","0.27020","-0.00437","0.8974","0.46825","0.27920","-0.00276","0.9850","0.53027","0.27536","0.00588","0.9512","0.49146","0.30325","-0.00771","0.9569","0.51223","0.30416","-0.00820","0.9550","0.42619","0.40218","-0.01742","0.9950","0.57312","0.40479","-0.01079","0.9097","0.41647","0.50572","-0.08120","0.9580","0.58603","0.50613","-0.07584","0.9388","0.42572","0.57875","-0.13202","0.9548","0.57258","0.57962","-0.11926","0.9575","0.41912","0.59657","-0.13442","0.9950","0.58115","0.59691","-0.12955","0.9430","0.41138","0.59131","-0.13771","0.9704","0.58666","0.59171","-0.12885","0.9504","0.43311","0.59186","-0.12784","0.9434","0.57012","0.59198","-0.12320","0.9445","0.45599","0.64454","-0.00063","0.9688","0.54124","0.64152","0.00782","0.9326","0.45322","0.71545","-0.06033","0.9919","0.55083","0.71941","-0.05580","0.9676","0.45930","0.91975","-0.00056","0.9698","0.54182","0.91634","0.01087","0.9322","0.45573","0.94098","0.01768","0.9390","0.54161","0.93636","0.02342","0.9514","0.45795","0.94791","-0.02438","0.9767","0.54261","0.95084","-0.01744","0.9273"
"323","10.7667","0.49919","0.27531","-0.00853","0.9437","0.48477","0.26687","-0.01119","0.9631","0.48163","0.26428","-0.01184","0.9441","0.47291","0.26482","-0.01047","0.9658","0.51645","0.26590","-0.00759","0.9653","0.52320","0.26477","-0.00570","0.9203","0.52893","0.26889","-0.00507","0.9325","0.46651","0.27774","-0.00094","0.9388","0.53274","0.27517","0.00731","0.9734","0.48934","0.30157","-0.00900","0.9648","0.50903","0.29797","-0.01052","0.9566","0.42725","0.39998","-0.01456","0.9761","0.57266","0.40228","-0.01256","0.9355","0.41784","0.50166","-0.07975","0.9485","0.58555","0.50272","-0.07055","0.9475","0.42439","0.58222","-0.12710","0.9950","0.57402","0.57598","-0.11757","0.9606","0.41909","0.59397","-0.13083","0.9950","0.58089","0.59993","-0.12333","0.9514","0.41501","0.59236","-0.13254","0.9336","0.58434","0.58876","-0.12432","0.9374","0.43061","0.59169","-0.12935","0.9413","0.57105","0.58794","-0.11883","0.9457","0.45486","0.63768","0.00219","0.9633","0.54676","0.63972","0.00883","0.9515","0.44689","0.71911","-0.06015","0.9808","0.54685","0.71824","-0.05054","0.9436","0.45512","0.91999","-0.00023","0.9760","0.54388","0.92121","0.00522","0.9449","0.45525","0.94303","0.01716","0.9950","0.54590","0.93751","0.02109","0.9648","0.45545","0.95051","-0.02667","0.9438","0.54571","0.95026","-0.01538","0.9365"
"324","10.8000","0.49677","0.27112","-0.00530","0.9518","0.48569","0.26220","-0.01109","0.9508","0.47937","0.26389","-0.01294","0.9287","0.47528","0.26075","-0.01203","0.9509","0.51651","0.26136","-0.00099","0.9283","0.52087","0.26056","-0.00191","0.9702","0.52983","0.25937","-0.00280","0.9552","0.46626","0.27289","0.00086","0.9860","0.53684","0.26986","0.00452","0.9333","0.48728","0.29843","-0.00548","0.9571","0.50675","0.29651","-0.00926","0.9575","0.42553","0.39302","-0.01507","0.9684","0.57524","0.39411","-0.00923","0.9216","0.41797","0.49923","-0.07525","0.9590","0.58275","0.49708","-0.06984","0.9366","0.42169","0.57549","-0.12409","0.9543","0.57253","0.57197","-0.11347","0.9372","0.42266","0.59417","-0.12520","0.9623","0.58331","0.59534","-0.11915","0.9648","0.41491","0.59011","-0.12803","0.9725","0.58470","0.58934","-0.11771","0.9240","0.42996","0.59157","-0.12159","0.9292","0.57023","0.58856","-0.11815","0.9296","0.45607","0.63246","0.00246","0.9727","0.54315","0.63394","0.00897","0.9523","0.45422","0.71895","-0.05489","0.9400","0.54649","0.72197","-0.04874","0.9289","0.45421","0.91875","0.00105","0.9477","0.54323","0.91939","0.01125","0.9149","0.45703","0.93961","0.01877","0.9349","0.54378","0.93471","0.02525","0.9399","0.45633","0.94896","-0.02190","0.9684","0.54733","0.94770","-0.01525","0.9308"
"325","10.8333","0.50313","0.26641","-0.00600","0.9721","0.48258","0.25578","-0.00932","0.9397","0.47741","0.25418","-0.01164","0.9372","0.47393","0.25722","-0.00838","0.9506","0.51977","0.25896","-0.00075","0.9633","0.52051","0.25248","-0.00703","0.9125","0.52613","0.25482","-0.00225","0.9541","0.46510","0.26337","-0.00052","0.9580","0.53335","0.26608","0.00428","0.9235","0.48914","0.29059","-0.00472","0.9609","0.50955","0.28905","-0.00451","0.9471","0.42792","0.38996","-0.01820","0.9372","0.57380","0.38935","-0.00588","0.9626","0.41559","0.49492","-0.07348","0.9726","0.58333","0.49583","-0.06791","0.9745","0.42604","0.57196","-0.12022","0.9688","0.57345","0.57577","-0.11038","0.9479","0.41888","0.59013","-0.12076","0.9290","0.58225","0.58986","-0.11623","0.9291","0.41392","0.58552","-0.12434","0.9558","0.58671","0.58676","-0.11379","0.9452","0.43150","0.58504","-0.11630","0.9650","0.56833","0.58778","-0.11007","0.9419","0.45171","0.63015","-0.00103","0.9362","0.54185","0.62656","0.00667","0.9494","0.45268","0.71784","-0.05242","0.9531","0.54515","0.71353","-0.04742","0.9474","0.45321","0.92073","0.00106","0.9637","0.54373","0.91575","0.00674","0.9872","0.45643","0.93730","0.01187","0.9788","0.54153","0.93675","0.02638","0.9162","0.45679","0.94968","-0.02510","0.9739","0.54315","0.94791","-0.01794","0.9140"
"326","10.8667","0.50277","0.26365","-0.00482","0.9745","0.48340","0.25447","-0.01094","0.9621","0.47841","0.25301","-0.01024","0.9555","0.47246","0.25721","-0.00856","0.9443","0.51761","0.25750","-0.00392","0.9624","0.52028","0.25141","-0.00591","0.8874","0.52410","0.25556","-0.00255","0.9241","0.46688","0.26305","-0.00190","0.9696","0.53478","0.26759","0.00545","0.9541","0.48962","0.29338","-0.00579","0.9778","0.50908","0.28872","-0.00389","0.9519","0.42814","0.39050","-0.01534","0.9623","0.57352","0.38890","-0.00505","0.9601","0.41665","0.49437","-0.07303","0.9654","0.58182","0.49766","-0.06901","0.9790","0.42662","0.57226","-0.11860","0.9683","0.57387","0.57625","-0.11099","0.9145","0.41804","0.59130","-0.12114","0.9222","0.58478","0.58889","-0.11605","0.9331","0.41595","0.58641","-0.12205","0.9521","0.58566","0.58447","-0.11287","0.9442","0.43167","0.58449","-0.11624","0.9664","0.56854","0.58512","-0.11016","0.9540","0.45450","0.62979","-0.00153","0.9325","0.54315","0.62674","0.00774","0.9403","0.45027","0.71702","-0.05199","0.9719","0.54484","0.71668","-0.04769","0.9236","0.45404","0.92222","0.00084","0.9654","0.54518","0.91734","0.00791","0.9644","0.45635","0.93974","0.01276","0.9583","0.54249","0.93813","0.02564","0.9590","0.45695","0.94786","-0.02344","0.9816","0.54317","0.94634","-0.01757","0.9413"
"327","10.9000","0.50091","0.26411","-0.00453","0.9338","0.48378","0.25250","-0.00991","0.9724","0.47500","0.24766","-0.00880","0.9653","0.47197","0.24911","-0.01032","0.9691","0.51365","0.24607","0.00108","0.9495","0.52176","0.24683","-0.00410","0.9202","0.52492","0.25161","0.00260","0.9488","0.46852","0.26086","0.00274","0.9811","0.53074","0.25827","0.01083","0.9079","0.48935","0.28429","-0.00448","0.9382","0.50790","0.28692","-0.00474","0.9660","0.42632","0.38271","-0.01229","0.9232","0.57272","0.38589","-0.00507","0.9541","0.41141","0.48888","-0.07008","0.9270","0.58325","0.49156","-0.06207","0.9281","0.42604","0.56978","-0.11294","0.9341","0.57388","0.56603","-0.10763","0.9406","0.41761","0.58734","-0.11936","0.9752","0.58369","0.59054","-0.11046","0.9873","0.41324","0.58166","-0.11999","0.9828","0.58508","0.58348","-0.11260","0.9503","0.42793","0.58554","-0.11453","0.9545","0.56972","0.58592","-0.10136","0.9065","0.45557","0.62034","-0.00065","0.9524","0.54398","0.62120","0.00751","0.9284","0.45365","0.72017","-0.04983","0.9524","0.54542","0.71826","-0.04295","0.9262","0.45774","0.92015","-0.00124","0.9916","0.54296","0.91834","0.01077","0.9513","0.46031","0.94225","0.02008","0.9779","0.54595","0.93701","0.02111","0.9597","0.45435","0.95064","-0.02226","0.9527","0.54328","0.94900","-0.01588","0.9703"
"328","10.9333","0.49979","0.25258","-0.00116","0.9862","0.48356","0.24338","-0.00899","0.9565","0.47610","0.24248","-0.00434","0.9535","0.46939","0.24386","-0.00771","0.9625","0.51507","0.24669","-0.00075","0.9284","0.51680","0.24361","0.00047","0.9557","0.52854","0.24265","-0.00141","0.9469","0.46532","0.25084","-0.00006","0.9846","0.53073","0.25414","0.00454","0.9353","0.48939","0.28090","-0.00340","0.9893","0.51251","0.27871","-0.00470","0.9356","0.42581","0.37771","-0.01048","0.9553","0.57134","0.37613","-0.00429","0.9134","0.41637","0.48619","-0.06667","0.9601","0.58254","0.48728","-0.05756","0.9415","0.42379","0.56425","-0.10772","0.9633","0.57181","0.56864","-0.09927","0.9252","0.41660","0.58719","-0.11141","0.9566","0.57947","0.58587","-0.10626","0.9169","0.41260","0.58399","-0.11518","0.9626","0.58469","0.58292","-0.10698","0.9508","0.42921","0.57976","-0.10543","0.9895","0.57089","0.58060","-0.10063","0.9680","0.45746","0.61289","0.00037","0.9784","0.54378","0.60940","0.00764","0.9651","0.45190","0.71716","-0.04660","0.9579","0.54563","0.72086","-0.03792","0.9362","0.45591","0.92140","0.00232","0.9554","0.54182","0.91802","0.00859","0.9199","0.45620","0.93759","0.01553","0.9793","0.54470","0.93809","0.02812","0.9586","0.45842","0.94937","-0.02051","0.9696","0.54302","0.94857","-0.01477","0.9738"
"329","10.9667","0.50158","0.24458","-0.00027","0.9597","0.48301","0.23534","-0.00435","0.9530","0.48032","0.23723","-0.00715","0.9376","0.47099","0.23886","-0.00602","0.9432","0.51650","0.23457","0.00072","0.9566","0.51999","0.23366","-0.00068","0.9463","0.52380","0.23744","0.00196","0.9857","0.46669","0.24656","0.00191","0.9655","0.53328","0.24711","0.01118","0.9374","0.48708","0.27033","-0.00616","0.9702","0.51005","0.27482","-0.00189","0.9553","0.42681","0.36772","-0.01042","0.9519","0.57199","0.37026","-0.00149","0.9205","0.41632","0.48007","-0.06244","0.9783","0.58414","0.48222","-0.05492","0.9391","0.42717","0.56356","-0.10249","0.9648","0.57392","0.56443","-0.08954","0.9375","0.41755","0.58281","-0.10727","0.9677","0.58151","0.58265","-0.09926","0.9808","0.41222","0.57934","-0.10731","0.9733","0.58333","0.57829","-0.09725","0.9570","0.43141","0.57851","-0.10154","0.9522","0.56929","0.57889","-0.09371","0.9414","0.45737","0.60387","-0.00183","0.9479","0.54413","0.59877","0.00484","0.9419","0.45316","0.72153","-0.04246","0.9453","0.54551","0.72011","-0.03520","0.9704","0.45667","0.92197","-0.00171","0.9703","0.54410","0.91616","0.00612","0.9307","0.45530","0.93626","0.01605","0.9822","0.54020","0.93857","0.02452","0.9516","0.45631","0.94697","-0.02401","0.9495","0.54329","0.94647","-0.01689","0.9367"
"330","11.0000","0.49979","0.23971","-0.00034","0.9950","0.48325","0.23008","-0.00525","0.9950","0.48004","0.22699","-0.00445","0.9549","0.47004","0.23091","-0.00521","0.9456","0.51358","0.22508","0.00144","0.9889","0.52145","0.22698","0.00205","0.9336","0.52509","0.22765","0.00446","0.9591","0.46294","0.23824","0.00563","0.9328","0.53227","0.23600","0.01013","0.9493","0.48883","0.26491","0.00026","0.9780","0.50860","0.26089","-0.00350","0.9641","0.42542","0.36045","-0.00984","0.9947","0.57196","0.36386","-0.00084","0.9565","0.41618","0.47448","-0.05772","0.9337","0.58386","0.47764","-0.05052","0.9950","0.42227","0.56146","-0.09792","0.9333","0.57166","0.56423","-0.08621","0.9447","0.42119","0.58415","-0.09741","0.9418","0.57966","0.58256","-0.09564","0.9284","0.41630","0.57402","-0.10064","0.9893","0.58684","0.57710","-0.09328","0.9451","0.43009","0.57642","-0.09533","0.9475","0.57073","0.57583","-0.08826","0.9395","0.45852","0.59419","-0.00089","0.9763","0.54366","0.59153","0.00855","0.9701","0.45676","0.71711","-0.03914","0.9191","0.54791","0.72177","-0.03103","0.9307","0.45403","0.91674","0.00470","0.9890","0.54518","0.91968","0.00898","0.9436","0.45596","0.94242","0.01988","0.9635","0.54425","0.94019","0.02493","0.9282","0.45487","0.94714","-0.02112","0.9450","0.54286","0.94916","-0.01583","0.9444"
"331","11.0333","0.50014","0.24081","0.00026","0.9950","0.48255","0.22793","-0.00436","0.9761","0.47763","0.22621","-0.00383","0.9672","0.46841","0.22941","-0.00533","0.9804","0.51538","0.22598","0.00066","0.9709","0.52162","0.22916","0.00165","0.9439","0.52582","0.23014","0.00510","0.9468","0.46408","0.23929","0.00665","0.9691","0.53398","0.23719","0.01097","0.9439","0.48865","0.26442","-0.00037","0.9660","0.50908","0.26062","-0.00173","0.9449","0.42567","0.36041","-0.00871","0.9928","0.57282","0.36290","-0.00046","0.9268","0.41586","0.47553","-0.05636","0.9373","0.58358","0.47649","-0.05011","0.9624","0.42256","0.56063","-0.09804","0.9445","0.57169","0.56269","-0.08676","0.9196","0.41976","0.58612","-0.09872","0.9647","0.57908","0.58252","-0.09447","0.9114","0.41460","0.57471","-0.09974","0.9547","0.58863","0.57933","-0.09213","0.9515","0.43154","0.57784","-0.09598","0.9535","0.57199","0.57444","-0.08695","0.9550","0.46035","0.59237","0.00078","0.9872","0.54379","0.59137","0.00901","0.9482","0.45495","0.71534","-0.03651","0.9408","0.54696","0.72108","-0.03098","0.9310","0.45515","0.91738","0.00377","0.9933","0.54319","0.91974","0.00844","0.9615","0.45472","0.94194","0.02028","0.9684","0.54354","0.94109","0.02564","0.9239","0.45560","0.94874","-0.02155","0.9526","0.54023","0.94847","-0.01516","0.9537"
"332","11.0667","0.50146","0.23084","0.00356","0.9652","0.48404","0.22126","-0.00201","0.9664","0.47995","0.21845","-0.00472","0.9717","0.47117","0.21996","-0.00490","0.9794","0.51575","0.22199","0.00265","0.9359","0.51934","0.22001","0.00520","0.9259","0.52538","0.22433","0.00334","0.9355","0.46756","0.23141","0.00765","0.9340","0.53234","0.23035","0.01463","0.9259","0.49061","0.25532","-0.00047","0.9487","0.50770","0.25556","0.00075","0.9610","0.42405","0.35527","-0.00676","0.9713","0.57459","0.35269","0.00014","0.9324","0.41928","0.46688","-0.05341","0.9754","0.58119","0.46725","-0.04689","0.9279","0.42545","0.55909","-0.08674","0.9400","0.57116","0.55700","-0.07778","0.9574","0.41653","0.57914","-0.09378","0.9541","0.58234","0.57868","-0.08752","0.9468","0.41202","0.57571","-0.09145","0.9492","0.58279","0.57414","-0.08581","0.9310","0.43198","0.57509","-0.08845","0.9674","0.56916","0.57498","-0.08583","0.9333","0.45561","0.58293","0.00134","0.9376","0.54097","0.58532","0.00634","0.9657","0.45419","0.71903","-0.03206","0.9745","0.54569","0.71929","-0.02753","0.9455","0.45554","0.92143","0.00466","0.9797","0.54061","0.91810","0.00912","0.9265","0.45829","0.93803","0.01620","0.9599","0.54390","0.93515","0.02277","0.9410","0.45371","0.94748","-0.02674","0.9778","0.53866","0.94674","-0.01655","0.9142"
"333","11.1000","0.50072","0.22440","0.00299","0.9397","0.48416","0.21409","-0.00063","0.9950","0.47531","0.21178","-0.00413","0.9664","0.47156","0.20781","-0.00122","0.9688","0.51894","0.21337","0.00623","0.9374","0.52108","0.21357","0.00392","0.9227","0.52700","0.21058","0.00325","0.9475","0.46325","0.22276","0.00988","0.9645","0.53214","0.22687","0.01653","0.9387","0.49063","0.25052","0.00101","0.9546","0.51053","0.24883","0.00117","0.9536","0.42533","0.34316","-0.00565","0.9514","0.57400","0.34614","0.00303","0.8823","0.41465","0.46162","-0.04891","0.9371","0.58343","0.46288","-0.03972","0.9216","0.42671","0.55639","-0.08181","0.9737","0.57148","0.55742","-0.07338","0.9097","0.41611","0.57766","-0.08601","0.9448","0.58230","0.57783","-0.07959","0.9407","0.41265","0.56848","-0.08571","0.9885","0.58395","0.57295","-0.07762","0.9694","0.43086","0.57472","-0.07880","0.9363","0.56971","0.56908","-0.07955","0.9595","0.45629","0.57474","-0.00299","0.9794","0.53991","0.57490","0.00577","0.9456","0.45335","0.71548","-0.02754","0.9432","0.54527","0.71988","-0.02160","0.9190","0.45425","0.91880","0.00449","0.9312","0.54671","0.91943","0.00824","0.9160","0.45595","0.93878","0.01476","0.9819","0.54252","0.93659","0.02381","0.9234","0.45888","0.95020","-0.02193","0.9403","0.54338","0.94854","-0.01647","0.9445"
"334","11.1333","0.49856","0.21485","0.00436","0.9559","0.48353","0.20409","0.00010","0.9555","0.47548","0.20459","-0.00025","0.9432","0.47271","0.20891","-0.00001","0.9746","0.50986","0.20642","0.00773","0.9204","0.52102","0.20729","0.00696","0.9269","0.52891","0.20554","0.00935","0.9403","0.46525","0.21556","0.01026","0.9726","0.53355","0.21566","0.01636","0.9854","0.49020","0.24010","0.00284","0.9751","0.50859","0.23799","0.00564","0.9398","0.42460","0.33796","0.00042","0.9224","0.57286","0.33931","0.00600","0.9160","0.41221","0.45859","-0.04544","0.9497","0.58220","0.45604","-0.03820","0.9134","0.42398","0.55360","-0.07482","0.9380","0.57533","0.55142","-0.06476","0.9490","0.41876","0.57196","-0.07983","0.9327","0.57985","0.57420","-0.07317","0.9433","0.41337","0.56540","-0.08329","0.9562","0.58438","0.56277","-0.07415","0.9588","0.42901","0.56669","-0.07757","0.9242","0.56737","0.56849","-0.06577","0.9594","0.45646","0.56677","-0.00091","0.9613","0.54392","0.56727","0.00833","0.9090","0.45413","0.71997","-0.02385","0.9759","0.54366","0.71636","-0.01531","0.9498","0.45509","0.91890","0.00077","0.9843","0.53994","0.92064","0.00784","0.9413","0.45458","0.93914","0.01680","0.9705","0.54171","0.93931","0.02129","0.9427","0.45345","0.94619","-0.02351","0.9399","0.54393","0.94600","-0.01614","0.9361"
"335","11.1667","0.50030","0.21009","0.00277","0.9703","0.48583","0.20105","0.00086","0.9431","0.47614","0.19638","0.00496","0.9769","0.47014","0.20017","-0.00288","0.9383","0.51207","0.19832","0.00973","0.9554","0.52156","0.19777","0.00809","0.9361","0.52769","0.19931","0.00675","0.9352","0.46475","0.20832","0.01070","0.9910","0.53475","0.20754","0.01881","0.9208","0.49163","0.23381","0.00415","0.9403","0.50984","0.23682","0.00683","0.9856","0.42556","0.33333","-0.00074","0.9089","0.57173","0.33193","0.00371","0.9691","0.41525","0.45184","-0.04250","0.9718","0.58277","0.45057","-0.03580","0.9364","0.42365","0.54901","-0.07026","0.9440","0.57160","0.54897","-0.06138","0.9541","0.41694","0.57003","-0.07416","0.9871","0.57736","0.57337","-0.07023","0.9078","0.41653","0.56603","-0.07486","0.9661","0.58334","0.56679","-0.06599","0.9185","0.42976","0.56614","-0.06906","0.9364","0.56937","0.56708","-0.05982","0.9494","0.45749","0.55842","-0.00360","0.9808","0.54303","0.55910","0.00377","0.9862","0.45320","0.71916","-0.02355","0.9699","0.54340","0.71817","-0.01339","0.9598","0.45422","0.91906","0.00265","0.9692","0.54481","0.91906","0.01193","0.9413","0.45258","0.93784","0.01858","0.9771","0.54105","0.93703","0.02349","0.9353","0.45621","0.95075","-0.02613","0.9723","0.54379","0.95051","-0.01863","0.9396"
"336","11.2000","0.49905","0.20703","0.00503","0.9496","0.48318","0.20032","-0.00021","0.9327","0.47503","0.19750","0.00246","0.9947","0.47160","0.20041","0.00112","0.9531","0.51129","0.20015","0.01030","0.9564","0.52400","0.19552","0.00828","0.9319","0.52614","0.19898","0.00563","0.9580","0.46474","0.20733","0.01227","0.9786","0.53520","0.20625","0.01853","0.9449","0.49216","0.23376","0.00291","0.9464","0.50977","0.23679","0.00623","0.9548","0.42709","0.33381","-0.00321","0.9401","0.57286","0.33157","0.00440","0.9509","0.41639","0.45180","-0.04102","0.9656","0.58213","0.45156","-0.03628","0.9315","0.42390","0.54980","-0.06892","0.9380","0.57122","0.55078","-0.06149","0.9588","0.41662","0.56912","-0.07560","0.9615","0.57817","0.57182","-0.06856","0.9153","0.41382","0.56708","-0.07304","0.9448","0.58174","0.56594","-0.06404","0.9097","0.42937","0.56392","-0.07090","0.9418","0.56737","0.56635","-0.06100","0.9568","0.45693","0.55854","-0.00229","0.9643","0.54300","0.55978","0.00512","0.9823","0.45160","0.71971","-0.02247","0.9593","0.54260","0.71737","-0.01413","0.9513","0.45619","0.91640","0.00275","0.9428","0.54578","0.92079","0.01219","0.9138","0.45166","0.93865","0.01969","0.9636","0.54290","0.93765","0.02554","0.9399","0.45541","0.95172","-0.02639","0.9485","0.54283","0.95087","-0.01813","0.9260"
"337","11.2333","0.49534","0.20359","0.00707","0.9559","0.48420","0.19178","0.00173","0.9373","0.47437","0.18740","0.00594","0.9804","0.47028","0.19094","0.00184","0.9589","0.51352","0.19642","0.00653","0.9539","0.52143","0.19355","0.01138","0.9495","0.52802","0.19482","0.01325","0.9505","0.46527","0.20263","0.01194","0.9790","0.53132","0.20325","0.01711","0.9729","0.48840","0.22871","0.00538","0.9617","0.50826","0.23010","0.00597","0.9495","0.42701","0.32180","0.00145","0.9632","0.57334","0.32351","0.01174","0.9473","0.41787","0.44737","-0.03659","0.9583","0.58134","0.44734","-0.02991","0.9510","0.42667","0.55081","-0.06468","0.9246","0.57061","0.54785","-0.05982","0.9335","0.41621","0.56566","-0.07102","0.9511","0.58012","0.56891","-0.06136","0.9464","0.41286","0.56664","-0.06682","0.9373","0.58464","0.56112","-0.06223","0.9532","0.42633","0.56206","-0.06276","0.9783","0.56946","0.56258","-0.05447","0.9031","0.45548","0.54931","-0.00147","0.9796","0.54149","0.55039","0.00474","0.9387","0.45391","0.71863","-0.01482","0.9737","0.54273","0.72119","-0.01133","0.9950","0.45296","0.91890","0.00349","0.9805","0.53973","0.92004","0.00929","0.9541","0.45288","0.94027","0.01658","0.9445","0.54053","0.93929","0.02678","0.9568","0.45768","0.95077","-0.02109","0.9803","0.54453","0.94825","-0.01531","0.9252"
"338","11.2667","0.49843","0.19704","0.00955","0.9301","0.48274","0.19103","0.00360","0.9778","0.47837","0.18335","0.00628","0.9877","0.46858","0.18577","0.00729","0.9513","0.51378","0.18655","0.01237","0.9280","0.52116","0.18454","0.01010","0.9032","0.52623","0.18643","0.01166","0.9418","0.46413","0.19682","0.01382","0.9426","0.53635","0.19568","0.01991","0.9453","0.48780","0.22346","0.00744","0.9661","0.50742","0.22192","0.00595","0.9671","0.42600","0.31812","0.00345","0.9408","0.57070","0.31558","0.01124","0.9386","0.41723","0.44318","-0.03268","0.9582","0.57875","0.44243","-0.02372","0.9337","0.42546","0.54473","-0.06035","0.9503","0.57327","0.54912","-0.04935","0.9545","0.41770","0.56911","-0.06393","0.9550","0.57934","0.56846","-0.05358","0.9736","0.41467","0.55896","-0.06444","0.9893","0.58363","0.56229","-0.05368","0.9372","0.42864","0.56132","-0.05677","0.9698","0.56600","0.55666","-0.05061","0.9910","0.45582","0.54284","-0.00079","0.9434","0.54400","0.53995","0.00320","0.9336","0.45362","0.71919","-0.01331","0.9727","0.54139","0.71895","-0.00876","0.9319","0.45581","0.92058","0.00266","0.9386","0.54306","0.92020","0.00820","0.9614","0.45762","0.93764","0.01712","0.9642","0.54283","0.93723","0.01907","0.9634","0.45675","0.95051","-0.02467","0.9611","0.54130","0.95111","-0.01611","0.9603"
"339","11.3000","0.49584","0.19286","0.00817","0.9628","0.48343","0.18085","0.00218","0.9660","0.47664","0.18156","0.00256","0.9805","0.47056","0.18360","0.00510","0.9810","0.51483","0.18167","0.01502","0.9622","0.51923","0.18112","0.01050","0.9453","0.52620","0.18119","0.01335","0.9477","0.46856","0.19162","0.01449","0.9702","0.53248","0.18993","0.02427","0.9421","0.48922","0.21685","0.01328","0.9783","0.50947","0.21578","0.00719","0.9949","0.42347","0.31267","0.00147","0.9629","0.57115","0.31431","0.01119","0.9342","0.41694","0.43613","-0.02806","0.9792","0.58050","0.43755","-0.02530","0.9131","0.42681","0.54467","-0.05173","0.9704","0.57331","0.54683","-0.04669","0.8911","0.41832","0.56429","-0.05910","0.9950","0.57891","0.56373","-0.05121","0.9504","0.41366","0.56182","-0.05825","0.9484","0.58357","0.55787","-0.05439","0.9623","0.42841","0.55951","-0.05590","0.9381","0.56892","0.55813","-0.04677","0.9281","0.45413","0.53497","0.00201","0.9950","0.54119","0.53463","0.00487","0.9272","0.45413","0.72040","-0.01260","0.9757","0.54017","0.72056","-0.00181","0.9416","0.45791","0.92074","0.00305","0.9386","0.54225","0.92163","0.00908","0.9521","0.45536","0.94143","0.01913","0.9623","0.53905","0.93893","0.02508","0.9645","0.45444","0.94668","-0.02131","0.9415","0.54294","0.94720","-0.01631","0.9693"
"340","11.3333","0.49957","0.18744","0.00897","0.9772","0.48352","0.17668","0.00840","0.9478","0.47933","0.17671","0.00821","0.9616","0.47068","0.17922","0.00718","0.9211","0.51112","0.17661","0.01060","0.9396","0.52088","0.17390","0.01495","0.9381","0.52335","0.17768","0.01166","0.9402","0.46418","0.18928","0.01880","0.9742","0.53128","0.18831","0.02243","0.9752","0.48789","0.21567","0.01067","0.9201","0.51094","0.21200","0.00895","0.9468","0.42496","0.30654","0.00697","0.9834","0.57266","0.30717","0.01144","0.9188","0.41339","0.43605","-0.02450","0.9676","0.57854","0.43539","-0.01957","0.9630","0.42459","0.54208","-0.04795","0.9680","0.57330","0.54089","-0.04369","0.9528","0.41406","0.55525","-0.05457","0.9857","0.57934","0.56258","-0.04414","0.9530","0.41777","0.55668","-0.05298","0.9863","0.58538","0.55984","-0.04462","0.9748","0.42941","0.55729","-0.04917","0.9353","0.56440","0.55672","-0.04381","0.9537","0.45280","0.52687","-0.00135","0.9602","0.54133","0.52587","0.00253","0.8991","0.45547","0.71559","-0.00828","0.9504","0.54214","0.71499","-0.00005","0.9593","0.45311","0.92022","0.00347","0.9637","0.54283","0.91902","0.00973","0.9624","0.45407","0.93582","0.01723","0.9706","0.54400","0.93977","0.02265","0.9272","0.45248","0.94889","-0.02118","0.9815","0.54085","0.95053","-0.01607","0.9444"
"341","11.3667","0.49847","0.18398","0.01004","0.9582","0.48368","0.17635","0.00656","0.9639","0.48090","0.17483","0.00844","0.9670","0.47104","0.17847","0.00641","0.9559","0.51231","0.17493","0.01280","0.9198","0.52040","0.17517","0.01341","0.9566","0.52498","0.17598","0.01321","0.9193","0.46489","0.18910","0.01860","0.9544","0.53035","0.18754","0.02227","0.9723","0.48738","0.21649","0.00964","0.9121","0.51089","0.21109","0.01221","0.9288","0.42565","0.30790","0.00414","0.9682","0.56934","0.30627","0.01528","0.9275","0.41620","0.43685","-0.02561","0.9427","0.58125","0.43412","-0.02279","0.9482","0.42434","0.54195","-0.04747","0.9468","0.57324","0.54113","-0.04392","0.9235","0.41547","0.55899","-0.05447","0.9950","0.58002","0.56385","-0.04530","0.9407","0.41440","0.55847","-0.05291","0.9717","0.58362","0.55904","-0.04426","0.9559","0.42765","0.55831","-0.04832","0.9598","0.56648","0.55708","-0.04097","0.9521","0.45194","0.52854","-0.00261","0.9914","0.53997","0.52685","0.00398","0.9080","0.45477","0.71765","-0.00845","0.9754","0.54210","0.71343","-0.00147","0.9367","0.45582","0.92058","0.00142","0.9770","0.54221","0.91953","0.01032","0.9311","0.45428","0.93509","0.01772","0.9676","0.54535","0.94101","0.02105","0.9274","0.45200","0.94925","-0.02308","0.9566","0.53932","0.95278","-0.01518","0.9447"
"342","11.4000","0.49553","0.18479","0.01068","0.9410","0.48145","0.17736","0.00487","0.9541","0.47727","0.16963","0.00604","0.9419","0.47142","0.17212","0.00672","0.9666","0.51514","0.17319","0.01382","0.9413","0.51878","0.17163","0.01338","0.9679","0.52621","0.17392","0.01626","0.9513","0.46350","0.18493","0.01621","0.9481","0.52995","0.18135","0.02292","0.9489","0.49018","0.20834","0.00997","0.9628","0.51180","0.20913","0.00948","0.9356","0.42407","0.30181","0.00411","0.9809","0.57167","0.30273","0.01147","0.9017","0.41717","0.43122","-0.02495","0.9315","0.58212","0.43189","-0.01765","0.9643","0.42414","0.53849","-0.04788","0.9799","0.57277","0.54123","-0.03848","0.9326","0.41421","0.55898","-0.05250","0.9563","0.58120","0.56160","-0.04266","0.9309","0.41196","0.55540","-0.05319","0.9522","0.58257","0.55772","-0.04241","0.9557","0.42583","0.55729","-0.04830","0.9644","0.56670","0.55682","-0.03958","0.9154","0.45504","0.52713","-0.00412","0.9847","0.54231","0.52478","0.00525","0.9386","0.45491","0.72325","-0.00703","0.9803","0.54239","0.71330","0.00078","0.9417","0.45597","0.91528","0.00331","0.9644","0.54075","0.92021","0.00769","0.9584","0.45663","0.93922","0.01773","0.9529","0.54239","0.93785","0.02282","0.9227","0.45591","0.94699","-0.02334","0.9444","0.54165","0.94999","-0.01347","0.9571"
"343","11.4333","0.50052","0.18153","0.01298","0.9507","0.48346","0.17334","0.00712","0.9737","0.47906","0.16843","0.00939","0.9950","0.46883","0.16983","0.00819","0.9890","0.51384","0.17345","0.01410","0.9265","0.51873","0.17159","0.01122","0.9495","0.52703","0.17359","0.01156","0.9526","0.46348","0.18110","0.01876","0.9645","0.53096","0.18673","0.02419","0.9503","0.48628","0.20372","0.01174","0.9551","0.50930","0.20887","0.01107","0.9456","0.42379","0.30303","0.00826","0.9950","0.56971","0.30177","0.01367","0.9690","0.41636","0.43094","-0.02407","0.9484","0.58202","0.42984","-0.01308","0.9543","0.42336","0.53999","-0.04515","0.9710","0.57232","0.53847","-0.03737","0.9276","0.41354","0.56075","-0.05005","0.9749","0.57946","0.55922","-0.03951","0.9419","0.41010","0.55366","-0.04929","0.9322","0.58363","0.55480","-0.04486","0.9278","0.42973","0.55737","-0.04370","0.9352","0.56386","0.55211","-0.03644","0.9309","0.45490","0.52133","-0.00274","0.9357","0.54342","0.52099","0.00328","0.9271","0.45743","0.71715","-0.00359","0.9858","0.54284","0.71824","0.00102","0.9543","0.45389","0.91993","0.00351","0.9443","0.54358","0.91898","0.01226","0.9171","0.45252","0.93997","0.01590","0.9627","0.54068","0.94009","0.02562","0.9231","0.45468","0.95024","-0.02173","0.9734","0.54496","0.94956","-0.01710","0.9415"
"344","11.4667","0.49761","0.18051","0.01091","0.9735","0.47994","0.16912","0.01128","0.9290","0.47678","0.16894","0.01011","0.9764","0.47397","0.16826","0.00613","0.9889","0.51172","0.16979","0.01300","0.9395","0.51724","0.16434","0.01358","0.9450","0.52578","0.17070","0.01385","0.9558","0.46496","0.18113","0.01556","0.9579","0.53403","0.17819","0.02278","0.9527","0.48731","0.20631","0.01138","0.9427","0.50668","0.20669","0.00946","0.9601","0.42349","0.29866","0.00581","0.9649","0.57444","0.29832","0.01497","0.9374","0.41590","0.43160","-0.02169","0.9287","0.58111","0.42688","-0.01598","0.9119","0.42559","0.54209","-0.04275","0.9456","0.57223","0.54326","-0.03767","0.9406","0.41428","0.56085","-0.04763","0.9260","0.57723","0.56059","-0.03908","0.9360","0.41177","0.55583","-0.04865","0.9660","0.58261","0.55398","-0.04298","0.9547","0.43071","0.55097","-0.04177","0.9617","0.56834","0.55331","-0.03710","0.9410","0.45421","0.51937","0.00020","0.9578","0.54159","0.52021","0.00187","0.9274","0.45619","0.71743","-0.00356","0.9574","0.54192","0.71777","0.00515","0.9373","0.45559","0.91614","0.00316","0.9892","0.54510","0.91824","0.00728","0.9452","0.45384","0.93616","0.01953","0.9524","0.53884","0.94006","0.02656","0.9665","0.45583","0.95114","-0.02070","0.9673","0.54024","0.95127","-0.01701","0.9334"
"345","11.5000","0.49872","0.18241","0.00984","0.9374","0.48475","0.16923","0.01025","0.9846","0.47919","0.16786","0.01080","0.9574","0.47029","0.16841","0.00600","0.9583","0.51014","0.16556","0.02097","0.9244","0.51761","0.16620","0.01815","0.9465","0.52617","0.16746","0.01386","0.9501","0.46585","0.17859","0.01641","0.9728","0.53144","0.18027","0.02740","0.9604","0.48990","0.20332","0.01251","0.9493","0.50861","0.20479","0.01137","0.9508","0.42417","0.30098","0.00777","0.9494","0.57399","0.30226","0.01183","0.9605","0.41469","0.43002","-0.02520","0.9850","0.58351","0.42928","-0.01576","0.9570","0.42408","0.53956","-0.04066","0.9821","0.57027","0.53641","-0.03646","0.9176","0.41812","0.55628","-0.04927","0.9328","0.57871","0.55859","-0.03951","0.9684","0.41376","0.55334","-0.04988","0.9459","0.58386","0.55318","-0.04113","0.9628","0.42894","0.55610","-0.04039","0.9471","0.56638","0.55347","-0.03608","0.9236","0.45262","0.52221","-0.00084","0.9437","0.54265","0.51953","0.00593","0.9552","0.45539","0.71783","-0.00313","0.9202","0.54329","0.71414","-0.00015","0.9531","0.45515","0.92023","0.00032","0.9673","0.54038","0.91739","0.00955","0.9594","0.45199","0.93839","0.01813","0.9482","0.54356","0.93806","0.02432","0.9281","0.45625","0.94713","-0.02287","0.9838","0.54386","0.95070","-0.01736","0.9429"
"346","11.5333","0.50137","0.17873","0.00847","0.9777","0.48403","0.16934","0.00871","0.9693","0.47439","0.16889","0.00492","0.9579","0.47069","0.17165","0.00885","0.9624","0.51377","0.16980","0.01434","0.9678","0.52135","0.16739","0.01230","0.9517","0.52723","0.16969","0.01560","0.9579","0.46566","0.18074","0.01752","0.9648","0.53240","0.17970","0.02425","0.9575","0.49058","0.20283","0.01176","0.9631","0.50349","0.20580","0.01212","0.9541","0.42611","0.29725","0.00699","0.9629","0.57122","0.29899","0.01924","0.9198","0.41747","0.43270","-0.02457","0.9594","0.58184","0.42550","-0.01746","0.9492","0.42425","0.54187","-0.04325","0.9322","0.56985","0.54068","-0.03650","0.9310","0.41714","0.55583","-0.04847","0.9585","0.58100","0.55903","-0.04047","0.9483","0.41026","0.55282","-0.04750","0.9746","0.58220","0.55569","-0.04366","0.9159","0.42915","0.55275","-0.04042","0.9762","0.56586","0.55600","-0.03652","0.9836","0.45705","0.51919","-0.00249","0.9587","0.54128","0.52088","0.00373","0.9570","0.45296","0.71689","-0.00374","0.9331","0.54301","0.71996","0.00204","0.9422","0.45439","0.92014","0.00699","0.9529","0.54386","0.91993","0.01448","0.9542","0.45395","0.93956","0.01763","0.9480","0.54029","0.93953","0.02481","0.9534","0.45492","0.95351","-0.02024","0.9480","0.53815","0.94910","-0.01384","0.9328"
"347","11.5667","0.49901","0.17575","0.00941","0.9478","0.48266","0.16807","0.00454","0.9565","0.47382","0.16841","0.00916","0.9504","0.46879","0.16842","0.00613","0.9527","0.51641","0.17001","0.01418","0.9311","0.51900","0.16660","0.01483","0.9403","0.52508","0.16970","0.01480","0.9425","0.46313","0.18010","0.01653","0.9651","0.53351","0.17913","0.02411","0.9412","0.48813","0.20309","0.01117","0.9469","0.51260","0.20494","0.00872","0.9501","0.42624","0.30038","0.00672","0.9488","0.57140","0.29843","0.00909","0.9194","0.41408","0.43044","-0.02301","0.9822","0.58256","0.42935","-0.01503","0.9320","0.42436","0.54143","-0.04443","0.9546","0.57173","0.53978","-0.03669","0.9410","0.41758","0.56184","-0.04858","0.9452","0.58417","0.56120","-0.04043","0.9371","0.41261","0.55664","-0.04705","0.9519","0.58610","0.55121","-0.04325","0.9672","0.42743","0.55366","-0.04205","0.9739","0.56724","0.55649","-0.03954","0.9360","0.45200","0.51774","-0.00859","0.9464","0.54093","0.52147","0.00119","0.9554","0.45534","0.71938","-0.00357","0.9325","0.54080","0.72173","0.00532","0.9440","0.45748","0.91867","0.00068","0.9810","0.54024","0.92050","0.00692","0.9270","0.45406","0.93841","0.01651","0.9424","0.54073","0.93997","0.02429","0.9642","0.45886","0.95222","-0.02182","0.9743","0.54036","0.95083","-0.01975","0.9002"
"348","11.6000","0.49907","0.18164","0.00885","0.9749","0.48110","0.17132","0.00776","0.9808","0.47947","0.16802","0.00938","0.9584","0.47205","0.16725","0.00728","0.9461","0.51353","0.17156","0.01413","0.9483","0.51929","0.16726","0.01434","0.9498","0.52711","0.16888","0.01342","0.9553","0.46466","0.17940","0.01726","0.9718","0.53208","0.17988","0.02511","0.9340","0.48991","0.20102","0.01056","0.9669","0.50996","0.20473","0.01142","0.9409","0.42502","0.29754","0.00789","0.9579","0.56956","0.30188","0.01581","0.9523","0.41719","0.42984","-0.02116","0.9517","0.58146","0.42958","-0.01325","0.9337","0.41979","0.53626","-0.04267","0.9857","0.57262","0.53936","-0.03240","0.9447","0.41516","0.55821","-0.04816","0.9853","0.57997","0.55730","-0.04101","0.9703","0.41352","0.55533","-0.04567","0.9773","0.58513","0.55464","-0.04218","0.9415","0.42904","0.55151","-0.04310","0.9729","0.56782","0.55532","-0.03761","0.9572","0.45094","0.51894","-0.00249","0.9730","0.54279","0.51874","0.00597","0.9485","0.45048","0.72271","0.00060","0.9950","0.53958","0.71944","0.00497","0.9457","0.45438","0.92119","0.00105","0.9567","0.54112","0.91979","0.01066","0.9513","0.45455","0.94019","0.01390","0.9461","0.53819","0.94034","0.02432","0.9682","0.45397","0.94990","-0.02587","0.9460","0.54394","0.95300","-0.01845","0.9206"
"349","11.6333","0.49438","0.17839","0.01219","0.9792","0.47929","0.16675","0.00572","0.9623","0.47480","0.16696","0.00820","0.9506","0.46870","0.17020","0.00906","0.9810","0.51350","0.17133","0.01471","0.9379","0.52016","0.16401","0.01532","0.9451","0.52313","0.17322","0.01254","0.9525","0.46311","0.17981","0.01857","0.9561","0.53187","0.17625","0.02473","0.9317","0.48460","0.20449","0.01041","0.9675","0.50541","0.20301","0.01253","0.9851","0.42397","0.30124","0.00744","0.9322","0.57014","0.29886","0.01283","0.9591","0.41495","0.43146","-0.02154","0.9487","0.58143","0.43079","-0.01378","0.9424","0.42616","0.54026","-0.04337","0.9548","0.56885","0.53918","-0.03688","0.9373","0.41541","0.56395","-0.04552","0.9950","0.58026","0.55755","-0.04085","0.9334","0.41064","0.55587","-0.04868","0.9707","0.58227","0.55295","-0.04160","0.9432","0.42859","0.55398","-0.04363","0.9731","0.56710","0.55359","-0.03463","0.9260","0.45425","0.52086","-0.00187","0.9950","0.54079","0.51889","0.00361","0.9832","0.45481","0.71960","-0.00601","0.9765","0.54328","0.71932","0.00337","0.8930","0.45463","0.92027","0.00321","0.9344","0.54367","0.92147","0.00786","0.9610","0.45236","0.93860","0.01266","0.9502","0.54194","0.94075","0.02483","0.9560","0.45442","0.94971","-0.02290","0.9919","0.54310","0.95121","-0.01604","0.9373"
"350","11.6667","0.49666","0.17707","0.01205","0.9679","0.48377","0.17184","0.00659","0.9603","0.47824","0.17092","0.00870","0.9516","0.46729","0.17037","0.00750","0.9237","0.51415","0.16957","0.01564","0.9395","0.52073","0.16705","0.01209","0.9507","0.52479","0.16795","0.01305","0.9663","0.46754","0.17904","0.01809","0.9567","0.53274","0.17892","0.02381","0.9445","0.48881","0.20440","0.01263","0.9337","0.51042","0.20545","0.01305","0.9624","0.42566","0.29831","0.00813","0.9497","0.57206","0.29988","0.01207","0.9352","0.41488","0.42988","-0.02568","0.9684","0.58113","0.42752","-0.01562","0.9491","0.42629","0.53905","-0.04489","0.9856","0.57193","0.53902","-0.03659","0.9220","0.41528","0.56033","-0.04744","0.9940","0.57931","0.56091","-0.04138","0.9633","0.41194","0.55358","-0.04596","0.9700","0.58172","0.55445","-0.03856","0.9414","0.43003","0.55723","-0.04156","0.9745","0.56891","0.55328","-0.04091","0.9753","0.45179","0.51981","-0.00250","0.9402","0.54590","0.52139","0.00415","0.9227","0.45449","0.72060","-0.00267","0.9252","0.54349","0.72189","0.00244","0.9271","0.45380","0.91884","0.00310","0.9894","0.53980","0.92273","0.00570","0.9437","0.45311","0.93839","0.01704","0.9638","0.54022","0.93943","0.02493","0.9760","0.45656","0.94776","-0.02268","0.9591","0.53999","0.94850","-0.01413","0.9181"
"351","11.7000","0.49516","0.18126","0.01104","0.9787","0.48386","0.17121","0.00573","0.9407","0.47793","0.16629","0.00994","0.9911","0.47040","0.16926","0.00859","0.9656","0.51317","0.17125","0.01594","0.9215","0.51740","0.16731","0.01290","0.9822","0.52750","0.16909","0.01361","0.9186","0.46731","0.18179","0.01681","0.9357","0.53367","0.17900","0.02706","0.9748","0.48657","0.20462","0.00915","0.9467","0.50690","0.20323","0.01043","0.9528","0.42512","0.30021","0.00656","0.9675","0.57422","0.30090","0.01361","0.9202","0.41366","0.42888","-0.02304","0.9834","0.57993","0.42962","-0.01549","0.9733","0.42544","0.54307","-0.04543","0.9486","0.57366","0.53936","-0.03496","0.9472","0.41364","0.55712","-0.04979","0.9638","0.58464","0.56062","-0.04068","0.9102","0.41232","0.55502","-0.04597","0.9560","0.58181","0.55587","-0.04320","0.9399","0.42747","0.55466","-0.04116","0.9853","0.56681","0.55168","-0.03368","0.9518","0.45377","0.51664","-0.00277","0.9353","0.54331","0.51998","0.00097","0.9331","0.45412","0.71965","-0.00157","0.9620","0.54049","0.72142","0.00561","0.9385","0.45788","0.92205","0.00096","0.9782","0.53985","0.91539","0.01057","0.9355","0.45456","0.93900","0.01811","0.9626","0.54203","0.93847","0.02141","0.9422","0.45564","0.94766","-0.01895","0.9489","0.54245","0.95021","-0.01561","0.9614"
"352","11.7333","0.49548","0.17931","0.01171","0.9672","0.48072","0.17029","0.00667","0.9399","0.47426","0.16855","0.00693","0.9326","0.46958","0.17084","0.00844","0.9828","0.51237","0.17131","0.01234","0.9144","0.51905","0.16726","0.01441","0.9173","0.52750","0.17118","0.01556","0.9140","0.46441","0.18166","0.02044","0.9608","0.53075","0.18154","0.02433","0.9407","0.48582","0.20413","0.01063","0.9339","0.50223","0.20338","0.01291","0.9311","0.42556","0.29892","0.00364","0.9547","0.57323","0.30313","0.01171","0.9755","0.41209","0.43266","-0.02385","0.9716","0.58361","0.43308","-0.01658","0.9327","0.42442","0.54186","-0.04009","0.9950","0.57124","0.54103","-0.03202","0.9288","0.41464","0.56169","-0.04641","0.9507","0.58428","0.56044","-0.03957","0.9214","0.41193","0.55298","-0.04694","0.9462","0.58321","0.55517","-0.03927","0.9433","0.42828","0.55464","-0.04137","0.9561","0.56815","0.55618","-0.03909","0.9084","0.45417","0.52127","-0.00428","0.9631","0.54043","0.51931","0.00655","0.9529","0.45514","0.71949","-0.00122","0.9533","0.54143","0.71928","0.00340","0.9425","0.45332","0.92235","0.00434","0.9431","0.54112","0.92270","0.01543","0.9326","0.45068","0.94028","0.01974","0.9741","0.54067","0.94052","0.02461","0.9607","0.45530","0.95100","-0.02145","0.9340","0.54115","0.94951","-0.01375","0.9442"
"353","11.7667","0.49781","0.17938","0.01095","0.9540","0.48262","0.17108","0.00648","0.9492","0.47391","0.16934","0.00686","0.9291","0.46878","0.17125","0.00709","0.9950","0.51059","0.16909","0.01284","0.9151","0.51844","0.16774","0.01543","0.9359","0.52561","0.17052","0.01439","0.9167","0.46384","0.18276","0.02035","0.9435","0.53186","0.18152","0.02365","0.9397","0.48596","0.20299","0.00971","0.9633","0.50418","0.20558","0.01125","0.9195","0.42321","0.29959","0.00349","0.9525","0.57125","0.30349","0.01119","0.9683","0.41354","0.43092","-0.02304","0.9566","0.58170","0.43202","-0.01635","0.9484","0.42359","0.54298","-0.03942","0.9950","0.57067","0.53847","-0.03224","0.9296","0.41344","0.56358","-0.04516","0.9595","0.58059","0.56070","-0.04034","0.9161","0.41447","0.55306","-0.04749","0.9528","0.58225","0.55483","-0.03924","0.9297","0.42756","0.55495","-0.04123","0.9596","0.56824","0.55586","-0.03812","0.8966","0.45301","0.52003","-0.00434","0.9927","0.53969","0.51862","0.00606","0.9542","0.45533","0.71909","-0.00236","0.9385","0.53864","0.71591","0.00500","0.9430","0.45347","0.92313","0.00427","0.9613","0.54071","0.92004","0.01373","0.8998","0.45411","0.93886","0.02064","0.9749","0.54408","0.94201","0.02403","0.9747","0.45452","0.95113","-0.02159","0.9247","0.54187","0.95031","-0.01288","0.9200"
"354","11.8000","0.49727","0.18170","0.00970","0.9342","0.48041","0.17093","0.00825","0.9325","0.47435","0.16720","0.00879","0.9488","0.47226","0.16746","0.00920","0.9582","0.51414","0.17180","0.01244","0.9672","0.51940","0.16701","0.01422","0.9413","0.52802","0.17025","0.01400","0.9356","0.46346","0.18001","0.01838","0.9831","0.52952","0.17947","0.02354","0.9263","0.48382","0.20690","0.00898","0.9580","0.50566","0.20722","0.00934","0.9818","0.42514","0.29835","0.00973","0.9764","0.57131","0.30517","0.01528","0.9525","0.41536","0.43168","-0.02168","0.9758","0.58115","0.43148","-0.01775","0.9669","0.42195","0.53746","-0.04470","0.9301","0.57220","0.54131","-0.03587","0.9669","0.41427","0.55993","-0.05039","0.9689","0.57965","0.56046","-0.04075","0.9507","0.40678","0.55352","-0.04986","0.9855","0.58568","0.55494","-0.04053","0.9399","0.42628","0.55388","-0.04280","0.9472","0.56844","0.55511","-0.03531","0.9321","0.45467","0.52327","-0.00267","0.9750","0.54171","0.52258","0.00511","0.9833","0.45436","0.72039","-0.00265","0.9399","0.54260","0.72181","0.00578","0.9242","0.45337","0.92022","0.00078","0.9595","0.54476","0.91877","0.00681","0.9470","0.45460","0.94101","0.01506","0.9444","0.54173","0.94002","0.02571","0.9710","0.45041","0.94878","-0.02002","0.9772","0.54459","0.95378","-0.01507","0.9461"
"355","11.8333","0.49807","0.18192","0.01081","0.9333","0.48148","0.17387","0.00744","0.9624","0.47197","0.17016","0.00768","0.9530","0.47125","0.17454","0.00742","0.9895","0.51273","0.17440","0.01272","0.9323","0.52053","0.17281","0.01267","0.9395","0.52555","0.17116","0.01801","0.9328","0.46314","0.18295","0.01649","0.9732","0.52996","0.18130","0.02513","0.9185","0.48763","0.20374","0.01173","0.9356","0.50628","0.20873","0.00938","0.9622","0.42367","0.30293","0.00758","0.9877","0.56911","0.30209","0.01216","0.9529","0.41277","0.43185","-0.02311","0.9950","0.58046","0.43212","-0.01454","0.9308","0.42476","0.54329","-0.04477","0.9839","0.57189","0.53903","-0.04030","0.9466","0.41531","0.56032","-0.04938","0.9618","0.57815","0.56230","-0.04005","0.9625","0.40984","0.55810","-0.04869","0.9766","0.58663","0.55730","-0.04073","0.9257","0.43071","0.55646","-0.04370","0.9936","0.56765","0.55679","-0.03846","0.9391","0.45097","0.51956","-0.00325","0.9863","0.53974","0.52511","0.00174","0.9173","0.45219","0.72283","-0.00660","0.9570","0.54056","0.72260","0.00432","0.9239","0.45184","0.92228","0.00064","0.9805","0.53979","0.91834","0.00798","0.9346","0.45547","0.94052","0.01657","0.9950","0.53733","0.94018","0.02419","0.9295","0.45259","0.94887","-0.02145","0.9535","0.54027","0.94791","-0.01599","0.9339"
"356","11.8667","0.49996","0.18657","0.00933","0.9369","0.48255","0.17371","0.00449","0.9561","0.47558","0.17488","0.00905","0.9482","0.46855","0.17583","0.00761","0.9690","0.51111","0.17470","0.01544","0.9252","0.51748","0.17199","0.01427","0.9698","0.52647","0.17512","0.01310","0.9143","0.46622","0.18667","0.01696","0.9759","0.52923","0.18618","0.02321","0.9460","0.48613","0.20872","0.00734","0.9860","0.50686","0.20972","0.01117","0.9479","0.41937","0.30644","0.00571","0.9804","0.57085","0.30693","0.01269","0.9615","0.41413","0.43376","-0.02699","0.9591","0.58507","0.43641","-0.02004","0.9779","0.42361","0.54197","-0.04672","0.9620","0.56754","0.54242","-0.03997","0.9353","0.41688","0.56128","-0.05150","0.9144","0.58109","0.56171","-0.04774","0.9491","0.41078","0.55519","-0.04961","0.9796","0.58594","0.55859","-0.04435","0.9409","0.42811","0.55631","-0.04532","0.9614","0.56482","0.55392","-0.04145","0.9590","0.45097","0.52740","-0.00346","0.9748","0.54413","0.52909","0.00726","0.9340","0.45161","0.72017","-0.00184","0.9372","0.54394","0.71979","0.00295","0.9458","0.45300","0.92105","0.00349","0.9711","0.53904","0.91684","0.01160","0.9374","0.45495","0.93983","0.01496","0.9713","0.54242","0.93964","0.02747","0.9950","0.45417","0.94973","-0.02112","0.9782","0.53960","0.94616","-0.01640","0.9490"
"357","11.9000","0.49982","0.18527","0.00976","0.9616","0.48224","0.17368","0.00482","0.9641","0.47587","0.17424","0.00961","0.9410","0.46864","0.17493","0.00828","0.9827","0.51281","0.17481","0.01413","0.9401","0.51726","0.17196","0.01526","0.9624","0.52590","0.17876","0.01349","0.9338","0.46451","0.18710","0.01729","0.9709","0.52999","0.18828","0.02151","0.9549","0.48591","0.20743","0.00952","0.9823","0.50707","0.21131","0.01105","0.9718","0.42092","0.30734","0.00487","0.9635","0.57021","0.30575","0.01147","0.9392","0.41373","0.43409","-0.02599","0.9667","0.58413","0.43564","-0.01948","0.9537","0.42472","0.54127","-0.04568","0.9294","0.57013","0.54214","-0.03945","0.9341","0.41509","0.56181","-0.05020","0.9606","0.58145","0.56045","-0.04648","0.9394","0.41206","0.55618","-0.05147","0.9682","0.58525","0.55773","-0.04304","0.9228","0.42726","0.55547","-0.04548","0.9835","0.56471","0.55410","-0.04246","0.9507","0.45134","0.52851","-0.00356","0.9771","0.54561","0.52846","0.00451","0.9316","0.45395","0.72091","-0.00330","0.9411","0.54123","0.72044","0.00415","0.9529","0.45386","0.92112","0.00261","0.9510","0.53880","0.91734","0.01202","0.9373","0.45334","0.94009","0.01474","0.9696","0.53960","0.94148","0.02473","0.9875","0.45311","0.95122","-0.02082","0.9749","0.53855","0.94680","-0.01700","0.9518"
"358","11.9333","0.49415","0.18645","0.01100","0.9611","0.48067","0.17956","0.00871","0.9516","0.47583","0.17647","0.00481","0.9540","0.46825","0.17868","0.00434","0.9555","0.51216","0.17936","0.01723","0.9347","0.52227","0.17855","0.01069","0.9469","0.52592","0.17980","0.00788","0.9270","0.46121","0.18860","0.01979","0.9541","0.53109","0.18658","0.02349","0.9540","0.49055","0.21269","0.00822","0.9379","0.50416","0.21377","0.01016","0.9397","0.42006","0.30760","0.00502","0.9895","0.57282","0.31115","0.01383","0.9147","0.41041","0.43900","-0.02451","0.9381","0.58328","0.43695","-0.01990","0.9645","0.42099","0.54296","-0.05006","0.9313","0.57006","0.53940","-0.04034","0.9392","0.41384","0.56523","-0.05936","0.9825","0.57934","0.56852","-0.04651","0.9747","0.40820","0.55631","-0.05280","0.9775","0.58005","0.56063","-0.04604","0.9443","0.42801","0.55889","-0.05037","0.9399","0.56771","0.55811","-0.04037","0.9330","0.45208","0.52931","-0.00184","0.9236","0.54681","0.53067","0.00260","0.9298","0.45142","0.72006","-0.00926","0.9775","0.54331","0.71717","-0.00227","0.9351","0.45005","0.92018","0.00247","0.9142","0.54099","0.91877","0.01045","0.9385","0.45348","0.93859","0.01817","0.9414","0.54009","0.94023","0.02384","0.9346","0.44878","0.95120","-0.02141","0.9208","0.53880","0.94873","-0.01250","0.9405"
"359","11.9667","0.49969","0.19115","0.00909","0.9637","0.48174","0.18339","0.00168","0.9692","0.47537","0.18062","0.00662","0.9922","0.46723","0.17955","0.00369","0.9665","0.51079","0.18497","0.00938","0.9133","0.52002","0.18221","0.01269","0.9391","0.52719","0.18732","0.01181","0.9561","0.46411","0.19121","0.01592","0.9555","0.52850","0.19222","0.01910","0.9300","0.48515","0.21559","0.00761","0.9950","0.50538","0.21650","0.00749","0.9672","0.41915","0.31478","0.00499","0.9738","0.57066","0.31373","0.01299","0.9286","0.41108","0.43959","-0.02993","0.9734","0.57970","0.44062","-0.02518","0.9429","0.42043","0.54566","-0.05064","0.9270","0.56833","0.54798","-0.04843","0.9592","0.41481","0.56581","-0.06074","0.9751","0.58194","0.56547","-0.05209","0.9567","0.41023","0.55885","-0.05867","0.9811","0.58439","0.56222","-0.05288","0.9583","0.42827","0.55871","-0.05412","0.9796","0.56592","0.55753","-0.04640","0.9475","0.45340","0.53651","-0.00353","0.9784","0.54248","0.53377","0.00452","0.9395","0.45509","0.71920","-0.01106","0.9441","0.54061","0.71817","-0.00346","0.9500","0.45352","0.92303","0.00260","0.9618","0.54057","0.92199","0.01184","0.9436","0.45343","0.94219","0.01755","0.9584","0.54088","0.93938","0.02409","0.9424","0.45221","0.94992","-0.02162","0.9644","0.54195","0.94961","-0.01523","0.9081"
"360","12.0000","0.49652","0.19853","0.01053","0.9496","0.48145","0.18671","0.00387","0.9609","0.47547","0.18815","0.00255","0.9920","0.46874","0.18895","0.00473","0.9511","0.51561","0.18776","0.01086","0.9264","0.52061","0.18593","0.00879","0.9490","0.52830","0.18903","0.01176","0.9295","0.46226","0.19908","0.01468","0.9484","0.53087","0.19733","0.02084","0.9382","0.48824","0.22386","0.00480","0.9701","0.50715","0.22418","0.00362","0.9443","0.42546","0.31843","0.00232","0.9248","0.57098","0.31954","0.01000","0.9362","0.41207","0.44605","-0.03246","0.9350","0.58206","0.44442","-0.02391","0.9727","0.42539","0.54630","-0.05967","0.9555","0.57141","0.54623","-0.05238","0.9610","0.41413","0.56824","-0.06444","0.9696","0.57693","0.56773","-0.05717","0.9506","0.41173","0.56028","-0.06551","0.9769","0.58378","0.56250","-0.05655","0.9529","0.42936","0.56208","-0.05955","0.9470","0.56585","0.55847","-0.05071","0.9421","0.45272","0.54369","-0.00497","0.9551","0.54013","0.54372","0.00623","0.9419","0.45319","0.72076","-0.01269","0.9585","0.54083","0.71810","-0.00237","0.9527","0.45529","0.92010","0.00312","0.9440","0.53953","0.91985","0.00907","0.9227","0.45149","0.94064","0.01956","0.9497","0.54316","0.94338","0.02760","0.9266","0.45307","0.95033","-0.02278","0.9648","0.54387","0.95039","-0.01730","0.9432"
"361","12.0333","0.49902","0.19818","0.01122","0.9509","0.48216","0.18704","0.00551","0.9862","0.47708","0.18896","0.00423","0.9794","0.46977","0.19072","0.00634","0.9784","0.51324","0.18811","0.01158","0.9236","0.52033","0.18586","0.01098","0.9433","0.52522","0.18849","0.01173","0.9372","0.46162","0.19874","0.01507","0.9285","0.53053","0.19768","0.02189","0.9457","0.48825","0.22557","0.00476","0.9582","0.50728","0.22461","0.00403","0.9326","0.42539","0.32202","0.00451","0.9524","0.57121","0.31912","0.00883","0.9406","0.41059","0.44753","-0.03209","0.9664","0.58139","0.44378","-0.02504","0.9840","0.42667","0.54565","-0.05865","0.9555","0.57180","0.54753","-0.05255","0.9605","0.41587","0.56897","-0.06164","0.9680","0.57955","0.56844","-0.05758","0.9523","0.41219","0.56050","-0.06359","0.9573","0.58291","0.56229","-0.05473","0.9327","0.42753","0.56051","-0.06076","0.9416","0.56672","0.56012","-0.05136","0.9441","0.45314","0.54639","-0.00543","0.9720","0.53985","0.54325","0.00751","0.9505","0.45407","0.72065","-0.01479","0.9599","0.54002","0.71864","-0.00405","0.9519","0.45504","0.92117","0.00280","0.9572","0.53991","0.92068","0.00968","0.9171","0.45223","0.93885","0.01870","0.9691","0.54281","0.94366","0.02442","0.9361","0.45397","0.95238","-0.02065","0.9526","0.54491","0.95091","-0.01656","0.9490"
"362","12.0667","0.49866","0.20630","0.00627","0.9403","0.48051","0.19579","0.00213","0.9630","0.47455","0.19544","0.00298","0.9383","0.46811","0.19376","-0.00198","0.9205","0.51447","0.19729","0.01118","0.9950","0.51847","0.19308","0.00809","0.9312","0.52663","0.19746","0.00730","0.9202","0.46458","0.20590","0.01421","0.9724","0.52843","0.20840","0.01974","0.9035","0.48517","0.22776","0.00488","0.9634","0.50879","0.22793","0.00621","0.9662","0.42424","0.32355","0.00270","0.9527","0.56963","0.32745","0.00861","0.9531","0.41412","0.44938","-0.03842","0.9832","0.58044","0.44945","-0.03008","0.9424","0.42173","0.55378","-0.06228","0.9904","0.56763","0.54818","-0.05618","0.9676","0.41450","0.56829","-0.06578","0.9460","0.57831","0.56881","-0.05946","0.9293","0.40965","0.56286","-0.07055","0.9515","0.58273","0.56568","-0.06507","0.9485","0.42753","0.56771","-0.06156","0.9526","0.56561","0.56360","-0.05555","0.9419","0.45188","0.55105","-0.00088","0.9934","0.54331","0.54986","0.00605","0.9337","0.45024","0.72100","-0.01668","0.9382","0.54138","0.72042","-0.01237","0.9426","0.45089","0.92180","0.00189","0.9923","0.54226","0.91896","0.00803","0.9638","0.44835","0.93841","0.01580","0.9950","0.54322","0.94381","0.02306","0.9128","0.45134","0.94773","-0.02582","0.9541","0.54097","0.95046","-0.01507","0.9468"
"363","12.1000","0.49625","0.21272","0.00269","0.9634","0.48023","0.20336","0.00070","0.9634","0.47149","0.19958","0.00310","0.9679","0.46785","0.19933","0.00080","0.9526","0.51151","0.20130","0.00861","0.9400","0.51981","0.19568","0.00771","0.9357","0.52400","0.20160","0.00886","0.9671","0.46204","0.21070","0.01223","0.9402","0.53082","0.21331","0.01885","0.9119","0.48914","0.23553","0.00161","0.9514","0.50620","0.23886","0.00216","0.9177","0.42141","0.33345","-0.00105","0.9837","0.57194","0.32845","0.00856","0.9182","0.41073","0.45310","-0.04059","0.9402","0.57794","0.45488","-0.03338","0.9328","0.42295","0.55528","-0.06878","0.9592","0.57128","0.55045","-0.06257","0.9333","0.41194","0.57287","-0.07425","0.9547","0.58167","0.57151","-0.06953","0.9386","0.41077","0.56737","-0.07306","0.9736","0.58048","0.56656","-0.06442","0.9559","0.42409","0.56797","-0.06902","0.9524","0.56337","0.56989","-0.06248","0.9392","0.45205","0.55625","0.00018","0.9683","0.53746","0.55653","0.00872","0.9488","0.45020","0.71839","-0.01982","0.9544","0.53934","0.71908","-0.01402","0.9205","0.45093","0.92234","0.00214","0.9565","0.54213","0.91992","0.00939","0.9550","0.45587","0.94134","0.01788","0.9689","0.53839","0.94107","0.02455","0.9355","0.45229","0.95177","-0.02373","0.9726","0.53904","0.95184","-0.01510","0.9559"
"364","12.1333","0.49757","0.21769","-0.00092","0.9681","0.48326","0.20660","0.00198","0.9382","0.47805","0.20461","-0.00151","0.9395","0.46803","0.20722","-0.00323","0.9800","0.51443","0.20493","0.00625","0.9217","0.51795","0.20715","0.00786","0.9490","0.52593","0.20709","0.00503","0.9623","0.46477","0.22035","0.00636","0.9617","0.53145","0.21784","0.01736","0.9252","0.48468","0.24341","0.00108","0.9681","0.50587","0.24414","0.00252","0.9785","0.42321","0.33982","-0.00671","0.9376","0.57072","0.34104","0.00593","0.9332","0.41312","0.45659","-0.04522","0.9444","0.58065","0.45592","-0.03642","0.9632","0.42325","0.55453","-0.07800","0.9455","0.57032","0.55240","-0.06965","0.9772","0.41383","0.57624","-0.08116","0.9663","0.57770","0.57462","-0.07993","0.9244","0.40880","0.57066","-0.07926","0.9921","0.58392","0.56910","-0.07609","0.9363","0.42838","0.56909","-0.07602","0.9496","0.56698","0.57303","-0.06987","0.9321","0.45164","0.56575","-0.00277","0.9327","0.54089","0.56578","0.00454","0.9655","0.44943","0.72046","-0.02243","0.9739","0.54332","0.72399","-0.01800","0.9655","0.45291","0.92130","0.00064","0.9300","0.54061","0.92475","0.00951","0.9536","0.45190","0.94035","0.02071","0.9272","0.53971","0.93816","0.02745","0.9477","0.45272","0.95178","-0.02499","0.9749","0.54160","0.95087","-0.01797","0.9131"
"365","12.1667","0.49642","0.21670","0.00046","0.9520","0.48359","0.20842","0.00042","0.9535","0.47743","0.20395","-0.00083","0.9423","0.46881","0.20536","-0.00136","0.9780","0.51484","0.20611","0.00574","0.9164","0.51855","0.20599","0.00800","0.9433","0.52664","0.20771","0.00624","0.9411","0.46461","0.21932","0.00536","0.9792","0.53391","0.21747","0.01822","0.9335","0.48527","0.24389","0.00170","0.9701","0.50713","0.24274","0.00482","0.9634","0.42338","0.33865","-0.00696","0.9418","0.56995","0.34294","0.00655","0.9271","0.41177","0.45814","-0.04671","0.9390","0.58178","0.45736","-0.03618","0.9633","0.42505","0.55472","-0.07689","0.9887","0.57016","0.55393","-0.07090","0.9720","0.41426","0.57682","-0.08137","0.9712","0.57983","0.57496","-0.07952","0.9310","0.41212","0.57113","-0.08228","0.9767","0.58212","0.56952","-0.07535","0.9433","0.42721","0.56903","-0.07649","0.9594","0.56630","0.57297","-0.06855","0.9193","0.45210","0.56660","-0.00323","0.9328","0.54247","0.56575","0.00495","0.9428","0.44973","0.71884","-0.02320","0.9779","0.54220","0.72209","-0.01972","0.9313","0.45165","0.92067","-0.00039","0.9305","0.53937","0.92423","0.01186","0.9579","0.45367","0.94104","0.01893","0.9447","0.54075","0.93710","0.02749","0.9358","0.45113","0.95016","-0.02475","0.9725","0.54119","0.95194","-0.01835","0.9136"
"366","12.2000","0.49866","0.22528","0.00463","0.9736","0.47754","0.21649","-0.00034","0.9544","0.47464","0.21463","-0.00166","0.9528","0.47005","0.21622","-0.00253","0.9522","0.51090","0.21533","0.00312","0.9112","0.51816","0.21148","0.00478","0.9378","0.52634","0.21440","0.00693","0.9583","0.46473","0.22607","0.00780","0.9226","0.53144","0.22417","0.01466","0.9453","0.48731","0.24740","0.00288","0.9276","0.50771","0.25085","0.00258","0.9950","0.42113","0.35025","-0.00340","0.9679","0.56971","0.34564","0.00150","0.9383","0.41064","0.46628","-0.04677","0.9573","0.58186","0.46549","-0.03911","0.9132","0.42350","0.55838","-0.08276","0.8995","0.56962","0.55898","-0.07617","0.9110","0.41322","0.57557","-0.09071","0.9517","0.57838","0.57855","-0.08099","0.9561","0.40934","0.56936","-0.08790","0.9564","0.58235","0.57249","-0.08284","0.9288","0.42556","0.57204","-0.08344","0.9829","0.56925","0.57137","-0.07253","0.9535","0.45065","0.57787","-0.00021","0.9950","0.53888","0.57443","0.00141","0.9349","0.44861","0.72095","-0.03196","0.9317","0.54574","0.71912","-0.01987","0.9393","0.45539","0.92150","0.00158","0.9528","0.54322","0.92270","0.00601","0.9608","0.45048","0.93784","0.01481","0.9585","0.54254","0.94131","0.02539","0.9831","0.45227","0.95137","-0.02371","0.9433","0.53769","0.95059","-0.01688","0.9421"
"367","12.2333","0.49739","0.23022","-0.00146","0.9950","0.48117","0.22123","-0.00399","0.9714","0.47696","0.22310","-0.00766","0.9674","0.47086","0.22217","-0.00146","0.9459","0.51066","0.22649","0.00335","0.9722","0.51863","0.21676","0.00681","0.9388","0.52419","0.22180","0.00438","0.9465","0.46202","0.23406","0.00715","0.9312","0.53050","0.23378","0.01603","0.9383","0.48741","0.25891","0.00021","0.9950","0.50397","0.25783","0.00079","0.9465","0.42193","0.35731","-0.00559","0.9564","0.57069","0.35657","0.00371","0.9377","0.41172","0.46977","-0.05134","0.9699","0.58160","0.46950","-0.04818","0.9892","0.42270","0.56112","-0.08643","0.9912","0.57184","0.56016","-0.08409","0.9282","0.41257","0.58053","-0.09352","0.9543","0.57512","0.58458","-0.08550","0.9123","0.41219","0.57444","-0.09118","0.9636","0.58271","0.57776","-0.08441","0.8995","0.42604","0.57426","-0.08637","0.9538","0.56638","0.57593","-0.08196","0.9078","0.45288","0.58726","-0.00357","0.9694","0.54142","0.58523","0.00817","0.9427","0.44907","0.72207","-0.03129","0.9515","0.54428","0.71857","-0.02534","0.8869","0.45242","0.92031","-0.00022","0.9254","0.54039","0.91710","0.00571","0.9928","0.45182","0.94103","0.01776","0.9791","0.54071","0.94254","0.02495","0.9367","0.45126","0.95211","-0.02212","0.9257","0.54283","0.94910","-0.01240","0.9168"
"368","12.2667","0.49793","0.23836","0.00195","0.9599","0.47864","0.23083","-0.00523","0.9613","0.47354","0.22529","-0.00275","0.9687","0.46961","0.22870","-0.00220","0.9372","0.51369","0.23105","-0.00101","0.9620","0.52017","0.23023","0.00244","0.9653","0.52691","0.23404","-0.00015","0.9472","0.46136","0.24273","0.00398","0.9618","0.52954","0.24133","0.01329","0.9079","0.48902","0.26568","-0.00070","0.9560","0.50546","0.26591","-0.00157","0.9557","0.42063","0.36266","-0.00938","0.9899","0.57074","0.36314","-0.00424","0.8962","0.41110","0.47433","-0.06021","0.9565","0.58058","0.47758","-0.05458","0.9273","0.42420","0.56257","-0.09389","0.9876","0.57142","0.55716","-0.08997","0.9427","0.41241","0.58470","-0.10324","0.9631","0.58332","0.58491","-0.09337","0.9295","0.41065","0.57806","-0.10107","0.9849","0.57998","0.58094","-0.09307","0.9347","0.42549","0.57845","-0.09439","0.9535","0.56676","0.57843","-0.08970","0.9406","0.45092","0.59484","0.00310","0.9699","0.54047","0.59456","0.00539","0.9426","0.44999","0.71983","-0.03443","0.9575","0.54454","0.71683","-0.02828","0.9436","0.45354","0.92136","0.00042","0.9669","0.54229","0.91990","0.00770","0.9318","0.45421","0.93722","0.01810","0.9528","0.54150","0.94398","0.02370","0.9200","0.44985","0.94835","-0.02507","0.9643","0.54100","0.95393","-0.01422","0.9556"
"369","12.3000","0.49819","0.23824","0.00105","0.9578","0.47985","0.23037","-0.00528","0.9655","0.47308","0.22607","-0.00370","0.9436","0.46896","0.22869","-0.00140","0.9622","0.51324","0.23005","-0.00013","0.9698","0.51907","0.22923","0.00284","0.9688","0.52629","0.23198","-0.00163","0.9295","0.46277","0.24251","0.00396","0.9418","0.52979","0.24357","0.01418","0.8966","0.48992","0.26678","0.00011","0.9349","0.50613","0.26495","-0.00102","0.9349","0.42005","0.36412","-0.00965","0.9716","0.57135","0.36216","-0.00289","0.9252","0.41340","0.47488","-0.06150","0.9668","0.57999","0.47805","-0.05304","0.9618","0.42298","0.56120","-0.09445","0.9553","0.57298","0.55795","-0.09152","0.9700","0.41165","0.58486","-0.10315","0.9584","0.58303","0.58336","-0.09211","0.9603","0.40893","0.57796","-0.10074","0.9743","0.58125","0.58021","-0.09188","0.9652","0.42502","0.58018","-0.09382","0.9362","0.56650","0.57611","-0.09036","0.9527","0.45066","0.59551","0.00157","0.9723","0.54192","0.59510","0.00601","0.9313","0.44898","0.72240","-0.03334","0.9446","0.54412","0.71836","-0.02945","0.9506","0.45311","0.92194","-0.00027","0.9448","0.54172","0.92024","0.01009","0.9401","0.45335","0.93862","0.01765","0.9631","0.54131","0.94452","0.02313","0.9276","0.45138","0.94806","-0.02489","0.9824","0.54195","0.95305","-0.01635","0.9551"
"370","12.3333","0.49284","0.25110","-0.00221","0.9384","0.48248","0.23741","-0.00474","0.9421","0.47266","0.23680","-0.00653","0.9762","0.46890","0.23919","-0.00632","0.9476","0.51342","0.23788","0.00190","0.9524","0.52072","0.23524","0.00208","0.9098","0.52525","0.23639","0.00008","0.9659","0.46315","0.24877","0.00255","0.9867","0.53148","0.24841","0.01082","0.9272","0.48786","0.27319","-0.00098","0.9510","0.50737","0.27457","-0.00618","0.9609","0.42233","0.37322","-0.01180","0.9563","0.56837","0.37338","-0.00391","0.9178","0.40820","0.48192","-0.06160","0.9616","0.58141","0.48113","-0.05428","0.9543","0.42083","0.56270","-0.10247","0.9700","0.56875","0.56815","-0.09502","0.9390","0.41287","0.58776","-0.10636","0.9582","0.57988","0.58434","-0.09894","0.9162","0.41128","0.58333","-0.10415","0.9252","0.58572","0.58105","-0.10121","0.9257","0.42665","0.58101","-0.10166","0.9735","0.56776","0.58465","-0.09345","0.9478","0.45123","0.60798","-0.00242","0.9352","0.54130","0.60617","0.00571","0.9484","0.44883","0.71954","-0.04596","0.9661","0.54316","0.72082","-0.03666","0.9479","0.45166","0.92010","-0.00116","0.9551","0.53953","0.92218","0.00584","0.9653","0.45342","0.94360","0.01653","0.9565","0.54041","0.94239","0.02476","0.9642","0.45129","0.94868","-0.02258","0.9714","0.53947","0.95048","-0.01660","0.9475"
"371","12.3667","0.49500","0.25738","-0.00650","0.9416","0.47957","0.24542","-0.00793","0.9509","0.47584","0.24218","-0.00761","0.9726","0.46972","0.24431","-0.01000","0.9748","0.51576","0.24655","0.00089","0.9439","0.51664","0.24247","-0.00294","0.9192","0.52478","0.24375","-0.00122","0.9673","0.46180","0.25568","0.00182","0.9644","0.52971","0.25611","0.01097","0.9161","0.48654","0.27952","-0.00385","0.9581","0.50678","0.27900","-0.00414","0.9498","0.42105","0.37949","-0.01242","0.9628","0.57099","0.37736","-0.00546","0.9157","0.41183","0.48683","-0.06625","0.9405","0.58081","0.48642","-0.05707","0.9950","0.42248","0.56659","-0.10635","0.9667","0.57515","0.57178","-0.10235","0.9491","0.41309","0.58943","-0.11468","0.9374","0.57968","0.58869","-0.10762","0.9513","0.40831","0.58367","-0.11262","0.9884","0.58327","0.58224","-0.10724","0.9529","0.42486","0.58343","-0.10877","0.9950","0.56495","0.58492","-0.09877","0.9481","0.45421","0.61102","0.00134","0.9517","0.54402","0.61199","0.00422","0.9323","0.44643","0.72199","-0.04600","0.9295","0.54784","0.72156","-0.03667","0.9480","0.45202","0.92266","-0.00092","0.9653","0.54178","0.92243","0.00388","0.9423","0.45080","0.93978","0.01748","0.9305","0.53707","0.94165","0.02008","0.9343","0.45121","0.94940","-0.02536","0.9278","0.54089","0.95125","-0.01859","0.9502"
"372","12.4000","0.49579","0.26140","-0.00867","0.9289","0.47943","0.25307","-0.01094","0.9737","0.46941","0.25342","-0.01044","0.9406","0.46602","0.25889","-0.00732","0.9332","0.51345","0.25030","-0.00247","0.9261","0.51750","0.25161","0.00037","0.9364","0.52160","0.25135","-0.00370","0.9292","0.45997","0.25997","-0.00052","0.9486","0.52800","0.26278","0.00742","0.9358","0.48763","0.28507","-0.00531","0.9668","0.50832","0.28375","-0.00748","0.9699","0.42131","0.38327","-0.01157","0.9663","0.57161","0.38679","-0.00255","0.9231","0.41277","0.49023","-0.07059","0.9764","0.57841","0.49372","-0.06349","0.9261","0.42121","0.57233","-0.11493","0.9584","0.56935","0.57239","-0.10790","0.9345","0.41483","0.59208","-0.11706","0.9950","0.58031","0.58817","-0.10967","0.9950","0.40936","0.58929","-0.11837","0.9514","0.58209","0.58810","-0.10999","0.9663","0.42747","0.58554","-0.11439","0.9446","0.56915","0.58754","-0.10493","0.9896","0.45219","0.62052","-0.00076","0.9047","0.53816","0.62296","0.00934","0.9499","0.44928","0.72031","-0.04816","0.9832","0.54238","0.72016","-0.04194","0.9517","0.45290","0.92058","0.00081","0.9607","0.53612","0.92077","0.00737","0.9182","0.45129","0.94220","0.01975","0.9586","0.53943","0.93940","0.02407","0.9516","0.45318","0.95326","-0.02370","0.9330","0.53979","0.94874","-0.01614","0.9350"
"373","12.4333","0.49558","0.26132","-0.00926","0.9441","0.47954","0.25454","-0.01037","0.9563","0.47055","0.25352","-0.00993","0.9456","0.46724","0.25739","-0.00853","0.9609","0.51168","0.25116","-0.00228","0.9464","0.51947","0.25078","-0.00027","0.9271","0.52303","0.25397","-0.00338","0.9363","0.46066","0.25988","-0.00005","0.9376","0.52851","0.26172","0.00688","0.9449","0.48673","0.28271","-0.00620","0.9663","0.50718","0.28365","-0.00901","0.9804","0.42253","0.38367","-0.01141","0.9521","0.57047","0.38575","-0.00428","0.9373","0.41205","0.49097","-0.06832","0.9669","0.57885","0.49417","-0.06357","0.9250","0.42255","0.57084","-0.11355","0.9381","0.57036","0.57373","-0.10809","0.9201","0.41546","0.59229","-0.11602","0.9946","0.57941","0.58755","-0.10873","0.9484","0.41098","0.58937","-0.11685","0.9496","0.58352","0.58726","-0.11008","0.9559","0.42567","0.58673","-0.11206","0.9489","0.56995","0.58828","-0.10752","0.9731","0.45323","0.61998","-0.00066","0.9620","0.53849","0.62155","0.00795","0.9502","0.44759","0.72254","-0.04798","0.9815","0.54406","0.72156","-0.04250","0.9220","0.45235","0.92042","0.00125","0.9635","0.53674","0.92238","0.00742","0.9214","0.45352","0.94056","0.01658","0.9743","0.53925","0.94111","0.02395","0.9585","0.45350","0.95322","-0.02449","0.9495","0.53867","0.94941","-0.01397","0.9370"
"374","12.4667","0.49604","0.26906","-0.00990","0.9760","0.48037","0.25689","-0.00967","0.9626","0.47224","0.25659","-0.00998","0.9593","0.46558","0.25693","-0.00921","0.9507","0.51214","0.25636","-0.00442","0.9601","0.51944","0.25446","-0.00385","0.9409","0.52728","0.25893","-0.00207","0.9571","0.46315","0.26909","-0.00106","0.9581","0.53058","0.26866","0.00801","0.9312","0.48561","0.28851","-0.01057","0.9520","0.50949","0.29488","-0.00621","0.9628","0.42261","0.39266","-0.01537","0.9579","0.57330","0.39093","-0.01027","0.9689","0.41393","0.50049","-0.07265","0.9508","0.58064","0.49633","-0.06556","0.9471","0.41972","0.57758","-0.11729","0.9651","0.57214","0.57429","-0.11428","0.9194","0.41464","0.59383","-0.12167","0.9918","0.57981","0.59515","-0.11417","0.9503","0.40982","0.58837","-0.12499","0.9344","0.58339","0.58915","-0.11603","0.9486","0.42634","0.58573","-0.12141","0.9285","0.56507","0.58652","-0.11108","0.9606","0.45384","0.62943","0.00238","0.9310","0.53959","0.63033","0.00888","0.9671","0.45001","0.72323","-0.05390","0.9604","0.54358","0.72184","-0.04605","0.9723","0.45247","0.91956","0.00413","0.9907","0.54119","0.92000","0.00848","0.9423","0.45043","0.94072","0.01538","0.9502","0.54135","0.94078","0.01968","0.9421","0.45521","0.95284","-0.02474","0.9648","0.53891","0.94776","-0.01363","0.9535"
"375","12.5000","0.49494","0.27353","-0.00602","0.9390","0.48089","0.26079","-0.00964","0.9478","0.47327","0.26040","-0.01600","0.9769","0.46890","0.26564","-0.01262","0.9902","0.51108","0.26195","-0.00410","0.9657","0.51613","0.26444","-0.00272","0.9230","0.52435","0.26353","-0.00434","0.9292","0.46407","0.27459","-0.00358","0.9682","0.53220","0.27195","0.00767","0.9710","0.48506","0.30037","-0.00723","0.9499","0.50541","0.29734","-0.00808","0.9493","0.42288","0.39991","-0.01580","0.9663","0.57195","0.40253","-0.01142","0.9685","0.40870","0.50335","-0.07598","0.9372","0.57828","0.50392","-0.07052","0.9302","0.42038","0.57689","-0.12395","0.9402","0.57082","0.57709","-0.11597","0.9405","0.41430","0.59673","-0.12924","0.9540","0.57691","0.59497","-0.11878","0.9460","0.40906","0.59321","-0.12955","0.9950","0.58404","0.58873","-0.12126","0.9671","0.42484","0.59287","-0.12122","0.9483","0.56780","0.59067","-0.11774","0.9313","0.45226","0.63585","-0.00043","0.9950","0.53986","0.63332","0.00788","0.9327","0.44587","0.72264","-0.05600","0.9504","0.54439","0.71735","-0.04682","0.9591","0.45119","0.92036","-0.00299","0.9647","0.54068","0.92117","0.00902","0.9455","0.45243","0.94040","0.01640","0.9660","0.54319","0.94120","0.02279","0.9043","0.45278","0.94947","-0.02241","0.9531","0.53795","0.95320","-0.01825","0.9700"
"376","12.5333","0.49725","0.27923","-0.01171","0.9402","0.48066","0.26761","-0.01383","0.9438","0.47383","0.26419","-0.01440","0.9763","0.46672","0.26685","-0.01152","0.9490","0.51398","0.26638","-0.00550","0.9333","0.51826","0.26482","-0.00171","0.9244","0.52664","0.26726","-0.00349","0.9476","0.46455","0.27740","-0.00003","0.9950","0.52920","0.28105","0.00646","0.9368","0.48648","0.30201","-0.00723","0.9329","0.50978","0.30145","-0.00750","0.9825","0.42064","0.40341","-0.01523","0.9629","0.57465","0.39966","-0.01102","0.9400","0.41339","0.50367","-0.07870","0.9284","0.58200","0.50563","-0.07201","0.9710","0.41944","0.57810","-0.12893","0.9742","0.56933","0.57846","-0.12052","0.9156","0.41626","0.59696","-0.13152","0.9764","0.57842","0.59961","-0.12354","0.9524","0.41112","0.59170","-0.12944","0.9550","0.58274","0.59361","-0.12568","0.9298","0.42443","0.59306","-0.12569","0.9760","0.56616","0.59441","-0.11824","0.9185","0.45524","0.64159","0.00059","0.9589","0.54515","0.64292","0.00587","0.9285","0.44518","0.72275","-0.06107","0.9535","0.54434","0.72129","-0.05007","0.9491","0.45253","0.92101","0.00199","0.9492","0.53922","0.92195","0.00915","0.9439","0.45385","0.94155","0.01973","0.9700","0.53886","0.94067","0.02631","0.9808","0.45580","0.94809","-0.02467","0.9631","0.54002","0.95477","-0.01513","0.9511"
"377","12.5667","0.49549","0.27829","-0.01149","0.9773","0.48182","0.26843","-0.01381","0.9331","0.47309","0.26535","-0.01526","0.9778","0.46776","0.26795","-0.01299","0.9502","0.51611","0.26653","-0.00597","0.9461","0.51759","0.26463","-0.00153","0.9480","0.52563","0.26798","-0.00365","0.9469","0.46367","0.27648","-0.00032","0.9619","0.52916","0.27915","0.00559","0.9337","0.48715","0.30069","-0.00637","0.9117","0.50931","0.30345","-0.00634","0.9673","0.42291","0.40252","-0.01591","0.9445","0.57285","0.39880","-0.00976","0.9539","0.41075","0.50451","-0.08015","0.9695","0.57984","0.50622","-0.07482","0.9822","0.42001","0.57777","-0.12809","0.9464","0.57037","0.57643","-0.12290","0.9136","0.41169","0.59891","-0.13304","0.9807","0.57860","0.59800","-0.12202","0.9710","0.41130","0.59205","-0.12904","0.9681","0.58140","0.59229","-0.12484","0.9321","0.42519","0.59365","-0.12604","0.9549","0.56651","0.59403","-0.11737","0.9268","0.45427","0.64076","-0.00009","0.9825","0.54284","0.64081","0.00682","0.9192","0.44618","0.72396","-0.05971","0.9865","0.54514","0.72028","-0.05201","0.9575","0.45008","0.92179","0.00344","0.9676","0.53984","0.92339","0.01131","0.9383","0.45213","0.94071","0.01963","0.9597","0.53793","0.93881","0.02522","0.9719","0.45451","0.94950","-0.02504","0.9598","0.53983","0.95048","-0.01304","0.9507"
"378","12.6000","0.49755","0.28494","-0.00986","0.9403","0.47844","0.27092","-0.01481","0.9849","0.47187","0.26848","-0.01722","0.9411","0.46814","0.26995","-0.01023","0.9725","0.51320","0.27408","-0.00803","0.9748","0.51731","0.27117","-0.00753","0.9609","0.52318","0.27081","-0.00799","0.9700","0.46304","0.28372","-0.00392","0.9566","0.52999","0.27854","0.00397","0.9045","0.48746","0.30492","-0.01007","0.9471","0.50732","0.30363","-0.01008","0.9476","0.42185","0.40394","-0.01460","0.9307","0.57141","0.40438","-0.01330","0.9533","0.41510","0.50467","-0.08312","0.9506","0.58167","0.50902","-0.07460","0.9430","0.42276","0.58007","-0.13087","0.9465","0.57038","0.58210","-0.12405","0.9554","0.41117","0.59889","-0.13347","0.9651","0.57772","0.59828","-0.12993","0.9371","0.41197","0.59395","-0.13177","0.9449","0.58404","0.59376","-0.12664","0.9287","0.42879","0.59298","-0.12963","0.9701","0.56471","0.59116","-0.12151","0.9666","0.45244","0.64115","0.00023","0.9733","0.54090","0.65075","0.00816","0.9419","0.44590","0.72020","-0.06501","0.9275","0.54343","0.72160","-0.05403","0.9542","0.45374","0.92102","0.00013","0.9479","0.54094","0.92458","0.00569","0.9391","0.45019","0.93893","0.01813","0.9543","0.54280","0.94366","0.02474","0.9346","0.45367","0.95086","-0.02581","0.9758","0.54013","0.95217","-0.01999","0.8921"
"379","12.6333","0.49707","0.28366","-0.01068","0.9010","0.48003","0.27278","-0.01254","0.9739","0.47631","0.27418","-0.01487","0.9524","0.47010","0.27567","-0.01236","0.9290","0.51552","0.27272","-0.00540","0.9537","0.51910","0.27106","-0.00662","0.9250","0.51961","0.26989","-0.00876","0.9228","0.46251","0.28240","-0.00740","0.9451","0.53344","0.28598","0.00199","0.9950","0.48348","0.30918","-0.01010","0.9450","0.50961","0.31115","-0.00674","0.9347","0.42133","0.41029","-0.02058","0.9464","0.57210","0.41157","-0.01123","0.9425","0.41306","0.51053","-0.08201","0.9658","0.57983","0.50882","-0.07705","0.9526","0.42298","0.58470","-0.13365","0.9437","0.57242","0.57949","-0.12865","0.9369","0.41247","0.60035","-0.14050","0.9727","0.58044","0.59728","-0.12838","0.9541","0.41211","0.59386","-0.13751","0.9904","0.58111","0.59349","-0.12891","0.9003","0.42612","0.59683","-0.13181","0.9335","0.56890","0.59495","-0.12482","0.9162","0.45668","0.65128","0.00235","0.9815","0.54069","0.64826","0.00657","0.9296","0.45143","0.72156","-0.06261","0.9532","0.54409","0.72079","-0.05782","0.9480","0.45324","0.92063","0.00205","0.9678","0.54126","0.92092","0.00892","0.9695","0.45517","0.94037","0.01467","0.9937","0.53897","0.93901","0.02289","0.9359","0.45371","0.95109","-0.02455","0.9354","0.54367","0.95167","-0.01739","0.9633"
"380","12.6667","0.49747","0.28684","-0.01144","0.9820","0.48030","0.27370","-0.01372","0.9583","0.47445","0.27257","-0.01080","0.9405","0.46654","0.27715","-0.01554","0.9738","0.51076","0.27339","-0.00953","0.9233","0.52133","0.27315","-0.00786","0.9423","0.52714","0.27690","-0.01122","0.9052","0.46271","0.28758","-0.00250","0.9819","0.52907","0.28350","0.00020","0.9331","0.48749","0.31063","-0.00778","0.9802","0.50783","0.31322","-0.01041","0.9664","0.42455","0.41284","-0.01931","0.9475","0.56955","0.40977","-0.01526","0.9586","0.41238","0.50959","-0.08420","0.9950","0.58193","0.50972","-0.07815","0.9332","0.41925","0.58070","-0.13430","0.9699","0.57046","0.58371","-0.12750","0.9329","0.41334","0.59930","-0.14299","0.9907","0.57850","0.60218","-0.13316","0.9337","0.41079","0.59422","-0.13946","0.9306","0.58298","0.59660","-0.13323","0.9487","0.42607","0.59689","-0.13245","0.9802","0.56863","0.59627","-0.12844","0.9302","0.45304","0.65060","0.00204","0.9359","0.54069","0.65150","0.00358","0.9307","0.44915","0.72246","-0.06477","0.9940","0.54376","0.72201","-0.05594","0.9413","0.45361","0.92186","-0.00039","0.9505","0.54242","0.92134","0.00894","0.9602","0.45226","0.94064","0.01559","0.9619","0.54280","0.94235","0.02744","0.9110","0.45062","0.95221","-0.02526","0.9417","0.53909","0.95030","-0.01958","0.9453"
"381","12.7000","0.49762","0.28971","-0.01021","0.9681","0.48140","0.27736","-0.01661","0.9647","0.47372","0.27338","-0.01437","0.9722","0.47186","0.27403","-0.01179","0.9950","0.50934","0.27989","-0.00944","0.9527","0.51854","0.27239","-0.00999","0.9328","0.52693","0.27671","-0.00674","0.9493","0.46297","0.28591","-0.00454","0.9788","0.52940","0.28743","0.00282","0.9590","0.48507","0.31061","-0.01162","0.9311","0.50907","0.31291","-0.00899","0.9407","0.42235","0.41397","-0.02064","0.9490","0.57089","0.41250","-0.01170","0.9424","0.41262","0.51137","-0.08370","0.9746","0.57900","0.51084","-0.07692","0.9131","0.42286","0.57931","-0.13549","0.9494","0.57363","0.58456","-0.12443","0.9482","0.41447","0.60309","-0.14021","0.9879","0.57821","0.60330","-0.12868","0.9152","0.40874","0.59413","-0.14030","0.9235","0.57969","0.59623","-0.13184","0.9155","0.42642","0.59664","-0.13282","0.9595","0.56715","0.59518","-0.12861","0.9552","0.45329","0.65437","-0.00060","0.9427","0.53789","0.65044","0.00581","0.9290","0.44867","0.72386","-0.06331","0.9691","0.54643","0.71978","-0.05496","0.9261","0.45347","0.92106","0.00322","0.9701","0.54181","0.92080","0.00734","0.9379","0.45286","0.94186","0.01500","0.9633","0.53898","0.93877","0.02333","0.9694","0.45592","0.94753","-0.02273","0.9397","0.54137","0.94899","-0.01737","0.9398"
"382","12.7333","0.49828","0.28950","-0.01038","0.9634","0.48148","0.27686","-0.01642","0.9691","0.47405","0.27219","-0.01455","0.9918","0.46942","0.27516","-0.01283","0.9840","0.50950","0.27801","-0.00949","0.9520","0.51695","0.27417","-0.00699","0.9374","0.52495","0.27689","-0.00664","0.9396","0.46511","0.28484","-0.00224","0.9862","0.52665","0.28632","0.00221","0.9312","0.48464","0.30899","-0.01155","0.9208","0.50921","0.31041","-0.00983","0.9509","0.42322","0.41500","-0.02147","0.9354","0.57086","0.41064","-0.01445","0.9568","0.41455","0.51165","-0.08377","0.9683","0.57764","0.51268","-0.07657","0.9158","0.42370","0.58018","-0.13649","0.9411","0.57186","0.58286","-0.12593","0.9748","0.41368","0.60223","-0.14097","0.9935","0.57769","0.60260","-0.12926","0.9057","0.40989","0.59465","-0.13922","0.9411","0.58258","0.59837","-0.13019","0.9210","0.42435","0.59575","-0.13343","0.9724","0.56742","0.59451","-0.12791","0.9563","0.45094","0.65482","-0.00028","0.9480","0.53786","0.65138","0.00776","0.9282","0.44796","0.72307","-0.06454","0.9746","0.54694","0.72178","-0.05529","0.9550","0.45693","0.92087","0.00261","0.9527","0.54040","0.92060","0.00803","0.9661","0.45226","0.94314","0.01427","0.9399","0.54100","0.93952","0.02254","0.9463","0.45576","0.94898","-0.02091","0.9430","0.54192","0.94521","-0.01827","0.9357"
"383","12.7667","0.49847","0.28622","-0.00974","0.9393","0.48224","0.27818","-0.01290","0.9586","0.47382","0.27349","-0.01422","0.9547","0.46756","0.27266","-0.01543","0.9735","0.51454","0.27493","-0.00803","0.9626","0.51924","0.27399","-0.00778","0.9427","0.52656","0.27724","-0.00561","0.9440","0.46106","0.28828","-0.00330","0.9295","0.53385","0.28749","0.00138","0.9447","0.48751","0.31092","-0.00916","0.9769","0.50464","0.31267","-0.01026","0.9900","0.42387","0.41062","-0.01929","0.9000","0.57176","0.41316","-0.01222","0.9408","0.41209","0.51566","-0.08130","0.9595","0.58047","0.51164","-0.07512","0.9473","0.42223","0.58175","-0.13483","0.9775","0.56974","0.57940","-0.13000","0.9320","0.41455","0.59822","-0.13549","0.9684","0.57935","0.60151","-0.13428","0.9603","0.41148","0.59529","-0.13864","0.9135","0.58666","0.59634","-0.13218","0.9460","0.42424","0.59746","-0.13497","0.9539","0.56595","0.59412","-0.12693","0.9273","0.45166","0.65223","-0.00137","0.9832","0.54178","0.65182","0.00508","0.9093","0.44614","0.71889","-0.06467","0.9596","0.54273","0.72229","-0.05552","0.9703","0.45506","0.92177","-0.00042","0.9446","0.54169","0.92107","0.00948","0.9267","0.45055","0.94238","0.01345","0.9523","0.54100","0.93793","0.02155","0.9779","0.45251","0.95515","-0.02324","0.9750","0.54058","0.94946","-0.01813","0.9336"
"384","12.8000","0.49909","0.28425","-0.00856","0.9326","0.47667","0.27501","-0.01466","0.9470","0.47486","0.26870","-0.01500","0.9410","0.46506","0.27351","-0.01620","0.9695","0.51305","0.27591","-0.00558","0.9296","0.51782","0.27403","-0.01023","0.9030","0.52540","0.27739","-0.00432","0.9461","0.46202","0.28169","-0.00433","0.9599","0.53191","0.28370","0.00041","0.9707","0.48928","0.31047","-0.01354","0.9616","0.50877","0.30938","-0.01111","0.9760","0.42113","0.41167","-0.02141","0.9404","0.57247","0.40872","-0.01088","0.9329","0.41159","0.51173","-0.08362","0.9950","0.57743","0.50860","-0.07381","0.9422","0.41982","0.58085","-0.13680","0.9430","0.56928","0.58187","-0.12618","0.9342","0.41399","0.59866","-0.13703","0.9219","0.57650","0.60085","-0.12862","0.9464","0.41181","0.59402","-0.13903","0.9568","0.58238","0.59563","-0.12896","0.9276","0.42729","0.59428","-0.13075","0.9934","0.56868","0.59259","-0.12744","0.9600","0.45076","0.64768","-0.00112","0.9495","0.54098","0.64847","0.00745","0.9103","0.44697","0.72240","-0.06248","0.9539","0.54471","0.72302","-0.05927","0.9444","0.45209","0.92192","0.00109","0.9422","0.53832","0.92066","0.00939","0.9304","0.45098","0.94083","0.01854","0.9172","0.53834","0.93938","0.02655","0.9384","0.44903","0.94739","-0.02465","0.9681","0.54085","0.95106","-0.02001","0.9299"
"385","12.8333","0.49718","0.28149","-0.01273","0.9502","0.47987","0.27084","-0.01361","0.9558","0.47525","0.26801","-0.01392","0.9282","0.46592","0.27307","-0.01459","0.9410","0.51346","0.26791","-0.00588","0.9477","0.51975","0.26862","-0.00843","0.9741","0.52600","0.27439","-0.00556","0.9213","0.46452","0.28183","-0.00168","0.9765","0.52753","0.27965","0.00552","0.9490","0.48647","0.30591","-0.01079","0.9718","0.50763","0.30661","-0.00793","0.9649","0.42038","0.40570","-0.01758","0.9857","0.56946","0.40643","-0.00887","0.9439","0.41047","0.50868","-0.08158","0.9526","0.58143","0.50896","-0.07645","0.9412","0.42311","0.58105","-0.13124","0.9469","0.56966","0.58149","-0.11946","0.9626","0.41428","0.59913","-0.13574","0.9950","0.57881","0.59979","-0.12858","0.9452","0.40725","0.59636","-0.13708","0.9950","0.58341","0.59587","-0.13058","0.9465","0.42909","0.59139","-0.12718","0.9336","0.56735","0.59504","-0.12360","0.9158","0.44982","0.64712","-0.00003","0.9644","0.53921","0.64466","0.00892","0.9397","0.44949","0.71843","-0.06143","0.9725","0.54519","0.72093","-0.05610","0.9454","0.45349","0.92168","-0.00161","0.9519","0.53955","0.92112","0.00868","0.9634","0.45031","0.94333","0.01702","0.9266","0.53926","0.94115","0.02267","0.9779","0.45325","0.94861","-0.02270","0.9581","0.54247","0.95085","-0.01797","0.9102"
"386","12.8667","0.49688","0.28259","-0.01246","0.9404","0.47852","0.27136","-0.01241","0.9478","0.47541","0.26732","-0.01423","0.9253","0.46607","0.27347","-0.01355","0.9481","0.51359","0.26802","-0.00490","0.9284","0.52078","0.26943","-0.00787","0.9754","0.52417","0.27320","-0.00562","0.9100","0.46595","0.28174","-0.00301","0.9717","0.52801","0.27788","0.00607","0.9338","0.48517","0.30622","-0.00884","0.9605","0.50779","0.30607","-0.00739","0.9728","0.42141","0.40452","-0.01810","0.9712","0.56833","0.40571","-0.01115","0.9296","0.40888","0.50927","-0.08131","0.9665","0.57935","0.50818","-0.07561","0.9376","0.42138","0.58077","-0.13187","0.9751","0.56891","0.58156","-0.12090","0.9324","0.41456","0.59883","-0.13613","0.9750","0.57797","0.59974","-0.12887","0.9410","0.40744","0.59453","-0.13637","0.9710","0.58230","0.59321","-0.13033","0.9193","0.42858","0.59397","-0.12840","0.9523","0.56877","0.59487","-0.12257","0.9166","0.44994","0.64565","-0.00123","0.9855","0.53776","0.64316","0.00656","0.9552","0.45064","0.71906","-0.06342","0.9827","0.54768","0.72102","-0.05536","0.9605","0.45415","0.92183","-0.00267","0.9826","0.53887","0.91925","0.01184","0.9565","0.44834","0.94235","0.01671","0.9583","0.53690","0.93975","0.02277","0.9651","0.45308","0.95001","-0.02556","0.9343","0.54123","0.95312","-0.01742","0.9213"
"387","12.9000","0.49726","0.27837","-0.00639","0.9597","0.48300","0.26824","-0.01024","0.9601","0.47709","0.26401","-0.01344","0.9409","0.46945","0.26734","-0.01171","0.9283","0.51494","0.26787","-0.00763","0.9534","0.52088","0.26604","-0.00614","0.9033","0.52455","0.27066","-0.00779","0.9523","0.46310","0.28041","-0.00233","0.9313","0.53050","0.27740","0.00708","0.9635","0.48656","0.30348","-0.00957","0.9811","0.50700","0.30111","-0.01080","0.9582","0.42318","0.40133","-0.01485","0.9619","0.56941","0.40454","-0.01093","0.9457","0.41420","0.50569","-0.07888","0.9539","0.58268","0.50611","-0.07342","0.9594","0.42146","0.58121","-0.13008","0.9768","0.57096","0.57843","-0.11894","0.9477","0.41610","0.59730","-0.13159","0.9834","0.57608","0.60178","-0.12606","0.9652","0.41228","0.59376","-0.13203","0.9466","0.58300","0.58968","-0.12346","0.9431","0.42666","0.59225","-0.12737","0.9703","0.56655","0.58905","-0.12013","0.9411","0.45153","0.63846","0.00017","0.9735","0.54616","0.64145","0.00644","0.9490","0.44595","0.72165","-0.06110","0.9616","0.54312","0.72410","-0.04977","0.9416","0.45073","0.92306","-0.00138","0.9680","0.53924","0.92218","0.00656","0.9277","0.45309","0.94519","0.01635","0.9836","0.54048","0.94192","0.01997","0.9803","0.44982","0.95221","-0.02596","0.9753","0.54187","0.95122","-0.01664","0.9344"
"388","12.9333","0.49311","0.27422","-0.00678","0.9398","0.48072","0.26315","-0.01381","0.9842","0.47597","0.26724","-0.01144","0.9561","0.46964","0.26307","-0.01248","0.9365","0.51226","0.26383","-0.00216","0.9332","0.51944","0.26327","-0.00216","0.9643","0.52728","0.26354","-0.00328","0.9445","0.46269","0.27681","-0.00055","0.9798","0.53262","0.27191","0.00699","0.9624","0.48260","0.29940","-0.00971","0.9685","0.50408","0.30075","-0.00984","0.9684","0.42274","0.39691","-0.01486","0.9486","0.57034","0.39903","-0.00758","0.9090","0.41344","0.50082","-0.07534","0.9622","0.58187","0.49789","-0.06831","0.9340","0.41904","0.57802","-0.12544","0.9642","0.56878","0.57367","-0.11512","0.9466","0.41628","0.59517","-0.12803","0.9575","0.58060","0.59629","-0.11960","0.9499","0.40913","0.59156","-0.12912","0.9730","0.58103","0.59185","-0.11892","0.9301","0.42686","0.59333","-0.12293","0.9522","0.56698","0.58978","-0.11687","0.9634","0.45169","0.63551","-0.00105","0.9628","0.54071","0.63877","0.01056","0.9526","0.44821","0.71960","-0.05664","0.9561","0.54498","0.72373","-0.05010","0.9306","0.45102","0.92110","-0.00129","0.9651","0.53969","0.92043","0.00924","0.9134","0.45285","0.94380","0.01541","0.9493","0.54162","0.93953","0.02500","0.9380","0.45027","0.95074","-0.02297","0.9621","0.54343","0.95183","-0.01645","0.9511"
"389","12.9667","0.49979","0.26848","-0.00754","0.9699","0.48094","0.26124","-0.01030","0.9623","0.47439","0.25741","-0.01398","0.9484","0.47047","0.25969","-0.00895","0.9439","0.51694","0.25982","-0.00026","0.9382","0.51725","0.25572","-0.00597","0.9114","0.52360","0.25851","-0.00264","0.9604","0.46181","0.26588","0.00056","0.9680","0.53172","0.27102","0.00226","0.9269","0.48657","0.29533","-0.00550","0.9638","0.50579","0.29057","-0.00594","0.9699","0.42366","0.39232","-0.01817","0.9512","0.57176","0.38970","-0.00684","0.9753","0.41349","0.49575","-0.07447","0.9934","0.57995","0.49761","-0.06854","0.9824","0.42316","0.57277","-0.12016","0.9849","0.57041","0.57704","-0.11159","0.9556","0.41370","0.59401","-0.12085","0.9509","0.58106","0.59332","-0.11679","0.9209","0.41283","0.58779","-0.12368","0.9516","0.58291","0.58773","-0.11467","0.9601","0.42924","0.58930","-0.11859","0.9718","0.56569","0.58891","-0.10988","0.9338","0.44876","0.63122","-0.00253","0.9561","0.54039","0.62971","0.00517","0.9510","0.44767","0.72319","-0.05283","0.9534","0.54337","0.71755","-0.04788","0.9384","0.45083","0.92287","-0.00084","0.9761","0.54240","0.91985","0.00773","0.9628","0.45097","0.94194","0.01182","0.9601","0.54071","0.94090","0.02805","0.9440","0.45243","0.95214","-0.02664","0.9820","0.54079","0.95017","-0.01996","0.9542"
"390","13.0000","0.49743","0.26840","-0.00919","0.9568","0.48089","0.25916","-0.01279","0.9329","0.47607","0.25826","-0.01203","0.9479","0.47043","0.26141","-0.00933","0.9501","0.51604","0.25763","-0.00172","0.9555","0.51768","0.25598","-0.00851","0.9092","0.52340","0.25711","-0.00344","0.9301","0.46022","0.26664","-0.00046","0.9666","0.53112","0.26824","0.00292","0.9582","0.48544","0.29537","-0.00583","0.9568","0.50426","0.29254","-0.00445","0.9453","0.42324","0.39096","-0.01717","0.9260","0.57220","0.39216","-0.00664","0.9697","0.41346","0.49579","-0.07428","0.9719","0.58273","0.49880","-0.06872","0.9677","0.42146","0.57387","-0.11943","0.9739","0.57066","0.57734","-0.11176","0.9610","0.41622","0.59491","-0.12156","0.9373","0.58012","0.59240","-0.11658","0.9332","0.41138","0.58817","-0.12475","0.9517","0.58329","0.58878","-0.11529","0.9275","0.42849","0.58801","-0.11709","0.9627","0.56572","0.58837","-0.11168","0.9188","0.44962","0.63316","-0.00437","0.9732","0.54000","0.62928","0.00589","0.9552","0.44858","0.72149","-0.05240","0.9640","0.54161","0.71827","-0.04710","0.9434","0.45031","0.92196","-0.00030","0.9647","0.54021","0.91887","0.00772","0.9651","0.45215","0.94168","0.01302","0.9609","0.54095","0.93997","0.02487","0.9371","0.45404","0.95254","-0.02292","0.9706","0.54140","0.94961","-0.02014","0.9377"
"391","13.0333","0.49599","0.26686","-0.00603","0.9692","0.47850","0.25452","-0.00883","0.9746","0.47203","0.24934","-0.01074","0.9676","0.46784","0.25285","-0.01066","0.9703","0.51021","0.25093","-0.00415","0.9635","0.51939","0.25067","-0.00506","0.8912","0.52448","0.25397","0.00436","0.9419","0.46459","0.26334","0.00191","0.9505","0.52891","0.26081","0.00779","0.9216","0.48751","0.28645","-0.00636","0.9481","0.50495","0.28684","-0.00497","0.9432","0.42453","0.38465","-0.01271","0.9403","0.57090","0.38826","-0.00604","0.9605","0.40888","0.49204","-0.06974","0.9653","0.58151","0.49487","-0.06427","0.9367","0.42191","0.57250","-0.11274","0.9406","0.57112","0.56750","-0.10855","0.9579","0.41090","0.59156","-0.12019","0.9813","0.58168","0.59191","-0.10988","0.9950","0.41033","0.58530","-0.11940","0.9800","0.58336","0.58635","-0.11280","0.9327","0.42421","0.59075","-0.11604","0.9751","0.56811","0.58766","-0.10448","0.9112","0.45050","0.62205","-0.00044","0.9737","0.54172","0.62404","0.00785","0.9376","0.45039","0.72149","-0.05153","0.9676","0.54303","0.72011","-0.04273","0.9308","0.45368","0.92231","-0.00053","0.9950","0.54218","0.92292","0.00938","0.9373","0.45699","0.94255","0.01680","0.9874","0.54479","0.93820","0.02143","0.9439","0.45215","0.95163","-0.02476","0.9532","0.53965","0.95268","-0.01608","0.9402"
"392","13.0667","0.49868","0.25582","-0.00492","0.9869","0.47758","0.24378","-0.00732","0.9746","0.47181","0.24437","-0.00622","0.9950","0.46709","0.24305","-0.00763","0.9651","0.51036","0.24823","-0.00107","0.9275","0.51662","0.24477","-0.00268","0.9751","0.52716","0.24929","-0.00333","0.9607","0.46236","0.25189","0.00008","0.9751","0.52976","0.25698","0.00483","0.9454","0.48709","0.28335","-0.00545","0.9908","0.51059","0.28167","-0.00647","0.9355","0.42142","0.37791","-0.01318","0.9749","0.57089","0.37912","-0.00420","0.9206","0.41181","0.48900","-0.06647","0.9712","0.57949","0.48934","-0.06069","0.9290","0.42265","0.56825","-0.10889","0.9600","0.56847","0.56905","-0.10156","0.9380","0.41454","0.58849","-0.11236","0.9254","0.57668","0.58923","-0.10555","0.9337","0.41024","0.58502","-0.11801","0.9937","0.58136","0.58545","-0.10779","0.9521","0.42768","0.58228","-0.10361","0.9388","0.56543","0.58380","-0.10014","0.9950","0.45400","0.61349","-0.00064","0.9907","0.54250","0.61227","0.00704","0.9319","0.44683","0.71956","-0.04744","0.9376","0.54418","0.72180","-0.03994","0.9824","0.45411","0.92171","0.00081","0.9654","0.54098","0.91934","0.00512","0.9307","0.45177","0.93921","0.01780","0.9790","0.54295","0.94052","0.02622","0.9648","0.45327","0.95172","-0.02173","0.9792","0.53969","0.94959","-0.01693","0.9531"
"393","13.1000","0.49852","0.24986","-0.00354","0.9428","0.47911","0.23817","-0.00511","0.9612","0.47497","0.24024","-0.00878","0.9354","0.46843","0.24098","-0.00719","0.9486","0.51451","0.23586","-0.00079","0.9458","0.51919","0.23454","-0.00056","0.9392","0.52216","0.24001","0.00173","0.9913","0.46451","0.25000","0.00122","0.9647","0.53273","0.25049","0.01048","0.9464","0.48540","0.27308","-0.00564","0.9331","0.50718","0.27680","-0.00189","0.9575","0.42341","0.37077","-0.01058","0.9518","0.57207","0.37248","-0.00187","0.9341","0.41413","0.48277","-0.06589","0.9536","0.58236","0.48390","-0.05537","0.9511","0.42385","0.56489","-0.10615","0.9533","0.57233","0.56789","-0.09125","0.9493","0.41405","0.58699","-0.10922","0.9553","0.58083","0.58688","-0.10095","0.9523","0.40877","0.58013","-0.11069","0.9950","0.58093","0.57988","-0.09876","0.9592","0.42525","0.58161","-0.10187","0.9427","0.56474","0.58247","-0.09662","0.9470","0.45191","0.60661","-0.00456","0.9462","0.54172","0.60221","0.00573","0.9273","0.44946","0.72418","-0.04466","0.9471","0.54416","0.72196","-0.03574","0.9412","0.45261","0.92120","-0.00235","0.9553","0.54085","0.91889","0.00371","0.9504","0.45425","0.94230","0.01432","0.9472","0.53914","0.94068","0.02621","0.9375","0.45373","0.94837","-0.02445","0.9455","0.54110","0.95052","-0.01731","0.9327"
"394","13.1333","0.49989","0.24896","-0.00184","0.9493","0.48156","0.23757","-0.00508","0.9400","0.47601","0.23845","-0.00938","0.9256","0.46949","0.24101","-0.00806","0.9801","0.51536","0.23585","-0.00118","0.9632","0.51887","0.23469","-0.00174","0.9451","0.52427","0.23922","0.00402","0.9790","0.46554","0.25087","0.00259","0.9618","0.53114","0.24926","0.01032","0.9530","0.48437","0.27229","-0.00696","0.9377","0.50871","0.27672","-0.00335","0.9561","0.42341","0.37109","-0.01273","0.9680","0.57100","0.37285","-0.00385","0.9308","0.41234","0.48340","-0.06477","0.9545","0.58070","0.48210","-0.05593","0.9397","0.42360","0.56622","-0.10453","0.9551","0.56991","0.56649","-0.09186","0.9265","0.41319","0.58617","-0.10650","0.9950","0.57992","0.58687","-0.10154","0.9506","0.40923","0.58196","-0.10956","0.9575","0.57966","0.58088","-0.09941","0.9549","0.42822","0.58174","-0.10256","0.9423","0.56533","0.58220","-0.09669","0.9199","0.45250","0.60646","-0.00419","0.9317","0.54293","0.60068","0.00420","0.9309","0.44720","0.72432","-0.04552","0.9478","0.54433","0.72249","-0.03578","0.9206","0.45384","0.92256","-0.00035","0.9806","0.54211","0.91875","0.00346","0.9399","0.45391","0.94334","0.01447","0.9526","0.53885","0.93893","0.02428","0.9498","0.45320","0.95102","-0.02348","0.9736","0.54215","0.94911","-0.01630","0.9366"
"395","13.1667","0.49788","0.24144","-0.00102","0.9837","0.47871","0.23342","-0.00726","0.9521","0.47680","0.22759","-0.00685","0.9543","0.46873","0.23265","-0.00569","0.9481","0.51379","0.22937","0.00011","0.9549","0.51966","0.23138","0.00104","0.9323","0.52317","0.23019","0.00304","0.9572","0.46000","0.24090","0.00361","0.9499","0.53190","0.23908","0.00985","0.9547","0.48519","0.26652","-0.00141","0.9877","0.50822","0.26276","-0.00242","0.9696","0.41966","0.36410","-0.01131","0.9834","0.56916","0.36410","-0.00190","0.9493","0.41339","0.47599","-0.05997","0.9424","0.58206","0.47725","-0.05130","0.9855","0.41980","0.56299","-0.09968","0.9755","0.56954","0.56695","-0.08933","0.9508","0.41769","0.58673","-0.09862","0.9400","0.57928","0.58527","-0.09375","0.9338","0.41264","0.57561","-0.10119","0.9678","0.58567","0.57904","-0.09213","0.9545","0.42618","0.57815","-0.09706","0.9570","0.56975","0.57898","-0.08754","0.9329","0.45487","0.59624","-0.00117","0.9950","0.54193","0.59402","0.00754","0.9596","0.45302","0.71982","-0.04065","0.9239","0.54314","0.72366","-0.03128","0.9348","0.45329","0.91833","0.00138","0.9911","0.54414","0.92231","0.00839","0.9332","0.45339","0.94209","0.01883","0.9696","0.54078","0.94183","0.02469","0.9293","0.45285","0.95207","-0.02128","0.9606","0.53997","0.95125","-0.01588","0.9595"
"396","13.2000","0.49896","0.23273","-0.00111","0.9540","0.48048","0.22293","-0.00406","0.9872","0.47705","0.21969","-0.00601","0.9580","0.47029","0.22256","-0.00613","0.9880","0.51539","0.22417","0.00290","0.9237","0.51724","0.22417","0.00418","0.9241","0.52431","0.22553","0.00489","0.9731","0.46253","0.23339","0.00830","0.9523","0.53232","0.23441","0.01221","0.9223","0.48826","0.25612","-0.00272","0.9540","0.50680","0.25987","-0.00116","0.9622","0.42248","0.35604","-0.00764","0.9749","0.57119","0.35558","-0.00002","0.9460","0.41495","0.47054","-0.05386","0.9733","0.58103","0.47007","-0.04761","0.9212","0.42035","0.56310","-0.09015","0.9628","0.57003","0.55956","-0.07951","0.9384","0.41283","0.58297","-0.09541","0.9507","0.58054","0.58212","-0.08904","0.9559","0.40838","0.57659","-0.09261","0.9427","0.58110","0.57662","-0.08687","0.9070","0.42831","0.57675","-0.09063","0.9654","0.56740","0.57686","-0.08639","0.9376","0.45156","0.58436","-0.00053","0.9272","0.54028","0.58869","0.00584","0.9357","0.45060","0.72110","-0.03493","0.9504","0.54471","0.71873","-0.02949","0.9292","0.45280","0.92196","0.00267","0.9725","0.54246","0.92190","0.01122","0.9243","0.45358","0.94213","0.01388","0.9914","0.54219","0.93658","0.02250","0.9158","0.45007","0.95032","-0.02574","0.9950","0.53839","0.94750","-0.01749","0.9218"
"397","13.2333","0.49941","0.22437","-0.00052","0.9574","0.47922","0.21615","-0.00160","0.9931","0.47424","0.21486","-0.00389","0.9839","0.47056","0.20785","-0.00155","0.9807","0.51729","0.21651","0.00309","0.9378","0.51754","0.21636","0.00266","0.9337","0.52412","0.21238","0.00271","0.9514","0.46164","0.22582","0.00669","0.9698","0.53051","0.22698","0.01513","0.9525","0.48880","0.25215","-0.00054","0.9546","0.50698","0.25340","0.00068","0.9464","0.42198","0.34565","-0.00687","0.9559","0.57160","0.34842","0.00203","0.9193","0.41139","0.46385","-0.05025","0.9328","0.58214","0.46322","-0.04328","0.9299","0.42585","0.55649","-0.08432","0.9554","0.57089","0.55993","-0.07756","0.9040","0.41391","0.57944","-0.08901","0.9623","0.57800","0.58045","-0.07861","0.9277","0.41039","0.56963","-0.08905","0.9928","0.58293","0.57537","-0.08069","0.9465","0.42582","0.57502","-0.07998","0.9378","0.56903","0.57179","-0.07921","0.9300","0.45510","0.57750","-0.00449","0.9692","0.54081","0.57680","0.00708","0.9359","0.44832","0.71648","-0.03190","0.9475","0.54555","0.72131","-0.02328","0.9298","0.45031","0.91964","0.00130","0.9552","0.54537","0.92101","0.00668","0.9144","0.45173","0.94062","0.01470","0.9580","0.54151","0.93878","0.02227","0.9151","0.45500","0.95106","-0.02547","0.9625","0.54222","0.94916","-0.01612","0.9583"
"398","13.2667","0.49905","0.22613","0.00106","0.9390","0.48154","0.21430","-0.00256","0.9806","0.47458","0.21551","-0.00454","0.9653","0.46937","0.20772","-0.00084","0.9950","0.51758","0.21689","0.00314","0.9346","0.51889","0.21502","0.00143","0.9603","0.52427","0.21159","0.00422","0.9184","0.46264","0.22691","0.00879","0.9649","0.53083","0.22829","0.01432","0.9396","0.48976","0.25261","0.00058","0.9783","0.50862","0.25087","0.00276","0.9451","0.42220","0.34591","-0.00439","0.9813","0.57210","0.34938","0.00043","0.9364","0.41186","0.46545","-0.05048","0.9634","0.58109","0.46452","-0.04251","0.9085","0.42336","0.55818","-0.08405","0.9629","0.57056","0.55732","-0.07690","0.9242","0.41359","0.57941","-0.08953","0.9846","0.57887","0.57957","-0.08052","0.9403","0.40906","0.57346","-0.08891","0.9855","0.58258","0.57564","-0.08020","0.9634","0.42739","0.57518","-0.08046","0.9183","0.56868","0.57298","-0.07734","0.9488","0.45220","0.57630","-0.00453","0.9589","0.54109","0.57551","0.00632","0.9404","0.45069","0.71784","-0.02982","0.9291","0.54366","0.72267","-0.02448","0.9152","0.45049","0.92132","0.00120","0.9380","0.54468","0.92127","0.00929","0.9215","0.45157","0.94204","0.01585","0.9754","0.54098","0.94101","0.02172","0.9392","0.45350","0.94993","-0.02503","0.9495","0.54328","0.95092","-0.01775","0.9252"
"399","13.3000","0.49787","0.21609","0.00296","0.9489","0.48297","0.20570","-0.00187","0.9825","0.47462","0.20512","-0.00109","0.9472","0.47188","0.21213","-0.00176","0.9729","0.50745","0.20857","0.00698","0.9263","0.52053","0.20760","0.00375","0.9276","0.52616","0.20718","0.00851","0.9082","0.46279","0.21827","0.00759","0.9701","0.53240","0.21736","0.01537","0.9725","0.48650","0.24092","0.00046","0.9950","0.50866","0.24201","0.00179","0.9803","0.42363","0.34133","-0.00248","0.9235","0.57091","0.34181","0.00534","0.9365","0.41058","0.45909","-0.04641","0.9950","0.58107","0.46016","-0.03804","0.9324","0.41958","0.55699","-0.07544","0.9423","0.57291","0.55303","-0.06469","0.9524","0.41682","0.57381","-0.08199","0.9224","0.57493","0.57640","-0.07426","0.9704","0.41021","0.56815","-0.08330","0.9450","0.58399","0.56957","-0.07662","0.9528","0.42910","0.56953","-0.07905","0.9254","0.56623","0.56989","-0.06785","0.9594","0.45238","0.56807","-0.00107","0.9472","0.54170","0.57002","0.00552","0.9242","0.45120","0.72012","-0.02452","0.9507","0.54350","0.71937","-0.01705","0.9424","0.45228","0.92192","-0.00012","0.9950","0.53935","0.92323","0.00904","0.9446","0.45187","0.94073","0.01682","0.9632","0.54085","0.94234","0.02010","0.9484","0.45324","0.94657","-0.02391","0.9483","0.54318","0.94921","-0.01880","0.9447"
"400","13.3333","0.49938","0.21059","0.00449","0.9723","0.48273","0.20136","-0.00148","0.9368","0.47355","0.19858","0.00203","0.9609","0.46818","0.20286","-0.00216","0.9436","0.51082","0.20019","0.00869","0.9550","0.52174","0.19774","0.00683","0.9421","0.52618","0.20215","0.00526","0.9569","0.46293","0.21063","0.00825","0.9641","0.53583","0.20938","0.01591","0.9524","0.48882","0.23603","0.00299","0.9461","0.50878","0.23938","0.00289","0.9713","0.42270","0.33532","-0.00307","0.9388","0.56998","0.33565","0.00349","0.9684","0.41475","0.45351","-0.04227","0.9714","0.58164","0.45280","-0.03682","0.9498","0.42030","0.55391","-0.06974","0.9291","0.56872","0.55173","-0.06301","0.9289","0.41670","0.57290","-0.07663","0.9817","0.57722","0.57433","-0.07054","0.9345","0.41189","0.56887","-0.07478","0.9507","0.58138","0.56938","-0.06508","0.8863","0.42832","0.56797","-0.07333","0.9585","0.56742","0.56762","-0.06030","0.9527","0.45338","0.55900","-0.00213","0.9661","0.54220","0.56045","0.00217","0.9614","0.45140","0.72187","-0.02316","0.9575","0.54164","0.71862","-0.01443","0.9437","0.45248","0.92150","0.00182","0.9386","0.54429","0.92243","0.01023","0.9318","0.45063","0.93979","0.01721","0.9792","0.54158","0.93996","0.02302","0.9213","0.45451","0.95240","-0.02842","0.9506","0.54220","0.95159","-0.01728","0.9424"
"401","13.3667","0.49651","0.20509","0.00585","0.9547","0.48234","0.19532","0.00132","0.9620","0.47276","0.18805","0.00479","0.9756","0.46945","0.19125","-0.00015","0.9544","0.51260","0.19905","0.00505","0.9566","0.52149","0.19435","0.01168","0.9506","0.52787","0.19617","0.01237","0.9512","0.46281","0.20531","0.01210","0.9495","0.53008","0.20713","0.01423","0.9613","0.48573","0.22989","0.00461","0.9633","0.50696","0.23209","0.00216","0.9511","0.42662","0.32352","0.00110","0.9371","0.57125","0.32563","0.00753","0.9607","0.41338","0.44950","-0.03854","0.9445","0.58320","0.44873","-0.03079","0.9494","0.42336","0.55266","-0.06637","0.9176","0.56950","0.54901","-0.05953","0.9509","0.41604","0.56644","-0.07191","0.9475","0.57927","0.57028","-0.06156","0.9314","0.41067","0.56726","-0.06813","0.9505","0.58377","0.56229","-0.06485","0.9742","0.42241","0.56493","-0.06359","0.9666","0.56700","0.56403","-0.05588","0.9190","0.45382","0.55274","-0.00483","0.9907","0.54144","0.55239","0.00258","0.9352","0.45281","0.71814","-0.01594","0.9632","0.54270","0.72168","-0.01293","0.9685","0.45122","0.92113","0.00346","0.9697","0.54059","0.92160","0.00780","0.9336","0.45332","0.94225","0.01619","0.9456","0.54042","0.94341","0.02503","0.9678","0.45281","0.95198","-0.02202","0.9661","0.54225","0.94931","-0.01632","0.9202"
"402","13.4000","0.49661","0.20399","0.00528","0.9600","0.48222","0.19283","0.00179","0.9362","0.47286","0.18956","0.00310","0.9751","0.46930","0.19209","0.00040","0.9482","0.51361","0.19695","0.00651","0.9353","0.52059","0.19523","0.01263","0.9717","0.52595","0.19662","0.01152","0.9521","0.46210","0.20620","0.01055","0.9562","0.53177","0.20717","0.01587","0.9613","0.48860","0.23149","0.00498","0.9646","0.50715","0.23122","0.00279","0.9539","0.42639","0.32246","0.00068","0.9407","0.57085","0.32532","0.00921","0.9561","0.41661","0.44720","-0.03841","0.9457","0.58193","0.45055","-0.03234","0.9636","0.42240","0.55064","-0.06667","0.9334","0.57087","0.55047","-0.05981","0.9244","0.41631","0.56757","-0.07142","0.9446","0.57981","0.56970","-0.06139","0.9244","0.41085","0.56751","-0.06755","0.9372","0.58457","0.56255","-0.06501","0.9455","0.42372","0.56302","-0.06343","0.9814","0.56755","0.56447","-0.05527","0.9150","0.45434","0.55314","-0.00308","0.9868","0.54059","0.55416","0.00253","0.9444","0.45282","0.71840","-0.01603","0.9508","0.54287","0.72142","-0.01354","0.9950","0.45191","0.92113","0.00145","0.9620","0.53982","0.92494","0.00574","0.9403","0.45324","0.94257","0.01687","0.9470","0.54160","0.94212","0.02470","0.9766","0.45389","0.95063","-0.02087","0.9812","0.54328","0.95016","-0.01729","0.9284"
"403","13.4333","0.49937","0.19920","0.00786","0.9582","0.48205","0.19145","0.00437","0.9697","0.47923","0.18545","0.00328","0.9950","0.46764","0.18929","0.00414","0.9644","0.51329","0.18758","0.01213","0.9141","0.51979","0.18713","0.00928","0.9207","0.52373","0.19058","0.00770","0.9627","0.46223","0.19890","0.01159","0.9662","0.53484","0.19739","0.01823","0.9516","0.48575","0.22645","0.00568","0.9575","0.50652","0.22464","0.00473","0.9609","0.42371","0.32022","0.00102","0.9532","0.57003","0.31851","0.01041","0.9246","0.41640","0.44553","-0.03175","0.9618","0.57807","0.44507","-0.02429","0.9232","0.42436","0.54702","-0.06038","0.9557","0.57286","0.55141","-0.05052","0.9445","0.41636","0.57031","-0.06450","0.9575","0.58020","0.57006","-0.05557","0.9638","0.41267","0.56052","-0.06348","0.9680","0.58300","0.56423","-0.05657","0.9346","0.42571","0.56331","-0.05849","0.9510","0.56491","0.55885","-0.05390","0.9950","0.45541","0.54581","-0.00401","0.9149","0.54284","0.54315","0.00205","0.9485","0.45164","0.72159","-0.01481","0.9732","0.54141","0.72128","-0.00829","0.9396","0.45195","0.92347","-0.00092","0.9278","0.53967","0.92153","0.00689","0.9336","0.45668","0.93914","0.01623","0.9312","0.54313","0.94298","0.01919","0.9694","0.45442","0.95166","-0.02310","0.9519","0.54041","0.95255","-0.01688","0.9419"
"404","13.4667","0.49650","0.19396","0.00878","0.9537","0.48249","0.18214","-0.00012","0.9553","0.47666","0.18322","0.00070","0.9811","0.47012","0.18298","0.00354","0.9604","0.51415","0.18486","0.01313","0.9564","0.51949","0.18184","0.00996","0.9555","0.52425","0.18314","0.01006","0.9193","0.46554","0.19412","0.01400","0.9465","0.53128","0.18994","0.02261","0.9656","0.48829","0.21929","0.01012","0.9846","0.50780","0.21798","0.00695","0.9950","0.42119","0.31286","0.00140","0.9470","0.56989","0.31537","0.00995","0.9296","0.41308","0.43772","-0.02957","0.9899","0.57928","0.44032","-0.02355","0.9016","0.42482","0.54585","-0.05561","0.9616","0.57280","0.54763","-0.04778","0.9368","0.41776","0.56630","-0.06006","0.9855","0.57898","0.56589","-0.05424","0.9253","0.40967","0.56253","-0.06113","0.9639","0.57980","0.56230","-0.05478","0.9451","0.42456","0.56161","-0.05694","0.9501","0.56914","0.56153","-0.04704","0.9354","0.45324","0.53741","-0.00143","0.9770","0.54205","0.53477","0.00474","0.9433","0.45446","0.72007","-0.01222","0.9839","0.53743","0.72134","-0.00274","0.9639","0.45481","0.92221","0.00275","0.9275","0.54205","0.92201","0.00900","0.9364","0.45451","0.94181","0.01522","0.9538","0.53934","0.94031","0.02378","0.9451","0.45366","0.94762","-0.02084","0.9183","0.54220","0.94920","-0.01566","0.9795"
"405","13.5000","0.49703","0.18800","0.00945","0.9703","0.48249","0.17671","0.00705","0.9505","0.47789","0.17781","0.00510","0.9632","0.46901","0.17932","0.00552","0.9677","0.51205","0.17797","0.01104","0.9695","0.51773","0.17677","0.01175","0.9611","0.52436","0.17979","0.01110","0.9153","0.46417","0.19200","0.01594","0.9810","0.53224","0.19019","0.02012","0.9726","0.48722","0.21589","0.00886","0.9123","0.50694","0.21310","0.00958","0.9557","0.42416","0.30970","0.00436","0.9813","0.57114","0.30703","0.01207","0.8881","0.41460","0.43749","-0.02679","0.9693","0.57828","0.43623","-0.02241","0.9252","0.42307","0.54328","-0.04915","0.9314","0.57237","0.54346","-0.04457","0.9407","0.41250","0.55913","-0.05498","0.9950","0.57740","0.56640","-0.04622","0.9443","0.41444","0.55981","-0.05374","0.9787","0.58405","0.56078","-0.04581","0.9691","0.42682","0.55921","-0.05089","0.9356","0.56461","0.56026","-0.04475","0.9584","0.45141","0.52996","-0.00264","0.9950","0.54054","0.52889","0.00433","0.9224","0.45332","0.71779","-0.00814","0.9654","0.54120","0.71779","-0.00095","0.9518","0.45405","0.92106","0.00035","0.9545","0.54258","0.92070","0.01004","0.9543","0.45139","0.93926","0.01637","0.9566","0.54288","0.94264","0.02233","0.9088","0.44961","0.95175","-0.02320","0.9950","0.53923","0.95538","-0.01846","0.9282"
"406","13.5333","0.49730","0.18651","0.00828","0.9866","0.48066","0.17642","0.00684","0.9650","0.47740","0.17658","0.00621","0.9345","0.46981","0.18133","0.00482","0.9265","0.51231","0.17758","0.01058","0.9277","0.51800","0.17641","0.01221","0.9222","0.52487","0.17943","0.01068","0.9155","0.46345","0.19154","0.01543","0.9673","0.53296","0.19069","0.01992","0.9810","0.48711","0.21769","0.01032","0.9288","0.50747","0.21259","0.00914","0.9631","0.42540","0.30952","0.00386","0.9838","0.57177","0.30525","0.01069","0.9325","0.41252","0.43745","-0.02768","0.9810","0.58087","0.43658","-0.02001","0.9338","0.42278","0.54477","-0.04992","0.9554","0.57192","0.54223","-0.04413","0.9316","0.41148","0.55711","-0.05523","0.9828","0.57932","0.56506","-0.04871","0.9542","0.41414","0.56035","-0.05375","0.9570","0.58416","0.55900","-0.04679","0.9832","0.42844","0.55966","-0.04988","0.9563","0.56477","0.56054","-0.04423","0.9567","0.45053","0.52884","-0.00455","0.9629","0.54030","0.52890","0.00243","0.9342","0.45403","0.71988","-0.00932","0.9604","0.54247","0.71810","-0.00001","0.9375","0.45329","0.92168","0.00074","0.9804","0.54268","0.92160","0.00933","0.9394","0.45263","0.93785","0.01840","0.9745","0.54412","0.94156","0.02010","0.9371","0.45218","0.95256","-0.02500","0.9950","0.54066","0.95456","-0.01655","0.9308"
"407","13.5667","0.49637","0.18889","0.00814","0.9454","0.48039","0.18102","0.00547","0.9433","0.47451","0.17343","0.00523","0.9647","0.46819","0.17240","0.00469","0.9637","0.51609","0.17390","0.01221","0.9245","0.51792","0.17344","0.01387","0.9512","0.52604","0.17775","0.01556","0.9387","0.46272","0.18473","0.01444","0.9347","0.53055","0.18194","0.02177","0.9236","0.48972","0.20869","0.00858","0.9761","0.50982","0.21015","0.01043","0.9443","0.42342","0.30000","0.00498","0.9743","0.57026","0.30488","0.01106","0.9167","0.41380","0.43362","-0.02603","0.9591","0.58284","0.43266","-0.01920","0.9480","0.42128","0.53979","-0.04833","0.9950","0.57558","0.54309","-0.03962","0.9481","0.41190","0.56246","-0.05463","0.9542","0.58198","0.56334","-0.04366","0.9221","0.41114","0.55619","-0.05244","0.9331","0.58317","0.55853","-0.04577","0.9419","0.42426","0.55836","-0.04953","0.9611","0.56624","0.56034","-0.04051","0.9405","0.45361","0.52694","-0.00443","0.9908","0.54286","0.52903","0.00557","0.9386","0.45391","0.72324","-0.01088","0.9259","0.54060","0.71339","0.00062","0.9290","0.45572","0.91786","0.00282","0.9683","0.54090","0.92257","0.00763","0.9747","0.45294","0.94124","0.01665","0.9670","0.54257","0.94042","0.02199","0.9202","0.45322","0.95011","-0.02244","0.9303","0.54084","0.94925","-0.01453","0.9570"
"408","13.6000","0.50020","0.18165","0.01212","0.9566","0.47983","0.17501","0.00418","0.9614","0.47776","0.16895","0.00880","0.9535","0.46798","0.17113","0.00756","0.9811","0.51389","0.17406","0.01526","0.9607","0.51989","0.17362","0.01101","0.9353","0.52603","0.17486","0.01008","0.9608","0.46307","0.18256","0.01628","0.9570","0.53090","0.18816","0.02244","0.9471","0.48534","0.20336","0.00919","0.9639","0.50780","0.21140","0.01016","0.9508","0.42227","0.30393","0.00726","0.9698","0.57139","0.30401","0.01313","0.9343","0.41506","0.43364","-0.02565","0.9719","0.58198","0.43113","-0.01432","0.9485","0.42243","0.54184","-0.04560","0.9776","0.57342","0.54028","-0.03849","0.9399","0.41416","0.56445","-0.05205","0.9786","0.58058","0.56147","-0.04061","0.9231","0.40956","0.55542","-0.05218","0.9226","0.58481","0.55486","-0.04584","0.9191","0.42819","0.55842","-0.04485","0.9592","0.56659","0.55429","-0.03800","0.9484","0.45217","0.52281","-0.00168","0.9518","0.54256","0.52166","0.00441","0.9429","0.45856","0.71886","-0.00524","0.9811","0.54324","0.72193","0.00199","0.9545","0.45319","0.91934","0.00338","0.9761","0.54327","0.92165","0.00909","0.9377","0.45079","0.94087","0.01493","0.9440","0.53920","0.94120","0.02645","0.9302","0.45552","0.95111","-0.02341","0.9712","0.54313","0.95005","-0.01655","0.9553"
"409","13.6333","0.49794","0.18214","0.00982","0.9678","0.47747","0.17307","0.00956","0.9718","0.47669","0.17021","0.00806","0.9753","0.47372","0.17149","0.00401","0.9950","0.51242","0.16984","0.01261","0.9495","0.51711","0.16523","0.01190","0.9366","0.52443","0.17353","0.01415","0.9340","0.46160","0.18323","0.01318","0.9943","0.53345","0.18084","0.02176","0.9502","0.48642","0.20854","0.00918","0.9679","0.50666","0.20775","0.00901","0.9754","0.42291","0.30131","0.00297","0.9685","0.57210","0.30032","0.01514","0.9405","0.41485","0.43140","-0.02152","0.9510","0.58272","0.42828","-0.01540","0.9391","0.42512","0.54288","-0.04394","0.9759","0.57044","0.54264","-0.03677","0.9519","0.41532","0.56185","-0.04880","0.9390","0.57614","0.56379","-0.04102","0.9610","0.41247","0.55687","-0.04990","0.9623","0.58455","0.55789","-0.04141","0.9317","0.42866","0.55565","-0.04206","0.9520","0.56898","0.55517","-0.03659","0.9347","0.45284","0.51901","-0.00130","0.9270","0.54054","0.52012","0.00310","0.9404","0.45367","0.71981","-0.00181","0.9321","0.54163","0.72142","0.00536","0.9161","0.45590","0.91902","0.00220","0.9643","0.54295","0.91819","0.00912","0.9373","0.45314","0.93795","0.01955","0.9439","0.54023","0.94089","0.02588","0.9371","0.45578","0.95390","-0.02110","0.9281","0.54308","0.95218","-0.01922","0.9278"
"410","13.6667","0.49610","0.18524","0.00957","0.9609","0.48247","0.17247","0.00686","0.9719","0.47634","0.16916","0.01027","0.9789","0.46875","0.17133","0.00680","0.9351","0.51157","0.16795","0.01893","0.9383","0.51881","0.16826","0.01539","0.9357","0.52985","0.16970","0.01327","0.9512","0.46604","0.17947","0.01692","0.9732","0.52851","0.18074","0.02625","0.9510","0.48892","0.20497","0.01298","0.9165","0.50512","0.20278","0.00902","0.9268","0.42396","0.30236","0.00920","0.9776","0.57424","0.30165","0.01101","0.9455","0.41556","0.43145","-0.02743","0.9792","0.58456","0.43234","-0.01527","0.9486","0.42077","0.54023","-0.03974","0.9652","0.57021","0.53861","-0.03730","0.9231","0.41648","0.55743","-0.04855","0.9374","0.57883","0.56269","-0.04104","0.9614","0.41303","0.55669","-0.05058","0.9444","0.58316","0.55602","-0.04253","0.9480","0.42864","0.55657","-0.04196","0.9286","0.56604","0.55566","-0.03648","0.9272","0.45291","0.52425","-0.00146","0.9516","0.54234","0.52102","0.00486","0.9435","0.45504","0.71927","-0.00341","0.8888","0.54334","0.71764","0.00184","0.9405","0.45464","0.92185","0.00038","0.9703","0.54210","0.91965","0.01013","0.9237","0.45075","0.93969","0.01748","0.9423","0.54296","0.93978","0.02411","0.9276","0.45468","0.94833","-0.02470","0.9750","0.54286","0.95216","-0.01612","0.9266"
"411","13.7000","0.50300","0.17759","0.00982","0.9637","0.48660","0.16931","0.00690","0.9388","0.47590","0.16991","0.00780","0.9282","0.47320","0.17186","0.00773","0.9861","0.51774","0.17199","0.01334","0.9503","0.52462","0.16746","0.01090","0.9548","0.53333","0.16986","0.01322","0.9227","0.46766","0.18211","0.01549","0.9786","0.53780","0.18088","0.02274","0.9478","0.49095","0.20340","0.01115","0.9538","0.50819","0.20798","0.01138","0.9717","0.42850","0.29994","0.00700","0.9610","0.57600","0.29890","0.01754","0.9462","0.41912","0.43446","-0.02520","0.9196","0.58565","0.42674","-0.01698","0.9176","0.42622","0.54193","-0.04340","0.9251","0.57435","0.54113","-0.03595","0.9395","0.41976","0.55884","-0.05062","0.9590","0.58432","0.55936","-0.04138","0.9583","0.41403","0.55449","-0.04818","0.9632","0.58770","0.55637","-0.04354","0.9313","0.43039","0.55343","-0.04057","0.9658","0.57053","0.55744","-0.03835","0.9657","0.45862","0.52070","-0.00241","0.9563","0.54338","0.52024","0.00169","0.9577","0.45655","0.72022","-0.00622","0.9534","0.54430","0.72193","0.00230","0.9458","0.45669","0.92122","0.00834","0.9752","0.54797","0.92026","0.01298","0.9598","0.45671","0.93999","0.01671","0.9512","0.54479","0.93977","0.02117","0.9454","0.45669","0.95319","-0.02088","0.9519","0.54334","0.94981","-0.01433","0.9645"
"412","13.7333","0.50211","0.17710","0.00663","0.9595","0.48398","0.16898","0.00445","0.9476","0.47822","0.16904","0.00851","0.9402","0.47066","0.16995","0.00640","0.9330","0.52120","0.16984","0.01333","0.9444","0.51990","0.16884","0.01435","0.9363","0.52798","0.17232","0.01472","0.9236","0.46666","0.18134","0.01716","0.9518","0.53531","0.18088","0.02222","0.9694","0.49069","0.20458","0.01040","0.9770","0.51624","0.20626","0.00795","0.9655","0.42861","0.30006","0.00749","0.9431","0.57523","0.29983","0.00996","0.9020","0.41779","0.42922","-0.02130","0.9950","0.58576","0.43183","-0.01516","0.9370","0.42458","0.54043","-0.04629","0.9621","0.57479","0.54083","-0.03715","0.9353","0.42114","0.56143","-0.04787","0.9626","0.58712","0.56274","-0.04191","0.9536","0.41472","0.55829","-0.04905","0.9911","0.59017","0.55386","-0.04068","0.9726","0.42900","0.55524","-0.04355","0.9950","0.56950","0.55866","-0.03902","0.9317","0.45634","0.52012","-0.00822","0.9667","0.54327","0.52124","0.00162","0.9717","0.45741","0.71905","-0.00491","0.9515","0.54499","0.72013","0.00536","0.9547","0.45782","0.92243","0.00034","0.9500","0.54528","0.91993","0.00763","0.9373","0.45864","0.93791","0.01552","0.9464","0.54392","0.94269","0.02379","0.9650","0.45903","0.95293","-0.02294","0.9670","0.54263","0.94898","-0.01847","0.8986"
"413","13.7667","0.50128","0.18100","0.00906","0.9701","0.48558","0.17102","0.00638","0.9469","0.48239","0.17069","0.00908","0.9347","0.47277","0.16717","0.00726","0.9368","0.51597","0.16943","0.01592","0.9220","0.52236","0.16736","0.01524","0.9518","0.53009","0.16947","0.01154","0.9480","0.46862","0.18077","0.01685","0.9950","0.53649","0.18184","0.02475","0.9181","0.49250","0.20301","0.01166","0.9507","0.51379","0.20805","0.00895","0.9692","0.42809","0.29707","0.00862","0.9586","0.57258","0.30234","0.01600","0.9353","0.41702","0.42887","-0.02505","0.9539","0.58437","0.42852","-0.01500","0.9358","0.42342","0.53673","-0.04295","0.9494","0.57653","0.53886","-0.03197","0.9406","0.41864","0.56035","-0.04963","0.9870","0.58349","0.55825","-0.04127","0.9387","0.41467","0.55667","-0.04509","0.9769","0.59025","0.55667","-0.04083","0.9357","0.43239","0.55316","-0.04469","0.9824","0.56957","0.55770","-0.03758","0.9589","0.45178","0.51858","-0.00265","0.9612","0.54702","0.52091","0.00530","0.9432","0.45495","0.72263","0.00005","0.9950","0.54474","0.71927","0.00505","0.9377","0.45443","0.92228","0.00113","0.9950","0.54521","0.92054","0.01056","0.9447","0.45683","0.94108","0.01421","0.9950","0.54423","0.93967","0.02244","0.9636","0.45667","0.95061","-0.02490","0.9229","0.54808","0.95144","-0.01836","0.9153"
"414","13.8000","0.49834","0.17992","0.01232","0.9604","0.48407","0.16808","0.00399","0.9378","0.47774","0.16658","0.00826","0.9398","0.47313","0.17139","0.00618","0.9900","0.51725","0.17162","0.01544","0.9410","0.52309","0.16263","0.01479","0.9305","0.52669","0.17241","0.01283","0.9521","0.46839","0.18177","0.01919","0.9608","0.53533","0.17874","0.02487","0.9282","0.49043","0.20480","0.00918","0.9950","0.50871","0.20265","0.01138","0.9926","0.42590","0.30297","0.00607","0.9470","0.57716","0.30108","0.01224","0.9505","0.41652","0.43254","-0.02325","0.9644","0.58525","0.43411","-0.01408","0.9346","0.42986","0.54228","-0.04437","0.9706","0.57516","0.54043","-0.03804","0.9322","0.41801","0.56486","-0.04857","0.9765","0.58248","0.56191","-0.03961","0.9226","0.41281","0.55824","-0.04743","0.9724","0.58755","0.55219","-0.04108","0.9579","0.43024","0.55493","-0.04312","0.9681","0.57250","0.55604","-0.03581","0.9420","0.45721","0.51846","-0.00262","0.9883","0.54531","0.51859","0.00211","0.9503","0.45770","0.72037","-0.00627","0.9950","0.54805","0.71949","0.00261","0.9304","0.45683","0.92146","0.00376","0.9191","0.54723","0.92086","0.00842","0.9697","0.45771","0.93902","0.01505","0.9659","0.54729","0.94152","0.02558","0.9634","0.45730","0.95043","-0.02229","0.9784","0.54678","0.95372","-0.01752","0.9387"
"415","13.8333","0.50156","0.17762","0.01178","0.9673","0.48551","0.17138","0.00632","0.9528","0.48069","0.17289","0.00889","0.9490","0.47102","0.16968","0.00812","0.9575","0.51713","0.17162","0.01609","0.9706","0.52613","0.16743","0.01333","0.9823","0.52976","0.17015","0.01240","0.9409","0.46962","0.17740","0.01917","0.9726","0.53706","0.18057","0.02192","0.9338","0.49283","0.20360","0.01099","0.9347","0.51089","0.20567","0.01275","0.9754","0.42979","0.29907","0.00430","0.9430","0.57775","0.30349","0.01316","0.9363","0.41911","0.43140","-0.02590","0.9775","0.58558","0.42982","-0.01875","0.9517","0.42917","0.53965","-0.04590","0.9877","0.57578","0.53990","-0.03826","0.9580","0.41848","0.56125","-0.04847","0.9617","0.58336","0.56057","-0.04213","0.9715","0.41558","0.55449","-0.04766","0.9808","0.58787","0.55354","-0.03928","0.9286","0.43218","0.55800","-0.04408","0.9504","0.57118","0.55456","-0.03897","0.9541","0.45570","0.52084","-0.00087","0.9431","0.54959","0.52076","0.00251","0.9335","0.45786","0.72036","-0.00331","0.9475","0.54556","0.72359","0.00190","0.9231","0.45848","0.91922","0.00387","0.9849","0.54641","0.92118","0.00757","0.9512","0.45645","0.93878","0.01493","0.9809","0.54676","0.94307","0.02401","0.9715","0.45848","0.94738","-0.02344","0.9473","0.54654","0.94980","-0.01612","0.9375"
"416","13.8667","0.50294","0.18102","0.01080","0.9726","0.48532","0.17086","0.00523","0.9409","0.47885","0.16613","0.00951","0.9807","0.47311","0.17068","0.00838","0.9309","0.51717","0.17200","0.01482","0.9119","0.52167","0.16817","0.01178","0.9814","0.53048","0.16971","0.01319","0.9512","0.46776","0.18129","0.01688","0.9512","0.53657","0.17895","0.02362","0.9426","0.49011","0.20425","0.00903","0.9623","0.51062","0.20437","0.01011","0.9467","0.42858","0.30180","0.00733","0.9862","0.57764","0.30103","0.01253","0.9269","0.41621","0.42873","-0.02362","0.9739","0.58415","0.43033","-0.01716","0.9645","0.42840","0.54205","-0.04595","0.9579","0.57875","0.53995","-0.03537","0.9189","0.41761","0.55910","-0.04939","0.9466","0.58677","0.56211","-0.03991","0.8937","0.41577","0.55457","-0.04533","0.9653","0.58608","0.55459","-0.04273","0.9366","0.42989","0.55494","-0.04009","0.9786","0.57051","0.55528","-0.03443","0.9641","0.45677","0.51821","-0.00358","0.9496","0.54842","0.51802","-0.00004","0.9256","0.45702","0.72143","-0.00294","0.9572","0.54394","0.72102","0.00450","0.9099","0.45872","0.92057","-0.00073","0.9950","0.54361","0.91632","0.01042","0.9514","0.45792","0.94069","0.01644","0.9703","0.54814","0.93952","0.02097","0.9446","0.45726","0.94896","-0.02103","0.9774","0.54595","0.95140","-0.01562","0.9699"
"417","13.9000","0.49838","0.17931","0.01152","0.9545","0.48190","0.16919","0.00567","0.9340","0.47587","0.16947","0.00707","0.9643","0.47008","0.17067","0.00611","0.9856","0.51605","0.17162","0.01208","0.9252","0.52012","0.16700","0.01425","0.9481","0.52783","0.16933","0.01496","0.9305","0.46370","0.18369","0.01974","0.9572","0.53479","0.18115","0.02400","0.9379","0.48738","0.20317","0.00869","0.9692","0.50573","0.20472","0.01131","0.9266","0.42507","0.29963","0.00355","0.9362","0.57602","0.30111","0.00966","0.9753","0.41448","0.43184","-0.02360","0.9539","0.58432","0.43322","-0.01688","0.9374","0.42575","0.54262","-0.04026","0.9908","0.57230","0.53806","-0.03318","0.9513","0.41555","0.56289","-0.04464","0.9358","0.58279","0.56150","-0.04032","0.9314","0.41313","0.55468","-0.04695","0.9306","0.58566","0.55634","-0.03934","0.9297","0.42826","0.55655","-0.03990","0.9356","0.57314","0.55513","-0.03865","0.9058","0.45431","0.52082","-0.00346","0.9795","0.54290","0.51861","0.00642","0.9335","0.45478","0.71901","-0.00151","0.9535","0.54275","0.71792","0.00280","0.9764","0.45550","0.92080","0.00207","0.9632","0.54423","0.92079","0.01485","0.9369","0.45383","0.93946","0.01868","0.9690","0.54551","0.93910","0.02377","0.9612","0.45547","0.95184","-0.02020","0.9394","0.54147","0.95034","-0.01468","0.9744"
"418","13.9333","0.49703","0.17920","0.01208","0.9701","0.48422","0.16923","0.00624","0.9332","0.47603","0.16736","0.00715","0.9258","0.46814","0.17069","0.00583","0.9908","0.51572","0.17121","0.01139","0.9006","0.52168","0.16789","0.01412","0.9530","0.52797","0.16935","0.01433","0.9364","0.46601","0.18265","0.01828","0.9563","0.53378","0.18114","0.02389","0.9535","0.48855","0.20310","0.00772","0.9627","0.50652","0.20474","0.01214","0.9256","0.42516","0.29924","0.00331","0.9485","0.57666","0.30110","0.01039","0.9760","0.41456","0.43346","-0.02416","0.9580","0.58545","0.43276","-0.01562","0.9371","0.42395","0.54193","-0.04018","0.9950","0.57243","0.53960","-0.03355","0.9395","0.41515","0.56285","-0.04430","0.9535","0.58524","0.56043","-0.03873","0.9203","0.41475","0.55556","-0.04682","0.9465","0.58560","0.55447","-0.03827","0.9430","0.42940","0.55482","-0.04177","0.9544","0.57193","0.55495","-0.03818","0.9206","0.45307","0.52011","-0.00304","0.9656","0.54428","0.52112","0.00567","0.9500","0.45536","0.71918","-0.00081","0.9389","0.54398","0.71807","0.00367","0.9598","0.45521","0.92173","0.00407","0.9566","0.54425","0.92122","0.01363","0.9002","0.45400","0.93980","0.01951","0.9662","0.54570","0.94170","0.02457","0.9577","0.45659","0.94886","-0.02126","0.9451","0.54364","0.95154","-0.01363","0.9512"
"419","13.9667","0.49879","0.18031","0.00880","0.9211","0.48129","0.17109","0.00675","0.9362","0.47457","0.16730","0.00642","0.9550","0.47419","0.16929","0.00583","0.9797","0.51462","0.17262","0.01498","0.9667","0.52290","0.16709","0.01498","0.9447","0.52967","0.16936","0.01310","0.9255","0.46388","0.17897","0.01751","0.9737","0.53333","0.18034","0.02354","0.9248","0.48722","0.20544","0.00919","0.9505","0.50774","0.20625","0.00941","0.9698","0.42238","0.29893","0.00616","0.9538","0.57293","0.30405","0.01538","0.9471","0.41734","0.43052","-0.02220","0.9558","0.58475","0.42993","-0.01755","0.9657","0.42440","0.53953","-0.04478","0.9531","0.57551","0.54024","-0.03557","0.9747","0.41461","0.55950","-0.05108","0.9950","0.58193","0.56155","-0.04013","0.9429","0.40754","0.55359","-0.04963","0.9543","0.58853","0.55447","-0.04020","0.9635","0.42937","0.55376","-0.04252","0.9303","0.56975","0.55747","-0.03589","0.9453","0.45656","0.52217","-0.00097","0.9903","0.54421","0.52082","0.00488","0.9505","0.45492","0.71827","-0.00428","0.9642","0.54487","0.72204","0.00476","0.9352","0.45244","0.92292","0.00199","0.9495","0.54629","0.91986","0.00608","0.9488","0.45429","0.94052","0.01684","0.9455","0.54350","0.93960","0.02536","0.9645","0.45124","0.94738","-0.02105","0.9778","0.54654","0.95095","-0.01318","0.9306"
"420","14.0000","0.50084","0.18381","0.00995","0.9370","0.48229","0.17094","0.00528","0.9489","0.47336","0.17098","0.00709","0.9735","0.47218","0.17323","0.00704","0.9638","0.51490","0.17298","0.01265","0.9303","0.52256","0.17223","0.01174","0.9506","0.52644","0.17116","0.01647","0.9362","0.46434","0.18124","0.01768","0.9610","0.53043","0.18246","0.02286","0.9151","0.49114","0.20452","0.01160","0.9579","0.50726","0.21056","0.00912","0.9658","0.42296","0.30298","0.00728","0.9950","0.57212","0.30082","0.01208","0.9518","0.41435","0.43114","-0.02295","0.9552","0.58480","0.43132","-0.01462","0.9013","0.42826","0.54115","-0.04663","0.9741","0.57508","0.53886","-0.03959","0.9269","0.41733","0.56138","-0.05009","0.9563","0.58400","0.55980","-0.03902","0.9483","0.41143","0.55882","-0.04889","0.9704","0.58622","0.55689","-0.04074","0.9304","0.43271","0.55842","-0.04321","0.9576","0.57108","0.55594","-0.03816","0.9329","0.45284","0.52179","-0.00411","0.9673","0.54479","0.52554","0.00319","0.9012","0.45228","0.72002","-0.00880","0.9518","0.54367","0.72009","0.00533","0.9427","0.45487","0.92266","0.00080","0.9515","0.54096","0.91916","0.00722","0.9320","0.45377","0.93856","0.01666","0.9950","0.53962","0.94139","0.02202","0.9325","0.45233","0.95156","-0.02032","0.9648","0.54360","0.94758","-0.01708","0.9248"
"421","14.0333","0.50155","0.18664","0.01289","0.9611","0.48476","0.17499","0.00399","0.9747","0.47796","0.17469","0.01043","0.9585","0.47083","0.17469","0.00781","0.9729","0.51491","0.17279","0.01519","0.9016","0.52142","0.17283","0.01434","0.9455","0.52809","0.17563","0.01222","0.9335","0.46730","0.18720","0.01856","0.9879","0.53342","0.18577","0.02443","0.9605","0.49034","0.20791","0.00819","0.9928","0.50856","0.20961","0.01332","0.9590","0.42132","0.30736","0.00525","0.9809","0.57368","0.30440","0.01266","0.9326","0.41433","0.43318","-0.02764","0.9668","0.58763","0.43655","-0.01968","0.9583","0.42654","0.54156","-0.04508","0.9585","0.57220","0.54308","-0.03843","0.9517","0.41890","0.56217","-0.05112","0.9122","0.58254","0.55964","-0.04614","0.9441","0.41250","0.55591","-0.05158","0.9803","0.58826","0.55737","-0.04340","0.9201","0.42933","0.55537","-0.04478","0.9817","0.56999","0.55444","-0.04101","0.9432","0.45352","0.52928","-0.00236","0.9647","0.54618","0.52710","0.00622","0.9072","0.45564","0.72158","-0.00190","0.9438","0.54637","0.71910","0.00394","0.9285","0.45516","0.91813","0.00200","0.9373","0.54396","0.91678","0.01140","0.9386","0.45489","0.93885","0.01400","0.9631","0.54493","0.93893","0.02702","0.9817","0.45391","0.94997","-0.02216","0.9767","0.54156","0.94521","-0.01626","0.9680"
"422","14.0667","0.50096","0.18426","0.01021","0.9537","0.48483","0.17423","0.00615","0.9768","0.47749","0.17464","0.00957","0.9423","0.47084","0.17604","0.00662","0.9780","0.51526","0.17340","0.01479","0.9099","0.52132","0.17251","0.01565","0.9686","0.52813","0.17743","0.01410","0.9278","0.46917","0.18597","0.01505","0.9697","0.53378","0.18705","0.02488","0.9491","0.49057","0.20804","0.00680","0.9950","0.50912","0.20886","0.01373","0.9686","0.42353","0.30704","0.00483","0.9788","0.57209","0.30599","0.01190","0.9319","0.41493","0.43385","-0.02723","0.9462","0.58709","0.43481","-0.01913","0.9818","0.42782","0.54147","-0.04458","0.9447","0.57146","0.54189","-0.03997","0.9663","0.41634","0.56031","-0.04952","0.9575","0.58472","0.56059","-0.04659","0.9277","0.41355","0.55590","-0.05170","0.9950","0.59016","0.55741","-0.04500","0.9507","0.42877","0.55433","-0.04722","0.9469","0.56838","0.55291","-0.04086","0.9310","0.45310","0.52766","-0.00270","0.9720","0.54657","0.52835","0.00626","0.9258","0.45470","0.71961","-0.00021","0.9797","0.54608","0.72019","0.00254","0.9531","0.45624","0.91814","0.00260","0.9428","0.54323","0.91674","0.01427","0.9394","0.45577","0.93836","0.01375","0.9792","0.54369","0.93983","0.02646","0.9950","0.45463","0.94885","-0.02212","0.9653","0.54088","0.94631","-0.01448","0.9601"
"423","14.1000","0.49758","0.18607","0.01174","0.9663","0.48229","0.17880","0.00759","0.9504","0.47848","0.17681","0.00502","0.9524","0.46975","0.17712","0.00383","0.9645","0.51679","0.18035","0.01713","0.9393","0.52557","0.17696","0.01304","0.9243","0.52880","0.17940","0.01063","0.9503","0.46199","0.18572","0.01891","0.9631","0.53343","0.18575","0.02420","0.9512","0.49314","0.21180","0.00973","0.9562","0.50715","0.21382","0.00916","0.9296","0.42281","0.30633","0.00525","0.9904","0.57576","0.31088","0.01359","0.9571","0.41120","0.43798","-0.02385","0.9438","0.58678","0.43688","-0.01953","0.9666","0.42301","0.54244","-0.05211","0.9631","0.57289","0.53918","-0.04088","0.9408","0.41358","0.56279","-0.05937","0.9661","0.58414","0.56469","-0.04635","0.9507","0.41327","0.55527","-0.05218","0.9739","0.58567","0.55809","-0.04594","0.9500","0.42820","0.55898","-0.04967","0.9585","0.57058","0.56063","-0.04271","0.9436","0.45301","0.52913","0.00146","0.9280","0.54728","0.52999","0.00446","0.9526","0.45256","0.71852","-0.00814","0.9906","0.54534","0.71745","-0.00041","0.9682","0.45021","0.91945","0.00394","0.9299","0.54305","0.91846","0.00888","0.9226","0.45573","0.93812","0.01861","0.9607","0.54428","0.93893","0.02341","0.9573","0.45228","0.94936","-0.02026","0.9168","0.54275","0.94905","-0.01501","0.9540"
"424","14.1333","0.49995","0.19120","0.00658","0.9303","0.48228","0.18269","0.00084","0.9767","0.47724","0.17858","0.00629","0.9950","0.46972","0.18104","0.00685","0.9749","0.51666","0.18333","0.01151","0.9023","0.52334","0.17969","0.01302","0.9396","0.53129","0.18574","0.01289","0.9265","0.46633","0.19065","0.01602","0.9688","0.53282","0.19102","0.02103","0.9359","0.48881","0.21508","0.00703","0.9756","0.50954","0.21718","0.00826","0.9727","0.42098","0.31231","0.00516","0.9667","0.57556","0.31341","0.01154","0.9368","0.41411","0.43992","-0.03074","0.9461","0.58141","0.43996","-0.02544","0.9511","0.42306","0.54680","-0.05069","0.9262","0.57160","0.54675","-0.04859","0.9618","0.41815","0.56574","-0.05906","0.9416","0.58359","0.56345","-0.05013","0.9470","0.40976","0.56082","-0.05788","0.9790","0.58775","0.55989","-0.05233","0.9576","0.42961","0.55778","-0.05390","0.9812","0.57119","0.55757","-0.04513","0.9666","0.45635","0.53705","-0.00346","0.9659","0.54650","0.53241","0.00458","0.9393","0.45753","0.71771","-0.00788","0.9369","0.54500","0.71788","-0.00219","0.9723","0.45435","0.92239","0.00314","0.9604","0.54382","0.92249","0.01205","0.9311","0.45456","0.94001","0.01610","0.9222","0.54435","0.93854","0.02599","0.9569","0.45582","0.94929","-0.01942","0.9776","0.54372","0.94956","-0.01471","0.8951"
"425","14.1667","0.50051","0.19753","0.00827","0.9472","0.48196","0.18474","0.00406","0.9654","0.47692","0.18676","0.00503","0.9950","0.47210","0.18899","0.00625","0.9836","0.51693","0.18856","0.01109","0.9342","0.52306","0.18553","0.01187","0.9483","0.53006","0.18627","0.01105","0.9488","0.46553","0.19849","0.01654","0.9497","0.53461","0.19682","0.02247","0.9273","0.49262","0.22355","0.00605","0.9518","0.51012","0.22209","0.00409","0.9477","0.42694","0.31882","0.00371","0.9271","0.57561","0.31787","0.00824","0.9305","0.41451","0.44642","-0.03280","0.9348","0.58251","0.44380","-0.02507","0.9713","0.42964","0.54558","-0.05768","0.9673","0.57481","0.54478","-0.05310","0.9741","0.41512","0.57039","-0.06447","0.9834","0.57933","0.56857","-0.05797","0.9476","0.41348","0.55944","-0.06327","0.9719","0.58705","0.56173","-0.05718","0.9533","0.42879","0.56060","-0.06117","0.9498","0.56901","0.55780","-0.04947","0.9288","0.45555","0.54495","-0.00389","0.9413","0.54490","0.54418","0.00574","0.9294","0.45552","0.71961","-0.01326","0.9782","0.54405","0.71759","-0.00167","0.9523","0.45716","0.92083","0.00232","0.9703","0.54279","0.92043","0.01033","0.9403","0.45380","0.93961","0.01827","0.9550","0.54592","0.94015","0.02713","0.9339","0.45563","0.95053","-0.02261","0.9635","0.54685","0.94886","-0.01498","0.9542"
"426","14.2000","0.49945","0.19950","0.00997","0.9611","0.48162","0.18472","0.00466","0.9500","0.47708","0.18875","0.00566","0.9787","0.47009","0.18750","0.00476","0.9532","0.51837","0.18742","0.01129","0.9530","0.52452","0.18539","0.01229","0.9453","0.53080","0.18813","0.01201","0.9473","0.46471","0.19759","0.01702","0.9477","0.53600","0.19597","0.01984","0.9448","0.49126","0.22455","0.00615","0.9489","0.50889","0.22215","0.00429","0.9278","0.42532","0.31828","0.00527","0.9479","0.57515","0.31756","0.00978","0.9459","0.41425","0.44525","-0.03137","0.9615","0.58304","0.44440","-0.02442","0.9742","0.42688","0.54522","-0.05866","0.9503","0.57441","0.54550","-0.05062","0.9738","0.41699","0.56848","-0.06343","0.9661","0.58035","0.56719","-0.05630","0.9493","0.41579","0.55891","-0.06207","0.9373","0.58651","0.56191","-0.05585","0.9412","0.42909","0.56159","-0.05930","0.9576","0.56939","0.55893","-0.04962","0.9592","0.45528","0.54350","-0.00268","0.9709","0.54411","0.54363","0.00631","0.9379","0.45633","0.71969","-0.01352","0.9685","0.54450","0.71635","-0.00077","0.9439","0.45596","0.92064","0.00333","0.9624","0.54488","0.91930","0.01081","0.9436","0.45371","0.93895","0.01767","0.9777","0.54505","0.94221","0.02661","0.9534","0.45709","0.95010","-0.02159","0.9905","0.54693","0.94848","-0.01525","0.9337"
"427","14.2333","0.50144","0.20485","0.00651","0.9445","0.48191","0.19229","0.00219","0.9558","0.47859","0.19298","0.00199","0.9687","0.47013","0.19017","-0.00213","0.9317","0.51659","0.19415","0.00947","0.9533","0.52243","0.19307","0.00701","0.9502","0.53022","0.19749","0.00811","0.9412","0.46787","0.20567","0.01419","0.9744","0.53384","0.20523","0.01890","0.9293","0.48877","0.22787","0.00501","0.9540","0.51247","0.22806","0.00776","0.9713","0.42649","0.32470","0.00365","0.9466","0.57343","0.32574","0.01059","0.9573","0.41718","0.44799","-0.03579","0.9619","0.58552","0.44785","-0.02978","0.9186","0.42428","0.55240","-0.06356","0.9950","0.57278","0.54706","-0.05642","0.9510","0.41827","0.56736","-0.06473","0.9741","0.58227","0.56790","-0.06030","0.9252","0.41032","0.56154","-0.07103","0.9539","0.58654","0.56503","-0.06200","0.9422","0.43203","0.56696","-0.06043","0.9686","0.56997","0.56568","-0.05714","0.9746","0.45370","0.55107","-0.00027","0.9851","0.54656","0.55007","0.00557","0.9181","0.45369","0.72098","-0.01747","0.9557","0.54360","0.71653","-0.01190","0.9191","0.44988","0.91812","0.00347","0.9839","0.54752","0.91823","0.00730","0.9299","0.45108","0.93839","0.01543","0.9833","0.54656","0.94258","0.02620","0.9091","0.45530","0.94873","-0.02709","0.9571","0.54408","0.95021","-0.01619","0.9577"
"428","14.2667","0.49889","0.21270","0.00340","0.9936","0.48164","0.20286","0.00010","0.9529","0.47665","0.19657","0.00339","0.9950","0.47060","0.19866","0.00143","0.9419","0.51520","0.20010","0.00899","0.9590","0.52303","0.19765","0.00894","0.9364","0.52838","0.20114","0.01132","0.9754","0.46514","0.20870","0.01207","0.9433","0.53552","0.21194","0.01918","0.9121","0.49068","0.23410","0.00372","0.9568","0.50831","0.23773","0.00276","0.9216","0.42393","0.33191","0.00004","0.9855","0.57603","0.32597","0.00748","0.9307","0.41397","0.45258","-0.04027","0.9258","0.58093","0.45502","-0.03301","0.9298","0.42417","0.55490","-0.06614","0.9672","0.57589","0.55197","-0.06226","0.9267","0.41655","0.57010","-0.07362","0.9702","0.58395","0.56927","-0.06670","0.9590","0.41285","0.56745","-0.07245","0.9649","0.58209","0.56512","-0.06153","0.9352","0.42564","0.56625","-0.07006","0.9672","0.56716","0.56912","-0.06212","0.9421","0.45459","0.55589","0.00089","0.9704","0.54327","0.55539","0.00812","0.9255","0.45284","0.71956","-0.01964","0.9480","0.54212","0.71775","-0.01343","0.9179","0.45241","0.91825","0.00111","0.9511","0.54598","0.92005","0.01202","0.9380","0.45816","0.94052","0.01768","0.9542","0.54228","0.93956","0.02585","0.9164","0.45495","0.95015","-0.02274","0.9573","0.54361","0.95069","-0.01391","0.9513"
"429","14.3000","0.49836","0.21658","-0.00028","0.9759","0.48325","0.20502","0.00280","0.9258","0.47879","0.20431","0.00162","0.9384","0.47254","0.20434","-0.00166","0.9702","0.51913","0.20393","0.00825","0.9250","0.52117","0.20387","0.00866","0.9457","0.52882","0.20500","0.00705","0.9488","0.46777","0.21894","0.00630","0.9858","0.53577","0.21679","0.01773","0.9107","0.48608","0.24129","0.00505","0.9477","0.50882","0.24271","0.00535","0.9786","0.42606","0.33712","-0.00634","0.9631","0.57765","0.34013","0.00626","0.9499","0.41497","0.45768","-0.04458","0.9640","0.58590","0.45622","-0.03611","0.9761","0.42815","0.55204","-0.07625","0.9508","0.57549","0.55296","-0.06902","0.9605","0.41668","0.57423","-0.08100","0.9749","0.58258","0.57298","-0.07956","0.9224","0.41291","0.56942","-0.07954","0.9758","0.58561","0.56649","-0.07396","0.9160","0.43022","0.56829","-0.07697","0.9820","0.56990","0.57182","-0.06856","0.9520","0.45347","0.56438","-0.00128","0.9457","0.54562","0.56375","0.00525","0.9511","0.45290","0.71839","-0.02384","0.9539","0.54817","0.72004","-0.01668","0.9395","0.45412","0.91868","0.00090","0.9186","0.54562","0.92284","0.01125","0.9619","0.45527","0.93840","0.02092","0.9410","0.54334","0.93288","0.02739","0.9590","0.45543","0.94790","-0.02081","0.9736","0.54468","0.94916","-0.01502","0.9455"
"430","14.3333","0.49983","0.22229","0.00430","0.9655","0.47962","0.21458","-0.00097","0.9494","0.47562","0.21189","0.00023","0.9567","0.47074","0.21432","-0.00311","0.9308","0.51693","0.21531","0.00330","0.9236","0.52145","0.20935","0.00531","0.9646","0.53092","0.21250","0.00800","0.9675","0.46634","0.22403","0.00764","0.9467","0.53320","0.22427","0.01583","0.9286","0.48920","0.24683","0.00369","0.9543","0.51262","0.24959","0.00246","0.9950","0.42307","0.34831","-0.00347","0.9392","0.57296","0.34655","0.00176","0.9406","0.41322","0.46382","-0.04818","0.9765","0.58586","0.46463","-0.04025","0.9081","0.42602","0.55721","-0.08407","0.9291","0.57548","0.55822","-0.07380","0.9282","0.41488","0.57666","-0.08810","0.9382","0.58339","0.57861","-0.08097","0.9469","0.41104","0.56812","-0.08615","0.9427","0.58748","0.57190","-0.07839","0.9339","0.42889","0.57041","-0.08005","0.9639","0.57080","0.57080","-0.07066","0.9317","0.45475","0.57900","0.00016","0.9763","0.54302","0.57293","0.00201","0.9471","0.45290","0.72050","-0.03039","0.9494","0.54932","0.71759","-0.01838","0.9354","0.45684","0.91807","0.00378","0.9584","0.54574","0.92029","0.00691","0.9741","0.45449","0.93705","0.01710","0.9784","0.54740","0.93929","0.02497","0.9417","0.45473","0.95010","-0.02293","0.9574","0.54127","0.94805","-0.01677","0.9257"
"431","14.3667","0.50126","0.22365","0.00265","0.9882","0.48099","0.21389","-0.00115","0.9552","0.47689","0.21255","0.00136","0.9437","0.47128","0.21397","-0.00338","0.9433","0.51624","0.21491","0.00314","0.9299","0.52241","0.21173","0.00286","0.9520","0.53173","0.21220","0.00783","0.9648","0.46747","0.22494","0.00923","0.9621","0.53300","0.22429","0.01677","0.9455","0.48911","0.24638","0.00416","0.9566","0.51263","0.24960","0.00095","0.9844","0.42362","0.34868","-0.00264","0.9620","0.57304","0.34474","0.00348","0.9304","0.41258","0.46473","-0.04837","0.9732","0.58420","0.46438","-0.03970","0.9162","0.42506","0.55634","-0.08187","0.9056","0.57231","0.55896","-0.07489","0.9306","0.41463","0.57379","-0.08894","0.9398","0.58192","0.57725","-0.07974","0.9556","0.41083","0.56804","-0.08613","0.9589","0.58727","0.57203","-0.08088","0.9229","0.42909","0.57020","-0.08216","0.9678","0.57242","0.56892","-0.07213","0.9295","0.45525","0.57668","0.00065","0.9840","0.54382","0.57303","0.00168","0.9327","0.45143","0.72116","-0.03091","0.9330","0.54897","0.71774","-0.01931","0.9248","0.45829","0.92056","0.00482","0.9438","0.54580","0.92201","0.00815","0.9630","0.45565","0.93635","0.01823","0.9591","0.54891","0.93900","0.02600","0.9421","0.45594","0.94900","-0.02414","0.9461","0.54089","0.94856","-0.01623","0.9256"
"432","14.4000","0.50212","0.22725","0.00132","0.9681","0.48380","0.22055","-0.00541","0.9519","0.47927","0.22007","-0.00673","0.9874","0.47236","0.22135","0.00123","0.9360","0.51624","0.22415","0.00283","0.9534","0.52464","0.21696","0.00708","0.9507","0.53009","0.22124","0.00444","0.9517","0.46705","0.23269","0.00974","0.9453","0.53334","0.23371","0.01878","0.9481","0.49070","0.25641","0.00101","0.9821","0.50765","0.25647","0.00283","0.9788","0.42546","0.35550","-0.00538","0.9440","0.57427","0.35523","0.00235","0.9512","0.41521","0.46907","-0.05088","0.9939","0.58639","0.46922","-0.04715","0.9755","0.42592","0.55873","-0.08525","0.9950","0.57547","0.55831","-0.08189","0.9506","0.41683","0.57887","-0.09220","0.9431","0.58060","0.58180","-0.08573","0.9379","0.41615","0.57222","-0.09325","0.9392","0.58862","0.57580","-0.08530","0.9084","0.42708","0.57239","-0.08736","0.9685","0.57001","0.57396","-0.07985","0.9029","0.45433","0.58454","0.00193","0.9541","0.54667","0.58383","0.00724","0.9303","0.45344","0.71880","-0.03202","0.9423","0.54690","0.71670","-0.02527","0.9130","0.45442","0.91910","0.00138","0.9186","0.54427","0.91753","0.00851","0.9577","0.45422","0.93888","0.01977","0.9595","0.54380","0.94027","0.02671","0.9478","0.45429","0.95008","-0.02145","0.9552","0.54562","0.94949","-0.01328","0.9196"
"433","14.4333","0.50204","0.23700","0.00103","0.9510","0.48319","0.22774","-0.00468","0.9422","0.47541","0.22370","-0.00252","0.9744","0.47320","0.22795","-0.00223","0.9243","0.51633","0.22771","0.00272","0.9554","0.52451","0.22643","0.00551","0.9628","0.53180","0.23113","0.00074","0.9320","0.46530","0.23978","0.00428","0.9724","0.53425","0.24103","0.01366","0.9285","0.49151","0.26410","0.00028","0.9394","0.50856","0.26254","-0.00187","0.9413","0.42468","0.36168","-0.00824","0.9810","0.57690","0.36062","-0.00172","0.9084","0.41577","0.47239","-0.05725","0.9925","0.58578","0.47677","-0.05403","0.9510","0.42584","0.56095","-0.09459","0.9632","0.57688","0.55723","-0.08990","0.9637","0.41511","0.58330","-0.10257","0.9733","0.58866","0.57999","-0.09133","0.9345","0.41220","0.57637","-0.09938","0.9491","0.58423","0.57868","-0.09224","0.9181","0.42688","0.57557","-0.09339","0.9259","0.57107","0.57701","-0.08800","0.9433","0.45535","0.59346","0.00137","0.9609","0.54587","0.59423","0.00578","0.9401","0.45013","0.71822","-0.03365","0.9521","0.54597","0.71665","-0.02997","0.9299","0.45464","0.91991","0.00218","0.9454","0.54659","0.91922","0.00842","0.9341","0.45519","0.93680","0.01871","0.9363","0.54570","0.94244","0.02362","0.9434","0.45540","0.94615","-0.02367","0.9679","0.54437","0.95232","-0.01444","0.9369"
"434","14.4667","0.49668","0.24746","0.00030","0.9209","0.48345","0.23397","-0.00539","0.9459","0.47653","0.23488","-0.00506","0.9520","0.47114","0.23859","-0.00605","0.9669","0.51708","0.23548","0.00162","0.9758","0.52267","0.23494","0.00256","0.9102","0.52945","0.23763","-0.00007","0.9601","0.46615","0.24592","0.00356","0.9827","0.53292","0.24809","0.00760","0.9258","0.49021","0.27191","-0.00196","0.9398","0.51286","0.27378","-0.00548","0.9598","0.42521","0.37106","-0.01012","0.9761","0.57354","0.37058","-0.00245","0.9266","0.41266","0.47915","-0.06015","0.9815","0.58409","0.48059","-0.05228","0.9312","0.42384","0.56318","-0.10306","0.9710","0.57387","0.56476","-0.09485","0.9331","0.41886","0.58761","-0.10848","0.9612","0.58406","0.58145","-0.09892","0.9266","0.41511","0.58323","-0.10524","0.9275","0.58912","0.58021","-0.09785","0.8931","0.42744","0.57941","-0.09832","0.9887","0.57113","0.58278","-0.09251","0.9194","0.45484","0.60548","-0.00074","0.9259","0.54769","0.60342","0.00524","0.9392","0.45262","0.71692","-0.04271","0.9710","0.54777","0.72095","-0.03624","0.9712","0.45462","0.92054","0.00266","0.9304","0.54477","0.92099","0.00806","0.9598","0.45881","0.94164","0.01896","0.9742","0.54370","0.93868","0.02726","0.9752","0.45345","0.94735","-0.02226","0.9583","0.54325","0.94944","-0.01545","0.9452"
"435","14.5000","0.49679","0.24733","-0.00126","0.9624","0.48452","0.23535","-0.00533","0.9265","0.47566","0.23566","-0.00384","0.9571","0.47335","0.23847","-0.00708","0.9644","0.51589","0.23589","0.00017","0.9688","0.52316","0.23475","0.00199","0.9227","0.52788","0.23471","0.00139","0.9346","0.46556","0.24777","0.00351","0.9705","0.53519","0.24913","0.01099","0.9321","0.49112","0.27129","-0.00169","0.9549","0.51108","0.27210","-0.00165","0.9782","0.42446","0.37206","-0.01080","0.9741","0.57395","0.37169","-0.00291","0.9176","0.41257","0.48059","-0.06084","0.9950","0.58531","0.48168","-0.05182","0.9717","0.42574","0.56212","-0.10313","0.9882","0.57554","0.56489","-0.09378","0.9504","0.41734","0.58593","-0.10648","0.9547","0.58241","0.58154","-0.10011","0.9314","0.41567","0.58289","-0.10376","0.9308","0.58999","0.57940","-0.09753","0.9265","0.42780","0.57993","-0.09967","0.9521","0.57416","0.58456","-0.09294","0.9174","0.45455","0.60414","-0.00161","0.9439","0.54579","0.60475","0.00610","0.9509","0.45139","0.71940","-0.04356","0.9640","0.54816","0.71962","-0.03443","0.9592","0.45495","0.91931","0.00292","0.9257","0.54481","0.92076","0.00734","0.9407","0.45778","0.94297","0.01914","0.9576","0.54568","0.93983","0.02639","0.9614","0.45330","0.94649","-0.02058","0.9581","0.54351","0.94736","-0.01470","0.9301"
"436","14.5333","0.49900","0.25620","-0.00537","0.9413","0.48317","0.24325","-0.00470","0.9737","0.47811","0.23962","-0.00715","0.9606","0.47110","0.24231","-0.00702","0.9705","0.52055","0.24386","0.00040","0.9470","0.52235","0.23907","-0.00042","0.9227","0.52879","0.24290","-0.00084","0.9739","0.46553","0.25601","0.00422","0.9625","0.53457","0.25333","0.01092","0.9302","0.48905","0.27688","-0.00260","0.9414","0.51170","0.27648","-0.00094","0.9413","0.42400","0.37855","-0.01158","0.9450","0.57553","0.37569","-0.00491","0.9284","0.41580","0.48588","-0.06531","0.9455","0.58524","0.48537","-0.05779","0.9849","0.42555","0.56479","-0.10538","0.9697","0.57930","0.57050","-0.10003","0.9530","0.41556","0.58599","-0.11194","0.9497","0.58486","0.58674","-0.10616","0.9638","0.41153","0.58349","-0.11026","0.9654","0.58669","0.57984","-0.10676","0.9250","0.42853","0.58175","-0.10723","0.9835","0.56921","0.58176","-0.10061","0.9560","0.45644","0.60927","0.00180","0.9412","0.54703","0.61023","0.00477","0.9341","0.45116","0.71975","-0.04395","0.9556","0.55425","0.72123","-0.03715","0.9627","0.45793","0.92061","0.00085","0.9591","0.54605","0.92012","0.00704","0.9229","0.45499","0.93782","0.01557","0.9712","0.54209","0.93877","0.02243","0.9034","0.45672","0.94759","-0.02492","0.9177","0.54432","0.94845","-0.01753","0.9509"
"437","14.5667","0.50127","0.25857","-0.00831","0.9307","0.48418","0.25193","-0.00776","0.9922","0.47392","0.25086","-0.00930","0.9560","0.47030","0.25410","-0.00618","0.9305","0.51884","0.24785","-0.00075","0.9470","0.52145","0.24720","0.00211","0.9173","0.52809","0.25190","-0.00289","0.9152","0.46215","0.25613","0.00103","0.9606","0.53334","0.26009","0.00768","0.9538","0.49074","0.28135","-0.00423","0.9672","0.51191","0.28320","-0.00584","0.9448","0.42345","0.38316","-0.01015","0.9711","0.57622","0.38423","-0.00331","0.9490","0.41467","0.48850","-0.06892","0.9501","0.58417","0.49252","-0.05966","0.9253","0.42575","0.56940","-0.11275","0.9405","0.57616","0.57191","-0.10701","0.9427","0.41959","0.58961","-0.11564","0.9950","0.58558","0.58644","-0.10753","0.9540","0.41219","0.58756","-0.11713","0.9365","0.58806","0.58438","-0.10819","0.9588","0.42977","0.58403","-0.11059","0.9411","0.57568","0.58649","-0.10480","0.9589","0.45667","0.61993","0.00208","0.9540","0.54423","0.61860","0.01065","0.9523","0.45305","0.72114","-0.04515","0.9638","0.54872","0.71849","-0.04040","0.9419","0.45629","0.91885","0.00260","0.9256","0.54267","0.91898","0.00824","0.9128","0.45459","0.93868","0.01990","0.9762","0.54375","0.93894","0.02555","0.9595","0.45638","0.95184","-0.02301","0.9304","0.54263","0.94963","-0.01420","0.9499"
"438","14.6000","0.49941","0.26512","-0.00880","0.9625","0.48440","0.25418","-0.00886","0.9372","0.47503","0.25381","-0.00847","0.9417","0.46830","0.25262","-0.00750","0.9669","0.51613","0.25536","-0.00239","0.9560","0.52471","0.25263","-0.00464","0.9186","0.53109","0.25715","-0.00232","0.9599","0.46710","0.26709","-0.00033","0.9513","0.53509","0.26641","0.00800","0.9432","0.48963","0.28856","-0.00941","0.9600","0.51262","0.28932","-0.00620","0.9811","0.42793","0.39274","-0.01436","0.9629","0.57910","0.38980","-0.00894","0.9399","0.41913","0.49963","-0.06974","0.9535","0.58616","0.49302","-0.06521","0.9389","0.42461","0.57563","-0.11774","0.9733","0.57688","0.57213","-0.11370","0.9333","0.41795","0.58953","-0.11994","0.9548","0.58496","0.59291","-0.11397","0.9459","0.41393","0.58593","-0.12293","0.9395","0.58759","0.58682","-0.11364","0.9544","0.42958","0.58363","-0.12265","0.9262","0.57178","0.58437","-0.10852","0.9825","0.45786","0.62614","0.00347","0.9270","0.54412","0.62700","0.01248","0.9508","0.45103","0.71897","-0.05205","0.9562","0.54910","0.71954","-0.04678","0.9431","0.45565","0.91950","0.00534","0.9708","0.54516","0.91609","0.00913","0.9235","0.45482","0.93982","0.01669","0.9727","0.54549","0.93813","0.02053","0.9341","0.45738","0.94759","-0.02502","0.9649","0.54451","0.94689","-0.01321","0.9476"
"439","14.6333","0.49927","0.26704","-0.00735","0.9556","0.48545","0.25226","-0.00829","0.9424","0.47679","0.25540","-0.00865","0.9593","0.46819","0.25434","-0.00960","0.9423","0.51691","0.25529","-0.00421","0.9744","0.52427","0.25248","-0.00262","0.9456","0.53162","0.25595","-0.00122","0.9518","0.46771","0.26677","-0.00086","0.9505","0.53526","0.26591","0.00703","0.9261","0.48894","0.28906","-0.00742","0.9556","0.51234","0.29139","-0.00486","0.9761","0.42701","0.39228","-0.01581","0.9583","0.57740","0.38963","-0.00768","0.9517","0.41724","0.49937","-0.07148","0.9494","0.58683","0.49247","-0.06446","0.9347","0.42500","0.57327","-0.11603","0.9854","0.57620","0.57217","-0.11397","0.9360","0.41693","0.59006","-0.12125","0.9582","0.58448","0.59372","-0.11424","0.9676","0.41384","0.58641","-0.12307","0.9557","0.58829","0.58801","-0.11404","0.9445","0.42872","0.58484","-0.12041","0.9228","0.57113","0.58535","-0.11062","0.9610","0.45886","0.62610","0.00327","0.9398","0.54594","0.62665","0.01286","0.9664","0.45231","0.71994","-0.05131","0.9755","0.54894","0.72036","-0.04338","0.9571","0.45540","0.91790","0.00302","0.9930","0.54457","0.91775","0.00990","0.9349","0.45452","0.94133","0.01704","0.9589","0.54706","0.93957","0.02178","0.9622","0.45825","0.95123","-0.02350","0.9465","0.54428","0.94873","-0.01296","0.9336"
"440","14.6667","0.49918","0.27142","-0.00378","0.9503","0.48286","0.25979","-0.00927","0.9717","0.47593","0.25964","-0.01417","0.9652","0.47348","0.26454","-0.00954","0.9676","0.51618","0.26055","-0.00287","0.9577","0.52323","0.26017","-0.00240","0.9324","0.52942","0.26060","-0.00323","0.9093","0.46883","0.27282","-0.00346","0.9715","0.53849","0.26886","0.00744","0.9661","0.49053","0.29876","-0.00768","0.9857","0.51067","0.29499","-0.00711","0.9242","0.42700","0.39633","-0.01404","0.9617","0.57522","0.39905","-0.01011","0.9365","0.41228","0.50231","-0.07511","0.9778","0.58341","0.49981","-0.06869","0.9391","0.42362","0.57560","-0.12369","0.9291","0.57619","0.57657","-0.11502","0.9306","0.41852","0.59496","-0.12821","0.9516","0.58244","0.59384","-0.11827","0.9532","0.41299","0.59126","-0.12745","0.9950","0.58872","0.58763","-0.11939","0.9731","0.42696","0.58931","-0.11944","0.9320","0.57055","0.58925","-0.11483","0.9519","0.45412","0.63098","0.00261","0.9922","0.54559","0.63210","0.01014","0.9404","0.45010","0.72017","-0.05211","0.9788","0.54895","0.71710","-0.04614","0.9488","0.45454","0.91984","0.00048","0.9529","0.54640","0.91794","0.00994","0.9444","0.45536","0.94011","0.01696","0.9664","0.54644","0.93721","0.01987","0.9029","0.45769","0.94538","-0.02025","0.9619","0.54557","0.94831","-0.01760","0.9652"
"441","14.7000","0.50225","0.27878","-0.00925","0.9529","0.48514","0.26573","-0.01192","0.9535","0.47681","0.26121","-0.01419","0.9735","0.47145","0.26386","-0.01232","0.9489","0.52053","0.26525","-0.00429","0.9366","0.52208","0.26356","-0.00154","0.9404","0.53175","0.26703","-0.00368","0.9494","0.46833","0.27331","0.00043","0.9950","0.53800","0.27821","0.00648","0.9364","0.49055","0.29967","-0.00733","0.9472","0.51188","0.29911","-0.00480","0.9594","0.42661","0.39938","-0.01311","0.9707","0.57918","0.39743","-0.01034","0.9281","0.41711","0.50159","-0.07829","0.9641","0.58679","0.50435","-0.07171","0.9792","0.42234","0.57668","-0.12687","0.9553","0.57378","0.57553","-0.12192","0.9180","0.41815","0.59594","-0.13081","0.9701","0.58371","0.59673","-0.12055","0.9668","0.41539","0.59065","-0.12974","0.9675","0.59029","0.59091","-0.12507","0.9070","0.42788","0.59171","-0.12699","0.9675","0.57006","0.59042","-0.11728","0.9130","0.45979","0.63803","0.00006","0.9429","0.54743","0.63733","0.00967","0.9403","0.45016","0.71975","-0.05933","0.9513","0.55020","0.71894","-0.04924","0.9274","0.45601","0.91948","0.00219","0.9665","0.54376","0.92055","0.00943","0.9327","0.45602","0.93842","0.02091","0.9663","0.54495","0.93829","0.02620","0.9745","0.45862","0.94789","-0.02333","0.9699","0.54439","0.94853","-0.01397","0.9288"
"442","14.7333","0.50109","0.28129","-0.00512","0.9288","0.48376","0.26849","-0.01422","0.9872","0.47743","0.26607","-0.01536","0.9690","0.47101","0.26846","-0.01164","0.9670","0.51877","0.27120","-0.00751","0.9590","0.52520","0.26786","-0.00709","0.9492","0.52763","0.26691","-0.00611","0.9699","0.46826","0.28021","-0.00277","0.9361","0.53504","0.27588","0.00558","0.9070","0.49233","0.30388","-0.00884","0.9357","0.51023","0.30438","-0.00688","0.9533","0.42592","0.40170","-0.01543","0.9683","0.57726","0.40427","-0.00998","0.9363","0.41719","0.50283","-0.08347","0.9326","0.58650","0.50477","-0.07336","0.9292","0.42553","0.57799","-0.12735","0.9628","0.57609","0.57655","-0.12356","0.9461","0.41558","0.59921","-0.13245","0.9847","0.58438","0.59622","-0.12728","0.9272","0.41531","0.59360","-0.13218","0.9737","0.58709","0.59227","-0.12515","0.9467","0.43015","0.59187","-0.12752","0.9387","0.56953","0.58888","-0.11961","0.9708","0.45472","0.64063","0.00034","0.9763","0.54839","0.64685","0.00864","0.9354","0.44897","0.71737","-0.06228","0.9087","0.54708","0.71852","-0.05291","0.9415","0.45689","0.91959","0.00207","0.9464","0.54795","0.92229","0.00822","0.9430","0.45461","0.93485","0.01917","0.9561","0.54616","0.94143","0.02523","0.9321","0.45586","0.95004","-0.02376","0.9587","0.54469","0.94986","-0.01910","0.8774"
"443","14.7667","0.50270","0.28186","-0.00882","0.9450","0.48350","0.26874","-0.01049","0.9592","0.47882","0.27085","-0.01193","0.9556","0.47310","0.27400","-0.01228","0.9226","0.52121","0.27389","-0.00500","0.9591","0.52486","0.26946","-0.00535","0.9190","0.52794","0.27100","-0.00783","0.9272","0.46696","0.27981","-0.00461","0.9446","0.53769","0.28245","0.00370","0.9826","0.48897","0.30726","-0.01026","0.9578","0.51480","0.31239","-0.00720","0.9187","0.42614","0.40761","-0.01698","0.9728","0.57822","0.40667","-0.00953","0.9613","0.41533","0.50695","-0.08050","0.9417","0.58806","0.50595","-0.07495","0.9543","0.42470","0.58044","-0.13198","0.9639","0.57766","0.57574","-0.12740","0.9203","0.41909","0.59637","-0.13995","0.9677","0.58604","0.59641","-0.12852","0.9466","0.41360","0.59313","-0.13701","0.9950","0.58747","0.58973","-0.12713","0.9381","0.42960","0.59415","-0.13069","0.9534","0.57315","0.59345","-0.12304","0.9161","0.45858","0.64657","0.00202","0.9757","0.54511","0.64691","0.00593","0.9388","0.45417","0.71919","-0.06178","0.9563","0.54949","0.71839","-0.05435","0.9307","0.45807","0.91911","0.00140","0.9643","0.54622","0.91841","0.01089","0.9763","0.45737","0.93842","0.01675","0.9713","0.54621","0.93935","0.02470","0.9542","0.45805","0.94797","-0.02209","0.9291","0.54733","0.94877","-0.01520","0.9501"
"444","14.8000","0.50251","0.28002","-0.00955","0.9524","0.48437","0.26941","-0.01206","0.9823","0.48016","0.27117","-0.01296","0.9688","0.47383","0.27363","-0.01341","0.9239","0.51867","0.27421","-0.00450","0.9707","0.52486","0.26980","-0.00635","0.9138","0.52656","0.27153","-0.00856","0.9602","0.46813","0.28190","-0.00562","0.9252","0.53783","0.28376","0.00194","0.9629","0.48906","0.30641","-0.00887","0.9779","0.51323","0.31146","-0.00858","0.9461","0.42664","0.40964","-0.02052","0.9703","0.57702","0.40920","-0.01037","0.9664","0.41737","0.50970","-0.08044","0.9753","0.58778","0.50706","-0.07454","0.9410","0.42774","0.58093","-0.13121","0.9715","0.57654","0.57644","-0.12458","0.9277","0.42012","0.59755","-0.13913","0.9586","0.58818","0.59425","-0.12890","0.9409","0.41407","0.59307","-0.13620","0.9769","0.58664","0.59080","-0.13021","0.9216","0.43136","0.59307","-0.12818","0.9473","0.57315","0.59466","-0.12285","0.9239","0.45874","0.64765","0.00317","0.9674","0.54390","0.64637","0.00532","0.9038","0.45364","0.71921","-0.06218","0.9715","0.55005","0.72147","-0.05611","0.9608","0.45664","0.91832","0.00200","0.9733","0.54616","0.91896","0.00848","0.9519","0.45664","0.93711","0.01652","0.9833","0.54491","0.93904","0.02370","0.9334","0.45827","0.94716","-0.02296","0.9417","0.54669","0.94876","-0.01704","0.9702"
"445","14.8333","0.50026","0.28364","-0.01086","0.9928","0.48383","0.27339","-0.01239","0.9824","0.47908","0.27000","-0.01322","0.9540","0.47278","0.27401","-0.01158","0.9740","0.51686","0.27245","-0.00637","0.9410","0.52425","0.27237","-0.00636","0.9650","0.53041","0.27405","-0.00980","0.9198","0.46671","0.28127","-0.00081","0.9841","0.53768","0.28251","0.00299","0.9232","0.49189","0.30736","-0.00317","0.9447","0.51326","0.30859","-0.00754","0.9497","0.42674","0.40982","-0.01865","0.9660","0.57434","0.40732","-0.01532","0.9478","0.41562","0.50782","-0.08534","0.9676","0.58747","0.50590","-0.07801","0.9310","0.42582","0.57955","-0.13236","0.9789","0.57489","0.58214","-0.12618","0.9594","0.41968","0.59727","-0.14291","0.9827","0.58531","0.60215","-0.13244","0.9460","0.41477","0.59232","-0.13854","0.9588","0.58740","0.59388","-0.13193","0.9426","0.43117","0.59440","-0.13438","0.9778","0.57461","0.59392","-0.12624","0.9416","0.45658","0.64683","0.00418","0.9231","0.54656","0.64825","0.00534","0.9258","0.45288","0.71975","-0.06258","0.9950","0.55043","0.71913","-0.05631","0.9564","0.45708","0.92112","-0.00017","0.9718","0.54916","0.91798","0.01032","0.9543","0.45800","0.93965","0.01462","0.9686","0.54823","0.94105","0.02701","0.9034","0.45686","0.94802","-0.02596","0.9485","0.54391","0.94865","-0.01768","0.9569"
"446","14.8667","0.50276","0.28682","-0.00792","0.9573","0.48537","0.27625","-0.01542","0.9481","0.47720","0.27098","-0.01253","0.9650","0.47277","0.27220","-0.01291","0.9673","0.51465","0.27653","-0.00734","0.9550","0.52293","0.26866","-0.00924","0.9361","0.53015","0.27372","-0.00704","0.9308","0.46664","0.28413","-0.00180","0.9819","0.53560","0.28268","0.00523","0.9613","0.49118","0.30836","-0.01029","0.9189","0.51410","0.30958","-0.00687","0.9447","0.42718","0.41223","-0.01902","0.9419","0.57598","0.40819","-0.01157","0.9297","0.41670","0.50859","-0.08370","0.9697","0.58192","0.50894","-0.07575","0.9449","0.42626","0.57654","-0.13226","0.9422","0.57621","0.57990","-0.12271","0.9570","0.41788","0.60021","-0.13824","0.9639","0.58461","0.59779","-0.12796","0.9067","0.41318","0.59178","-0.13899","0.9483","0.58694","0.59465","-0.13092","0.9445","0.42726","0.59361","-0.13435","0.9711","0.57391","0.59363","-0.12956","0.9406","0.45728","0.65300","0.00079","0.9133","0.54340","0.64903","0.00813","0.8982","0.45450","0.72003","-0.06396","0.9650","0.55204","0.71735","-0.05392","0.9163","0.46078","0.91792","0.00344","0.9421","0.54600","0.91884","0.00931","0.9567","0.45673","0.94075","0.01575","0.9362","0.54604","0.93540","0.02327","0.9513","0.46001","0.94565","-0.02167","0.9481","0.54824","0.94445","-0.01754","0.9426"
"447","14.9000","0.50324","0.28100","-0.00865","0.9532","0.48736","0.27401","-0.01459","0.9237","0.47910","0.27145","-0.01153","0.9569","0.47266","0.27250","-0.01308","0.9773","0.51808","0.27223","-0.00664","0.9701","0.52375","0.27162","-0.00521","0.9203","0.53184","0.27279","-0.00516","0.9593","0.46528","0.28502","-0.00479","0.9686","0.53909","0.28392","0.00268","0.9552","0.49356","0.30879","-0.00716","0.9696","0.50993","0.30826","-0.00947","0.9950","0.42542","0.40717","-0.01778","0.9266","0.57900","0.40822","-0.01165","0.9365","0.41706","0.51332","-0.08195","0.9568","0.58801","0.50867","-0.07642","0.9469","0.42574","0.57957","-0.13480","0.9568","0.57648","0.57834","-0.12864","0.9576","0.41969","0.59607","-0.13460","0.9645","0.58430","0.59832","-0.12984","0.9482","0.41547","0.59127","-0.13865","0.8942","0.59201","0.59350","-0.12884","0.9461","0.42931","0.59459","-0.13510","0.9692","0.57338","0.59142","-0.12624","0.9099","0.45564","0.64985","0.00053","0.9565","0.54753","0.64608","0.00721","0.9167","0.45284","0.71943","-0.06131","0.9609","0.54899","0.71962","-0.05547","0.9581","0.45988","0.92095","0.00210","0.9651","0.54627","0.91749","0.01226","0.9174","0.45559","0.94036","0.01554","0.9532","0.54653","0.93555","0.02113","0.9610","0.45788","0.95375","-0.02135","0.9546","0.54489","0.94830","-0.01847","0.9505"
"448","14.9333","0.50473","0.28185","-0.00914","0.9466","0.48676","0.27354","-0.01320","0.9487","0.47782","0.27096","-0.01348","0.9627","0.47287","0.27193","-0.01292","0.9670","0.51924","0.27183","-0.00498","0.9853","0.52424","0.27245","-0.00694","0.9554","0.53217","0.27507","-0.00600","0.9506","0.46795","0.28310","-0.00350","0.9405","0.53977","0.28246","0.00393","0.9417","0.49164","0.30889","-0.00770","0.9780","0.51074","0.30951","-0.00890","0.9876","0.42604","0.40687","-0.01797","0.9111","0.57806","0.40882","-0.01152","0.9443","0.41783","0.51236","-0.08223","0.9555","0.58653","0.50833","-0.07542","0.9574","0.42660","0.58003","-0.13466","0.9641","0.57689","0.57737","-0.12990","0.9392","0.41883","0.59525","-0.13423","0.9521","0.58515","0.59798","-0.13151","0.9293","0.41562","0.59291","-0.13785","0.9382","0.59430","0.59493","-0.13023","0.9111","0.42981","0.59375","-0.13558","0.9689","0.57331","0.59113","-0.12580","0.9255","0.45559","0.64776","0.00045","0.9653","0.54740","0.64876","0.00643","0.9210","0.45154","0.71790","-0.06207","0.9416","0.55021","0.72067","-0.05511","0.9534","0.46010","0.92040","0.00110","0.9549","0.54838","0.91799","0.01154","0.9382","0.45603","0.94201","0.01580","0.9537","0.54570","0.93503","0.02263","0.9526","0.45711","0.95263","-0.02326","0.9500","0.54397","0.94785","-0.01721","0.9538"
"449","14.9667","0.50275","0.28075","-0.00822","0.9410","0.48044","0.27071","-0.01234","0.9563","0.48041","0.26865","-0.01624","0.9480","0.47021","0.27239","-0.01369","0.9783","0.51613","0.27472","-0.00386","0.9119","0.52346","0.26854","-0.00954","0.9108","0.53071","0.27809","-0.00490","0.9672","0.46538","0.28303","-0.00475","0.9629","0.53721","0.28189","0.00362","0.9754","0.49577","0.31077","-0.01172","0.9586","0.51222","0.30606","-0.01017","0.9477","0.42612","0.40779","-0.02098","0.9650","0.57613","0.40669","-0.00995","0.9557","0.41693","0.50937","-0.08395","0.9721","0.58222","0.50542","-0.07075","0.9659","0.42572","0.57867","-0.13566","0.9679","0.57630","0.57883","-0.12527","0.9312","0.41739","0.59802","-0.13750","0.9418","0.58308","0.59824","-0.12789","0.9507","0.41622","0.59196","-0.13629","0.9474","0.58823","0.59226","-0.12904","0.9412","0.43075","0.59380","-0.13120","0.9548","0.57220","0.59076","-0.12587","0.9481","0.45700","0.64583","0.00298","0.9517","0.54512","0.64577","0.00647","0.9438","0.45251","0.71772","-0.06088","0.9354","0.55107","0.71917","-0.05927","0.9085","0.45694","0.91989","0.00168","0.9641","0.54469","0.91734","0.01026","0.9529","0.45722","0.93682","0.01663","0.9530","0.54560","0.93825","0.02789","0.9213","0.45388","0.94562","-0.02230","0.9825","0.54653","0.94795","-0.01705","0.9370"
"450","15.0000","0.50163","0.27916","-0.01206","0.9385","0.48331","0.26884","-0.01355","0.9260","0.48018","0.26420","-0.01408","0.9193","0.46874","0.27205","-0.01228","0.9476","0.51951","0.26645","-0.00418","0.9454","0.52689","0.26828","-0.00781","0.9819","0.53263","0.27232","-0.00575","0.9385","0.46815","0.27690","-0.00337","0.9646","0.53369","0.27531","0.00576","0.9593","0.49220","0.30295","-0.00825","0.9522","0.51405","0.30587","-0.00753","0.9570","0.42575","0.40415","-0.01738","0.9929","0.57490","0.40483","-0.00950","0.9499","0.41413","0.50618","-0.07992","0.9631","0.58691","0.50592","-0.07472","0.9520","0.42862","0.57730","-0.13143","0.9649","0.57675","0.58027","-0.11788","0.9082","0.41868","0.59707","-0.13461","0.9797","0.58268","0.59747","-0.12934","0.9660","0.41290","0.59174","-0.13736","0.9834","0.58711","0.59158","-0.12917","0.9330","0.43407","0.59077","-0.12665","0.9759","0.57407","0.59261","-0.12417","0.9400","0.45460","0.64368","-0.00115","0.9692","0.54395","0.64116","0.00756","0.9347","0.45423","0.71635","-0.05995","0.9536","0.55232","0.71856","-0.05365","0.9726","0.45753","0.91909","0.00234","0.9848","0.54534","0.91750","0.00965","0.9296","0.45289","0.93899","0.01802","0.9519","0.54652","0.93577","0.02122","0.9522","0.45965","0.94784","-0.02451","0.9351","0.54726","0.94906","-0.01540","0.9179"
"451","15.0333","0.50316","0.27663","-0.00682","0.9478","0.48918","0.26731","-0.00938","0.9603","0.48137","0.26228","-0.01146","0.9327","0.47452","0.26526","-0.00895","0.9649","0.51938","0.26745","-0.00677","0.9454","0.52505","0.26313","-0.00477","0.9073","0.53157","0.26800","-0.00689","0.9528","0.46355","0.27662","-0.00094","0.9546","0.53488","0.27315","0.00851","0.9934","0.48864","0.30056","-0.00891","0.9950","0.51149","0.29882","-0.00894","0.9453","0.42845","0.40127","-0.01211","0.9508","0.57724","0.40223","-0.01148","0.9513","0.41814","0.50199","-0.07872","0.9322","0.58721","0.50400","-0.07032","0.9490","0.42725","0.58041","-0.12720","0.9738","0.57741","0.57713","-0.11830","0.9435","0.41797","0.59361","-0.12851","0.9950","0.58293","0.59723","-0.12451","0.9741","0.41452","0.59266","-0.13147","0.9333","0.58832","0.58770","-0.12339","0.9401","0.43013","0.59160","-0.12961","0.9491","0.57313","0.58875","-0.12135","0.9372","0.45463","0.63842","-0.00032","0.9540","0.55044","0.63855","0.00565","0.9299","0.44824","0.71596","-0.06063","0.9491","0.54913","0.71825","-0.05040","0.9524","0.45528","0.92034","-0.00099","0.9656","0.54473","0.92170","0.00799","0.9422","0.45685","0.94504","0.01641","0.9748","0.54874","0.93818","0.02037","0.9931","0.45456","0.95013","-0.02613","0.9588","0.55015","0.94987","-0.01650","0.9304"
"452","15.0667","0.49963","0.27172","-0.00537","0.9337","0.48511","0.25893","-0.01398","0.9754","0.47797","0.26213","-0.01270","0.9474","0.47690","0.26041","-0.01128","0.9507","0.52029","0.25952","-0.00165","0.9475","0.52435","0.26111","-0.00272","0.9460","0.53297","0.26112","-0.00130","0.9380","0.46885","0.27444","-0.00088","0.9950","0.54001","0.27114","0.00705","0.9537","0.48947","0.29794","-0.00705","0.9489","0.50944","0.29709","-0.00802","0.9605","0.42741","0.39283","-0.01267","0.9434","0.57952","0.39445","-0.00830","0.8994","0.41716","0.49917","-0.07578","0.9311","0.58809","0.49886","-0.06607","0.9391","0.42376","0.57492","-0.12221","0.9352","0.57657","0.57257","-0.11473","0.9179","0.42037","0.59224","-0.12478","0.9702","0.58635","0.59454","-0.11926","0.9762","0.41441","0.58943","-0.12814","0.9533","0.58821","0.59010","-0.11874","0.9416","0.43109","0.59128","-0.12389","0.9544","0.57186","0.58916","-0.11592","0.9452","0.45790","0.63314","0.00005","0.9533","0.54739","0.63328","0.01061","0.9219","0.45449","0.71743","-0.05683","0.9513","0.55167","0.72270","-0.04943","0.9267","0.45616","0.92034","0.00256","0.9730","0.54758","0.91709","0.01081","0.9051","0.45732","0.93955","0.01685","0.9358","0.54528","0.93729","0.02576","0.9465","0.45394","0.94752","-0.02119","0.9648","0.55050","0.94666","-0.01532","0.9389"
"453","15.1000","0.50020","0.27068","-0.00442","0.9812","0.48761","0.26184","-0.01104","0.9690","0.47819","0.26386","-0.01237","0.9294","0.47612","0.26021","-0.01109","0.9564","0.51893","0.26079","-0.00171","0.9188","0.52408","0.26015","-0.00281","0.9358","0.53133","0.25945","-0.00245","0.9692","0.46832","0.27343","-0.00206","0.9846","0.53912","0.27099","0.00475","0.9602","0.48924","0.29752","-0.00632","0.9660","0.50944","0.29810","-0.00764","0.9791","0.42686","0.39380","-0.01577","0.9527","0.57768","0.39433","-0.00914","0.9057","0.42000","0.49735","-0.07374","0.9699","0.58683","0.49634","-0.06717","0.9234","0.42444","0.57434","-0.12301","0.9364","0.57565","0.57428","-0.11329","0.9177","0.42014","0.59510","-0.12666","0.9587","0.58816","0.59436","-0.12300","0.9629","0.41253","0.58947","-0.12858","0.9799","0.58923","0.58976","-0.11752","0.9299","0.43304","0.58878","-0.12387","0.9438","0.57454","0.58807","-0.11687","0.9678","0.45698","0.63293","-0.00091","0.9696","0.54598","0.63451","0.01077","0.9488","0.45450","0.71870","-0.05552","0.9354","0.55027","0.72284","-0.04967","0.9516","0.45476","0.91914","0.00139","0.9503","0.54803","0.91817","0.01031","0.9013","0.45669","0.94098","0.01639","0.9306","0.54628","0.93477","0.02422","0.9344","0.45554","0.95055","-0.02327","0.9582","0.55024","0.94747","-0.01480","0.9369"
"454","15.1333","0.50683","0.26499","-0.00743","0.9692","0.48728","0.25629","-0.00957","0.9453","0.47775","0.25658","-0.01283","0.9462","0.47378","0.25552","-0.00947","0.9634","0.52363","0.25738","-0.00224","0.9345","0.52388","0.25249","-0.00536","0.9128","0.53162","0.25387","-0.00284","0.9090","0.46457","0.26393","-0.00036","0.9639","0.53721","0.26534","0.00537","0.9489","0.49045","0.29062","-0.00615","0.9739","0.51029","0.28814","-0.00577","0.9811","0.42822","0.38974","-0.01871","0.9382","0.57641","0.38826","-0.00571","0.9741","0.41741","0.49480","-0.07523","0.9618","0.58795","0.49539","-0.06824","0.9705","0.42673","0.57241","-0.12027","0.9660","0.57469","0.57486","-0.11085","0.9202","0.41953","0.59044","-0.12145","0.9206","0.58598","0.59173","-0.11641","0.9552","0.41553","0.58597","-0.12238","0.9439","0.58923","0.58733","-0.11412","0.9329","0.43406","0.58551","-0.11630","0.9615","0.57205","0.58664","-0.11138","0.9475","0.45287","0.62880","-0.00309","0.9471","0.54640","0.62782","0.00613","0.9532","0.45326","0.72108","-0.05108","0.9807","0.54794","0.71587","-0.04797","0.9439","0.45448","0.92165","-0.00019","0.9654","0.54720","0.91778","0.00771","0.9731","0.45681","0.93912","0.01103","0.9710","0.54511","0.93920","0.02537","0.9345","0.45583","0.94818","-0.02364","0.9661","0.54599","0.94570","-0.01863","0.9477"
"455","15.1667","0.50362","0.26375","-0.00445","0.9580","0.48380","0.25141","-0.00805","0.9640","0.47621","0.24802","-0.01005","0.9593","0.47477","0.25170","-0.00930","0.9865","0.51694","0.24755","-0.00043","0.9577","0.52467","0.24700","-0.00432","0.9200","0.53119","0.25156","0.00168","0.9709","0.46854","0.26084","0.00106","0.9529","0.53546","0.25880","0.00961","0.8945","0.49185","0.28372","-0.00391","0.9359","0.51041","0.28573","-0.00542","0.9600","0.42745","0.38146","-0.01291","0.9563","0.57683","0.38701","-0.00446","0.9338","0.41303","0.48938","-0.06935","0.9504","0.58741","0.49183","-0.06466","0.9097","0.42870","0.56944","-0.11347","0.9052","0.57869","0.56730","-0.10798","0.9393","0.41940","0.58972","-0.11918","0.9568","0.58746","0.58885","-0.11035","0.9693","0.41565","0.58430","-0.12004","0.9902","0.58738","0.58481","-0.11281","0.9437","0.42815","0.58637","-0.11715","0.9504","0.57287","0.58498","-0.10372","0.9201","0.45715","0.62052","-0.00203","0.9448","0.54790","0.62065","0.00678","0.9372","0.45448","0.72058","-0.05185","0.9629","0.55166","0.71877","-0.04059","0.9103","0.45801","0.91907","0.00121","0.9950","0.54840","0.91930","0.00914","0.9387","0.46079","0.94098","0.01696","0.9746","0.54947","0.93652","0.02106","0.9543","0.45698","0.95073","-0.02255","0.9606","0.54936","0.94925","-0.01674","0.9269"
"456","15.2000","0.50345","0.25261","-0.00212","0.9836","0.48515","0.24017","-0.01028","0.9894","0.47626","0.24020","-0.00622","0.9828","0.47282","0.24332","-0.00764","0.9699","0.51799","0.24579","-0.00097","0.9396","0.52193","0.24236","-0.00321","0.9675","0.53365","0.24619","-0.00194","0.9451","0.46613","0.25089","0.00049","0.9872","0.53542","0.25455","0.00503","0.9295","0.49197","0.28256","-0.00474","0.9583","0.51388","0.27767","-0.00564","0.9377","0.42809","0.37715","-0.01206","0.9480","0.57709","0.37595","-0.00319","0.9412","0.41765","0.48665","-0.06782","0.9761","0.58784","0.48687","-0.05807","0.9201","0.42618","0.56614","-0.10723","0.9820","0.57600","0.56716","-0.10132","0.9458","0.41871","0.58735","-0.11251","0.9538","0.58351","0.58521","-0.10619","0.9300","0.41381","0.58320","-0.11428","0.9805","0.58982","0.58560","-0.10776","0.9504","0.43079","0.57840","-0.10461","0.9494","0.57309","0.58042","-0.09968","0.9637","0.45611","0.61260","-0.00241","0.9950","0.54919","0.60916","0.00754","0.9539","0.45228","0.71718","-0.04747","0.9726","0.55026","0.71998","-0.04013","0.9441","0.45671","0.92033","-0.00164","0.9574","0.54504","0.91898","0.00832","0.9330","0.45632","0.93698","0.01792","0.9857","0.54947","0.93771","0.02584","0.9437","0.45695","0.94751","-0.02255","0.9833","0.54846","0.94844","-0.01493","0.9302"
"457","15.2333","0.50210","0.25323","-0.00272","0.9734","0.48423","0.24226","-0.00718","0.9700","0.47586","0.24060","-0.00561","0.9628","0.47236","0.24172","-0.00810","0.9654","0.51889","0.24756","0.00021","0.9234","0.52175","0.24303","-0.00354","0.9799","0.53210","0.24609","-0.00397","0.9674","0.46735","0.25125","-0.00110","0.9829","0.53632","0.25434","0.00596","0.9710","0.49388","0.28099","-0.00411","0.9950","0.51489","0.27924","-0.00672","0.9469","0.42622","0.37602","-0.01320","0.9614","0.57584","0.37600","-0.00381","0.9231","0.41734","0.48638","-0.06699","0.9446","0.58620","0.48408","-0.06037","0.9482","0.42704","0.56480","-0.10876","0.9931","0.57616","0.56770","-0.10158","0.8999","0.41954","0.58810","-0.11391","0.9389","0.58582","0.58628","-0.10460","0.9604","0.41506","0.58510","-0.11527","0.9748","0.58906","0.58339","-0.10770","0.9515","0.42969","0.57964","-0.10366","0.9773","0.57284","0.58012","-0.10001","0.9731","0.45874","0.61310","-0.00119","0.9687","0.54963","0.61051","0.00763","0.9539","0.45240","0.71841","-0.04760","0.9726","0.55039","0.72175","-0.04009","0.9677","0.45883","0.92219","0.00028","0.9792","0.54461","0.91764","0.00946","0.9197","0.45773","0.93759","0.01630","0.9688","0.54851","0.93804","0.02662","0.9489","0.45753","0.94966","-0.02253","0.9883","0.54616","0.94825","-0.01603","0.9653"
"458","15.2667","0.50426","0.24556","-0.00025","0.9478","0.48361","0.23398","-0.00286","0.9803","0.47928","0.23509","-0.00735","0.9486","0.47390","0.23881","-0.00599","0.9669","0.52096","0.23367","-0.00085","0.9363","0.52619","0.23359","-0.00086","0.9725","0.52911","0.23706","0.00296","0.9694","0.46882","0.24746","0.00176","0.9629","0.53703","0.24802","0.01187","0.9502","0.48958","0.27114","-0.00661","0.9595","0.51357","0.27554","-0.00321","0.9543","0.42783","0.36799","-0.01361","0.9459","0.57802","0.37167","-0.00198","0.9337","0.41738","0.48113","-0.06481","0.9687","0.58779","0.47920","-0.05403","0.9336","0.42778","0.56209","-0.10400","0.9662","0.57695","0.56467","-0.09262","0.8994","0.41739","0.58374","-0.10741","0.9824","0.58447","0.58455","-0.10144","0.9359","0.41499","0.57722","-0.10927","0.9599","0.58763","0.57829","-0.09848","0.9454","0.43058","0.57794","-0.10007","0.9405","0.57300","0.57977","-0.09471","0.9569","0.45656","0.60399","-0.00304","0.9396","0.54998","0.59973","0.00536","0.9327","0.45449","0.72238","-0.04466","0.9138","0.55025","0.72102","-0.03654","0.9664","0.45898","0.92034","-0.00199","0.9632","0.54729","0.91624","0.00367","0.9585","0.45803","0.93917","0.01292","0.9632","0.54535","0.93843","0.02527","0.9380","0.45788","0.94564","-0.02392","0.9593","0.54726","0.94709","-0.01659","0.9296"
"459","15.3000","0.50384","0.24009","-0.00133","0.9856","0.48452","0.23067","-0.00660","0.9584","0.48255","0.22601","-0.00533","0.9516","0.46962","0.22871","-0.00571","0.9693","0.51888","0.22648","-0.00067","0.9316","0.52570","0.22898","0.00010","0.9455","0.52860","0.22887","0.00248","0.9455","0.46440","0.23855","0.00476","0.9418","0.53792","0.23661","0.01007","0.9610","0.49207","0.26635","0.00008","0.9504","0.51425","0.26047","-0.00359","0.9514","0.42593","0.36104","-0.00981","0.9676","0.57731","0.36098","-0.00260","0.9305","0.41675","0.47395","-0.05832","0.9311","0.58743","0.47580","-0.04974","0.9718","0.42514","0.56239","-0.10004","0.9707","0.57761","0.56263","-0.08855","0.9152","0.42246","0.58293","-0.09849","0.9569","0.58312","0.58476","-0.09388","0.9167","0.41778","0.57284","-0.10132","0.9851","0.58938","0.57841","-0.09272","0.9653","0.43044","0.57613","-0.09881","0.9435","0.57683","0.57654","-0.08712","0.9186","0.45868","0.59314","-0.00113","0.9505","0.54853","0.59115","0.00923","0.9510","0.45619","0.71729","-0.04008","0.9506","0.55017","0.72105","-0.03275","0.9327","0.45595","0.91745","0.00209","0.9939","0.54795","0.92106","0.00944","0.9385","0.45433","0.94074","0.01827","0.9602","0.54787","0.93955","0.02359","0.9158","0.45514","0.94978","-0.02196","0.9580","0.54806","0.94728","-0.01722","0.9508"
"460","15.3333","0.50560","0.23104","0.00054","0.9456","0.48563","0.22051","-0.00315","0.9696","0.48109","0.21928","-0.00627","0.9637","0.47398","0.22034","-0.00459","0.9329","0.52271","0.22329","0.00130","0.9490","0.52270","0.22306","0.00341","0.9413","0.53037","0.22361","0.00378","0.9428","0.46948","0.23223","0.00754","0.9381","0.53681","0.22875","0.01319","0.9147","0.49587","0.25399","-0.00093","0.9363","0.51285","0.25619","-0.00057","0.9697","0.42642","0.35411","-0.00738","0.9518","0.57685","0.35326","0.00131","0.9285","0.41900","0.46842","-0.05241","0.9671","0.58662","0.46813","-0.04828","0.9201","0.42795","0.56154","-0.08853","0.9429","0.57616","0.55737","-0.07920","0.9738","0.41788","0.58116","-0.09388","0.9661","0.58742","0.58061","-0.09012","0.9346","0.41260","0.57428","-0.09261","0.9564","0.58554","0.57368","-0.08803","0.9201","0.43421","0.57420","-0.08979","0.9543","0.57576","0.57541","-0.08674","0.9201","0.45592","0.58308","-0.00065","0.9216","0.54704","0.58552","0.00602","0.9406","0.45613","0.72108","-0.03381","0.9757","0.55146","0.71633","-0.02730","0.9209","0.45708","0.91944","0.00479","0.9803","0.54609","0.91931","0.01021","0.9342","0.45683","0.93724","0.01611","0.9950","0.54749","0.93299","0.02253","0.9269","0.45397","0.94777","-0.02632","0.9814","0.54388","0.94707","-0.01866","0.9326"
"461","15.3667","0.50410","0.23143","0.00098","0.9625","0.48444","0.22024","-0.00236","0.9830","0.48110","0.21990","-0.00576","0.9771","0.47236","0.21948","-0.00509","0.9398","0.52166","0.22320","0.00181","0.9351","0.52452","0.22123","0.00460","0.9343","0.52914","0.22380","0.00392","0.9400","0.46860","0.23215","0.00839","0.9357","0.53771","0.22946","0.01351","0.9113","0.49460","0.25428","-0.00095","0.9644","0.51283","0.25756","-0.00147","0.9749","0.42694","0.35429","-0.00796","0.9601","0.57809","0.35262","-0.00051","0.9453","0.42176","0.46992","-0.05377","0.9472","0.58513","0.46836","-0.04879","0.9179","0.42656","0.56120","-0.08981","0.9315","0.57468","0.55760","-0.07809","0.9623","0.41924","0.57868","-0.09548","0.9821","0.58742","0.57896","-0.08982","0.9434","0.41300","0.57551","-0.09257","0.9561","0.58920","0.57422","-0.08602","0.9402","0.43329","0.57388","-0.09107","0.9746","0.57412","0.57687","-0.08529","0.9231","0.45703","0.58309","-0.00311","0.9209","0.54714","0.58407","0.00580","0.9453","0.45608","0.72072","-0.03417","0.9769","0.54922","0.71922","-0.02854","0.9085","0.45530","0.92009","0.00242","0.9707","0.54490","0.91943","0.01090","0.9222","0.45866","0.93696","0.01512","0.9682","0.54869","0.93408","0.02265","0.9247","0.45435","0.94756","-0.02727","0.9950","0.54549","0.94876","-0.01970","0.9331"
"462","15.4000","0.50320","0.22313","-0.00006","0.9443","0.48570","0.21239","-0.00339","0.9922","0.47970","0.21353","-0.00574","0.9633","0.47352","0.20713","-0.00065","0.9911","0.52190","0.21514","0.00342","0.9441","0.52461","0.21249","0.00336","0.9357","0.53195","0.20952","0.00461","0.9341","0.46654","0.22249","0.00933","0.9487","0.53713","0.22512","0.01369","0.9417","0.49348","0.25070","-0.00087","0.9631","0.51406","0.25017","0.00018","0.9440","0.42595","0.34464","-0.00667","0.9591","0.57880","0.34494","0.00107","0.9316","0.41751","0.46333","-0.05071","0.9372","0.58803","0.46048","-0.04419","0.9301","0.42868","0.55536","-0.08381","0.9623","0.57733","0.55781","-0.07638","0.9089","0.41937","0.57615","-0.08817","0.9808","0.58451","0.57890","-0.08099","0.9317","0.41474","0.56989","-0.08878","0.9636","0.58758","0.57460","-0.07948","0.9440","0.43261","0.57353","-0.08062","0.9216","0.57367","0.57042","-0.07897","0.9448","0.45806","0.57451","-0.00323","0.9763","0.54695","0.57480","0.00747","0.9351","0.45479","0.71530","-0.02974","0.9329","0.55137","0.72168","-0.02340","0.9324","0.45661","0.91983","0.00318","0.9433","0.55301","0.91982","0.00613","0.9098","0.45836","0.93933","0.01477","0.9674","0.54738","0.93557","0.02148","0.9205","0.46074","0.94726","-0.02449","0.9469","0.54923","0.94684","-0.01691","0.9570"
"463","15.4333","0.50128","0.21533","0.00410","0.9434","0.48702","0.20493","-0.00285","0.9636","0.47905","0.20438","-0.00208","0.9840","0.47506","0.20818","-0.00242","0.9700","0.51633","0.20688","0.00558","0.9348","0.52562","0.20679","0.00608","0.9189","0.53220","0.20485","0.00736","0.9135","0.46637","0.21597","0.00936","0.9697","0.53978","0.21530","0.01343","0.9666","0.49282","0.23916","0.00113","0.9930","0.51427","0.24000","0.00184","0.9266","0.42734","0.33896","-0.00276","0.9321","0.57570","0.33853","0.00317","0.9458","0.41422","0.45616","-0.04552","0.9557","0.58550","0.45629","-0.03813","0.9291","0.42617","0.55391","-0.07665","0.9398","0.58027","0.55271","-0.06672","0.9365","0.42161","0.57225","-0.08339","0.9402","0.58329","0.57271","-0.07450","0.9657","0.41539","0.56611","-0.08237","0.9592","0.59020","0.56562","-0.07591","0.9748","0.43242","0.56786","-0.07805","0.9155","0.57226","0.56776","-0.06882","0.9728","0.45718","0.56730","-0.00298","0.9466","0.54771","0.56856","0.00682","0.9290","0.45442","0.71846","-0.02384","0.9834","0.54964","0.71749","-0.01553","0.9346","0.45708","0.92161","0.00101","0.9720","0.54504","0.92055","0.00653","0.9217","0.45560","0.93894","0.01560","0.9779","0.54673","0.94164","0.02001","0.9320","0.45555","0.94655","-0.02505","0.9466","0.55037","0.94654","-0.01686","0.9315"
"464","15.4667","0.50418","0.20698","0.00156","0.9744","0.48801","0.19978","-0.00188","0.9509","0.47884","0.19866","0.00158","0.9612","0.47227","0.20180","-0.00354","0.9466","0.51729","0.19806","0.00890","0.9657","0.52637","0.19772","0.00586","0.9317","0.53292","0.20073","0.00488","0.9534","0.46599","0.20579","0.00861","0.9758","0.54064","0.20916","0.01796","0.9369","0.49606","0.23393","0.00144","0.9667","0.51438","0.23738","0.00367","0.9751","0.42769","0.33451","-0.00067","0.9096","0.57683","0.33323","0.00358","0.9446","0.41777","0.45269","-0.04281","0.9808","0.58845","0.45147","-0.03953","0.9400","0.42583","0.55035","-0.07014","0.9378","0.57544","0.55177","-0.06185","0.9273","0.42088","0.57106","-0.07837","0.9412","0.58471","0.57458","-0.07164","0.9389","0.41839","0.56622","-0.07493","0.9590","0.58888","0.56590","-0.06655","0.8826","0.43279","0.56533","-0.07315","0.9554","0.57496","0.56726","-0.06208","0.9463","0.46102","0.55932","-0.00536","0.9853","0.54830","0.55907","0.00287","0.9836","0.45470","0.71998","-0.02158","0.9409","0.54705","0.71895","-0.01579","0.9553","0.45691","0.91876","0.00216","0.9460","0.54966","0.91959","0.01086","0.9507","0.45341","0.93986","0.01871","0.9846","0.54727","0.93840","0.02244","0.9329","0.45961","0.95183","-0.02684","0.9707","0.54921","0.95212","-0.02010","0.9182"
"465","15.5000","0.50064","0.20333","0.00602","0.9620","0.48639","0.19213","0.00051","0.9597","0.47665","0.18781","0.00225","0.9721","0.47304","0.19187","-0.00060","0.9539","0.51941","0.19554","0.00493","0.9372","0.52810","0.19306","0.01259","0.9559","0.53315","0.19279","0.01096","0.9608","0.46781","0.20275","0.01048","0.9674","0.53705","0.20492","0.01631","0.9746","0.49232","0.22813","0.00557","0.9563","0.51233","0.22946","0.00227","0.9462","0.43033","0.32172","0.00109","0.9355","0.57638","0.32348","0.00907","0.9480","0.42186","0.44736","-0.03909","0.9577","0.58618","0.44721","-0.03242","0.9299","0.42923","0.55025","-0.06875","0.9353","0.57755","0.54721","-0.06112","0.9564","0.41906","0.56701","-0.07195","0.9587","0.58655","0.56993","-0.06405","0.9176","0.41462","0.56561","-0.06916","0.9407","0.59175","0.56032","-0.06472","0.9602","0.42836","0.56152","-0.06550","0.9698","0.57418","0.56391","-0.05665","0.8863","0.45844","0.55041","-0.00424","0.9885","0.54836","0.55256","0.00133","0.9474","0.45860","0.71729","-0.01688","0.9324","0.54894","0.72055","-0.01299","0.9829","0.45732","0.92008","0.00188","0.9586","0.54722","0.91998","0.00643","0.9482","0.45686","0.94066","0.01514","0.9454","0.54769","0.94170","0.02628","0.9697","0.45931","0.95133","-0.02216","0.9685","0.54806","0.94708","-0.01844","0.9398"
"466","15.5333","0.50203","0.20345","0.00636","0.9614","0.48475","0.19255","-0.00184","0.9653","0.47768","0.18693","0.00240","0.9538","0.47320","0.19157","-0.00055","0.9741","0.51804","0.19639","0.00418","0.9534","0.52774","0.19368","0.01108","0.9799","0.53274","0.19556","0.01215","0.9464","0.46868","0.20299","0.01067","0.9658","0.53533","0.20372","0.01622","0.9671","0.49323","0.22788","0.00539","0.9596","0.51185","0.22847","0.00387","0.9667","0.43098","0.32141","0.00041","0.9585","0.57817","0.32303","0.00887","0.9434","0.42037","0.44653","-0.03988","0.9588","0.58846","0.44749","-0.03041","0.9604","0.42736","0.54892","-0.06462","0.9470","0.57795","0.54937","-0.06110","0.9416","0.41851","0.56707","-0.07093","0.9446","0.58694","0.56620","-0.06301","0.9234","0.41571","0.56523","-0.06718","0.9477","0.59042","0.56101","-0.06328","0.9661","0.42892","0.56218","-0.06506","0.9881","0.57400","0.56391","-0.05349","0.9040","0.45772","0.55126","-0.00569","0.9950","0.54850","0.55104","0.00106","0.9464","0.45804","0.71610","-0.01660","0.9482","0.54997","0.72164","-0.01385","0.9789","0.45837","0.91811","0.00090","0.9400","0.54545","0.92012","0.00652","0.9154","0.45756","0.94136","0.01585","0.9289","0.54896","0.94361","0.02342","0.9418","0.46091","0.95122","-0.02233","0.9612","0.54935","0.94795","-0.01801","0.9445"
"467","15.5667","0.50616","0.19679","0.00604","0.9375","0.48556","0.18858","0.00295","0.9888","0.48000","0.18391","0.00404","0.9950","0.47194","0.18799","0.00406","0.9472","0.52047","0.18770","0.01051","0.8976","0.52652","0.18407","0.00902","0.9059","0.53155","0.18737","0.00919","0.9493","0.46590","0.19511","0.01011","0.9759","0.54103","0.19581","0.01953","0.9378","0.49076","0.22597","0.00582","0.9482","0.51473","0.22276","0.00460","0.9638","0.43006","0.31750","0.00000","0.9678","0.57601","0.31784","0.00986","0.9354","0.42093","0.44477","-0.03289","0.9518","0.58428","0.44182","-0.02601","0.9374","0.42952","0.54758","-0.06180","0.9455","0.58040","0.54835","-0.05322","0.9762","0.42027","0.56902","-0.06635","0.9396","0.58569","0.56809","-0.05447","0.9578","0.41716","0.55842","-0.06304","0.9694","0.58857","0.56472","-0.05626","0.9385","0.43141","0.56129","-0.05996","0.9491","0.57051","0.55746","-0.05181","0.9524","0.45844","0.54434","-0.00401","0.9292","0.55056","0.53941","0.00305","0.9673","0.45756","0.71941","-0.01578","0.9741","0.54637","0.71853","-0.00788","0.9514","0.45930","0.92169","-0.00239","0.9479","0.54628","0.91795","0.00536","0.9560","0.46129","0.93718","0.01281","0.9632","0.54952","0.93910","0.01874","0.9641","0.46169","0.94940","-0.02648","0.9403","0.54767","0.95059","-0.01956","0.9313"
"468","15.6000","0.49992","0.19374","0.00908","0.9703","0.48634","0.18298","0.00199","0.9628","0.48377","0.18211","0.00155","0.9902","0.47587","0.18469","0.00184","0.9699","0.52019","0.18113","0.01140","0.9353","0.52553","0.17894","0.00952","0.9615","0.53100","0.18232","0.01043","0.9339","0.47180","0.19226","0.01495","0.9553","0.53706","0.19038","0.02231","0.9551","0.49325","0.21834","0.01236","0.9636","0.51353","0.21496","0.00710","0.9839","0.42773","0.31262","0.00155","0.9635","0.57532","0.31484","0.00803","0.9214","0.41818","0.43733","-0.02916","0.9950","0.58593","0.43818","-0.02556","0.9269","0.42771","0.54290","-0.05623","0.9556","0.57767","0.54613","-0.04860","0.9283","0.42174","0.56428","-0.05865","0.9950","0.58478","0.56394","-0.05447","0.9047","0.41422","0.56233","-0.06070","0.9408","0.58802","0.55985","-0.05542","0.9583","0.43090","0.55984","-0.05529","0.9660","0.57559","0.56121","-0.04897","0.9148","0.45873","0.53560","-0.00126","0.9700","0.54822","0.53612","0.00473","0.9420","0.45754","0.71888","-0.01315","0.9826","0.54516","0.72120","-0.00294","0.9484","0.45929","0.92201","0.00334","0.9585","0.54733","0.92203","0.00642","0.9467","0.45978","0.93975","0.01656","0.9732","0.54419","0.93994","0.02382","0.9442","0.45643","0.94703","-0.02440","0.9398","0.55086","0.94872","-0.01539","0.9597"
"469","15.6333","0.50242","0.18444","0.00636","0.9701","0.48675","0.17408","0.00547","0.9643","0.48213","0.17654","0.00468","0.9350","0.47366","0.17877","0.00449","0.9351","0.51925","0.17757","0.00853","0.9506","0.52544","0.17459","0.01196","0.9260","0.53090","0.17837","0.01143","0.9147","0.46714","0.18960","0.01465","0.9519","0.53585","0.18816","0.01951","0.9641","0.49213","0.21462","0.00880","0.9256","0.51387","0.21162","0.00900","0.9668","0.42790","0.30872","0.00343","0.9782","0.57691","0.30574","0.01013","0.9273","0.41941","0.43661","-0.02766","0.9610","0.58407","0.43413","-0.02442","0.9368","0.42620","0.54097","-0.04971","0.9569","0.57953","0.54137","-0.04629","0.9296","0.41861","0.55842","-0.05693","0.9950","0.58602","0.56393","-0.04842","0.9665","0.41969","0.55986","-0.05321","0.9698","0.59141","0.55695","-0.04560","0.9445","0.43217","0.55891","-0.04931","0.9541","0.57096","0.55846","-0.04300","0.9710","0.45511","0.52973","-0.00309","0.9924","0.54815","0.52764","0.00345","0.9275","0.45665","0.71745","-0.01238","0.9645","0.54805","0.71810","-0.00242","0.9342","0.45949","0.92054","-0.00015","0.9579","0.54661","0.91974","0.00799","0.9567","0.45650","0.93517","0.01581","0.9533","0.55070","0.93857","0.02073","0.9246","0.45516","0.94997","-0.02269","0.9907","0.54624","0.95229","-0.01789","0.9212"
"470","15.6667","0.50350","0.18598","0.00801","0.9673","0.48656","0.17670","0.00567","0.9550","0.48337","0.17720","0.00463","0.9617","0.47385","0.18058","0.00473","0.9431","0.51699","0.17879","0.01057","0.9382","0.52640","0.17470","0.01127","0.9333","0.53192","0.17848","0.00883","0.9302","0.46777","0.19130","0.01508","0.9483","0.53559","0.18889","0.02006","0.9744","0.49333","0.21512","0.00872","0.8991","0.51485","0.21339","0.00849","0.9547","0.42915","0.30941","0.00366","0.9950","0.57835","0.30650","0.01208","0.8969","0.41708","0.43715","-0.02587","0.9388","0.58669","0.43440","-0.02273","0.9450","0.42672","0.54249","-0.04994","0.9285","0.57809","0.54246","-0.04455","0.9519","0.41840","0.55656","-0.05749","0.9950","0.58451","0.56416","-0.04764","0.9389","0.41964","0.55745","-0.05388","0.9746","0.59403","0.55772","-0.04671","0.9547","0.43138","0.55784","-0.04983","0.9368","0.57098","0.55981","-0.04511","0.9656","0.45410","0.52905","-0.00402","0.9743","0.54570","0.52575","0.00347","0.9245","0.45879","0.71703","-0.01046","0.9541","0.54900","0.71551","-0.00163","0.9471","0.45712","0.92046","0.00032","0.9699","0.54850","0.92062","0.00701","0.9315","0.45677","0.93840","0.01601","0.9282","0.55094","0.94090","0.01872","0.9247","0.45494","0.94918","-0.02380","0.9950","0.54570","0.95338","-0.01765","0.9605"
"471","15.7000","0.50165","0.18667","0.00794","0.9357","0.48635","0.17908","0.00466","0.9561","0.48132","0.17143","0.00613","0.9544","0.47677","0.17221","0.00517","0.9588","0.52257","0.17445","0.01048","0.9441","0.52636","0.17255","0.01205","0.9376","0.53177","0.17403","0.01451","0.9455","0.46960","0.18524","0.01455","0.9326","0.53591","0.18133","0.02065","0.9381","0.49462","0.20735","0.01046","0.9779","0.51386","0.20934","0.00933","0.9486","0.42476","0.30006","0.00277","0.9748","0.57589","0.30533","0.01112","0.9095","0.42040","0.43275","-0.02671","0.9384","0.58928","0.43316","-0.01974","0.9646","0.42696","0.53875","-0.04885","0.9838","0.57865","0.53889","-0.03960","0.9413","0.41666","0.56046","-0.05524","0.9414","0.58733","0.56157","-0.04498","0.9296","0.41640","0.55547","-0.05343","0.9443","0.58688","0.55947","-0.04483","0.9657","0.42850","0.55864","-0.04847","0.9749","0.57360","0.55749","-0.04129","0.9604","0.45790","0.52716","-0.00566","0.9683","0.54918","0.52576","0.00415","0.9510","0.45868","0.72403","-0.01054","0.9451","0.54862","0.71489","-0.00020","0.9142","0.46121","0.91694","0.00071","0.9527","0.54483","0.91969","0.00547","0.9444","0.45845","0.93908","0.01672","0.9463","0.54950","0.93957","0.02131","0.9356","0.45716","0.94971","-0.02330","0.9487","0.54880","0.94908","-0.01623","0.9634"
"472","15.7333","0.50482","0.18246","0.01170","0.9539","0.48668","0.17453","0.00409","0.9724","0.48209","0.17016","0.00776","0.9552","0.47142","0.17011","0.00525","0.9950","0.52023","0.17403","0.01367","0.9451","0.52654","0.17164","0.00958","0.9390","0.53383","0.17244","0.00926","0.9755","0.46734","0.18100","0.01552","0.9436","0.53642","0.18624","0.02185","0.9468","0.49108","0.20407","0.00994","0.9588","0.51241","0.20961","0.00891","0.9454","0.42887","0.30161","0.00561","0.9652","0.57660","0.30286","0.01205","0.9525","0.42245","0.43254","-0.02694","0.9618","0.58793","0.43076","-0.01517","0.9527","0.42919","0.54265","-0.04821","0.9614","0.57915","0.53761","-0.03922","0.9250","0.42037","0.56262","-0.05371","0.9565","0.58465","0.56179","-0.04213","0.9229","0.41536","0.55607","-0.05058","0.9454","0.59030","0.55469","-0.04620","0.9388","0.43122","0.55723","-0.04631","0.9488","0.57011","0.55135","-0.03602","0.9418","0.45647","0.52259","-0.00369","0.9528","0.54632","0.52325","0.00108","0.9324","0.46134","0.71912","-0.00486","0.9580","0.55050","0.71974","-0.00180","0.9642","0.45892","0.91941","0.00081","0.9873","0.55124","0.92109","0.00830","0.9283","0.45400","0.94068","0.01427","0.9374","0.54692","0.93895","0.02446","0.9285","0.45902","0.94758","-0.02375","0.9525","0.54955","0.95083","-0.01787","0.9621"
"473","15.7667","0.50397","0.18037","0.00831","0.9486","0.48177","0.17076","0.00845","0.9449","0.48195","0.16922","0.00860","0.9950","0.47766","0.16990","0.00357","0.9869","0.51923","0.16992","0.01008","0.9422","0.52348","0.16354","0.01125","0.9504","0.53011","0.17097","0.01441","0.9480","0.46782","0.18046","0.01219","0.9504","0.54111","0.18071","0.02228","0.9484","0.49060","0.20849","0.00795","0.9613","0.51058","0.20736","0.00678","0.9563","0.42812","0.30016","0.00216","0.9361","0.57988","0.30137","0.01372","0.9246","0.42019","0.42960","-0.02362","0.9446","0.58804","0.42709","-0.01631","0.9353","0.43019","0.54202","-0.04538","0.9508","0.57870","0.54296","-0.03856","0.9686","0.41830","0.56046","-0.04900","0.9543","0.58403","0.55975","-0.04217","0.9322","0.41556","0.55446","-0.05122","0.9642","0.58943","0.55729","-0.04222","0.9230","0.43268","0.55215","-0.04184","0.9419","0.57425","0.55499","-0.03926","0.9431","0.45736","0.51803","-0.00294","0.9275","0.54800","0.51976","0.00227","0.9346","0.46034","0.71845","-0.00263","0.9268","0.54869","0.71879","0.00274","0.9230","0.46011","0.91729","0.00161","0.9950","0.54982","0.91737","0.00626","0.9266","0.45877","0.93695","0.01698","0.9537","0.54663","0.93954","0.02476","0.9468","0.45813","0.95114","-0.02355","0.9618","0.54796","0.95024","-0.01954","0.9428"
"474","15.8000","0.50275","0.18225","0.00782","0.9313","0.48710","0.17075","0.00667","0.9621","0.48109","0.16739","0.01082","0.9769","0.47594","0.17066","0.00405","0.9466","0.51725","0.16782","0.01840","0.9501","0.52566","0.16659","0.01468","0.9328","0.53342","0.17046","0.01315","0.9444","0.46797","0.17799","0.01433","0.9590","0.53777","0.18148","0.02455","0.9541","0.49516","0.20545","0.00956","0.9478","0.51198","0.20457","0.00941","0.9619","0.42910","0.30120","0.00690","0.9512","0.57897","0.30192","0.00928","0.9724","0.41847","0.43023","-0.02692","0.9680","0.59037","0.43045","-0.01754","0.9631","0.42678","0.54035","-0.04217","0.9852","0.57810","0.53710","-0.03878","0.9085","0.42149","0.55854","-0.04875","0.9155","0.58579","0.55922","-0.04083","0.9598","0.41719","0.55420","-0.05176","0.9560","0.58935","0.55552","-0.04223","0.9228","0.43282","0.55602","-0.04201","0.9513","0.57335","0.55725","-0.03923","0.9208","0.45469","0.52335","-0.00335","0.9274","0.54959","0.52082","0.00407","0.9827","0.45924","0.71869","-0.00447","0.9217","0.55050","0.71785","-0.00052","0.9634","0.45851","0.92106","-0.00118","0.9853","0.54851","0.91842","0.00824","0.9530","0.45552","0.94050","0.01639","0.9503","0.54889","0.94051","0.02279","0.9175","0.46079","0.94793","-0.02458","0.9482","0.54985","0.95097","-0.02003","0.9288"
"475","15.8333","0.50177","0.17838","0.00732","0.9875","0.48431","0.16931","0.00591","0.9558","0.47500","0.17029","0.00515","0.9539","0.47126","0.17209","0.00676","0.9852","0.51806","0.17035","0.01384","0.9484","0.52585","0.16762","0.01156","0.9426","0.53273","0.16916","0.01395","0.9311","0.46804","0.18253","0.01525","0.9739","0.53903","0.17855","0.02076","0.9302","0.49288","0.20394","0.01021","0.9576","0.50928","0.20610","0.00985","0.9834","0.42732","0.29892","0.00636","0.9628","0.57647","0.29967","0.01700","0.9204","0.41863","0.43470","-0.02660","0.9435","0.58511","0.42666","-0.02026","0.9487","0.42690","0.54247","-0.04515","0.9306","0.57564","0.54185","-0.03641","0.9217","0.41749","0.55755","-0.05168","0.9479","0.58538","0.55940","-0.04268","0.9477","0.41225","0.55501","-0.04626","0.9624","0.58707","0.55421","-0.04570","0.9496","0.43037","0.55168","-0.04297","0.9762","0.57039","0.55479","-0.03911","0.9724","0.45667","0.52181","-0.00497","0.9581","0.54481","0.51989","0.00059","0.9435","0.45329","0.71911","-0.00965","0.9399","0.54845","0.72210","0.00015","0.9444","0.45581","0.92029","0.00525","0.9308","0.54844","0.91990","0.01043","0.9491","0.45484","0.93964","0.01539","0.9653","0.54398","0.94131","0.02076","0.9274","0.45563","0.95180","-0.02216","0.9296","0.54269","0.95028","-0.01600","0.9389"
"476","15.8667","0.50013","0.17655","0.00698","0.9744","0.48495","0.16997","0.00384","0.9600","0.47554","0.16784","0.00663","0.9318","0.46827","0.16999","0.00471","0.9312","0.51879","0.16862","0.01376","0.9321","0.52168","0.16783","0.01160","0.9672","0.52824","0.17015","0.01527","0.9483","0.46479","0.17957","0.01389","0.9908","0.53649","0.17996","0.02309","0.9522","0.48919","0.20338","0.00894","0.9455","0.51374","0.20243","0.00854","0.9732","0.42690","0.29968","0.00514","0.9489","0.57489","0.30021","0.00971","0.9140","0.41597","0.43077","-0.02501","0.9626","0.58640","0.43100","-0.01642","0.9414","0.42577","0.54213","-0.04601","0.9557","0.57442","0.53963","-0.03814","0.9309","0.41869","0.56146","-0.05001","0.9762","0.58840","0.56022","-0.04417","0.9308","0.41299","0.55629","-0.04936","0.9733","0.58849","0.55330","-0.04491","0.9772","0.42795","0.55402","-0.04452","0.9766","0.57010","0.55599","-0.04027","0.9431","0.45670","0.51668","-0.00905","0.9570","0.54407","0.52130","-0.00090","0.9655","0.45585","0.71827","-0.00552","0.9209","0.54730","0.72141","0.00196","0.9453","0.45663","0.92062","-0.00091","0.9642","0.54279","0.92043","0.00552","0.9226","0.45632","0.93694","0.01747","0.9568","0.54344","0.94304","0.02288","0.9513","0.45954","0.95036","-0.02303","0.9945","0.54396","0.94835","-0.01953","0.8972"
"477","15.9000","0.50134","0.18095","0.00740","0.9660","0.48329","0.17107","0.00617","0.9351","0.47920","0.16752","0.00804","0.9118","0.47157","0.16943","0.00459","0.9424","0.51625","0.17066","0.01239","0.9267","0.52314","0.16565","0.01180","0.9557","0.53010","0.16834","0.01166","0.9342","0.46616","0.18057","0.01629","0.9880","0.53723","0.18016","0.02377","0.9560","0.49150","0.20407","0.00848","0.9779","0.51417","0.20618","0.00922","0.9567","0.42619","0.29611","0.00613","0.9462","0.57391","0.30330","0.01363","0.9470","0.41837","0.42865","-0.02321","0.9496","0.58618","0.42830","-0.01585","0.9655","0.42269","0.53601","-0.04510","0.9444","0.57654","0.53795","-0.03697","0.9454","0.41528","0.56077","-0.05136","0.9699","0.58391","0.55861","-0.04163","0.9597","0.41264","0.55602","-0.04510","0.9705","0.58968","0.55522","-0.04211","0.9588","0.43151","0.54929","-0.04425","0.9649","0.57113","0.55566","-0.03886","0.9498","0.45164","0.51998","-0.00344","0.9670","0.54768","0.51877","0.00249","0.9224","0.45329","0.72259","-0.00111","0.9902","0.54385","0.71871","0.00256","0.9481","0.45517","0.92302","-0.00036","0.9679","0.54484","0.92019","0.00783","0.9250","0.45349","0.94202","0.01325","0.9734","0.54408","0.93956","0.02103","0.9371","0.45695","0.94802","-0.02807","0.9360","0.54981","0.95022","-0.02093","0.9069"
"478","15.9333","0.49743","0.17831","0.01053","0.9603","0.48200","0.16722","0.00458","0.9392","0.47462","0.16801","0.00657","0.9596","0.47176","0.17058","0.00685","0.9797","0.51950","0.16990","0.01366","0.9477","0.52298","0.16390","0.01491","0.9500","0.52726","0.17241","0.01289","0.9494","0.46489","0.18099","0.01772","0.9263","0.53544","0.17676","0.02117","0.9383","0.48889","0.20595","0.00776","0.9914","0.50923","0.20371","0.00969","0.9950","0.42500","0.30200","0.00659","0.9627","0.57422","0.29888","0.01241","0.9442","0.41484","0.43234","-0.02452","0.9807","0.58612","0.43242","-0.01425","0.9496","0.42610","0.54056","-0.04492","0.9736","0.57377","0.53884","-0.04067","0.9396","0.41678","0.56358","-0.04784","0.9773","0.58298","0.55959","-0.04192","0.9131","0.41163","0.55740","-0.05049","0.9504","0.58815","0.55288","-0.04422","0.9719","0.43089","0.55688","-0.04432","0.9536","0.57166","0.55575","-0.03800","0.9441","0.45382","0.51960","-0.00402","0.9950","0.54676","0.51745","-0.00013","0.9532","0.45610","0.72109","-0.00824","0.9645","0.54717","0.71850","0.00209","0.9091","0.45684","0.92054","0.00371","0.9285","0.54517","0.92036","0.00806","0.9858","0.45625","0.93868","0.01451","0.9668","0.54568","0.94204","0.02208","0.9662","0.45447","0.95060","-0.02246","0.9878","0.54649","0.95307","-0.01917","0.9357"
"479","15.9667","0.49959","0.17914","0.00968","0.9726","0.48376","0.17167","0.00402","0.9674","0.47944","0.17214","0.00867","0.9612","0.46656","0.16927","0.00718","0.9195","0.51929","0.17100","0.01484","0.9542","0.52615","0.16817","0.01238","0.9543","0.53034","0.16914","0.01095","0.9329","0.46890","0.17929","0.01843","0.9645","0.53634","0.18036","0.02220","0.9389","0.49085","0.20415","0.01090","0.9533","0.51288","0.20636","0.00889","0.9869","0.42606","0.29865","0.00782","0.9311","0.57645","0.30278","0.01263","0.9327","0.41788","0.43185","-0.02695","0.9581","0.58621","0.42907","-0.01895","0.9432","0.42850","0.54087","-0.04629","0.9825","0.57418","0.53986","-0.03866","0.9304","0.41781","0.56037","-0.04753","0.9950","0.58379","0.56024","-0.04363","0.9422","0.41526","0.55290","-0.04895","0.9856","0.58575","0.55507","-0.04016","0.9347","0.43206","0.55822","-0.04280","0.9470","0.57099","0.55426","-0.04135","0.9484","0.45288","0.52125","-0.00230","0.9693","0.55026","0.52072","0.00232","0.9416","0.45608","0.72035","-0.00434","0.9515","0.54643","0.72363","0.00136","0.9403","0.45628","0.92017","0.00135","0.9805","0.54588","0.92130","0.00420","0.9412","0.45406","0.93928","0.01434","0.9772","0.54395","0.94147","0.02223","0.9576","0.45629","0.94812","-0.02514","0.9595","0.54612","0.95197","-0.01630","0.9367"
"480","16.0000","0.49943","0.18051","0.00864","0.9865","0.48390","0.17109","0.00417","0.9383","0.47799","0.16573","0.00865","0.9783","0.47251","0.17070","0.00504","0.9576","0.51753","0.17263","0.01484","0.9359","0.52107","0.16920","0.01137","0.9950","0.53038","0.16970","0.01257","0.9358","0.46862","0.18137","0.01493","0.9443","0.53644","0.17885","0.02322","0.9221","0.48900","0.20514","0.00984","0.9539","0.50979","0.20446","0.00969","0.9338","0.42480","0.29994","0.00832","0.9509","0.57544","0.30009","0.01066","0.9381","0.41576","0.42841","-0.02310","0.9712","0.58527","0.42914","-0.01841","0.9549","0.42642","0.54367","-0.04873","0.9355","0.57677","0.54057","-0.03637","0.9357","0.41394","0.55812","-0.05061","0.9448","0.58852","0.56198","-0.04202","0.9140","0.41383","0.55478","-0.04690","0.9795","0.58543","0.55608","-0.04346","0.9388","0.42979","0.55515","-0.04123","0.9950","0.57108","0.55447","-0.03392","0.9692","0.45484","0.51736","-0.00420","0.9539","0.54751","0.51950","-0.00015","0.9128","0.45404","0.72071","-0.00379","0.9570","0.54387","0.72099","0.00291","0.9202","0.45576","0.92175","-0.00219","0.9824","0.54504","0.91624","0.01046","0.9498","0.45672","0.94106","0.01428","0.9532","0.54844","0.93894","0.02068","0.9473","0.45574","0.94877","-0.02141","0.9609","0.54584","0.94924","-0.01752","0.9447"
"481","16.0333","0.50352","0.17904","0.00990","0.9530","0.48682","0.17129","0.00393","0.9530","0.47850","0.17123","0.00655","0.9488","0.47450","0.17143","0.00640","0.9950","0.51926","0.17074","0.01038","0.9091","0.52684","0.17063","0.01290","0.9315","0.53472","0.17245","0.01478","0.9448","0.46964","0.18182","0.01954","0.9631","0.54030","0.18229","0.02162","0.9401","0.49225","0.20368","0.00765","0.9630","0.50984","0.20549","0.01025","0.9436","0.42885","0.29970","0.00195","0.9685","0.58176","0.30274","0.00883","0.9671","0.41670","0.43404","-0.02605","0.9518","0.59019","0.43386","-0.01713","0.9409","0.42972","0.54467","-0.03943","0.9784","0.57944","0.54043","-0.03396","0.9383","0.41803","0.56246","-0.04847","0.9704","0.58863","0.56143","-0.04191","0.9285","0.41718","0.55498","-0.04790","0.9471","0.59069","0.55571","-0.04122","0.9424","0.43327","0.55446","-0.04210","0.9529","0.57783","0.55755","-0.03983","0.9181","0.45821","0.52055","-0.00551","0.9782","0.54878","0.52048","0.00415","0.9285","0.46114","0.71985","-0.00321","0.9664","0.54699","0.71657","0.00244","0.9512","0.45980","0.92158","0.00313","0.9788","0.54780","0.92228","0.01377","0.9169","0.45680","0.93957","0.01845","0.9802","0.55066","0.94278","0.02381","0.9611","0.45810","0.94963","-0.02183","0.9423","0.54770","0.94942","-0.01501","0.9406"
"482","16.0667","0.50332","0.17979","0.00993","0.9724","0.48764","0.16892","0.00483","0.9538","0.47884","0.16945","0.00466","0.9367","0.47250","0.17045","0.00483","0.9753","0.52146","0.17133","0.00990","0.8863","0.52650","0.16993","0.01161","0.9506","0.53197","0.17111","0.01502","0.9321","0.46803","0.18333","0.01834","0.9632","0.53821","0.18082","0.02269","0.9495","0.49141","0.20483","0.00759","0.9794","0.50998","0.20596","0.00980","0.9235","0.42999","0.29923","0.00382","0.9414","0.57969","0.30150","0.00915","0.9690","0.41822","0.43293","-0.02660","0.9485","0.58891","0.43277","-0.01758","0.9187","0.42999","0.54272","-0.03923","0.9921","0.58030","0.54043","-0.03525","0.9168","0.42022","0.56283","-0.04800","0.9490","0.58996","0.56089","-0.04279","0.9126","0.41891","0.55281","-0.04767","0.9650","0.59085","0.55512","-0.04103","0.9376","0.43373","0.55681","-0.04269","0.9574","0.57716","0.55697","-0.03864","0.8912","0.45678","0.52130","-0.00492","0.9947","0.55123","0.52159","0.00370","0.9147","0.45853","0.71970","-0.00439","0.9412","0.54923","0.71857","0.00375","0.9560","0.45810","0.92304","0.00083","0.9354","0.54893","0.92231","0.01231","0.9142","0.45670","0.93892","0.01853","0.9950","0.55020","0.94086","0.02396","0.9591","0.45801","0.95143","-0.02133","0.9605","0.54822","0.95159","-0.01589","0.9644"
"483","16.1000","0.50498","0.18338","0.00645","0.9336","0.48565","0.17127","0.00451","0.9304","0.47831","0.16932","0.00649","0.9631","0.47699","0.17029","0.00581","0.9687","0.52058","0.17326","0.01341","0.9223","0.52798","0.16869","0.01289","0.9470","0.53443","0.17115","0.01343","0.9540","0.46804","0.17996","0.01547","0.9911","0.53953","0.18234","0.02412","0.9268","0.49085","0.20617","0.00917","0.9318","0.51166","0.20706","0.01026","0.9921","0.42969","0.29930","0.00474","0.9927","0.57987","0.30503","0.01529","0.9583","0.42079","0.43162","-0.02449","0.9632","0.58932","0.43181","-0.01943","0.9477","0.42630","0.53833","-0.04622","0.9497","0.57923","0.54170","-0.03859","0.9689","0.41721","0.55914","-0.05131","0.9858","0.58817","0.56350","-0.04210","0.9151","0.41391","0.55525","-0.04904","0.9633","0.59270","0.55570","-0.04274","0.9471","0.43179","0.55364","-0.04561","0.9304","0.57258","0.55492","-0.03772","0.9500","0.45902","0.52406","-0.00452","0.9752","0.54858","0.52092","0.00315","0.9711","0.45823","0.71955","-0.00563","0.9304","0.54842","0.72280","0.00410","0.9245","0.45738","0.92069","0.00102","0.9541","0.55021","0.91989","0.00556","0.9551","0.45967","0.94272","0.01701","0.9568","0.55113","0.94056","0.02442","0.9609","0.45761","0.94828","-0.02292","0.9805","0.55177","0.95151","-0.01630","0.9374"
"484","16.1333","0.50351","0.18304","0.01003","0.9349","0.48581","0.17370","0.00669","0.9444","0.47735","0.17185","0.00613","0.9152","0.47450","0.17301","0.00563","0.9744","0.52035","0.17359","0.01062","0.9319","0.52702","0.17443","0.01120","0.9807","0.53326","0.17243","0.01462","0.9360","0.46733","0.18277","0.01827","0.9583","0.53615","0.18352","0.02364","0.9011","0.49389","0.20216","0.01147","0.9554","0.51226","0.20935","0.00760","0.9830","0.42692","0.30533","0.00707","0.9663","0.57611","0.30328","0.01126","0.9425","0.41892","0.43253","-0.02286","0.9725","0.58935","0.43169","-0.01421","0.9250","0.43127","0.54281","-0.04758","0.9856","0.58056","0.53944","-0.04162","0.9364","0.41989","0.56113","-0.05208","0.9356","0.58883","0.55838","-0.04201","0.9452","0.41510","0.55819","-0.05046","0.9685","0.59141","0.55963","-0.04320","0.9259","0.43450","0.56004","-0.04372","0.9650","0.57609","0.55969","-0.03798","0.9462","0.45672","0.52019","-0.00486","0.9615","0.54816","0.52781","0.00289","0.9046","0.45967","0.72204","-0.00964","0.9950","0.55092","0.72369","0.00252","0.9175","0.45767","0.92339","-0.00001","0.9510","0.54530","0.92091","0.00751","0.9479","0.45951","0.94246","0.01444","0.9891","0.54537","0.94151","0.02258","0.9347","0.45625","0.95215","-0.02216","0.9553","0.54985","0.94843","-0.01621","0.9293"
"485","16.1667","0.50687","0.18701","0.01010","0.9398","0.48634","0.17524","0.00431","0.9783","0.48190","0.17533","0.00816","0.9327","0.47373","0.17693","0.00675","0.9852","0.52006","0.17465","0.01430","0.9210","0.52792","0.17214","0.01378","0.9429","0.53219","0.17844","0.01222","0.9028","0.47031","0.18548","0.01545","0.9819","0.53940","0.18663","0.02079","0.9336","0.49283","0.20904","0.00707","0.9891","0.51226","0.21047","0.01028","0.9684","0.42560","0.30898","0.00458","0.9359","0.57880","0.30829","0.01142","0.9129","0.41557","0.43430","-0.02886","0.9857","0.59257","0.43699","-0.02141","0.9572","0.42915","0.54294","-0.04801","0.9520","0.57566","0.54332","-0.04033","0.9506","0.42246","0.56165","-0.05136","0.9383","0.58738","0.56101","-0.04725","0.9373","0.41603","0.55607","-0.05260","0.9725","0.59376","0.55740","-0.04432","0.9442","0.43204","0.55562","-0.04584","0.9813","0.57406","0.55421","-0.04258","0.9403","0.45632","0.52997","-0.00250","0.9807","0.55094","0.52902","0.00508","0.9281","0.45579","0.72062","-0.00257","0.9474","0.55053","0.72082","0.00339","0.9438","0.46012","0.91992","0.00021","0.9631","0.54822","0.91863","0.01166","0.9275","0.45736","0.94093","0.01419","0.9659","0.55045","0.93977","0.02361","0.9839","0.45825","0.95221","-0.02405","0.9710","0.54704","0.94548","-0.01900","0.9514"
"486","16.2000","0.50639","0.18739","0.00858","0.9457","0.48792","0.17392","0.00282","0.9764","0.48271","0.17377","0.00757","0.9529","0.47477","0.17531","0.00699","0.9734","0.51849","0.17674","0.01355","0.9362","0.52639","0.16972","0.01169","0.9372","0.53358","0.17860","0.01219","0.9323","0.46869","0.18622","0.01665","0.9595","0.53762","0.18851","0.02257","0.9518","0.49364","0.20850","0.00600","0.9910","0.51304","0.20988","0.01322","0.9571","0.42488","0.30858","0.00502","0.9692","0.57714","0.30717","0.01032","0.9346","0.41834","0.43249","-0.02869","0.9521","0.59170","0.43481","-0.02155","0.9742","0.42984","0.54149","-0.04632","0.9527","0.57488","0.54308","-0.04041","0.9321","0.42302","0.56206","-0.05197","0.9449","0.58674","0.56308","-0.04856","0.9507","0.41772","0.55655","-0.05257","0.9722","0.59412","0.55916","-0.04619","0.9527","0.43388","0.55710","-0.04667","0.9783","0.57300","0.55502","-0.04379","0.9509","0.45598","0.52970","-0.00434","0.9603","0.55229","0.52917","0.00509","0.9043","0.45749","0.72083","-0.00426","0.9779","0.55186","0.72023","0.00325","0.9411","0.45844","0.92102","0.00149","0.9535","0.54691","0.91966","0.01313","0.9436","0.46010","0.94059","0.01362","0.9760","0.54826","0.94043","0.02522","0.9680","0.45847","0.95162","-0.02274","0.9847","0.54579","0.94710","-0.01576","0.9590"
"487","16.2333","0.49954","0.18778","0.01065","0.9724","0.48606","0.18095","0.00415","0.9424","0.48250","0.17907","0.00440","0.9329","0.47386","0.18058","0.00456","0.9494","0.52152","0.17798","0.01296","0.9314","0.52897","0.17849","0.01032","0.9401","0.53402","0.17943","0.01006","0.9182","0.46690","0.18874","0.01689","0.9822","0.53723","0.18773","0.02301","0.9418","0.49769","0.21367","0.00850","0.9339","0.51180","0.21525","0.00826","0.9281","0.42610","0.30891","0.00371","0.9692","0.58170","0.31214","0.01196","0.9442","0.41574","0.43686","-0.02476","0.9572","0.59321","0.43707","-0.02034","0.9559","0.42795","0.54456","-0.05158","0.9395","0.57815","0.54039","-0.04099","0.9509","0.41814","0.56512","-0.05898","0.9612","0.58725","0.56699","-0.04714","0.9835","0.41591","0.55739","-0.05374","0.9602","0.58991","0.55951","-0.04865","0.9559","0.43160","0.56011","-0.05093","0.9402","0.57424","0.55972","-0.04183","0.9241","0.45849","0.53016","-0.00166","0.9482","0.55072","0.53159","0.00215","0.9130","0.45645","0.72141","-0.01027","0.9470","0.55231","0.71722","-0.00455","0.9373","0.45261","0.91957","0.00163","0.8937","0.54717","0.91834","0.00900","0.9299","0.45949","0.93932","0.01748","0.9250","0.55006","0.94166","0.02307","0.9461","0.45555","0.95359","-0.02309","0.9221","0.54914","0.94943","-0.01319","0.9298"
"488","16.2667","0.50362","0.19224","0.00399","0.9533","0.48412","0.18268","0.00113","0.9777","0.48075","0.17875","0.00576","0.9950","0.47278","0.18096","0.00405","0.9864","0.52347","0.18586","0.01047","0.9017","0.52778","0.18143","0.01319","0.9480","0.53574","0.18541","0.01180","0.9396","0.46948","0.19205","0.01446","0.9924","0.53744","0.19212","0.01924","0.9455","0.49208","0.21633","0.00702","0.9950","0.51235","0.21862","0.00678","0.9653","0.42597","0.31390","0.00686","0.9648","0.57959","0.31485","0.01075","0.9600","0.41716","0.44019","-0.03073","0.9566","0.58731","0.44051","-0.02683","0.9460","0.42599","0.54856","-0.05208","0.9311","0.57660","0.54828","-0.05041","0.9509","0.42012","0.56718","-0.06031","0.9788","0.58913","0.56588","-0.05384","0.9198","0.41540","0.55968","-0.05921","0.9850","0.59304","0.56083","-0.05381","0.9735","0.43258","0.56057","-0.05547","0.9705","0.57492","0.55996","-0.04656","0.9614","0.46022","0.53748","-0.00470","0.9932","0.55065","0.53523","0.00269","0.9104","0.45993","0.71822","-0.01061","0.9337","0.54825","0.71660","-0.00381","0.9471","0.45984","0.92241","0.00187","0.9429","0.54906","0.92281","0.01267","0.9063","0.45737","0.94318","0.01748","0.9408","0.54925","0.93728","0.02484","0.9396","0.45703","0.95018","-0.02186","0.9796","0.54863","0.94957","-0.01691","0.9172"
"489","16.3000","0.50345","0.20007","0.00926","0.9622","0.48693","0.18604","0.00401","0.9813","0.47983","0.18835","0.00451","0.9632","0.47441","0.18874","0.00469","0.9636","0.52175","0.18690","0.00914","0.9346","0.52738","0.18428","0.01169","0.9786","0.53410","0.18845","0.01092","0.9453","0.46863","0.19972","0.01667","0.9624","0.53919","0.19875","0.01940","0.9480","0.49585","0.22543","0.00412","0.9467","0.51429","0.22528","0.00311","0.9555","0.42997","0.31797","0.00268","0.9452","0.58045","0.31980","0.01039","0.9350","0.41615","0.44895","-0.03146","0.9425","0.58912","0.44651","-0.02468","0.9841","0.43163","0.54798","-0.05977","0.9396","0.57991","0.54829","-0.05429","0.9642","0.41836","0.57135","-0.06464","0.9743","0.58589","0.56938","-0.05740","0.9494","0.41739","0.56046","-0.06442","0.9376","0.59268","0.56398","-0.05676","0.9609","0.43186","0.56196","-0.06071","0.9260","0.57260","0.56090","-0.05048","0.9338","0.45710","0.54601","-0.00465","0.9405","0.54698","0.54396","0.00346","0.9358","0.45901","0.72226","-0.01602","0.9622","0.54801","0.71701","-0.00197","0.9239","0.45729","0.92110","0.00241","0.9316","0.54878","0.92094","0.00919","0.9211","0.45617","0.93959","0.01833","0.9832","0.55006","0.94223","0.02489","0.9514","0.45829","0.95031","-0.02306","0.9605","0.55167","0.94963","-0.01720","0.9533"
"490","16.3333","0.50459","0.20753","0.00436","0.9419","0.48456","0.19471","0.00409","0.9756","0.48080","0.19729","0.00218","0.9449","0.47416","0.19423","-0.00209","0.9258","0.52187","0.19772","0.00844","0.9541","0.52581","0.19259","0.00748","0.9522","0.53181","0.19732","0.00709","0.9570","0.46939","0.20666","0.01361","0.9698","0.53746","0.20712","0.01866","0.9013","0.49106","0.22860","0.00453","0.9659","0.51701","0.22947","0.00640","0.9602","0.42842","0.32601","0.00441","0.9592","0.57739","0.32723","0.00864","0.9381","0.42112","0.45006","-0.03909","0.9779","0.58877","0.45021","-0.02820","0.9382","0.42660","0.55391","-0.06266","0.9722","0.57739","0.54891","-0.05565","0.9522","0.42005","0.56969","-0.06632","0.9553","0.58647","0.56931","-0.06100","0.9173","0.41413","0.56549","-0.06841","0.9556","0.59177","0.56838","-0.06502","0.9374","0.43299","0.56834","-0.06335","0.9612","0.57561","0.56596","-0.05643","0.9677","0.45707","0.55055","-0.00122","0.9736","0.55014","0.55078","0.00501","0.9279","0.45744","0.72110","-0.01808","0.9439","0.54892","0.71996","-0.01287","0.9451","0.45460","0.92127","0.00210","0.9712","0.55098","0.91821","0.00782","0.9408","0.45496","0.93936","0.01686","0.9855","0.54925","0.94322","0.02309","0.9240","0.45671","0.94918","-0.02751","0.9481","0.55143","0.94978","-0.01591","0.9421"
"491","16.3667","0.50190","0.20478","0.00399","0.9515","0.48642","0.19333","0.00196","0.9603","0.47984","0.19501","0.00068","0.9441","0.47543","0.19265","-0.00093","0.9326","0.52227","0.19635","0.00814","0.9721","0.52685","0.19279","0.00841","0.9468","0.53404","0.19756","0.00695","0.9231","0.46910","0.20688","0.01535","0.9591","0.53657","0.20614","0.01758","0.9284","0.49378","0.22921","0.00343","0.9595","0.51556","0.22988","0.00420","0.9660","0.42924","0.32352","0.00343","0.9568","0.57847","0.32783","0.00986","0.9519","0.42061","0.44900","-0.03669","0.9606","0.58817","0.44826","-0.02962","0.9539","0.42822","0.55569","-0.06199","0.9950","0.57588","0.54772","-0.05585","0.9444","0.42101","0.56962","-0.06647","0.9465","0.58611","0.57002","-0.06159","0.9377","0.41489","0.56685","-0.06958","0.9542","0.59187","0.56743","-0.06452","0.9483","0.43384","0.56748","-0.06009","0.9394","0.57383","0.56592","-0.05809","0.9693","0.45825","0.55126","-0.00308","0.9909","0.54878","0.55200","0.00425","0.9351","0.45682","0.72225","-0.01977","0.9465","0.54807","0.71935","-0.01239","0.9330","0.45305","0.92076","0.00449","0.9873","0.55069","0.91949","0.00528","0.9464","0.45508","0.94020","0.01655","0.9877","0.55112","0.94248","0.02303","0.9044","0.45782","0.94957","-0.02768","0.9481","0.54773","0.95080","-0.01687","0.9500"
"492","16.4000","0.50366","0.21343","0.00258","0.9857","0.48611","0.20476","0.00009","0.9906","0.47842","0.20048","0.00240","0.9841","0.47318","0.20000","0.00196","0.9593","0.52074","0.20260","0.00842","0.9609","0.52781","0.19874","0.00810","0.9453","0.53180","0.20301","0.01082","0.9413","0.46725","0.21264","0.01014","0.9321","0.53803","0.21350","0.01906","0.9328","0.49501","0.23426","0.00137","0.9499","0.51149","0.23871","0.00178","0.9098","0.42740","0.33553","-0.00166","0.9715","0.57960","0.32897","0.00789","0.9155","0.41576","0.45525","-0.04029","0.9632","0.58634","0.45602","-0.03273","0.9487","0.42961","0.55393","-0.06936","0.9515","0.57982","0.55060","-0.06382","0.9326","0.41684","0.57352","-0.07584","0.9666","0.58818","0.57078","-0.06844","0.9345","0.41586","0.56761","-0.07377","0.9823","0.58921","0.56764","-0.06384","0.9226","0.42847","0.57097","-0.06882","0.9510","0.57324","0.57086","-0.06231","0.9395","0.45774","0.55677","-0.00141","0.9767","0.54547","0.55803","0.00764","0.9415","0.45495","0.71922","-0.01817","0.9399","0.54991","0.72032","-0.01342","0.9139","0.45760","0.92032","0.00300","0.9548","0.55003","0.92101","0.00910","0.9465","0.46182","0.94290","0.01719","0.9613","0.54753","0.94091","0.02503","0.9209","0.45570","0.95350","-0.02415","0.9696","0.54688","0.95252","-0.01490","0.9376"
"493","16.4333","0.50333","0.21716","-0.00080","0.9880","0.48765","0.20766","0.00201","0.9427","0.48053","0.20434","0.00079","0.9585","0.47319","0.20756","-0.00216","0.9829","0.52245","0.20572","0.00713","0.9345","0.52644","0.20698","0.00683","0.9437","0.53309","0.20732","0.00683","0.9424","0.46928","0.22048","0.00401","0.9950","0.54018","0.21925","0.01658","0.9404","0.49006","0.24531","0.00296","0.9526","0.51299","0.24467","0.00432","0.9616","0.42958","0.33920","-0.00771","0.9385","0.58000","0.34240","0.00674","0.9308","0.41631","0.45845","-0.04619","0.9561","0.58907","0.45916","-0.03595","0.9877","0.42780","0.55447","-0.07625","0.9416","0.57870","0.55138","-0.07042","0.9785","0.41952","0.57716","-0.08251","0.9717","0.58595","0.57484","-0.07878","0.9335","0.41691","0.57206","-0.07910","0.9878","0.59078","0.56787","-0.07451","0.9266","0.43125","0.56962","-0.07855","0.9511","0.57347","0.57392","-0.06970","0.9483","0.45777","0.56698","-0.00138","0.9562","0.55190","0.56541","0.00471","0.9605","0.45554","0.71997","-0.02343","0.9590","0.55156","0.72163","-0.01813","0.9355","0.45841","0.92058","-0.00115","0.9371","0.54995","0.92518","0.01068","0.9515","0.46005","0.94058","0.01981","0.9257","0.54650","0.93622","0.02702","0.9599","0.45819","0.95110","-0.02317","0.9846","0.54986","0.95206","-0.01744","0.9182"
"494","16.4667","0.50403","0.22569","0.00419","0.9925","0.48287","0.21591","-0.00213","0.9246","0.47951","0.21419","-0.00134","0.9704","0.47360","0.21494","-0.00379","0.9369","0.51953","0.21709","0.00266","0.9274","0.52608","0.21391","0.00453","0.9641","0.53501","0.21439","0.00700","0.9513","0.47000","0.22666","0.00793","0.9413","0.53774","0.22676","0.01769","0.9374","0.49251","0.24801","0.00408","0.9549","0.51574","0.25286","0.00065","0.9831","0.42535","0.35048","-0.00344","0.9584","0.57700","0.34825","0.00199","0.9282","0.41358","0.46645","-0.04855","0.9749","0.58921","0.46569","-0.03936","0.9297","0.42929","0.55902","-0.08338","0.9197","0.58055","0.56058","-0.07539","0.9152","0.41757","0.57708","-0.08893","0.9518","0.58629","0.58133","-0.07993","0.9224","0.41170","0.57052","-0.08816","0.9692","0.59232","0.57320","-0.08154","0.9370","0.43097","0.57253","-0.08281","0.9541","0.57627","0.57364","-0.07303","0.9392","0.45264","0.58004","0.00022","0.9595","0.54807","0.57551","0.00310","0.9166","0.45560","0.72082","-0.02866","0.9362","0.55261","0.71981","-0.01838","0.9150","0.46049","0.92076","0.00259","0.9446","0.54919","0.92319","0.00795","0.9716","0.45742","0.94099","0.01747","0.9829","0.55240","0.94047","0.02567","0.9493","0.45811","0.95186","-0.02489","0.9577","0.54311","0.94917","-0.01703","0.9151"
"495","16.5000","0.50466","0.22809","-0.00143","0.9506","0.48772","0.22280","-0.00348","0.9576","0.48058","0.22042","-0.00600","0.9720","0.47566","0.22302","-0.00183","0.9610","0.52025","0.22667","0.00226","0.9735","0.52906","0.21827","0.00614","0.9656","0.53225","0.22348","0.00473","0.9630","0.46759","0.23565","0.00857","0.9304","0.53752","0.23498","0.01741","0.9272","0.49413","0.25829","-0.00069","0.9950","0.51257","0.25914","0.00196","0.9858","0.42864","0.35616","-0.00496","0.9484","0.57786","0.35645","0.00047","0.9410","0.41568","0.46994","-0.05027","0.9421","0.58798","0.47128","-0.04802","0.9830","0.42740","0.56164","-0.08787","0.9950","0.57901","0.55981","-0.08323","0.9486","0.42003","0.58131","-0.09353","0.9769","0.58500","0.58389","-0.08659","0.9087","0.41653","0.57490","-0.09293","0.9434","0.59311","0.57994","-0.08580","0.8983","0.43020","0.57380","-0.08605","0.9821","0.57683","0.57591","-0.07988","0.9154","0.45625","0.58613","-0.00116","0.9377","0.55025","0.58570","0.00678","0.9248","0.45430","0.71991","-0.03215","0.9464","0.55137","0.71885","-0.02765","0.8971","0.45806","0.92104","0.00110","0.9242","0.54749","0.92032","0.00713","0.9418","0.45728","0.94016","0.01773","0.9764","0.54769","0.94337","0.02480","0.9121","0.45763","0.95326","-0.02076","0.9504","0.54983","0.94926","-0.01414","0.9271"
"496","16.5333","0.50522","0.23004","-0.00139","0.9721","0.48726","0.22118","-0.00359","0.9615","0.48164","0.22210","-0.00561","0.9888","0.47467","0.22333","-0.00032","0.9242","0.51882","0.22632","0.00214","0.9522","0.52713","0.21877","0.00697","0.9582","0.53345","0.22125","0.00526","0.9501","0.46784","0.23605","0.00987","0.9592","0.53816","0.23490","0.01650","0.9260","0.49396","0.25818","0.00001","0.9950","0.51071","0.25873","0.00099","0.9615","0.42674","0.35835","-0.00561","0.9639","0.57859","0.35788","0.00317","0.9469","0.41529","0.47054","-0.05081","0.9595","0.58995","0.47137","-0.04873","0.9950","0.42827","0.56147","-0.08632","0.9950","0.58116","0.56110","-0.08414","0.9352","0.41925","0.58049","-0.09267","0.9768","0.58492","0.58308","-0.08681","0.9240","0.41723","0.57836","-0.09256","0.9521","0.59199","0.57960","-0.08595","0.9255","0.43139","0.57562","-0.08679","0.9711","0.57412","0.57577","-0.08079","0.9145","0.45522","0.58706","-0.00100","0.9450","0.55034","0.58729","0.00814","0.9242","0.45349","0.72055","-0.03030","0.9600","0.55151","0.71915","-0.02658","0.9105","0.45676","0.91997","0.00022","0.9321","0.54809","0.91894","0.00810","0.9789","0.45711","0.93939","0.01759","0.9562","0.54766","0.94101","0.02586","0.9376","0.45835","0.95304","-0.02075","0.9496","0.54900","0.95072","-0.01471","0.9189"
"497","16.5667","0.50603","0.23945","0.00031","0.9538","0.48518","0.23290","-0.00409","0.9657","0.47759","0.22627","-0.00343","0.9600","0.47394","0.22994","-0.00127","0.9415","0.52146","0.23199","0.00138","0.9482","0.52866","0.22834","0.00323","0.9509","0.53639","0.23389","0.00065","0.9250","0.46889","0.24228","0.00406","0.9508","0.53720","0.24237","0.01177","0.9116","0.49337","0.26524","-0.00056","0.9516","0.51246","0.26588","-0.00117","0.9449","0.42738","0.36365","-0.00640","0.9926","0.58127","0.36225","-0.00325","0.9143","0.41744","0.47397","-0.05978","0.9676","0.59017","0.47698","-0.05318","0.9562","0.42972","0.56436","-0.09347","0.9789","0.58011","0.55905","-0.09144","0.9624","0.41813","0.58643","-0.10163","0.9507","0.59285","0.58485","-0.09213","0.9583","0.41628","0.57831","-0.09881","0.9437","0.58861","0.58092","-0.09151","0.9405","0.43146","0.57844","-0.09315","0.9607","0.57511","0.57699","-0.08996","0.9305","0.45652","0.59437","0.00168","0.9716","0.54926","0.59633","0.00698","0.9488","0.45479","0.72083","-0.03573","0.9461","0.55227","0.71737","-0.02947","0.9340","0.45864","0.92200","0.00144","0.9613","0.54962","0.92102","0.01086","0.9396","0.45878","0.93901","0.01930","0.9440","0.55036","0.94388","0.02391","0.9137","0.45703","0.94887","-0.02412","0.9950","0.54876","0.95369","-0.01449","0.9568"
"498","16.6000","0.49924","0.24959","-0.00136","0.9464","0.48714","0.23759","-0.00398","0.9500","0.47788","0.23775","-0.00594","0.9438","0.47371","0.24092","-0.00693","0.9485","0.52095","0.23895","0.00265","0.9644","0.52655","0.23510","0.00240","0.9101","0.53349","0.23785","-0.00030","0.9576","0.46755","0.24771","0.00373","0.9814","0.53748","0.24883","0.01057","0.9328","0.49490","0.27306","-0.00125","0.9631","0.51474","0.27561","-0.00291","0.9493","0.42632","0.37366","-0.01058","0.9596","0.57817","0.37245","-0.00311","0.9465","0.41345","0.48347","-0.06115","0.9580","0.58824","0.48221","-0.05263","0.9454","0.42818","0.56458","-0.10397","0.9679","0.57642","0.56703","-0.09608","0.9397","0.41882","0.58947","-0.10610","0.9484","0.58617","0.58573","-0.09985","0.9598","0.41703","0.58559","-0.10381","0.9365","0.59294","0.58246","-0.09878","0.8910","0.43137","0.58153","-0.10098","0.9731","0.57669","0.58695","-0.09229","0.9320","0.45600","0.60767","0.00024","0.9432","0.54958","0.60469","0.00641","0.9580","0.45230","0.72064","-0.04483","0.9854","0.55265","0.72206","-0.03391","0.9684","0.45591","0.92090","0.00098","0.9473","0.54781","0.92158","0.00729","0.9495","0.46007","0.94482","0.01728","0.9546","0.54980","0.94268","0.02635","0.9720","0.45642","0.94789","-0.02150","0.9863","0.54774","0.95014","-0.01579","0.9283"
"499","16.6333","0.50175","0.25779","-0.00682","0.9533","0.48597","0.24593","-0.00606","0.9702","0.48257","0.24243","-0.00793","0.9862","0.47300","0.24336","-0.00818","0.9798","0.52329","0.24835","0.00060","0.9396","0.52360","0.24046","0.00033","0.9008","0.53154","0.24585","-0.00175","0.9772","0.46892","0.25714","0.00383","0.9508","0.54021","0.25540","0.01052","0.9296","0.49034","0.28080","-0.00219","0.9658","0.51407","0.27847","-0.00135","0.9457","0.42680","0.38052","-0.01365","0.9599","0.57799","0.37848","-0.00411","0.9481","0.41692","0.48755","-0.06499","0.9430","0.59016","0.48736","-0.05708","0.9660","0.42649","0.56659","-0.10500","0.9721","0.58265","0.57101","-0.10129","0.9432","0.41914","0.58780","-0.11422","0.9312","0.58717","0.58842","-0.10602","0.9354","0.41495","0.58332","-0.10981","0.9858","0.59074","0.58514","-0.10607","0.9418","0.42982","0.58440","-0.10787","0.9745","0.57412","0.58424","-0.09966","0.9396","0.45871","0.60933","0.00155","0.9358","0.55297","0.61103","0.00430","0.9742","0.45329","0.72160","-0.04259","0.9477","0.55285","0.72342","-0.03790","0.9478","0.45696","0.92055","0.00144","0.9750","0.54906","0.92172","0.00449","0.9186","0.45653","0.93979","0.01685","0.9694","0.54540","0.94216","0.02130","0.9109","0.45719","0.95049","-0.02448","0.8980","0.54915","0.95076","-0.01628","0.9200"
"500","16.6667","0.50210","0.25624","-0.00615","0.9275","0.48631","0.24586","-0.00616","0.9795","0.47933","0.24196","-0.00819","0.9654","0.47494","0.24290","-0.00628","0.9748","0.52373","0.24732","0.00106","0.9284","0.52442","0.24081","0.00161","0.9336","0.53081","0.24287","-0.00106","0.9867","0.46804","0.25712","0.00202","0.9470","0.53943","0.25639","0.01081","0.9353","0.49223","0.27890","-0.00012","0.9731","0.51613","0.27997","-0.00144","0.9633","0.42707","0.38132","-0.01137","0.9492","0.57708","0.37824","-0.00479","0.9209","0.41785","0.48798","-0.06574","0.9433","0.58979","0.48725","-0.05604","0.9664","0.42736","0.56824","-0.10465","0.9724","0.58287","0.57100","-0.09849","0.9434","0.41705","0.59029","-0.11217","0.9497","0.58717","0.58709","-0.10863","0.9398","0.41397","0.58578","-0.11086","0.9824","0.59138","0.58320","-0.10776","0.9247","0.42952","0.58424","-0.10699","0.9826","0.57248","0.58580","-0.09810","0.9612","0.45864","0.61101","0.00020","0.9342","0.55149","0.61214","0.00436","0.9432","0.45427","0.72236","-0.04367","0.9353","0.55581","0.72195","-0.03483","0.9287","0.45646","0.92440","0.00108","0.9616","0.55137","0.92328","0.00587","0.9383","0.45759","0.93877","0.01694","0.9336","0.54385","0.94092","0.02009","0.9120","0.45713","0.95003","-0.02306","0.9142","0.54814","0.95077","-0.01868","0.9470"
"501","16.7000","0.50367","0.26247","-0.00737","0.9493","0.48396","0.25578","-0.00815","0.9669","0.47437","0.25392","-0.01151","0.9456","0.47504","0.25780","-0.00664","0.9400","0.52091","0.25048","-0.00067","0.9247","0.52400","0.25153","0.00139","0.9471","0.53052","0.25147","-0.00080","0.9378","0.46490","0.26021","-0.00028","0.9672","0.53611","0.26251","0.00719","0.9117","0.49380","0.28323","-0.00457","0.9592","0.51375","0.28384","-0.00637","0.9789","0.42596","0.38673","-0.00963","0.9457","0.57687","0.38662","-0.00218","0.9480","0.41704","0.48937","-0.06925","0.9463","0.58638","0.49509","-0.06135","0.9149","0.42658","0.57157","-0.11261","0.9435","0.57730","0.57295","-0.10756","0.9453","0.41950","0.59159","-0.11658","0.9703","0.58723","0.58989","-0.10928","0.9552","0.41511","0.58915","-0.11675","0.9634","0.58937","0.58819","-0.10718","0.9507","0.43143","0.58565","-0.10974","0.9551","0.57725","0.58868","-0.10485","0.9750","0.45618","0.62064","-0.00057","0.9460","0.54708","0.62052","0.01177","0.9496","0.45426","0.72334","-0.04602","0.9702","0.55211","0.72143","-0.04018","0.9391","0.45828","0.91966","0.00366","0.9350","0.54476","0.92220","0.01091","0.9099","0.45759","0.94336","0.01883","0.9566","0.54614","0.94031","0.02535","0.9287","0.45778","0.95315","-0.02345","0.9592","0.54868","0.94923","-0.01383","0.9082"
"502","16.7333","0.50176","0.26825","-0.00761","0.9764","0.48673","0.25595","-0.00781","0.9669","0.47733","0.25601","-0.00833","0.9689","0.46959","0.25699","-0.00852","0.9394","0.51777","0.25544","-0.00243","0.9741","0.52616","0.25553","-0.00455","0.9416","0.53420","0.25871","-0.00192","0.9417","0.46845","0.26869","0.00071","0.9562","0.53775","0.26804","0.00830","0.9347","0.49187","0.29005","-0.01070","0.9602","0.51453","0.29218","-0.00618","0.9683","0.42852","0.39431","-0.01393","0.9901","0.58130","0.39145","-0.00851","0.9480","0.41992","0.50140","-0.07192","0.9517","0.58995","0.49618","-0.06401","0.9625","0.42500","0.57657","-0.11580","0.9708","0.57721","0.57370","-0.11348","0.9422","0.41864","0.59062","-0.12175","0.9628","0.58618","0.59413","-0.11231","0.9250","0.41613","0.58695","-0.12391","0.9449","0.59160","0.59027","-0.11435","0.9494","0.43211","0.58670","-0.12065","0.9464","0.57460","0.58686","-0.10965","0.9728","0.45930","0.62940","0.00437","0.9373","0.54787","0.62813","0.01302","0.9522","0.45428","0.72236","-0.05058","0.9763","0.55161","0.71971","-0.04477","0.9668","0.45708","0.91982","0.00560","0.9723","0.54865","0.92169","0.01099","0.9288","0.45461","0.94283","0.01703","0.9426","0.54956","0.94241","0.02205","0.9351","0.45960","0.95129","-0.02234","0.9564","0.54969","0.94948","-0.01400","0.9537"
"503","16.7667","0.50206","0.27657","-0.00468","0.9324","0.48588","0.26159","-0.00976","0.9510","0.47725","0.26094","-0.01213","0.9544","0.47297","0.26529","-0.01128","0.9930","0.51978","0.26336","-0.00483","0.9467","0.52525","0.26282","-0.00178","0.9251","0.53143","0.26388","-0.00374","0.9280","0.46803","0.27621","-0.00130","0.9833","0.54035","0.27032","0.00586","0.9551","0.49225","0.30199","-0.00692","0.9517","0.51310","0.29852","-0.00721","0.9392","0.42729","0.39875","-0.01288","0.9443","0.57912","0.40100","-0.00929","0.9526","0.41268","0.50285","-0.07589","0.9421","0.58572","0.50050","-0.07005","0.9394","0.42621","0.57576","-0.12143","0.9618","0.57873","0.57960","-0.11454","0.9094","0.41962","0.59721","-0.12816","0.9414","0.58485","0.59590","-0.11863","0.9574","0.41413","0.59522","-0.12584","0.9924","0.59083","0.59003","-0.12004","0.9743","0.42904","0.59177","-0.11956","0.9440","0.57481","0.59056","-0.11423","0.9479","0.45579","0.63384","0.00203","0.9759","0.54749","0.63372","0.00850","0.9507","0.45114","0.72422","-0.05399","0.9653","0.55167","0.71791","-0.04498","0.9596","0.45560","0.92070","0.00118","0.9645","0.55012","0.91994","0.00834","0.9281","0.45938","0.94277","0.01796","0.9411","0.55193","0.93986","0.02312","0.9271","0.45772","0.94853","-0.02199","0.9477","0.54781","0.95250","-0.01571","0.9724"
"504","16.8000","0.50248","0.27838","-0.00817","0.9478","0.48643","0.26622","-0.01180","0.9404","0.47829","0.26385","-0.01316","0.9630","0.47250","0.26785","-0.01196","0.9621","0.52262","0.26690","-0.00242","0.9212","0.52611","0.26713","0.00048","0.9296","0.53389","0.26575","-0.00245","0.9336","0.46878","0.27717","0.00157","0.9950","0.53932","0.28000","0.00759","0.9307","0.49328","0.30112","-0.00566","0.9482","0.51580","0.30393","-0.00414","0.9511","0.42686","0.40097","-0.01363","0.9461","0.58079","0.40049","-0.00918","0.9354","0.41494","0.50717","-0.07739","0.9625","0.58939","0.50450","-0.07127","0.9731","0.42468","0.57703","-0.12703","0.9623","0.57633","0.57724","-0.12102","0.9171","0.41878","0.59851","-0.13146","0.9859","0.58711","0.59781","-0.12193","0.9618","0.41767","0.59277","-0.12932","0.9622","0.59094","0.59223","-0.12354","0.9157","0.42791","0.59356","-0.12580","0.9713","0.57652","0.59445","-0.11593","0.9161","0.46092","0.63916","0.00040","0.9330","0.55131","0.64110","0.00901","0.9470","0.45072","0.72298","-0.05872","0.9610","0.55396","0.72060","-0.04876","0.9386","0.45740","0.92080","0.00395","0.9615","0.54864","0.92265","0.01145","0.9480","0.45665","0.94173","0.02122","0.9598","0.54567","0.93897","0.02787","0.9585","0.45867","0.94922","-0.02239","0.9826","0.54736","0.95261","-0.01396","0.9391"
"505","16.8333","0.50432","0.27891","-0.00956","0.9441","0.48528","0.26576","-0.01184","0.9362","0.47880","0.26500","-0.01280","0.9602","0.47079","0.26698","-0.01271","0.9331","0.52286","0.26667","-0.00522","0.9122","0.52602","0.26568","-0.00039","0.9525","0.53599","0.26706","-0.00123","0.9476","0.46939","0.27685","0.00159","0.9788","0.53839","0.28230","0.00767","0.9542","0.49355","0.30240","-0.00485","0.9447","0.51647","0.30386","-0.00436","0.9425","0.42616","0.40281","-0.01458","0.9713","0.58043","0.39929","-0.00940","0.9593","0.41612","0.50388","-0.07561","0.9569","0.58959","0.50660","-0.07086","0.9950","0.42375","0.57711","-0.12663","0.9393","0.57606","0.57655","-0.12157","0.9377","0.42194","0.59675","-0.13306","0.9950","0.58527","0.59913","-0.12107","0.9533","0.41539","0.59297","-0.13031","0.9722","0.59159","0.59125","-0.12440","0.9237","0.42785","0.59483","-0.12635","0.9741","0.57580","0.59402","-0.11640","0.9179","0.45896","0.64249","0.00033","0.9499","0.55058","0.64321","0.00955","0.9220","0.45065","0.72234","-0.05840","0.9684","0.55400","0.72089","-0.05003","0.9414","0.45757","0.92176","0.00362","0.9440","0.54666","0.92251","0.01125","0.9592","0.45696","0.94081","0.02217","0.9580","0.54681","0.93958","0.02700","0.9641","0.45922","0.94847","-0.02117","0.9711","0.54570","0.95118","-0.01353","0.9573"
"506","16.8667","0.50379","0.28484","-0.00551","0.9028","0.48286","0.27215","-0.01460","0.9792","0.47682","0.26933","-0.01374","0.9521","0.47296","0.27039","-0.01008","0.9856","0.52134","0.27414","-0.00438","0.9517","0.52757","0.26899","-0.00600","0.9542","0.53002","0.27083","-0.00467","0.9607","0.46767","0.28247","-0.00227","0.9333","0.53637","0.27826","0.00593","0.8928","0.49500","0.30461","-0.00788","0.9551","0.51310","0.30540","-0.00725","0.9489","0.42791","0.40401","-0.01528","0.9347","0.58022","0.40661","-0.00953","0.9601","0.41784","0.50552","-0.08091","0.9698","0.58926","0.51007","-0.07353","0.9454","0.42655","0.58004","-0.12679","0.9490","0.57816","0.58016","-0.12208","0.9599","0.41481","0.59895","-0.13365","0.9871","0.58547","0.59809","-0.12742","0.9428","0.41702","0.59482","-0.12992","0.9602","0.59049","0.59511","-0.12728","0.9307","0.43270","0.59541","-0.12848","0.9604","0.57260","0.59111","-0.12040","0.9538","0.45748","0.64303","0.00299","0.9415","0.54929","0.64887","0.00899","0.9359","0.45012","0.72022","-0.06357","0.9437","0.55134","0.72217","-0.05248","0.9437","0.45739","0.92070","0.00206","0.9463","0.55102","0.92461","0.00817","0.9483","0.45492","0.93923","0.01892","0.9376","0.54885","0.94291","0.02666","0.9218","0.45632","0.95105","-0.02342","0.9617","0.54714","0.95177","-0.01798","0.9042"
"507","16.9000","0.50237","0.28408","-0.00702","0.9236","0.48438","0.27290","-0.00959","0.9783","0.48143","0.27531","-0.01310","0.9800","0.47670","0.27480","-0.01186","0.9382","0.52197","0.27493","-0.00451","0.9667","0.52788","0.27012","-0.00637","0.9079","0.52973","0.27194","-0.00837","0.9422","0.46731","0.28445","-0.00534","0.9654","0.54061","0.28489","0.00282","0.9870","0.48984","0.30862","-0.00948","0.9537","0.51537","0.31239","-0.00813","0.9299","0.42680","0.41073","-0.01798","0.9789","0.58011","0.41173","-0.00984","0.9314","0.41650","0.51060","-0.07907","0.9684","0.58935","0.50678","-0.07435","0.9559","0.42509","0.58280","-0.13196","0.9591","0.57692","0.57847","-0.12439","0.9150","0.41902","0.59968","-0.13988","0.9721","0.58907","0.59653","-0.12825","0.9533","0.41365","0.59293","-0.13552","0.9772","0.58977","0.59268","-0.12633","0.9360","0.43093","0.59540","-0.12832","0.9558","0.57781","0.59527","-0.12424","0.9095","0.46031","0.65033","0.00472","0.9707","0.54686","0.64845","0.00735","0.9185","0.45588","0.72350","-0.05999","0.9571","0.55181","0.72073","-0.05598","0.9309","0.45886","0.92004","0.00211","0.9727","0.54850","0.92197","0.01345","0.9685","0.45913","0.94111","0.01592","0.9510","0.54766","0.94014","0.02306","0.9303","0.45851","0.94912","-0.02226","0.9462","0.55024","0.95307","-0.01440","0.9721"
"508","16.9333","0.50342","0.28723","-0.01059","0.9902","0.48504","0.27604","-0.01166","0.9630","0.47933","0.27137","-0.01116","0.9533","0.47334","0.27697","-0.01080","0.9939","0.52154","0.27487","-0.00606","0.9186","0.52694","0.27427","-0.00587","0.9497","0.53467","0.27594","-0.00906","0.8739","0.46674","0.28490","-0.00101","0.9734","0.53905","0.28453","0.00233","0.9354","0.49262","0.30910","-0.00522","0.9491","0.51393","0.31439","-0.00690","0.9374","0.42835","0.41323","-0.01824","0.9452","0.57640","0.41022","-0.01271","0.9607","0.41649","0.51075","-0.08528","0.9950","0.58720","0.50930","-0.07563","0.9653","0.42412","0.58292","-0.13347","0.9812","0.57591","0.58417","-0.12696","0.9449","0.41934","0.59861","-0.13817","0.9738","0.58653","0.60290","-0.13121","0.9212","0.41445","0.59437","-0.13795","0.9642","0.58996","0.59600","-0.13024","0.9355","0.43071","0.59571","-0.12968","0.9674","0.57421","0.59457","-0.12563","0.9190","0.45632","0.64953","0.00275","0.9197","0.54912","0.65182","0.00670","0.9469","0.45284","0.71934","-0.06374","0.9950","0.55219","0.72305","-0.05216","0.9336","0.45638","0.92238","-0.00049","0.9758","0.54972","0.92059","0.01169","0.9476","0.45872","0.94100","0.01383","0.9648","0.55026","0.94140","0.02813","0.9285","0.45705","0.95209","-0.02463","0.9746","0.54834","0.95070","-0.01632","0.9278"
"509","16.9667","0.50403","0.28981","-0.00752","0.9544","0.48649","0.27792","-0.01557","0.9497","0.47783","0.27198","-0.01287","0.9495","0.47657","0.27615","-0.01063","0.9950","0.51737","0.27767","-0.00850","0.9530","0.52642","0.27194","-0.00767","0.9370","0.53196","0.27632","-0.00551","0.9451","0.46693","0.28646","-0.00399","0.9922","0.53622","0.28705","0.00383","0.9321","0.49390","0.30922","-0.00867","0.9424","0.51357","0.31110","-0.00740","0.9489","0.42653","0.41477","-0.01818","0.9628","0.57917","0.41160","-0.01132","0.9204","0.41951","0.50961","-0.08126","0.9601","0.58571","0.51114","-0.07412","0.9335","0.42789","0.57959","-0.13324","0.9670","0.57916","0.58390","-0.12470","0.9474","0.41695","0.60049","-0.13826","0.9735","0.58619","0.60410","-0.12980","0.9153","0.41532","0.59556","-0.13823","0.9258","0.58803","0.59600","-0.12922","0.9270","0.43158","0.59734","-0.13196","0.9483","0.57424","0.59531","-0.12631","0.9455","0.45808","0.65551","0.00130","0.9280","0.54623","0.65192","0.01129","0.9386","0.45437","0.72410","-0.06224","0.9824","0.55496","0.72095","-0.05304","0.9432","0.45992","0.91966","0.00316","0.9545","0.54914","0.92084","0.00984","0.9463","0.45669","0.94310","0.01767","0.9316","0.54781","0.93868","0.02527","0.9322","0.45812","0.94962","-0.01902","0.9506","0.54997","0.94761","-0.01588","0.9481"
"510","17.0000","0.50339","0.28932","-0.00768","0.9661","0.48684","0.27785","-0.01471","0.9410","0.47819","0.27303","-0.01393","0.9610","0.47439","0.27432","-0.01069","0.9708","0.51735","0.27883","-0.00652","0.9239","0.52394","0.27230","-0.00677","0.9124","0.53150","0.27668","-0.00698","0.9617","0.46821","0.28752","-0.00209","0.9844","0.53676","0.28701","0.00567","0.9185","0.49052","0.30785","-0.00925","0.9257","0.51485","0.31136","-0.00745","0.9412","0.42867","0.41448","-0.01737","0.9372","0.57934","0.41150","-0.01160","0.9424","0.41767","0.51144","-0.08384","0.9633","0.58586","0.51182","-0.07624","0.9601","0.42892","0.58037","-0.13487","0.9650","0.57976","0.58231","-0.12179","0.9651","0.41802","0.60142","-0.13946","0.9703","0.58592","0.60247","-0.12577","0.9286","0.41382","0.59475","-0.13759","0.9477","0.58868","0.59614","-0.12840","0.9136","0.43044","0.59727","-0.13204","0.9484","0.57537","0.59555","-0.12652","0.9766","0.45760","0.65528","0.00113","0.9362","0.54569","0.65010","0.00842","0.9312","0.45169","0.72252","-0.06197","0.9531","0.55580","0.72017","-0.05219","0.9505","0.46178","0.92250","0.00419","0.9631","0.54957","0.92156","0.00947","0.9498","0.45682","0.94238","0.01717","0.9432","0.54957","0.93917","0.02487","0.9390","0.45867","0.94808","-0.01846","0.9386","0.54942","0.94784","-0.01847","0.9332"
"511","17.0333","0.50617","0.28538","-0.00752","0.9214","0.48495","0.27723","-0.01076","0.9441","0.47954","0.27364","-0.01399","0.9674","0.47334","0.27546","-0.01212","0.9629","0.52140","0.27611","-0.00541","0.9736","0.52729","0.27378","-0.00623","0.9561","0.53316","0.27829","-0.00495","0.9341","0.46689","0.28683","-0.00249","0.9513","0.54108","0.28676","0.00257","0.9532","0.49355","0.31294","-0.00823","0.9718","0.51062","0.31363","-0.01084","0.9950","0.42782","0.40953","-0.01600","0.9231","0.57810","0.41074","-0.01157","0.9290","0.41659","0.51339","-0.08283","0.9722","0.58989","0.51053","-0.07459","0.9580","0.42613","0.58282","-0.13251","0.9810","0.57964","0.57989","-0.12721","0.9381","0.42024","0.59762","-0.13526","0.9751","0.58626","0.60253","-0.12985","0.9270","0.41508","0.59460","-0.13745","0.9273","0.59460","0.59586","-0.12977","0.9489","0.43037","0.59822","-0.13395","0.9606","0.57594","0.59092","-0.12601","0.9409","0.45517","0.65174","0.00219","0.9766","0.54805","0.65074","0.00950","0.9012","0.45264","0.71927","-0.06262","0.9553","0.55125","0.72264","-0.05416","0.9643","0.45853","0.92448","0.00440","0.9592","0.54703","0.92139","0.01252","0.9318","0.45404","0.94390","0.01682","0.9576","0.54812","0.93877","0.02268","0.9510","0.45730","0.95454","-0.02137","0.9755","0.54624","0.95104","-0.01426","0.9412"
"512","17.0667","0.50561","0.28345","-0.00678","0.9539","0.48203","0.27470","-0.01419","0.9455","0.48094","0.26856","-0.01524","0.9668","0.46795","0.27332","-0.01567","0.9674","0.52154","0.27544","-0.00177","0.9222","0.52457","0.27387","-0.00871","0.9202","0.53236","0.27780","-0.00336","0.9729","0.46588","0.28376","-0.00397","0.9670","0.53924","0.28429","0.00655","0.9531","0.49498","0.31121","-0.01088","0.9651","0.51402","0.31007","-0.01159","0.9549","0.42480","0.41150","-0.01971","0.9484","0.57700","0.40765","-0.00822","0.9567","0.41550","0.51225","-0.08163","0.9642","0.58435","0.50774","-0.07054","0.9685","0.42529","0.58054","-0.13496","0.9687","0.57584","0.58207","-0.12453","0.9204","0.41849","0.59960","-0.13597","0.9372","0.58521","0.60048","-0.12863","0.9425","0.41436","0.59555","-0.13545","0.9602","0.59072","0.59577","-0.12633","0.9383","0.43169","0.59662","-0.13137","0.9550","0.57515","0.59389","-0.12253","0.9395","0.45499","0.64841","0.00206","0.9640","0.54981","0.64906","0.00881","0.9211","0.45010","0.72057","-0.06147","0.9448","0.55289","0.72247","-0.05728","0.9281","0.45789","0.92166","0.00317","0.9490","0.54755","0.91975","0.01194","0.9602","0.45676","0.93895","0.01846","0.9193","0.54737","0.94065","0.02712","0.9092","0.45500","0.94948","-0.02218","0.9805","0.54903","0.94824","-0.01793","0.9370"
"513","17.1000","0.50090","0.28131","-0.01278","0.9758","0.48569","0.27115","-0.01179","0.9532","0.47898","0.26698","-0.01365","0.8988","0.46928","0.27358","-0.01233","0.9657","0.52167","0.26725","-0.00417","0.9188","0.52648","0.26986","-0.00782","0.9676","0.53219","0.27285","-0.00344","0.9591","0.46910","0.28017","-0.00183","0.9651","0.53424","0.27885","0.00726","0.9516","0.49414","0.30655","-0.00671","0.9631","0.51310","0.30873","-0.00619","0.9715","0.42425","0.40429","-0.01646","0.9860","0.57701","0.40566","-0.00928","0.9110","0.41560","0.50996","-0.07843","0.9377","0.58848","0.50750","-0.07417","0.9622","0.42710","0.57884","-0.13101","0.9539","0.57570","0.57973","-0.11676","0.9128","0.41829","0.59933","-0.13458","0.9812","0.58322","0.59994","-0.12633","0.9349","0.41167","0.59437","-0.13360","0.9950","0.59060","0.59434","-0.12799","0.9571","0.43249","0.59320","-0.12459","0.9486","0.57568","0.59362","-0.12085","0.9356","0.45491","0.64525","0.00018","0.9577","0.54546","0.64575","0.00931","0.9369","0.45273","0.72003","-0.05988","0.9719","0.55412","0.72207","-0.05210","0.9494","0.45984","0.92477","0.00120","0.9812","0.54748","0.91995","0.01237","0.9311","0.45440","0.94332","0.01788","0.9482","0.54888","0.94273","0.02190","0.9556","0.45834","0.94914","-0.02300","0.9187","0.54759","0.95318","-0.01583","0.9084"
"514","17.1333","0.50238","0.28314","-0.01136","0.9613","0.48541","0.27080","-0.01248","0.9534","0.47754","0.26797","-0.01141","0.9288","0.46944","0.27365","-0.01082","0.9531","0.51985","0.26919","-0.00307","0.9439","0.52804","0.26956","-0.00729","0.9644","0.53404","0.27497","-0.00423","0.9435","0.47043","0.28118","-0.00226","0.9852","0.53368","0.27879","0.00697","0.9594","0.49237","0.30654","-0.00624","0.9686","0.51239","0.30680","-0.00564","0.9464","0.42573","0.40455","-0.01605","0.9864","0.57716","0.40654","-0.00916","0.8965","0.41531","0.51081","-0.08004","0.9711","0.58712","0.50833","-0.07507","0.9541","0.42632","0.58137","-0.12965","0.9540","0.57855","0.58170","-0.11641","0.9550","0.41944","0.60086","-0.13369","0.9501","0.58455","0.60218","-0.12706","0.9376","0.41248","0.59371","-0.13423","0.9910","0.58739","0.59342","-0.12773","0.9442","0.43204","0.59342","-0.12426","0.9620","0.57435","0.59528","-0.12173","0.9354","0.45350","0.64707","0.00043","0.9658","0.54698","0.64136","0.00854","0.9543","0.45457","0.71864","-0.05909","0.9770","0.55357","0.72001","-0.05133","0.9455","0.45788","0.92106","0.00417","0.9783","0.54701","0.91998","0.01102","0.9385","0.45553","0.94216","0.01649","0.9432","0.54433","0.94004","0.02527","0.9392","0.45835","0.94991","-0.02233","0.9494","0.54786","0.95286","-0.01646","0.9147"
"515","17.1667","0.50184","0.27868","-0.00734","0.9788","0.48535","0.26857","-0.00922","0.9617","0.48164","0.26375","-0.01151","0.9270","0.47227","0.26744","-0.00852","0.9401","0.52129","0.26704","-0.00645","0.9319","0.52618","0.26708","-0.00292","0.9083","0.53217","0.27048","-0.00453","0.9369","0.46623","0.27828","0.00154","0.9487","0.53807","0.27647","0.00958","0.9567","0.49138","0.30457","-0.00808","0.9921","0.51405","0.29882","-0.00787","0.9387","0.42975","0.40390","-0.01375","0.9435","0.57652","0.40479","-0.00950","0.9533","0.41766","0.50314","-0.07767","0.9565","0.58787","0.50611","-0.07098","0.9444","0.42535","0.58353","-0.12606","0.9699","0.57749","0.57856","-0.11573","0.9749","0.42018","0.59655","-0.12824","0.9950","0.58574","0.60043","-0.12147","0.9361","0.41534","0.59367","-0.13130","0.9514","0.59022","0.59079","-0.12234","0.9356","0.43038","0.59366","-0.12609","0.9290","0.57292","0.59105","-0.11898","0.9265","0.45414","0.63975","0.00158","0.9809","0.55233","0.64032","0.00953","0.9250","0.44753","0.72078","-0.06013","0.9660","0.55011","0.72189","-0.05003","0.9636","0.45457","0.92122","0.00047","0.9699","0.54594","0.92519","0.00805","0.9397","0.45580","0.94628","0.01765","0.9932","0.54785","0.94174","0.02451","0.9713","0.45499","0.95095","-0.02484","0.9588","0.55088","0.95410","-0.01469","0.9403"
"516","17.2000","0.50119","0.27396","-0.00485","0.9339","0.48585","0.26299","-0.01179","0.9549","0.47935","0.26598","-0.01336","0.9204","0.47432","0.26221","-0.00846","0.9495","0.51906","0.26314","-0.00178","0.9315","0.52582","0.26348","-0.00128","0.9848","0.53346","0.26092","-0.00224","0.9461","0.46731","0.27569","0.00068","0.9950","0.54117","0.27139","0.00608","0.9501","0.48956","0.30054","-0.00529","0.9561","0.50831","0.29845","-0.00839","0.9734","0.42679","0.39520","-0.01271","0.9318","0.57939","0.39705","-0.00807","0.8945","0.41767","0.50155","-0.07199","0.9335","0.58863","0.49874","-0.06634","0.9493","0.42360","0.57645","-0.12350","0.9714","0.57895","0.57448","-0.11412","0.9367","0.41984","0.59585","-0.12530","0.9672","0.58879","0.59526","-0.11674","0.9625","0.41404","0.59207","-0.12722","0.9690","0.58929","0.59186","-0.11700","0.9413","0.43119","0.59359","-0.12256","0.9522","0.57431","0.59237","-0.11413","0.9619","0.45597","0.63384","0.00162","0.9456","0.54756","0.63769","0.01186","0.9416","0.45333","0.71942","-0.05518","0.9332","0.55253","0.72409","-0.04879","0.9545","0.45354","0.92160","0.00128","0.9767","0.54769","0.91968","0.01140","0.9283","0.45705","0.94232","0.01804","0.9259","0.54788","0.93779","0.02529","0.9407","0.45193","0.95123","-0.02110","0.9606","0.55086","0.95008","-0.01396","0.9310"
"517","17.2333","0.50414","0.26720","-0.00527","0.9795","0.48385","0.25943","-0.00973","0.9630","0.47869","0.25667","-0.01023","0.9310","0.47629","0.25833","-0.00712","0.9435","0.52425","0.25968","-0.00040","0.9602","0.52353","0.25467","-0.00443","0.9120","0.53087","0.25824","-0.00247","0.9308","0.46674","0.26480","0.00153","0.9847","0.53751","0.26879","0.00633","0.9769","0.49100","0.29612","-0.00532","0.9703","0.50955","0.28953","-0.00264","0.9738","0.42781","0.39355","-0.01530","0.9380","0.57639","0.39125","-0.00481","0.9491","0.41752","0.49788","-0.07243","0.9927","0.58759","0.49773","-0.06691","0.9545","0.42656","0.57356","-0.11834","0.9582","0.57804","0.57838","-0.10921","0.9453","0.41832","0.59346","-0.12046","0.9184","0.58808","0.59052","-0.11577","0.9503","0.41612","0.58778","-0.12247","0.9637","0.59118","0.58726","-0.11257","0.9411","0.43167","0.58823","-0.11647","0.9762","0.57262","0.58731","-0.10916","0.9313","0.45381","0.63156","-0.00106","0.9495","0.54557","0.62692","0.00868","0.9557","0.45330","0.72167","-0.05107","0.9710","0.55120","0.71862","-0.04415","0.9428","0.45532","0.92461","0.00065","0.9860","0.54746","0.92026","0.00796","0.9476","0.45651","0.94204","0.01166","0.9729","0.54610","0.94154","0.02607","0.9424","0.45663","0.95060","-0.02298","0.9803","0.54820","0.94819","-0.01741","0.9261"
"518","17.2667","0.50245","0.26533","-0.00465","0.9625","0.48306","0.25450","-0.00842","0.9731","0.47572","0.24883","-0.00923","0.9754","0.47201","0.25257","-0.00943","0.9636","0.51696","0.24958","-0.00071","0.9635","0.52630","0.24950","-0.00339","0.9285","0.52992","0.25218","0.00337","0.9835","0.46827","0.25928","0.00371","0.9892","0.53617","0.26145","0.01243","0.9240","0.49235","0.28709","-0.00564","0.9451","0.51011","0.28734","-0.00242","0.9516","0.42706","0.38372","-0.01320","0.9322","0.57548","0.38657","-0.00380","0.9385","0.41323","0.49072","-0.06701","0.9631","0.58807","0.49327","-0.06162","0.8882","0.42830","0.57273","-0.11077","0.9288","0.57811","0.56699","-0.10843","0.9567","0.41507","0.59082","-0.11911","0.9871","0.58881","0.58874","-0.10809","0.9577","0.41540","0.58657","-0.12013","0.9572","0.58952","0.58653","-0.11183","0.9435","0.42793","0.58822","-0.11347","0.9537","0.57230","0.58774","-0.10215","0.9025","0.45423","0.62191","0.00079","0.9554","0.54734","0.62078","0.00935","0.9258","0.45488","0.72412","-0.05042","0.9383","0.54992","0.71981","-0.04141","0.9422","0.45673","0.91926","-0.00115","0.9950","0.54808","0.92156","0.01053","0.9472","0.45911","0.94348","0.01788","0.9745","0.54859","0.93851","0.02232","0.9436","0.45690","0.95225","-0.02268","0.9574","0.54831","0.95214","-0.01528","0.9376"
"519","17.3000","0.50171","0.26461","-0.00511","0.9361","0.48341","0.25305","-0.00841","0.9521","0.47498","0.24807","-0.00790","0.9861","0.47176","0.25150","-0.00767","0.9756","0.51790","0.24997","-0.00060","0.9428","0.52556","0.24899","-0.00384","0.9075","0.53061","0.25441","0.00373","0.9609","0.46874","0.26151","0.00223","0.9451","0.53424","0.26074","0.01083","0.9275","0.49232","0.28478","-0.00351","0.9392","0.51208","0.28624","-0.00341","0.9433","0.42717","0.38575","-0.01297","0.9578","0.57753","0.38670","-0.00259","0.9635","0.41101","0.49134","-0.06839","0.9557","0.58718","0.49518","-0.06049","0.9116","0.42759","0.57173","-0.11165","0.9141","0.57836","0.56795","-0.10670","0.9432","0.41722","0.59047","-0.11921","0.9569","0.58837","0.59090","-0.11030","0.9852","0.41436","0.58616","-0.11966","0.9706","0.58823","0.58680","-0.11208","0.9392","0.42858","0.58564","-0.11466","0.9458","0.57496","0.58760","-0.10023","0.9250","0.45475","0.62234","0.00148","0.9523","0.54850","0.62175","0.00871","0.9242","0.45369","0.72270","-0.04986","0.9448","0.54989","0.72018","-0.04192","0.9288","0.45665","0.92249","0.00232","0.9892","0.54644","0.92141","0.01163","0.9320","0.45846","0.94362","0.01656","0.9621","0.55046","0.93816","0.02085","0.9202","0.45601","0.95116","-0.02015","0.9457","0.54676","0.95216","-0.01455","0.9447"
"520","17.3333","0.50313","0.25577","-0.00128","0.9564","0.48310","0.24388","-0.00780","0.9950","0.47594","0.24181","-0.00544","0.9950","0.47092","0.24330","-0.00725","0.9527","0.51839","0.24854","0.00005","0.9494","0.52316","0.24394","-0.00254","0.9720","0.53242","0.24674","-0.00085","0.9653","0.46678","0.25198","0.00160","0.9628","0.53552","0.25739","0.00784","0.9542","0.49364","0.28244","-0.00339","0.9870","0.51574","0.28097","-0.00490","0.9379","0.42636","0.37948","-0.01152","0.9750","0.57620","0.37856","-0.00017","0.9253","0.41684","0.48968","-0.06546","0.9729","0.58500","0.48710","-0.05724","0.9409","0.42671","0.56633","-0.10881","0.9630","0.57609","0.56988","-0.09946","0.9202","0.41706","0.59038","-0.11263","0.9252","0.58474","0.58712","-0.10396","0.9537","0.41253","0.58764","-0.11437","0.9724","0.58860","0.58607","-0.10711","0.9358","0.43035","0.58103","-0.10499","0.9622","0.57398","0.58254","-0.09719","0.9944","0.45706","0.61321","0.00025","0.9916","0.54906","0.61043","0.00835","0.9305","0.45074","0.71994","-0.04721","0.9766","0.55024","0.72137","-0.03853","0.9814","0.45783","0.92336","0.00055","0.9788","0.54611","0.92151","0.00939","0.9080","0.45738","0.94117","0.01928","0.9849","0.54829","0.94134","0.02694","0.9634","0.45719","0.94977","-0.02131","0.9948","0.54630","0.95007","-0.01261","0.9530"
"521","17.3667","0.50401","0.24807","0.00211","0.9588","0.48436","0.23608","-0.00155","0.9511","0.47955","0.23787","-0.00680","0.9463","0.47179","0.24164","-0.00502","0.9571","0.52137","0.23615","0.00096","0.9705","0.52564","0.23544","0.00027","0.9516","0.52811","0.24082","0.00446","0.9929","0.46786","0.24816","0.00298","0.9455","0.53893","0.24842","0.01106","0.9465","0.48847","0.27183","-0.00490","0.9446","0.51278","0.27595","-0.00069","0.9621","0.42739","0.37046","-0.01123","0.9484","0.57614","0.37333","0.00031","0.9406","0.41641","0.48200","-0.06340","0.9538","0.58671","0.48294","-0.05401","0.9411","0.42785","0.56546","-0.10445","0.9532","0.57620","0.56562","-0.09143","0.9276","0.41769","0.58496","-0.10851","0.9651","0.58625","0.58533","-0.09835","0.9445","0.41052","0.58025","-0.10805","0.9794","0.58755","0.58114","-0.09967","0.9568","0.43269","0.57988","-0.09872","0.9184","0.57080","0.58228","-0.09340","0.9743","0.45649","0.60534","-0.00146","0.9437","0.54757","0.60208","0.00461","0.9244","0.45270","0.72335","-0.04308","0.9543","0.55072","0.72171","-0.03669","0.9445","0.45869","0.92200","-0.00038","0.9690","0.54544","0.91753","0.00575","0.9585","0.45668","0.94131","0.01530","0.9730","0.54376","0.94036","0.02548","0.9310","0.45660","0.94827","-0.02320","0.9404","0.55029","0.94957","-0.01488","0.9584"
"522","17.4000","0.50177","0.24134","0.00150","0.9938","0.48208","0.22994","-0.00442","0.9350","0.47890","0.22973","-0.00371","0.9446","0.46980","0.23341","-0.00568","0.9782","0.51744","0.22659","-0.00044","0.9381","0.52538","0.23087","0.00186","0.9457","0.52899","0.22920","0.00458","0.9546","0.46369","0.24136","0.00569","0.9658","0.53872","0.23862","0.00896","0.9649","0.49247","0.26787","0.00069","0.9844","0.51205","0.26154","-0.00232","0.9784","0.42631","0.36131","-0.01073","0.9783","0.57726","0.36412","-0.00107","0.9363","0.41606","0.47761","-0.05625","0.9688","0.58742","0.47615","-0.04840","0.9936","0.42375","0.56502","-0.09753","0.9290","0.57605","0.56523","-0.08700","0.9437","0.42027","0.58554","-0.09855","0.9605","0.58505","0.58509","-0.09297","0.9250","0.41441","0.57434","-0.09939","0.9836","0.59038","0.58081","-0.09158","0.9739","0.43005","0.57919","-0.09515","0.9631","0.57659","0.57881","-0.08667","0.9499","0.45874","0.59655","0.00106","0.9692","0.54784","0.59500","0.00914","0.9667","0.45579","0.71826","-0.03853","0.9381","0.54980","0.72294","-0.02968","0.9417","0.45497","0.91967","0.00445","0.9843","0.54827","0.92177","0.00919","0.9529","0.45464","0.94082","0.01949","0.9672","0.54877","0.94096","0.02428","0.9149","0.45616","0.94947","-0.02141","0.9576","0.54799","0.95059","-0.01480","0.9235"
"523","17.4333","0.50460","0.23350","0.00242","0.9686","0.48447","0.22330","-0.00124","0.9620","0.47854","0.22065","-0.00599","0.9394","0.47246","0.22274","-0.00267","0.9588","0.51920","0.22439","0.00331","0.9337","0.52277","0.22198","0.00620","0.9374","0.53016","0.22397","0.00372","0.9236","0.46602","0.23288","0.00775","0.9482","0.53828","0.23154","0.01503","0.9176","0.49391","0.25632","-0.00205","0.9464","0.51005","0.25763","-0.00024","0.9601","0.42471","0.35445","-0.00647","0.9749","0.57848","0.35304","0.00012","0.9201","0.41617","0.46921","-0.05407","0.9468","0.58561","0.46994","-0.04907","0.9326","0.42651","0.56368","-0.08800","0.9583","0.57448","0.56046","-0.07860","0.9711","0.41776","0.58193","-0.09261","0.9578","0.58586","0.58132","-0.08881","0.9520","0.41379","0.57805","-0.09185","0.9637","0.58853","0.57418","-0.08595","0.9392","0.43176","0.57655","-0.08720","0.9907","0.57536","0.57684","-0.08313","0.9165","0.45546","0.58507","0.00049","0.9325","0.54525","0.58812","0.00709","0.9635","0.45459","0.72216","-0.03450","0.9893","0.55032","0.72110","-0.02753","0.9355","0.45549","0.92165","0.00550","0.9744","0.54523","0.92017","0.01081","0.9060","0.45650","0.94049","0.01486","0.9777","0.54793","0.93731","0.02419","0.9358","0.45366","0.94847","-0.02600","0.9820","0.54290","0.94815","-0.01798","0.9136"
"524","17.4667","0.50268","0.23163","0.00212","0.9709","0.48305","0.22236","-0.00046","0.9605","0.47976","0.22040","-0.00476","0.9612","0.47247","0.22269","-0.00476","0.9535","0.52235","0.22382","0.00328","0.9458","0.52326","0.22333","0.00323","0.9557","0.53002","0.22450","0.00507","0.9403","0.46756","0.23475","0.00893","0.9761","0.53695","0.22945","0.01483","0.9106","0.49420","0.25521","0.00061","0.9667","0.51218","0.25829","0.00027","0.9746","0.42377","0.35695","-0.00752","0.9356","0.57839","0.35474","0.00117","0.9301","0.41739","0.47173","-0.05173","0.9794","0.58501","0.47180","-0.04778","0.9333","0.42586","0.56215","-0.08689","0.9571","0.57587","0.55894","-0.07924","0.9432","0.41566","0.58239","-0.09337","0.9530","0.58742","0.58093","-0.08723","0.9545","0.41251","0.57648","-0.09074","0.9498","0.58750","0.57622","-0.08517","0.9194","0.43177","0.57603","-0.08901","0.9571","0.57439","0.57753","-0.08552","0.9287","0.45444","0.58462","-0.00059","0.9346","0.54603","0.58766","0.00741","0.9447","0.45477","0.72075","-0.03327","0.9704","0.54984","0.72009","-0.02774","0.9212","0.45506","0.92375","0.00293","0.9649","0.54630","0.91975","0.01192","0.9130","0.45686","0.94129","0.01561","0.9653","0.54712","0.93619","0.02421","0.9155","0.45245","0.94881","-0.02476","0.9839","0.54384","0.94879","-0.01689","0.9215"
"525","17.5000","0.50159","0.22508","0.00295","0.9477","0.48296","0.21329","-0.00175","0.9926","0.47807","0.21425","-0.00467","0.9764","0.47139","0.20798","-0.00054","0.9928","0.52301","0.21667","0.00367","0.9268","0.52462","0.21573","0.00425","0.9306","0.53102","0.21282","0.00694","0.9727","0.46576","0.22671","0.01096","0.9559","0.53510","0.22729","0.01575","0.9429","0.49243","0.25150","-0.00020","0.9510","0.51251","0.25358","0.00214","0.9525","0.42607","0.34423","-0.00654","0.9798","0.57922","0.34526","0.00264","0.9242","0.41639","0.46451","-0.05088","0.9566","0.58753","0.46441","-0.04309","0.9267","0.42704","0.55775","-0.08137","0.9703","0.57650","0.55754","-0.07377","0.9152","0.41770","0.57887","-0.08687","0.9605","0.58323","0.57861","-0.07896","0.9528","0.41342","0.57047","-0.08683","0.9730","0.58818","0.57539","-0.07832","0.9719","0.42989","0.57511","-0.07917","0.9334","0.57208","0.57058","-0.07667","0.9386","0.45522","0.57626","-0.00241","0.9797","0.54528","0.57625","0.00566","0.9531","0.45321","0.71941","-0.02718","0.9427","0.55079","0.72021","-0.02227","0.9126","0.45453","0.92177","0.00390","0.9319","0.55142","0.92195","0.00966","0.9190","0.45451","0.93992","0.01510","0.9868","0.54775","0.93921","0.02346","0.9389","0.45922","0.95162","-0.02369","0.9553","0.54874","0.94777","-0.01623","0.9588"
"526","17.5333","0.50075","0.21855","0.00400","0.9512","0.48539","0.20683","-0.00066","0.9584","0.47604","0.20364","0.00063","0.9714","0.47321","0.21173","-0.00075","0.9596","0.51568","0.20667","0.00729","0.9140","0.52667","0.20579","0.00465","0.9309","0.53316","0.20741","0.00985","0.9132","0.46736","0.21734","0.00968","0.9756","0.53774","0.21585","0.01679","0.9467","0.49010","0.24005","0.00290","0.9856","0.51224","0.24231","0.00481","0.9691","0.42491","0.33880","-0.00077","0.9356","0.57645","0.34150","0.00382","0.9221","0.41286","0.45873","-0.04452","0.9878","0.58693","0.45795","-0.03718","0.9423","0.42452","0.55766","-0.07604","0.9322","0.57969","0.55358","-0.06454","0.9830","0.42073","0.57402","-0.08105","0.9126","0.58273","0.57347","-0.07374","0.9396","0.41499","0.56844","-0.08271","0.9585","0.58907","0.56750","-0.07421","0.9456","0.43019","0.57002","-0.07825","0.9095","0.57157","0.56988","-0.06701","0.9639","0.45550","0.56844","-0.00043","0.9330","0.54825","0.57007","0.00699","0.9284","0.45162","0.71928","-0.02476","0.9586","0.54877","0.71964","-0.01746","0.9317","0.45419","0.92064","0.00088","0.9931","0.54407","0.92196","0.00847","0.9507","0.45493","0.94065","0.01787","0.9913","0.54473","0.94224","0.02121","0.9332","0.45534","0.94730","-0.01998","0.9439","0.54826","0.94858","-0.01649","0.9465"
"527","17.5667","0.50244","0.20965","0.00426","0.9557","0.48587","0.20131","0.00145","0.9562","0.47753","0.19809","0.00244","0.9768","0.46937","0.20320","-0.00031","0.9397","0.51544","0.19921","0.00934","0.9756","0.52716","0.19891","0.00943","0.9529","0.53037","0.20233","0.00648","0.9549","0.46477","0.21058","0.01186","0.9791","0.54077","0.21003","0.01839","0.9301","0.49351","0.23514","0.00314","0.9481","0.51293","0.23804","0.00633","0.9450","0.42543","0.33586","-0.00186","0.9293","0.57682","0.33351","0.00469","0.9428","0.41448","0.45644","-0.04265","0.9438","0.58716","0.45151","-0.03766","0.9170","0.42383","0.55276","-0.06932","0.9439","0.57520","0.55198","-0.06331","0.9428","0.41867","0.57212","-0.07422","0.9784","0.58139","0.57436","-0.06929","0.9234","0.41535","0.56832","-0.07458","0.9638","0.58822","0.56613","-0.06504","0.9112","0.43066","0.56658","-0.07117","0.9404","0.57214","0.56778","-0.06058","0.9611","0.45712","0.56084","-0.00177","0.9787","0.54757","0.56149","0.00394","0.9764","0.45153","0.72211","-0.02280","0.9485","0.54576","0.71771","-0.01504","0.9647","0.45408","0.92090","0.00432","0.9499","0.54884","0.92046","0.01056","0.9427","0.45240","0.94092","0.01889","0.9825","0.54611","0.93936","0.02370","0.9472","0.45647","0.95187","-0.02603","0.9855","0.54760","0.95426","-0.01847","0.9219"
"528","17.6000","0.50289","0.20919","0.00522","0.9630","0.48412","0.20015","-0.00044","0.9470","0.47519","0.19840","0.00245","0.9794","0.47254","0.20314","-0.00178","0.9350","0.51692","0.20065","0.00903","0.9763","0.52548","0.19888","0.00768","0.9282","0.53172","0.20233","0.00565","0.9491","0.46560","0.21040","0.01140","0.9797","0.54129","0.20779","0.01851","0.9573","0.49296","0.23608","0.00377","0.9176","0.51305","0.23804","0.00471","0.9438","0.42650","0.33641","-0.00191","0.9405","0.57801","0.33441","0.00581","0.9566","0.41612","0.45264","-0.04100","0.9563","0.58716","0.45201","-0.03658","0.9366","0.42366","0.55235","-0.06886","0.9297","0.57288","0.55171","-0.06224","0.9405","0.41882","0.57228","-0.07648","0.9886","0.58288","0.57455","-0.06825","0.9161","0.41502","0.56791","-0.07361","0.9667","0.58682","0.56687","-0.06522","0.9004","0.43063","0.56578","-0.07002","0.9652","0.57282","0.56780","-0.06011","0.9848","0.45655","0.56091","-0.00307","0.9710","0.54828","0.55947","0.00192","0.9656","0.45172","0.72056","-0.02139","0.9349","0.54579","0.71823","-0.01481","0.9322","0.45464","0.91974","0.00267","0.9464","0.54940","0.92031","0.00887","0.9355","0.45244","0.94100","0.01820","0.9596","0.54625","0.93856","0.02386","0.9447","0.45653","0.95011","-0.02726","0.9566","0.54826","0.95437","-0.01633","0.9436"
"529","17.6333","0.49923","0.20490","0.00836","0.9820","0.48408","0.19353","0.00124","0.9581","0.47544","0.18908","0.00348","0.9655","0.47223","0.19317","0.00121","0.9712","0.51778","0.19864","0.00570","0.9516","0.52628","0.19348","0.01358","0.9505","0.53295","0.19523","0.01101","0.9557","0.46460","0.20461","0.01055","0.9771","0.53605","0.20448","0.01720","0.9485","0.49177","0.22940","0.00455","0.9581","0.51051","0.23101","0.00478","0.9445","0.42892","0.32377","0.00049","0.9277","0.57611","0.32586","0.01122","0.9328","0.41792","0.44734","-0.03881","0.9636","0.58599","0.44901","-0.03068","0.9653","0.42762","0.55136","-0.06483","0.9525","0.57528","0.54844","-0.05983","0.9296","0.41659","0.56801","-0.07070","0.9509","0.58383","0.57044","-0.06329","0.9329","0.41230","0.56609","-0.06975","0.9423","0.59104","0.56299","-0.06285","0.9831","0.42587","0.56249","-0.06293","0.9748","0.57099","0.56370","-0.05558","0.9182","0.45568","0.55227","-0.00234","0.9731","0.54947","0.55294","0.00391","0.9455","0.45448","0.71867","-0.01580","0.9478","0.54773","0.72074","-0.01189","0.9856","0.45467","0.92167","0.00218","0.9802","0.54638","0.92069","0.00819","0.9366","0.45389","0.94211","0.01603","0.9246","0.54739","0.94281","0.02666","0.9607","0.45812","0.95160","-0.02123","0.9776","0.54947","0.94874","-0.01666","0.9218"
"530","17.6667","0.50410","0.19796","0.00819","0.9367","0.48454","0.19021","0.00417","0.9715","0.47939","0.18742","0.00398","0.9871","0.47171","0.18893","0.00460","0.9440","0.51891","0.18712","0.01038","0.9359","0.52525","0.18370","0.00979","0.9342","0.52960","0.18938","0.00772","0.9332","0.46275","0.19945","0.01304","0.9668","0.53970","0.19557","0.01922","0.9393","0.48972","0.22448","0.00747","0.9598","0.51257","0.22565","0.00547","0.9712","0.42616","0.32020","0.00172","0.9518","0.57340","0.31794","0.01128","0.9405","0.41706","0.44504","-0.03120","0.9574","0.58509","0.44468","-0.02578","0.9330","0.42675","0.54761","-0.06104","0.9588","0.57904","0.55143","-0.05103","0.9450","0.41745","0.57105","-0.06522","0.9444","0.58403","0.56896","-0.05518","0.9619","0.41475","0.55951","-0.06318","0.9902","0.58980","0.56559","-0.05497","0.9333","0.42933","0.56251","-0.05852","0.9363","0.56976","0.55964","-0.05208","0.9950","0.45760","0.54394","-0.00322","0.9573","0.54638","0.54216","0.00312","0.9471","0.45529","0.71954","-0.01523","0.9746","0.54761","0.72058","-0.00738","0.9240","0.45599","0.92309","0.00021","0.9466","0.54778","0.92100","0.00532","0.9450","0.45651","0.93935","0.01374","0.9305","0.54873","0.94115","0.01953","0.9690","0.45831","0.95113","-0.02381","0.9222","0.54404","0.95149","-0.01899","0.9287"
"531","17.7000","0.49959","0.19395","0.00866","0.9431","0.48285","0.18202","0.00248","0.9514","0.47740","0.18334","0.00252","0.9702","0.47256","0.18374","0.00388","0.9686","0.51977","0.18332","0.01226","0.9411","0.52281","0.18063","0.01024","0.9596","0.52853","0.18143","0.01120","0.9387","0.46770","0.19296","0.01581","0.9575","0.53646","0.19006","0.02393","0.9186","0.49347","0.21916","0.01154","0.9849","0.50996","0.21663","0.00930","0.9936","0.42224","0.31261","0.00184","0.9457","0.57488","0.31488","0.00863","0.9041","0.41753","0.43819","-0.03037","0.9950","0.58567","0.44087","-0.02405","0.9095","0.42659","0.54476","-0.05363","0.9674","0.57650","0.54902","-0.04849","0.9218","0.41998","0.56595","-0.05877","0.9774","0.58241","0.56610","-0.05337","0.9682","0.41257","0.56211","-0.06165","0.9674","0.58631","0.55978","-0.05422","0.9615","0.42744","0.56035","-0.05516","0.9431","0.57541","0.56141","-0.05074","0.9271","0.45363","0.53665","-0.00144","0.9864","0.54473","0.53655","0.00617","0.9664","0.45566","0.71992","-0.01221","0.9696","0.54468","0.72275","-0.00351","0.9621","0.45685","0.92373","0.00200","0.9352","0.54594","0.92133","0.00714","0.9195","0.45542","0.94223","0.01639","0.9407","0.54278","0.93893","0.02494","0.9415","0.45439","0.94769","-0.02296","0.9431","0.54853","0.95090","-0.01485","0.9742"
"532","17.7333","0.50099","0.18628","0.00999","0.9627","0.48397","0.17584","0.00797","0.9743","0.47945","0.17610","0.00420","0.9655","0.47218","0.17961","0.00678","0.9387","0.51699","0.17853","0.01029","0.9278","0.52190","0.17666","0.01246","0.9496","0.53036","0.18047","0.01118","0.9296","0.46353","0.19008","0.01667","0.9652","0.53614","0.18991","0.01876","0.9456","0.49144","0.21645","0.01033","0.9217","0.51144","0.21219","0.00942","0.9429","0.42707","0.30849","0.00451","0.9792","0.57696","0.30387","0.00998","0.9213","0.41543","0.43718","-0.02655","0.9633","0.58435","0.43475","-0.02300","0.9463","0.42493","0.54294","-0.04927","0.9217","0.57715","0.54477","-0.04474","0.9296","0.41433","0.55746","-0.05527","0.9900","0.58324","0.56554","-0.04745","0.9669","0.41787","0.56010","-0.05393","0.9950","0.58996","0.55960","-0.04542","0.9792","0.42836","0.55896","-0.05172","0.9471","0.56839","0.55959","-0.04376","0.9591","0.45471","0.52950","-0.00406","0.9734","0.54449","0.52778","0.00249","0.9068","0.45732","0.71814","-0.00884","0.9585","0.54667","0.71692","-0.00094","0.9405","0.45462","0.92241","-0.00017","0.9832","0.54606","0.92007","0.00986","0.9687","0.45432","0.93799","0.01702","0.9699","0.54826","0.94156","0.02130","0.9394","0.45041","0.95093","-0.02370","0.9950","0.54332","0.95474","-0.01731","0.9627"
"533","17.7667","0.49850","0.18851","0.00814","0.9665","0.48587","0.17717","0.00752","0.9583","0.47970","0.17828","0.00398","0.9588","0.47099","0.18011","0.00558","0.9440","0.51797","0.17614","0.01097","0.9466","0.52440","0.17545","0.01293","0.9380","0.53024","0.17975","0.01205","0.9205","0.46543","0.19032","0.01660","0.9571","0.53803","0.18940","0.01879","0.9469","0.48960","0.21579","0.00935","0.9064","0.51386","0.21379","0.00871","0.9581","0.42541","0.30796","0.00530","0.9753","0.57595","0.30683","0.01254","0.9285","0.41594","0.43808","-0.02744","0.9305","0.58337","0.43739","-0.02087","0.9161","0.42237","0.54367","-0.04982","0.9305","0.57665","0.54091","-0.04499","0.9589","0.41538","0.55629","-0.05393","0.9905","0.58345","0.56299","-0.04605","0.9370","0.41684","0.56011","-0.05390","0.9827","0.58941","0.55831","-0.04690","0.9682","0.42848","0.55718","-0.05047","0.9632","0.56853","0.55822","-0.04335","0.9653","0.45254","0.52855","-0.00209","0.9566","0.54688","0.52858","0.00421","0.9220","0.45623","0.71778","-0.01004","0.9498","0.54564","0.71723","-0.00092","0.9332","0.45457","0.92086","0.00214","0.9631","0.54594","0.91909","0.00797","0.9351","0.45384","0.93664","0.01500","0.9950","0.54841","0.94099","0.02159","0.9428","0.45115","0.95153","-0.02483","0.9950","0.54315","0.95551","-0.01596","0.9371"
"534","17.8000","0.50018","0.18801","0.00951","0.9615","0.48311","0.17830","0.00364","0.9566","0.47570","0.17229","0.00435","0.9461","0.47095","0.17383","0.00723","0.9667","0.52107","0.17334","0.01137","0.9234","0.52237","0.17339","0.01487","0.9539","0.52980","0.17538","0.01645","0.9642","0.46599","0.18549","0.01773","0.9317","0.53344","0.18254","0.02115","0.9460","0.49302","0.20753","0.00905","0.9680","0.51306","0.21045","0.01100","0.9454","0.42170","0.30141","0.00218","0.9912","0.57518","0.30249","0.01089","0.8956","0.41687","0.43337","-0.02535","0.9277","0.58704","0.43391","-0.01825","0.9810","0.42493","0.53907","-0.04761","0.9896","0.57804","0.54344","-0.03941","0.9474","0.41435","0.55985","-0.05499","0.9476","0.58540","0.56094","-0.04611","0.9393","0.41419","0.55507","-0.05362","0.9413","0.58582","0.55850","-0.04217","0.9708","0.42627","0.55670","-0.04818","0.9812","0.57134","0.55858","-0.03926","0.9374","0.45584","0.52814","-0.00619","0.9756","0.54666","0.52701","0.00295","0.9359","0.45502","0.72425","-0.00923","0.9194","0.54665","0.71458","0.00016","0.9121","0.45722","0.91800","0.00117","0.9407","0.54523","0.91982","0.00711","0.9447","0.45489","0.94117","0.01801","0.9703","0.54584","0.93998","0.02250","0.9481","0.45364","0.94918","-0.02222","0.9314","0.54582","0.94928","-0.01671","0.9508"
"535","17.8333","0.50244","0.18242","0.01346","0.9651","0.48288","0.17400","0.00365","0.9547","0.47837","0.16929","0.00591","0.9596","0.46902","0.17089","0.00650","0.9784","0.51771","0.17423","0.01322","0.9341","0.52318","0.17249","0.01002","0.9282","0.53016","0.17385","0.01113","0.9731","0.46350","0.18193","0.01630","0.9546","0.53606","0.18738","0.02364","0.9419","0.48905","0.20382","0.01089","0.9692","0.50914","0.21000","0.00838","0.9429","0.42371","0.30250","0.00744","0.9870","0.57545","0.30251","0.01146","0.9361","0.41714","0.43172","-0.02435","0.9408","0.58609","0.43118","-0.01470","0.9640","0.42450","0.54204","-0.04797","0.9703","0.57677","0.53808","-0.03795","0.9466","0.41584","0.56155","-0.05328","0.9507","0.58216","0.56096","-0.04161","0.9476","0.40946","0.55380","-0.05145","0.9416","0.58786","0.55568","-0.04673","0.9393","0.42932","0.55691","-0.04420","0.9384","0.57153","0.55358","-0.03779","0.9231","0.45137","0.52222","-0.00178","0.9476","0.54600","0.52182","0.00348","0.9244","0.45844","0.71917","-0.00527","0.9611","0.54760","0.72147","-0.00281","0.9539","0.45371","0.92100","0.00135","0.9533","0.54927","0.92156","0.01021","0.9396","0.45391","0.94154","0.01722","0.9440","0.54574","0.94142","0.02471","0.9239","0.45569","0.94925","-0.02345","0.9756","0.54856","0.94977","-0.01481","0.9445"
"536","17.8667","0.49915","0.18303","0.00965","0.9753","0.47925","0.17028","0.00962","0.9472","0.47820","0.16863","0.00891","0.9950","0.47488","0.16980","0.00638","0.9704","0.51610","0.17189","0.01147","0.9248","0.52159","0.16588","0.01288","0.9478","0.52953","0.17427","0.01270","0.9671","0.46571","0.18059","0.01369","0.9945","0.53874","0.18066","0.02275","0.9679","0.48849","0.20703","0.00989","0.9800","0.50869","0.20785","0.00932","0.9676","0.42477","0.30004","0.00203","0.9501","0.57654","0.29865","0.01465","0.9451","0.41739","0.43041","-0.02298","0.9409","0.58650","0.42804","-0.01556","0.9088","0.42734","0.54222","-0.04522","0.9500","0.57824","0.54311","-0.03844","0.9338","0.41627","0.55964","-0.04975","0.9475","0.58154","0.56203","-0.04097","0.9457","0.41231","0.55526","-0.04994","0.9352","0.58894","0.55709","-0.04287","0.9460","0.43016","0.55370","-0.04114","0.9672","0.57419","0.55452","-0.03752","0.9516","0.45637","0.51874","-0.00308","0.9314","0.54610","0.52063","0.00381","0.9519","0.45528","0.71740","-0.00279","0.9505","0.54641","0.71798","0.00490","0.9233","0.45556","0.91728","0.00179","0.9809","0.54732","0.91731","0.00756","0.9395","0.45522","0.93682","0.01758","0.9622","0.54335","0.93969","0.02396","0.9398","0.45673","0.95410","-0.02160","0.9791","0.54665","0.95190","-0.01977","0.9446"
"537","17.9000","0.50242","0.18281","0.00873","0.9402","0.48524","0.17150","0.00523","0.9701","0.47712","0.16919","0.00964","0.9654","0.47073","0.17109","0.00465","0.9584","0.51506","0.16815","0.01830","0.9525","0.52329","0.16685","0.01428","0.9444","0.53237","0.16925","0.01379","0.9425","0.46604","0.18000","0.01608","0.9553","0.53620","0.18199","0.02668","0.9531","0.49209","0.20399","0.01123","0.9408","0.50801","0.20264","0.00892","0.9630","0.42586","0.30096","0.00672","0.9581","0.57740","0.30289","0.01085","0.9557","0.41499","0.43145","-0.02777","0.9926","0.58696","0.43200","-0.01687","0.9538","0.42426","0.54045","-0.04026","0.9950","0.57436","0.53891","-0.03749","0.9169","0.41742","0.55811","-0.04861","0.9249","0.58415","0.55973","-0.04252","0.9438","0.41364","0.55374","-0.04930","0.9653","0.58919","0.55671","-0.04384","0.9674","0.42935","0.55472","-0.04313","0.9524","0.57161","0.55516","-0.03868","0.9291","0.45267","0.52333","-0.00374","0.9481","0.54425","0.51981","0.00385","0.9533","0.45325","0.72131","-0.00470","0.9164","0.54713","0.71685","0.00115","0.9549","0.45669","0.91988","-0.00168","0.9736","0.54621","0.91831","0.00918","0.9621","0.45294","0.93870","0.01730","0.9363","0.54618","0.93948","0.02429","0.9354","0.45826","0.94937","-0.02400","0.9673","0.54709","0.95023","-0.01749","0.9019"
"538","17.9333","0.50014","0.17780","0.00827","0.9768","0.48168","0.17009","0.00548","0.9656","0.47206","0.16978","0.00423","0.9502","0.47057","0.17156","0.00847","0.9899","0.51723","0.16905","0.01343","0.9447","0.52334","0.16799","0.01009","0.9358","0.52962","0.16863","0.01245","0.9218","0.46428","0.18083","0.01623","0.9572","0.53390","0.18027","0.02061","0.9264","0.48914","0.20489","0.01082","0.9675","0.50570","0.20661","0.00900","0.9783","0.42280","0.29878","0.00525","0.9410","0.57463","0.29867","0.01792","0.9084","0.41418","0.43425","-0.02571","0.9235","0.58320","0.42724","-0.01885","0.9298","0.42108","0.54212","-0.04402","0.9363","0.57239","0.54154","-0.03594","0.9411","0.41416","0.55844","-0.05169","0.9474","0.58409","0.56141","-0.04196","0.9403","0.40875","0.55523","-0.04740","0.9581","0.58736","0.55400","-0.04503","0.9393","0.42543","0.55267","-0.04347","0.9598","0.56791","0.55546","-0.03802","0.9425","0.45471","0.51999","-0.00466","0.9551","0.54224","0.52090","0.00112","0.9591","0.45023","0.71944","-0.00481","0.9667","0.54408","0.71969","0.00148","0.9416","0.45129","0.92166","0.00646","0.9407","0.54531","0.92115","0.01113","0.9335","0.45241","0.93895","0.01684","0.9686","0.54302","0.94179","0.02140","0.9379","0.45341","0.95197","-0.02532","0.9524","0.54205","0.95015","-0.01625","0.9638"
"539","17.9667","0.49940","0.17615","0.00813","0.9908","0.47925","0.16806","0.00369","0.9464","0.47319","0.16741","0.00644","0.9498","0.46442","0.16883","0.00400","0.9431","0.51877","0.16897","0.01200","0.9214","0.51945","0.16809","0.01030","0.9406","0.52618","0.17230","0.01296","0.9546","0.46232","0.17963","0.01411","0.9759","0.53480","0.18013","0.02055","0.9490","0.48571","0.20352","0.00972","0.9534","0.51047","0.20699","0.00841","0.9315","0.42294","0.29874","0.00595","0.9232","0.57375","0.29896","0.00994","0.9244","0.41178","0.43182","-0.02376","0.9854","0.58390","0.43050","-0.01539","0.9212","0.42336","0.54006","-0.04591","0.9608","0.57393","0.54093","-0.03819","0.9558","0.41608","0.56260","-0.04975","0.9708","0.58466","0.56100","-0.04308","0.9269","0.41154","0.55672","-0.04797","0.9707","0.58606","0.55156","-0.04292","0.9505","0.42403","0.55265","-0.04592","0.9642","0.56556","0.55665","-0.04074","0.9148","0.45066","0.51851","-0.00828","0.9707","0.54102","0.52235","0.00091","0.9775","0.45335","0.71845","-0.00505","0.9447","0.54370","0.72137","0.00520","0.9541","0.45462","0.92044","-0.00068","0.9304","0.54269","0.92061","0.00429","0.9349","0.45289","0.93706","0.01639","0.9483","0.54443","0.94129","0.02323","0.9549","0.45596","0.95176","-0.02205","0.9950","0.54253","0.94979","-0.02034","0.9019"
"540","18.0000","0.49680","0.18166","0.00810","0.9689","0.47883","0.17075","0.00629","0.9719","0.47807","0.16848","0.00805","0.9410","0.46915","0.16722","0.00549","0.9488","0.51554","0.16991","0.01270","0.9539","0.52214","0.16864","0.01254","0.9564","0.52874","0.16753","0.01367","0.9320","0.46326","0.18109","0.01489","0.9766","0.53304","0.18144","0.02507","0.9272","0.48974","0.20109","0.00799","0.9551","0.50913","0.20588","0.01059","0.9553","0.42245","0.29748","0.00570","0.9558","0.57101","0.30133","0.01398","0.9513","0.41402","0.43003","-0.02501","0.9732","0.58359","0.42811","-0.01657","0.9346","0.41987","0.53696","-0.04703","0.9545","0.57490","0.53749","-0.03477","0.9344","0.41245","0.56055","-0.05106","0.9720","0.58130","0.55763","-0.04121","0.9589","0.40989","0.55736","-0.04751","0.9765","0.58670","0.55524","-0.04245","0.9144","0.42819","0.55261","-0.04450","0.9637","0.57052","0.55623","-0.03780","0.9558","0.44893","0.51711","-0.00373","0.9716","0.54434","0.52086","0.00271","0.9488","0.44982","0.72094","-0.00231","0.9878","0.54130","0.71882","0.00299","0.9470","0.45141","0.92180","-0.00039","0.9409","0.54169","0.92109","0.00886","0.9231","0.45185","0.94202","0.01432","0.9859","0.54182","0.94133","0.02232","0.9695","0.45229","0.95084","-0.02670","0.9434","0.54536","0.95174","-0.02029","0.9140"
"541","18.0333","0.49377","0.17861","0.00945","0.9521","0.47932","0.16747","0.00523","0.9437","0.47101","0.16616","0.00592","0.9366","0.46758","0.17103","0.00636","0.9483","0.51552","0.17111","0.01290","0.9520","0.52158","0.16434","0.01418","0.9476","0.52501","0.17483","0.01308","0.9522","0.46217","0.18069","0.01741","0.9379","0.53315","0.17827","0.02169","0.9359","0.48623","0.20544","0.00841","0.9691","0.50756","0.20237","0.00951","0.9893","0.42143","0.30248","0.00742","0.9392","0.57297","0.29833","0.01290","0.9549","0.41197","0.43054","-0.02346","0.9695","0.58301","0.43230","-0.01585","0.9483","0.42407","0.54051","-0.04708","0.9709","0.57201","0.54033","-0.03947","0.9224","0.41408","0.56480","-0.04754","0.9929","0.58088","0.55759","-0.04232","0.9173","0.40887","0.55658","-0.04856","0.9505","0.58485","0.55198","-0.04455","0.9741","0.42587","0.55502","-0.04521","0.9924","0.57111","0.55450","-0.03566","0.9348","0.45093","0.51945","-0.00290","0.9801","0.54275","0.51980","0.00261","0.9637","0.45521","0.72093","-0.00863","0.9880","0.54459","0.72189","0.00207","0.9039","0.45290","0.92157","0.00251","0.9285","0.54508","0.92071","0.00852","0.9649","0.45152","0.93932","0.01428","0.9385","0.54502","0.94230","0.02175","0.9650","0.44970","0.94954","-0.02311","0.9751","0.54319","0.95329","-0.02058","0.9299"
"542","18.0667","0.49766","0.17801","0.01021","0.9774","0.48070","0.17130","0.00454","0.9466","0.47620","0.17172","0.00739","0.9675","0.46476","0.16967","0.00735","0.9312","0.51676","0.17147","0.01370","0.9692","0.52139","0.16606","0.01211","0.9660","0.52711","0.16964","0.01149","0.9576","0.46539","0.17831","0.01854","0.9555","0.53350","0.18011","0.01994","0.9412","0.48785","0.20378","0.01012","0.9447","0.51018","0.20381","0.00973","0.9950","0.42485","0.29761","0.00611","0.9649","0.57578","0.30202","0.01158","0.9203","0.41307","0.43059","-0.02723","0.9398","0.58264","0.42832","-0.02014","0.9689","0.42451","0.53998","-0.04527","0.9580","0.57244","0.53958","-0.03859","0.9540","0.41381","0.56038","-0.04807","0.9933","0.58125","0.56067","-0.04296","0.9593","0.41175","0.55467","-0.04695","0.9564","0.58600","0.55569","-0.04185","0.9112","0.42793","0.55778","-0.04299","0.9695","0.57014","0.55241","-0.04127","0.9648","0.45032","0.52007","-0.00207","0.9553","0.54893","0.52149","0.00163","0.9328","0.45347","0.71861","-0.00297","0.9537","0.54596","0.72177","0.00046","0.9246","0.45303","0.91837","0.00009","0.9932","0.54450","0.92084","0.00491","0.9301","0.45213","0.93960","0.01658","0.9684","0.54320","0.94080","0.02097","0.9715","0.45503","0.94716","-0.02455","0.9564","0.54445","0.94991","-0.01782","0.9373"
"543","18.1000","0.49635","0.18127","0.00920","0.9853","0.47953","0.16895","0.00409","0.9420","0.47580","0.16495","0.00749","0.9784","0.47017","0.17088","0.00606","0.9673","0.51539","0.17251","0.01426","0.9272","0.51798","0.16996","0.01024","0.9950","0.52839","0.17036","0.01188","0.9323","0.46401","0.18241","0.01538","0.9428","0.53298","0.17833","0.02259","0.9593","0.48635","0.20490","0.00955","0.9489","0.50687","0.20226","0.00874","0.9440","0.42096","0.30137","0.00756","0.9749","0.57565","0.30014","0.01151","0.9268","0.41325","0.42837","-0.02498","0.9852","0.58292","0.42887","-0.01885","0.9594","0.42270","0.54356","-0.04777","0.9489","0.57702","0.53919","-0.03784","0.9565","0.41153","0.55829","-0.05263","0.9509","0.58589","0.56254","-0.04164","0.9105","0.41098","0.55366","-0.04706","0.9449","0.58373","0.55448","-0.04297","0.9602","0.42456","0.55554","-0.04089","0.9850","0.56896","0.55434","-0.03307","0.9589","0.45161","0.51682","-0.00364","0.9609","0.54565","0.51879","-0.00053","0.9442","0.45028","0.72032","-0.00354","0.9622","0.54212","0.72024","0.00379","0.9292","0.45445","0.92214","0.00092","0.9607","0.54115","0.91676","0.00905","0.9395","0.45321","0.93990","0.01500","0.9810","0.54570","0.93901","0.02151","0.9378","0.45228","0.94897","-0.02255","0.9613","0.54288","0.95083","-0.01665","0.9490"
"544","18.1333","0.49926","0.17881","0.00891","0.9662","0.48250","0.17161","0.00410","0.9302","0.47454","0.16880","0.00528","0.9584","0.46818","0.17107","0.00591","0.9864","0.51878","0.17105","0.01206","0.9271","0.52307","0.16614","0.01416","0.9290","0.53000","0.17045","0.01332","0.9623","0.46457","0.18160","0.01924","0.9666","0.53566","0.18097","0.02098","0.9493","0.48721","0.20326","0.00722","0.9648","0.50626","0.20451","0.01067","0.9264","0.42354","0.29944","0.00095","0.9498","0.57758","0.30088","0.00800","0.9433","0.41225","0.43223","-0.02598","0.9728","0.58546","0.43106","-0.01879","0.9513","0.42396","0.54200","-0.04004","0.9950","0.57544","0.53951","-0.03415","0.9510","0.41317","0.56391","-0.04795","0.9339","0.58587","0.56126","-0.04105","0.9180","0.41329","0.55357","-0.04827","0.9396","0.58486","0.55337","-0.04284","0.9223","0.42739","0.55434","-0.04350","0.9342","0.57343","0.55398","-0.03977","0.9098","0.45178","0.51995","-0.00543","0.9802","0.54478","0.51974","0.00334","0.9223","0.45425","0.71883","-0.00326","0.9475","0.54623","0.71624","0.00255","0.9364","0.45448","0.92135","0.00201","0.9598","0.54714","0.92112","0.01242","0.9235","0.45207","0.93984","0.01919","0.9846","0.54673","0.94001","0.02361","0.9536","0.45344","0.94908","-0.02297","0.9393","0.54510","0.94980","-0.01624","0.9227"
"545","18.1667","0.49818","0.17813","0.01138","0.9434","0.48352","0.16993","0.00342","0.9468","0.47315","0.16876","0.00620","0.9372","0.46835","0.17058","0.00496","0.9950","0.51634","0.16987","0.00900","0.8879","0.52456","0.16841","0.01355","0.9472","0.52911","0.16951","0.01193","0.9324","0.46483","0.18117","0.01977","0.9579","0.53821","0.18257","0.02317","0.9372","0.48837","0.20302","0.00795","0.9613","0.50562","0.20596","0.01008","0.9345","0.42402","0.29761","0.00213","0.9328","0.57979","0.30047","0.01014","0.9761","0.41335","0.43174","-0.02476","0.9659","0.58736","0.43271","-0.01706","0.9362","0.42321","0.54025","-0.03992","0.9950","0.57503","0.54084","-0.03422","0.9461","0.41336","0.56049","-0.04680","0.9554","0.58617","0.56198","-0.04226","0.9316","0.41139","0.55287","-0.04971","0.9404","0.58788","0.55428","-0.04069","0.9526","0.42847","0.55335","-0.04216","0.9304","0.57361","0.55393","-0.03954","0.9227","0.45281","0.51922","-0.00553","0.9842","0.54501","0.52089","0.00398","0.9333","0.45402","0.71912","-0.00362","0.9340","0.54614","0.71606","0.00309","0.9510","0.45568","0.92263","0.00217","0.9762","0.54657","0.92041","0.01050","0.9183","0.45096","0.93704","0.01698","0.9557","0.54765","0.94101","0.02125","0.9644","0.45384","0.95067","-0.02112","0.9191","0.54505","0.94953","-0.01588","0.9503"
"546","18.2000","0.49943","0.18093","0.00671","0.9376","0.47994","0.16902","0.00482","0.9257","0.47250","0.16704","0.00586","0.9411","0.47290","0.16797","0.00556","0.9517","0.51675","0.17251","0.01388","0.9744","0.52616","0.16623","0.01326","0.9429","0.53053","0.16855","0.01327","0.9410","0.46285","0.17930","0.01677","0.9714","0.53467","0.18015","0.02360","0.9500","0.48615","0.20632","0.00953","0.9444","0.50661","0.20608","0.00878","0.9702","0.42385","0.29714","0.00590","0.9844","0.57439","0.30403","0.01390","0.9665","0.41343","0.42927","-0.02317","0.9634","0.58625","0.42819","-0.02169","0.9622","0.42195","0.53910","-0.04734","0.9443","0.57765","0.54088","-0.03769","0.9601","0.41302","0.55909","-0.05099","0.9605","0.58304","0.55976","-0.04337","0.9504","0.40870","0.55364","-0.05050","0.9538","0.58927","0.55452","-0.04303","0.9581","0.42861","0.55365","-0.04549","0.9269","0.56990","0.55450","-0.03736","0.9464","0.45570","0.52155","-0.00288","0.9893","0.54528","0.52042","0.00316","0.9789","0.45386","0.71706","-0.00677","0.9628","0.54586","0.72011","0.00602","0.9329","0.45205","0.92230","0.00045","0.9414","0.54708","0.91848","0.00555","0.9565","0.45523","0.94156","0.01552","0.9626","0.54570","0.93969","0.02290","0.9545","0.45084","0.94617","-0.02464","0.9551","0.54795","0.95121","-0.01582","0.9321"
"547","18.2333","0.50054","0.18183","0.00913","0.9264","0.48128","0.17173","0.00405","0.9529","0.47176","0.16977","0.00487","0.9145","0.47109","0.17308","0.00670","0.9872","0.51798","0.17355","0.01158","0.9338","0.52475","0.17268","0.00845","0.9232","0.52926","0.17142","0.01725","0.9554","0.46334","0.18144","0.01571","0.9654","0.53297","0.18171","0.02289","0.8991","0.49071","0.20149","0.01101","0.9761","0.50728","0.20601","0.00614","0.9679","0.42051","0.30246","0.00783","0.9888","0.57367","0.30241","0.01088","0.9616","0.41414","0.43132","-0.02559","0.9833","0.58490","0.42997","-0.01602","0.9458","0.42462","0.54155","-0.04752","0.9949","0.57588","0.53698","-0.04184","0.9324","0.41652","0.56095","-0.05126","0.9566","0.58510","0.55842","-0.04140","0.9581","0.40967","0.55650","-0.05158","0.9887","0.58844","0.55720","-0.04323","0.9232","0.43050","0.55826","-0.04579","0.9467","0.57247","0.55594","-0.03784","0.9362","0.45114","0.51926","-0.00471","0.9561","0.54527","0.52579","0.00187","0.8925","0.45185","0.72108","-0.00967","0.9506","0.54706","0.72487","0.00121","0.9533","0.45162","0.92139","0.00000","0.9595","0.54397","0.91683","0.00499","0.9319","0.45242","0.94035","0.01287","0.9950","0.54346","0.94149","0.02237","0.9537","0.45195","0.95043","-0.02392","0.9620","0.54601","0.94962","-0.01706","0.9185"
"548","18.2667","0.49843","0.18253","0.00990","0.9209","0.48035","0.17113","0.00374","0.9634","0.47239","0.17037","0.00549","0.9437","0.46994","0.17313","0.00613","0.9950","0.51650","0.17296","0.01154","0.9171","0.52379","0.17166","0.01084","0.9488","0.52865","0.17084","0.01606","0.9243","0.46397","0.18316","0.01479","0.9831","0.53398","0.18172","0.02126","0.9022","0.49083","0.20169","0.00893","0.9365","0.50712","0.21113","0.00686","0.9642","0.42335","0.30308","0.00580","0.9950","0.57355","0.30043","0.01012","0.9378","0.41302","0.43175","-0.02569","0.9950","0.58458","0.43140","-0.01671","0.9327","0.42705","0.54006","-0.04764","0.9824","0.57516","0.53617","-0.04234","0.9569","0.41492","0.56116","-0.05209","0.9548","0.58470","0.55755","-0.03956","0.9340","0.41017","0.55728","-0.05080","0.9690","0.58903","0.55687","-0.04365","0.9137","0.43216","0.55908","-0.04571","0.9573","0.57166","0.55682","-0.03821","0.9473","0.45094","0.51961","-0.00302","0.9814","0.54490","0.52473","0.00105","0.8933","0.45214","0.72157","-0.00924","0.9669","0.54612","0.72058","0.00119","0.9468","0.45262","0.91946","-0.00034","0.9520","0.54370","0.91870","0.00667","0.9366","0.45433","0.94000","0.01203","0.9950","0.54142","0.93916","0.02177","0.9207","0.45225","0.95073","-0.02215","0.9552","0.54397","0.94798","-0.01653","0.9196"
"549","18.3000","0.50085","0.18475","0.00795","0.9479","0.48216","0.17378","0.00429","0.9815","0.47660","0.17176","0.00941","0.9579","0.46796","0.17419","0.00417","0.9930","0.51508","0.17369","0.01281","0.8930","0.52344","0.16919","0.01235","0.9476","0.52968","0.17521","0.01030","0.9187","0.46569","0.18580","0.01756","0.9847","0.53306","0.18567","0.02087","0.9470","0.48801","0.20862","0.00544","0.9752","0.50836","0.20862","0.01159","0.9630","0.42166","0.30574","0.00463","0.9488","0.57438","0.30441","0.01126","0.9334","0.41336","0.43257","-0.02788","0.9630","0.58725","0.43388","-0.02054","0.9419","0.42516","0.53929","-0.04660","0.9452","0.57260","0.54025","-0.03935","0.9404","0.41792","0.56261","-0.05307","0.9656","0.58485","0.56046","-0.04775","0.9218","0.41284","0.55468","-0.05309","0.9750","0.58958","0.55680","-0.04729","0.9238","0.42595","0.55374","-0.04705","0.9950","0.57099","0.55225","-0.04255","0.9505","0.45056","0.52816","-0.00533","0.9687","0.54736","0.52658","0.00393","0.9176","0.45315","0.72118","-0.00514","0.9708","0.54780","0.71914","0.00086","0.9308","0.45380","0.92028","0.00098","0.9486","0.54430","0.91633","0.01040","0.9508","0.45433","0.93978","0.01276","0.9673","0.54510","0.94078","0.02697","0.9615","0.45242","0.95013","-0.02522","0.9901","0.54346","0.94632","-0.01689","0.9635"
"550","18.3333","0.49566","0.18357","0.00871","0.9665","0.48059","0.17854","0.00499","0.9483","0.47629","0.17673","0.00359","0.9430","0.46635","0.17879","0.00203","0.9488","0.51588","0.17501","0.01314","0.9400","0.52553","0.17728","0.01160","0.9368","0.52915","0.17930","0.00945","0.9157","0.46041","0.18474","0.01724","0.9851","0.53306","0.18516","0.02271","0.9516","0.49086","0.21069","0.00900","0.9238","0.50860","0.21178","0.00716","0.9215","0.41831","0.30644","0.00476","0.9786","0.57774","0.30885","0.01212","0.9160","0.41121","0.43714","-0.02690","0.9624","0.58680","0.43509","-0.02090","0.9521","0.42097","0.54324","-0.05280","0.9312","0.57309","0.54000","-0.04223","0.9535","0.41234","0.56210","-0.06079","0.9365","0.58446","0.56512","-0.04830","0.9740","0.40918","0.55568","-0.05583","0.9640","0.58411","0.55831","-0.04977","0.9426","0.42543","0.55890","-0.05140","0.9422","0.57018","0.55564","-0.04202","0.9271","0.45140","0.52997","-0.00149","0.9380","0.54683","0.52808","0.00268","0.9248","0.45235","0.71936","-0.01161","0.9518","0.54649","0.71532","-0.00316","0.9539","0.44887","0.91794","-0.00030","0.9285","0.54509","0.91907","0.00797","0.9300","0.45346","0.93602","0.01593","0.9383","0.54581","0.93854","0.02184","0.9396","0.45091","0.95077","-0.02341","0.9269","0.54521","0.94903","-0.01501","0.9400"
"551","18.3667","0.49836","0.19150","0.00475","0.9557","0.48215","0.18107","-0.00013","0.9782","0.47524","0.17854","0.00481","0.9797","0.46753","0.17901","0.00365","0.9786","0.51596","0.18496","0.00971","0.8932","0.52450","0.18094","0.01060","0.9542","0.53035","0.18484","0.01190","0.9300","0.46272","0.19086","0.01332","0.9764","0.53341","0.19095","0.01832","0.9508","0.48758","0.21576","0.00533","0.9854","0.50914","0.21528","0.00655","0.9737","0.41869","0.31261","0.00384","0.9595","0.57586","0.31350","0.00876","0.9204","0.41313","0.43823","-0.02922","0.9642","0.58448","0.43858","-0.02457","0.9615","0.42050","0.54484","-0.05252","0.9367","0.57377","0.54672","-0.05188","0.9690","0.41410","0.56507","-0.06152","0.9883","0.58370","0.56290","-0.05190","0.9454","0.40778","0.55656","-0.06056","0.9670","0.58867","0.56128","-0.05544","0.9497","0.42705","0.55788","-0.05473","0.9727","0.57307","0.55771","-0.04701","0.9704","0.45328","0.53629","-0.00362","0.9751","0.54827","0.53281","0.00524","0.9457","0.45427","0.71829","-0.01087","0.9082","0.54479","0.71661","-0.00360","0.9488","0.45416","0.92169","-0.00078","0.9407","0.54667","0.92168","0.00916","0.9299","0.45351","0.93961","0.01459","0.9517","0.54558","0.93703","0.02258","0.9345","0.45020","0.94971","-0.02123","0.9678","0.54499","0.94830","-0.01687","0.8963"
"552","18.4000","0.49865","0.18967","0.00464","0.9632","0.48045","0.18320","-0.00205","0.9714","0.47385","0.17783","0.00386","0.9855","0.46769","0.17996","0.00252","0.9723","0.51693","0.18272","0.00933","0.9151","0.52299","0.17822","0.01147","0.9315","0.53093","0.18488","0.01064","0.9396","0.46456","0.19165","0.01404","0.9660","0.53331","0.19038","0.01897","0.9281","0.48656","0.21550","0.00607","0.9950","0.50908","0.21480","0.00692","0.9507","0.41846","0.31242","0.00438","0.9907","0.57479","0.31289","0.01090","0.9243","0.41072","0.43759","-0.03072","0.9469","0.58455","0.43885","-0.02762","0.9662","0.41952","0.54551","-0.05239","0.9193","0.57038","0.54660","-0.05182","0.9546","0.41356","0.56283","-0.06203","0.9740","0.58283","0.56407","-0.05328","0.9335","0.40990","0.55790","-0.06051","0.9830","0.58825","0.55884","-0.05544","0.9560","0.42744","0.55587","-0.05409","0.9638","0.57211","0.55908","-0.04819","0.9642","0.45481","0.53641","-0.00430","0.9703","0.54698","0.53203","0.00263","0.9240","0.45398","0.71621","-0.01255","0.9274","0.54411","0.71762","-0.00438","0.9389","0.45217","0.92188","0.00209","0.9707","0.54486","0.92045","0.00944","0.9111","0.45345","0.93999","0.01408","0.9659","0.54597","0.93640","0.02139","0.9569","0.45235","0.94761","-0.02328","0.9779","0.54427","0.94810","-0.01605","0.9367"
"553","18.4333","0.49895","0.19667","0.00811","0.9684","0.48192","0.18522","0.00396","0.9817","0.47381","0.18796","0.00210","0.9950","0.46811","0.18851","0.00381","0.9596","0.51658","0.18488","0.01174","0.9369","0.52338","0.18480","0.00776","0.9312","0.53074","0.18832","0.00965","0.9308","0.46157","0.19575","0.01324","0.9294","0.53376","0.19666","0.01883","0.9621","0.48971","0.22495","0.00416","0.9792","0.50818","0.22382","0.00030","0.9163","0.42434","0.31755","0.00151","0.9386","0.57580","0.31746","0.00783","0.9391","0.41015","0.44669","-0.03508","0.9331","0.58495","0.44323","-0.02481","0.9872","0.42538","0.54595","-0.05991","0.9758","0.57471","0.54452","-0.05271","0.9489","0.41319","0.56882","-0.06540","0.9513","0.58220","0.56739","-0.05842","0.9584","0.41159","0.55725","-0.06450","0.9462","0.58706","0.56116","-0.05819","0.9413","0.42755","0.55970","-0.06254","0.9527","0.57035","0.55671","-0.05260","0.9177","0.45195","0.54126","-0.00438","0.9507","0.54499","0.54297","0.00244","0.9427","0.45220","0.71906","-0.01685","0.9714","0.54461","0.71796","-0.00453","0.9440","0.45294","0.92035","0.00218","0.9302","0.54485","0.91876","0.00882","0.9469","0.45163","0.93891","0.01532","0.9577","0.54782","0.94129","0.02431","0.9306","0.45532","0.94809","-0.02340","0.9562","0.54724","0.94732","-0.01564","0.9524"
"554","18.4667","0.50037","0.20370","0.00312","0.9553","0.48059","0.19231","0.00104","0.9636","0.47452","0.19377","0.00139","0.9649","0.46806","0.18950","-0.00400","0.9457","0.51633","0.19495","0.00762","0.9715","0.52178","0.19251","0.00799","0.9671","0.52759","0.19439","0.00533","0.9322","0.46453","0.20526","0.01340","0.9743","0.53345","0.20341","0.01707","0.9102","0.48681","0.22755","0.00299","0.9561","0.51143","0.22590","0.00622","0.9647","0.42425","0.32407","0.00224","0.9441","0.57404","0.32528","0.00882","0.9474","0.41399","0.44674","-0.04114","0.9669","0.58427","0.44613","-0.03014","0.9311","0.42071","0.55249","-0.06558","0.9927","0.57364","0.54627","-0.05816","0.9426","0.41582","0.56791","-0.06711","0.9652","0.58250","0.56876","-0.06002","0.9157","0.40819","0.56380","-0.07193","0.9604","0.58796","0.56637","-0.06561","0.9639","0.42739","0.56576","-0.06167","0.9504","0.56901","0.56390","-0.05913","0.9583","0.45231","0.54867","-0.00340","0.9808","0.54484","0.54815","0.00353","0.9355","0.45119","0.71999","-0.01951","0.9480","0.54488","0.71813","-0.01512","0.9347","0.44845","0.92017","0.00118","0.9842","0.54590","0.91797","0.00415","0.9459","0.44933","0.93898","0.01556","0.9950","0.54519","0.94166","0.02228","0.9127","0.45200","0.94845","-0.02871","0.9385","0.54453","0.95008","-0.01764","0.9618"
"555","18.5000","0.49905","0.21218","0.00125","0.9663","0.47912","0.20069","-0.00086","0.9492","0.47157","0.19798","0.00186","0.9815","0.46788","0.19770","0.00028","0.9582","0.51625","0.20008","0.00695","0.9625","0.52342","0.19543","0.00770","0.9286","0.52740","0.20109","0.00984","0.9698","0.45943","0.20897","0.01073","0.9388","0.53447","0.21281","0.01784","0.9270","0.48980","0.23227","-0.00088","0.9569","0.50677","0.23734","-0.00033","0.9172","0.41991","0.33176","-0.00142","0.9912","0.57578","0.32779","0.00606","0.9299","0.41262","0.45268","-0.04026","0.9469","0.58143","0.45599","-0.03387","0.9546","0.42087","0.55379","-0.06792","0.9672","0.57443","0.55109","-0.06353","0.9467","0.41073","0.57082","-0.07528","0.9600","0.58539","0.57004","-0.07059","0.9443","0.40987","0.56684","-0.07453","0.9639","0.58477","0.56396","-0.06417","0.9292","0.42271","0.56646","-0.07267","0.9516","0.56668","0.56881","-0.06169","0.9595","0.45093","0.55549","-0.00173","0.9815","0.54099","0.55650","0.00534","0.9306","0.45033","0.71757","-0.02054","0.9509","0.54314","0.71729","-0.01319","0.9138","0.44966","0.91843","0.00036","0.9547","0.54533","0.91773","0.00747","0.9481","0.45453","0.94046","0.01719","0.9445","0.54383","0.94023","0.02179","0.8992","0.44982","0.95148","-0.02388","0.9732","0.54393","0.95095","-0.01666","0.9245"
"556","18.5333","0.49965","0.21134","0.00028","0.9802","0.47896","0.20264","0.00056","0.9683","0.47192","0.19818","0.00121","0.9714","0.46643","0.19802","-0.00020","0.9537","0.51551","0.19999","0.00669","0.9666","0.52322","0.19782","0.00680","0.9380","0.52860","0.20019","0.00912","0.9712","0.46245","0.21214","0.00979","0.9343","0.53623","0.21069","0.01760","0.9482","0.48903","0.23337","-0.00085","0.9530","0.50569","0.23501","0.00167","0.9372","0.41939","0.33229","-0.00184","0.9625","0.57417","0.32750","0.00612","0.9345","0.41067","0.45300","-0.04105","0.9509","0.58080","0.45549","-0.03590","0.9548","0.42266","0.55411","-0.07070","0.9452","0.57394","0.55007","-0.06453","0.9539","0.41221","0.56986","-0.07652","0.9237","0.58426","0.57110","-0.07006","0.9588","0.40973","0.56795","-0.07351","0.9760","0.58417","0.56386","-0.06483","0.9431","0.42235","0.56628","-0.07080","0.9669","0.56714","0.56933","-0.06413","0.9531","0.45075","0.55565","-0.00088","0.9772","0.54095","0.55659","0.00616","0.9131","0.44873","0.71861","-0.02034","0.9280","0.54395","0.71821","-0.01583","0.9229","0.44885","0.91763","-0.00065","0.9532","0.54370","0.91842","0.00759","0.9409","0.45525","0.93865","0.01661","0.9148","0.54233","0.94039","0.02324","0.9296","0.44980","0.95031","-0.02683","0.9950","0.54366","0.95029","-0.01462","0.9366"
"557","18.5667","0.49748","0.21721","-0.00020","0.9569","0.48166","0.20742","0.00171","0.9376","0.47646","0.20324","-0.00124","0.9652","0.46812","0.20561","-0.00303","0.9636","0.51886","0.20310","0.00541","0.9174","0.52289","0.20413","0.00818","0.9533","0.52920","0.20445","0.00512","0.9432","0.46344","0.21723","0.00343","0.9836","0.53564","0.21768","0.01531","0.9398","0.48488","0.24186","0.00074","0.9585","0.50805","0.24163","0.00407","0.9725","0.42180","0.33700","-0.00859","0.9180","0.57431","0.33924","0.00367","0.9335","0.41132","0.45527","-0.04694","0.9303","0.58434","0.45666","-0.03926","0.9486","0.42225","0.55393","-0.07794","0.9521","0.57286","0.55080","-0.07068","0.9694","0.41156","0.57647","-0.08212","0.9654","0.58396","0.57268","-0.07995","0.9298","0.40898","0.56897","-0.08036","0.9790","0.58609","0.56532","-0.07598","0.9330","0.42589","0.56790","-0.07630","0.9700","0.57102","0.56931","-0.07178","0.9533","0.45254","0.56497","-0.00270","0.9306","0.54542","0.56419","0.00407","0.9533","0.45018","0.71812","-0.02513","0.9580","0.54760","0.71999","-0.01893","0.9334","0.45370","0.91831","-0.00156","0.9342","0.54366","0.92333","0.00966","0.9538","0.45053","0.93779","0.01687","0.9567","0.54211","0.93560","0.02429","0.9471","0.45143","0.94951","-0.02614","0.9769","0.54453","0.94916","-0.01801","0.9250"
"558","18.6000","0.49996","0.22330","0.00329","0.9840","0.47785","0.21346","-0.00397","0.9356","0.47598","0.21017","-0.00096","0.9438","0.46816","0.21430","-0.00390","0.9703","0.51571","0.21476","0.00108","0.9320","0.52227","0.21000","0.00340","0.9563","0.52909","0.21266","0.00667","0.9401","0.46283","0.22612","0.00596","0.9529","0.53385","0.22472","0.01545","0.9456","0.48758","0.24588","0.00017","0.9571","0.51064","0.24890","0.00063","0.9881","0.42026","0.34901","-0.00562","0.9690","0.57144","0.34594","0.00185","0.9584","0.41025","0.46356","-0.04971","0.9939","0.58406","0.46483","-0.04088","0.9178","0.42347","0.55538","-0.08398","0.9126","0.57281","0.55581","-0.07619","0.9391","0.41103","0.57373","-0.09049","0.9452","0.58224","0.57852","-0.08323","0.9489","0.40695","0.56762","-0.08935","0.9522","0.58622","0.56876","-0.07969","0.9355","0.42394","0.56916","-0.08404","0.9394","0.57136","0.57037","-0.07253","0.9434","0.45058","0.57799","-0.00201","0.9950","0.54145","0.57401","0.00017","0.9591","0.44857","0.72153","-0.03305","0.9160","0.54730","0.71715","-0.02077","0.9196","0.45533","0.91974","0.00090","0.9494","0.54484","0.92000","0.00744","0.9411","0.45182","0.93686","0.01453","0.9774","0.54660","0.93845","0.02315","0.9864","0.45137","0.94853","-0.02433","0.9557","0.54191","0.94928","-0.02009","0.9313"
"559","18.6333","0.49868","0.22966","-0.00407","0.9886","0.48095","0.22076","-0.00525","0.9515","0.47571","0.21827","-0.00901","0.9732","0.46861","0.22080","-0.00070","0.9347","0.51311","0.22394","0.00222","0.9535","0.52356","0.21584","0.00593","0.9491","0.52781","0.22114","0.00337","0.9480","0.46244","0.22992","0.00876","0.9495","0.53411","0.23200","0.01401","0.9285","0.48952","0.25705","-0.00155","0.9950","0.50495","0.25450","-0.00134","0.9589","0.42318","0.35643","-0.00513","0.9339","0.57482","0.35376","0.00093","0.9085","0.41177","0.46895","-0.05189","0.9642","0.58545","0.46759","-0.04872","0.9950","0.42208","0.55803","-0.08764","0.9805","0.57498","0.55932","-0.08137","0.9542","0.41244","0.57716","-0.09418","0.9738","0.57935","0.58125","-0.08954","0.9451","0.41003","0.57248","-0.09411","0.9529","0.58802","0.57803","-0.08518","0.9123","0.42518","0.57195","-0.08574","0.9313","0.57043","0.57545","-0.08245","0.9374","0.45168","0.58313","-0.00326","0.9721","0.54615","0.58492","0.00538","0.9299","0.44807","0.71921","-0.03291","0.9429","0.54671","0.71679","-0.02595","0.8940","0.44994","0.91756","-0.00031","0.9408","0.54461","0.91876","0.00717","0.9663","0.45252","0.93842","0.01723","0.9794","0.54326","0.94083","0.02301","0.9358","0.45170","0.94834","-0.02392","0.9368","0.54518","0.94775","-0.01504","0.9142"
"560","18.6667","0.49958","0.22924","-0.00222","0.9643","0.48099","0.22016","-0.00563","0.9596","0.47534","0.21889","-0.00746","0.9605","0.46700","0.21979","-0.00125","0.9345","0.51369","0.22518","0.00299","0.9675","0.52113","0.21553","0.00746","0.9416","0.52723","0.22103","0.00401","0.9488","0.46241","0.23204","0.00823","0.9653","0.53375","0.23343","0.01644","0.9508","0.48787","0.25535","-0.00074","0.9950","0.50722","0.25733","-0.00080","0.9688","0.42138","0.35500","-0.00586","0.9358","0.57302","0.35422","0.00161","0.9410","0.40993","0.46783","-0.05327","0.9570","0.58520","0.46771","-0.04802","0.9651","0.42226","0.55940","-0.08728","0.9828","0.57454","0.56051","-0.08208","0.9373","0.41331","0.57951","-0.09443","0.9414","0.58082","0.58108","-0.08918","0.9241","0.40928","0.57375","-0.09420","0.9555","0.58641","0.57640","-0.08745","0.9003","0.42420","0.57128","-0.08830","0.9702","0.56868","0.57488","-0.08126","0.9380","0.45081","0.58340","-0.00340","0.9340","0.54441","0.58419","0.00536","0.9281","0.44879","0.71886","-0.03260","0.9586","0.54534","0.71713","-0.02637","0.9033","0.45181","0.91747","0.00010","0.9298","0.54337","0.91968","0.00615","0.9644","0.45000","0.93979","0.01714","0.9629","0.54327","0.93956","0.02398","0.9132","0.45316","0.95103","-0.02341","0.9329","0.54534","0.94849","-0.01440","0.9214"
"561","18.7000","0.49947","0.23698","-0.00014","0.9683","0.47996","0.22865","-0.00684","0.9684","0.46967","0.22419","-0.00450","0.9565","0.46807","0.22730","-0.00135","0.9564","0.51648","0.22740","-0.00191","0.9413","0.52155","0.22929","0.00129","0.9628","0.53170","0.22955","-0.00065","0.9284","0.46289","0.23959","0.00466","0.9446","0.53247","0.24109","0.01087","0.8982","0.48828","0.26296","-0.00143","0.9383","0.50559","0.26416","-0.00189","0.9645","0.42048","0.36163","-0.00898","0.9744","0.57401","0.36049","-0.00379","0.9007","0.41190","0.47187","-0.06102","0.9610","0.58359","0.47586","-0.05446","0.9473","0.42177","0.56063","-0.09480","0.9733","0.57579","0.55737","-0.08990","0.9674","0.41028","0.58420","-0.10297","0.9537","0.58588","0.57947","-0.09430","0.9640","0.40826","0.57789","-0.10120","0.9588","0.58444","0.57772","-0.09404","0.9547","0.42474","0.57728","-0.09488","0.9354","0.57119","0.57451","-0.09073","0.9595","0.45278","0.59264","0.00090","0.9815","0.54481","0.59404","0.00567","0.9438","0.44888","0.71905","-0.03622","0.9573","0.54584","0.71558","-0.02949","0.9522","0.45312","0.91833","0.00021","0.9489","0.54515","0.91932","0.00804","0.9063","0.45175","0.93638","0.01806","0.9616","0.54598","0.94335","0.02352","0.9159","0.45268","0.94568","-0.02519","0.9716","0.54555","0.95097","-0.01500","0.9572"
"562","18.7333","0.49465","0.24783","-0.00312","0.9518","0.47928","0.23615","-0.00698","0.9478","0.47067","0.23453","-0.00705","0.9701","0.46841","0.23833","-0.00865","0.9650","0.51602","0.23617","0.00001","0.9505","0.52263","0.23334","0.00101","0.9194","0.52807","0.23617","0.00024","0.9693","0.46036","0.24580","0.00078","0.9748","0.53376","0.24678","0.00909","0.9545","0.48864","0.27124","-0.00317","0.9495","0.50864","0.27182","-0.00432","0.9568","0.41997","0.37034","-0.01155","0.9726","0.57134","0.36956","-0.00327","0.9221","0.40825","0.48019","-0.06184","0.9751","0.58348","0.47992","-0.05412","0.9726","0.42052","0.56139","-0.10389","0.9663","0.57372","0.56552","-0.09624","0.9538","0.41380","0.58651","-0.10855","0.9555","0.58346","0.58094","-0.10065","0.9370","0.41072","0.58303","-0.10631","0.9633","0.58854","0.57981","-0.10002","0.9043","0.42343","0.57960","-0.10225","0.9804","0.57109","0.58257","-0.09257","0.9298","0.45121","0.60458","-0.00358","0.9215","0.54364","0.60338","0.00543","0.9501","0.44794","0.71809","-0.04605","0.9675","0.54491","0.71874","-0.03615","0.9559","0.44918","0.92062","0.00031","0.9647","0.54351","0.92059","0.00524","0.9727","0.45183","0.94009","0.01506","0.9710","0.54370","0.93994","0.02423","0.9604","0.45016","0.94665","-0.02223","0.9574","0.54379","0.94679","-0.01680","0.9066"
"563","18.7667","0.49681","0.25400","-0.00808","0.9609","0.47900","0.24385","-0.00541","0.9530","0.47608","0.23785","-0.00936","0.9705","0.46683","0.24181","-0.00836","0.9928","0.51929","0.24418","-0.00219","0.9332","0.51836","0.23819","0.00114","0.9281","0.52782","0.24258","-0.00459","0.9616","0.46140","0.25397","0.00205","0.9481","0.53494","0.25332","0.00951","0.9418","0.48611","0.27666","-0.00250","0.9583","0.50976","0.27625","-0.00296","0.9538","0.42029","0.37898","-0.01310","0.9554","0.57319","0.37783","-0.00608","0.9347","0.41005","0.48595","-0.06778","0.9422","0.58468","0.48455","-0.05720","0.9575","0.42347","0.56384","-0.10711","0.9606","0.57798","0.56664","-0.09994","0.9509","0.40940","0.58633","-0.11568","0.9529","0.58281","0.58583","-0.10669","0.9365","0.40711","0.58274","-0.11219","0.9825","0.58497","0.57887","-0.10759","0.9432","0.42255","0.58066","-0.10616","0.9950","0.56691","0.58240","-0.10034","0.9742","0.45113","0.60708","0.00101","0.9394","0.54640","0.61008","0.00328","0.9726","0.44747","0.71989","-0.04383","0.9272","0.55126","0.72046","-0.03778","0.9482","0.45118","0.92191","0.00033","0.9724","0.54533","0.91955","0.00473","0.9421","0.44911","0.93655","0.01436","0.9434","0.53904","0.93854","0.01885","0.9391","0.45217","0.94680","-0.02493","0.9521","0.54389","0.94701","-0.01875","0.9295"
"564","18.8000","0.49690","0.25499","-0.00807","0.9550","0.47987","0.24229","-0.00686","0.9748","0.47438","0.23984","-0.00795","0.9714","0.46650","0.24121","-0.00853","0.9789","0.51930","0.24303","-0.00175","0.9334","0.51988","0.23904","-0.00224","0.9194","0.52882","0.24234","-0.00278","0.9694","0.46102","0.25414","0.00165","0.9391","0.53340","0.25361","0.01043","0.9482","0.48541","0.27606","-0.00241","0.9601","0.50779","0.27533","-0.00428","0.9510","0.42176","0.37845","-0.01234","0.9584","0.57234","0.37657","-0.00675","0.9586","0.41136","0.48575","-0.06743","0.9677","0.58459","0.48393","-0.05737","0.9872","0.42094","0.56339","-0.10698","0.9780","0.57693","0.56861","-0.10029","0.9459","0.40990","0.58740","-0.11514","0.9428","0.58181","0.58523","-0.10956","0.9471","0.40579","0.58347","-0.11124","0.9950","0.58666","0.57897","-0.10886","0.9478","0.42477","0.57975","-0.10795","0.9950","0.56859","0.58283","-0.09971","0.9442","0.45195","0.60950","-0.00135","0.9331","0.54650","0.61072","0.00357","0.9640","0.44686","0.72119","-0.04505","0.9362","0.54963","0.71902","-0.04009","0.9361","0.45261","0.92037","0.00017","0.9751","0.54489","0.91855","0.00430","0.9301","0.44943","0.93813","0.01549","0.9205","0.54156","0.94066","0.02209","0.9191","0.45126","0.94686","-0.02451","0.9265","0.54453","0.94725","-0.01921","0.9202"
"565","18.8333","0.49791","0.25857","-0.01013","0.9468","0.47963","0.25184","-0.01057","0.9702","0.46890","0.25236","-0.01182","0.9485","0.46810","0.25619","-0.00653","0.9473","0.51528","0.25046","-0.00211","0.9287","0.52218","0.24794","0.00051","0.9429","0.52493","0.24995","-0.00370","0.9351","0.45955","0.25626","-0.00066","0.9447","0.53109","0.26040","0.00775","0.9321","0.48755","0.28159","-0.00511","0.9693","0.50732","0.28066","-0.00815","0.9601","0.41968","0.38230","-0.01198","0.9784","0.57257","0.38575","-0.00438","0.9407","0.41109","0.48996","-0.07062","0.9605","0.58210","0.49016","-0.06219","0.9623","0.42087","0.56938","-0.11600","0.9631","0.57305","0.57221","-0.10735","0.9523","0.41313","0.59004","-0.11745","0.9782","0.58321","0.58665","-0.10984","0.9564","0.40866","0.58725","-0.11749","0.9246","0.58584","0.58377","-0.11181","0.9752","0.42626","0.58468","-0.11162","0.9519","0.57386","0.58525","-0.10607","0.9885","0.45298","0.61861","-0.00193","0.9776","0.54237","0.61863","0.01053","0.9415","0.44689","0.71955","-0.04941","0.9928","0.54493","0.71930","-0.04281","0.9553","0.45237","0.91893","0.00063","0.9278","0.53872","0.91877","0.00741","0.9333","0.45086","0.93861","0.01733","0.9483","0.54200","0.93751","0.02433","0.9648","0.45109","0.95098","-0.02542","0.9514","0.54237","0.94813","-0.01453","0.9315"
"566","18.8667","0.49452","0.26797","-0.00826","0.9806","0.48119","0.25540","-0.01060","0.9633","0.47090","0.25414","-0.00978","0.9675","0.46471","0.25214","-0.00649","0.9470","0.51389","0.25474","-0.00257","0.9703","0.52195","0.25094","-0.00648","0.9304","0.52963","0.25641","-0.00157","0.9412","0.46180","0.26539","-0.00027","0.9230","0.53219","0.26571","0.00665","0.9384","0.48644","0.28786","-0.00887","0.9521","0.50901","0.29014","-0.00653","0.9587","0.42161","0.39232","-0.01641","0.9541","0.57484","0.38989","-0.00802","0.9541","0.41387","0.49803","-0.07194","0.9566","0.58686","0.49450","-0.06562","0.9541","0.42074","0.57529","-0.11794","0.9587","0.57463","0.57127","-0.11302","0.9169","0.41166","0.59131","-0.12214","0.9732","0.58175","0.59211","-0.11384","0.9645","0.40931","0.58719","-0.12429","0.9579","0.58697","0.58845","-0.11641","0.9596","0.42518","0.58408","-0.12197","0.9299","0.56793","0.58412","-0.11218","0.9664","0.45229","0.62640","0.00196","0.9007","0.54139","0.62767","0.01062","0.9578","0.44797","0.71739","-0.05253","0.9648","0.54697","0.72016","-0.04642","0.9700","0.45080","0.91782","0.00417","0.9604","0.54190","0.91681","0.00865","0.9284","0.44995","0.93994","0.01453","0.9716","0.54371","0.93839","0.02090","0.9170","0.45435","0.94945","-0.02312","0.9563","0.54230","0.94663","-0.01500","0.9433"
"567","18.9000","0.49617","0.27024","-0.00618","0.9305","0.47947","0.25937","-0.00982","0.9678","0.47114","0.25679","-0.01342","0.9692","0.46744","0.26376","-0.01153","0.9775","0.51503","0.26279","-0.00380","0.9453","0.51966","0.26090","-0.00229","0.9553","0.52731","0.26162","-0.00383","0.9149","0.46303","0.27171","-0.00434","0.9604","0.53340","0.26729","0.00620","0.9670","0.48531","0.29876","-0.00913","0.9512","0.50891","0.29473","-0.00710","0.9406","0.42056","0.39644","-0.01499","0.9689","0.57357","0.39842","-0.01092","0.9372","0.40869","0.50070","-0.07832","0.9616","0.58130","0.49884","-0.07109","0.9584","0.41945","0.57477","-0.12334","0.9487","0.57467","0.57556","-0.11655","0.9142","0.41368","0.59379","-0.12880","0.9430","0.58026","0.59489","-0.11970","0.9558","0.40714","0.58998","-0.12824","0.9887","0.58751","0.58625","-0.12193","0.9692","0.42350","0.58900","-0.12215","0.9695","0.56962","0.58931","-0.11553","0.9193","0.45113","0.63291","0.00155","0.9946","0.54249","0.63037","0.00897","0.9286","0.44718","0.72160","-0.05427","0.9565","0.54643","0.71672","-0.04740","0.9436","0.44891","0.91991","-0.00184","0.9498","0.54343","0.91828","0.00974","0.9183","0.45076","0.94012","0.01560","0.9773","0.54443","0.93697","0.02242","0.9107","0.45300","0.94570","-0.02254","0.9550","0.54343","0.95034","-0.01891","0.9688"
"568","18.9333","0.49727","0.27312","-0.00524","0.9463","0.47892","0.25941","-0.01031","0.9210","0.47158","0.25968","-0.01430","0.9520","0.46745","0.26233","-0.01188","0.9862","0.51414","0.25892","-0.00475","0.9448","0.52108","0.25893","-0.00311","0.9416","0.52794","0.26091","-0.00415","0.9082","0.46430","0.27373","-0.00362","0.9699","0.53461","0.26870","0.00574","0.9591","0.48567","0.29903","-0.00709","0.9539","0.50630","0.29500","-0.00856","0.9460","0.42357","0.39643","-0.01429","0.9509","0.57376","0.39961","-0.01015","0.9416","0.40763","0.50232","-0.07733","0.9351","0.58146","0.49926","-0.07034","0.9579","0.42118","0.57400","-0.12286","0.9782","0.57483","0.57497","-0.11653","0.9259","0.41282","0.59522","-0.12941","0.9531","0.57884","0.59526","-0.12133","0.9482","0.40936","0.58909","-0.12835","0.9950","0.58554","0.58799","-0.12086","0.9746","0.42204","0.58998","-0.12036","0.9479","0.56935","0.58910","-0.11535","0.9410","0.45005","0.63351","0.00147","0.9700","0.54265","0.63256","0.00769","0.9616","0.44579","0.72015","-0.05443","0.9655","0.54727","0.71736","-0.04934","0.9367","0.44918","0.91877","-0.00123","0.9783","0.54540","0.91729","0.00751","0.9411","0.45226","0.93831","0.01776","0.9762","0.54484","0.93692","0.02331","0.9004","0.45154","0.94799","-0.02164","0.9553","0.54206","0.94944","-0.01620","0.9880"
"569","18.9667","0.49724","0.27735","-0.01072","0.9692","0.47845","0.26435","-0.01163","0.9531","0.47318","0.26338","-0.01363","0.9575","0.46623","0.26473","-0.01290","0.9475","0.51522","0.26464","-0.00613","0.9109","0.52132","0.26428","-0.00058","0.9447","0.52848","0.26344","-0.00307","0.9328","0.46171","0.27384","-0.00016","0.9847","0.53391","0.27674","0.00749","0.9500","0.48690","0.29962","-0.00758","0.9460","0.51019","0.30175","-0.00550","0.9864","0.41949","0.40086","-0.01336","0.9626","0.57569","0.39703","-0.01138","0.9348","0.41094","0.50131","-0.07849","0.9395","0.58216","0.50345","-0.07152","0.9950","0.41822","0.57458","-0.12873","0.9547","0.57222","0.57635","-0.12221","0.9458","0.41158","0.59465","-0.13083","0.9950","0.58128","0.59649","-0.12070","0.9703","0.41121","0.59058","-0.12835","0.9634","0.58395","0.59178","-0.12566","0.9337","0.42187","0.59232","-0.12612","0.9750","0.56770","0.59033","-0.11688","0.9342","0.45126","0.63896","0.00024","0.9484","0.54577","0.63809","0.00747","0.9354","0.44349","0.71979","-0.05968","0.9594","0.54680","0.71841","-0.05141","0.9444","0.44963","0.91894","0.00279","0.9710","0.54443","0.91917","0.01012","0.9638","0.45033","0.93872","0.01979","0.9678","0.54116","0.93754","0.02753","0.9722","0.45243","0.94735","-0.02554","0.9668","0.54183","0.94908","-0.01557","0.9636"
"570","19.0000","0.49965","0.28258","-0.00686","0.9599","0.47925","0.26883","-0.01295","0.9878","0.47097","0.26630","-0.01566","0.9672","0.46660","0.26710","-0.01074","0.9781","0.51620","0.27162","-0.00762","0.9537","0.52049","0.26599","-0.00619","0.9492","0.52433","0.26877","-0.00689","0.9485","0.46204","0.28014","-0.00368","0.9435","0.53282","0.27653","0.00465","0.9158","0.48848","0.30120","-0.00845","0.9388","0.50788","0.30204","-0.00816","0.9362","0.42062","0.40258","-0.01482","0.9496","0.57538","0.40420","-0.01112","0.9257","0.41320","0.50307","-0.08449","0.9509","0.58411","0.50642","-0.07572","0.9473","0.41986","0.57787","-0.12906","0.9505","0.57249","0.57921","-0.12339","0.9597","0.40903","0.59547","-0.13378","0.9814","0.58016","0.59801","-0.12537","0.9472","0.41140","0.58968","-0.13128","0.9362","0.58627","0.59360","-0.12788","0.9400","0.42755","0.59312","-0.12830","0.9218","0.56720","0.58845","-0.12021","0.9577","0.44973","0.64121","0.00139","0.9525","0.54363","0.64742","0.00941","0.9388","0.44464","0.71736","-0.06371","0.9289","0.54383","0.72000","-0.05345","0.9398","0.45191","0.91897","0.00005","0.9465","0.54448","0.92158","0.00749","0.9478","0.44949","0.93665","0.01688","0.9708","0.54364","0.94108","0.02563","0.9267","0.44970","0.94836","-0.02342","0.9895","0.54275","0.95062","-0.01790","0.9105"
"571","19.0333","0.49975","0.28303","-0.00788","0.9493","0.47910","0.27142","-0.01098","0.9724","0.47478","0.27228","-0.01269","0.9587","0.46957","0.27454","-0.01166","0.9288","0.51743","0.27214","-0.00577","0.9534","0.52187","0.26908","-0.00809","0.9379","0.52569","0.27060","-0.00853","0.9591","0.46046","0.28043","-0.00714","0.9376","0.53527","0.28390","0.00188","0.9687","0.48534","0.30715","-0.01044","0.9601","0.51080","0.31029","-0.00829","0.9552","0.41948","0.40927","-0.02050","0.9604","0.57582","0.40628","-0.01152","0.9494","0.41161","0.50945","-0.08142","0.9613","0.58611","0.50511","-0.07685","0.9552","0.42085","0.58099","-0.13379","0.9397","0.57367","0.57666","-0.12658","0.9231","0.41233","0.59693","-0.13971","0.9877","0.58305","0.59584","-0.12884","0.9792","0.41053","0.59036","-0.13577","0.9921","0.58463","0.59094","-0.12889","0.9055","0.42640","0.59359","-0.13027","0.9532","0.57059","0.59059","-0.12413","0.9259","0.45435","0.64596","0.00137","0.9673","0.54146","0.64595","0.00774","0.9240","0.44754","0.71875","-0.06252","0.9595","0.54760","0.72068","-0.05701","0.9467","0.45306","0.91849","0.00155","0.9651","0.54388","0.91766","0.00941","0.9749","0.45229","0.93933","0.01775","0.9816","0.54078","0.93783","0.02241","0.9439","0.45163","0.94743","-0.02438","0.9196","0.54363","0.94907","-0.01635","0.9698"
"572","19.0667","0.49778","0.28373","-0.00835","0.9243","0.47734","0.26982","-0.01204","0.9605","0.47457","0.27270","-0.01366","0.9519","0.46937","0.27496","-0.01187","0.9366","0.51834","0.27217","-0.00517","0.9811","0.52196","0.26969","-0.00753","0.9261","0.52508","0.27228","-0.00812","0.9431","0.46120","0.27941","-0.00733","0.9236","0.53628","0.28257","0.00359","0.9689","0.48593","0.30968","-0.00973","0.9587","0.51025","0.31046","-0.00834","0.9518","0.41992","0.40827","-0.01998","0.9528","0.57346","0.40805","-0.00998","0.9531","0.41079","0.50813","-0.07976","0.9645","0.58454","0.50753","-0.07422","0.9587","0.42012","0.58073","-0.13224","0.9596","0.57226","0.57737","-0.12455","0.9026","0.41301","0.59850","-0.14027","0.9658","0.58388","0.59611","-0.12933","0.9603","0.40819","0.59171","-0.13702","0.9814","0.58342","0.59108","-0.12948","0.9447","0.42278","0.59418","-0.13050","0.9435","0.57186","0.59285","-0.12645","0.9148","0.45155","0.64644","0.00274","0.9675","0.54179","0.64642","0.00638","0.9219","0.44842","0.71949","-0.06369","0.9545","0.54580","0.71999","-0.05746","0.9434","0.45213","0.91833","-0.00024","0.9857","0.54146","0.91885","0.00965","0.9912","0.45178","0.93720","0.01754","0.9652","0.54478","0.93780","0.02246","0.9655","0.45244","0.94773","-0.02253","0.9435","0.54545","0.94850","-0.01694","0.9429"
"573","19.1000","0.49770","0.28480","-0.01255","0.9950","0.48091","0.27292","-0.01080","0.9595","0.47184","0.27051","-0.01172","0.9663","0.46577","0.27426","-0.01268","0.9815","0.51624","0.27244","-0.00658","0.9342","0.52262","0.27019","-0.00858","0.9265","0.53055","0.27220","-0.00924","0.8962","0.46105","0.28248","-0.00066","0.9727","0.53490","0.28244","0.00128","0.9205","0.48826","0.30672","-0.00624","0.9646","0.50644","0.30981","-0.00766","0.9346","0.42151","0.41065","-0.01891","0.9411","0.57170","0.40850","-0.01348","0.9528","0.41095","0.50785","-0.08415","0.9950","0.58481","0.50680","-0.07533","0.9417","0.41849","0.57879","-0.13405","0.9744","0.57251","0.58404","-0.12604","0.9361","0.41197","0.59739","-0.14214","0.9879","0.58180","0.60116","-0.13187","0.8992","0.40595","0.59075","-0.13782","0.9420","0.58488","0.59353","-0.13257","0.9374","0.42330","0.59476","-0.13124","0.9614","0.56958","0.59335","-0.12580","0.9280","0.45073","0.64900","0.00244","0.9439","0.54501","0.65053","0.00678","0.9467","0.44830","0.71869","-0.06435","0.9950","0.54725","0.72000","-0.05575","0.9223","0.45128","0.92065","-0.00158","0.9349","0.54448","0.91626","0.01035","0.9630","0.45111","0.94068","0.01603","0.9593","0.54567","0.94113","0.02787","0.9312","0.44961","0.94974","-0.02598","0.9686","0.53970","0.94734","-0.01757","0.9568"
"574","19.1333","0.49901","0.28782","-0.00863","0.9774","0.47927","0.27498","-0.01398","0.9240","0.47287","0.27184","-0.01151","0.9524","0.46797","0.27255","-0.01043","0.9715","0.51105","0.27563","-0.00680","0.9556","0.51972","0.27077","-0.00900","0.9427","0.52764","0.27505","-0.00846","0.9397","0.46177","0.28359","-0.00408","0.9711","0.53113","0.28277","0.00375","0.9225","0.48590","0.30580","-0.01082","0.9342","0.51081","0.31065","-0.00853","0.9505","0.42153","0.41300","-0.01817","0.9526","0.57413","0.40833","-0.01323","0.9184","0.40944","0.50712","-0.08299","0.9634","0.58067","0.50851","-0.07487","0.9239","0.42321","0.57743","-0.13380","0.9818","0.57390","0.58056","-0.12478","0.9608","0.41310","0.59907","-0.13970","0.9619","0.58278","0.59811","-0.12882","0.9199","0.40797","0.59138","-0.13748","0.9528","0.58172","0.59384","-0.13037","0.9133","0.42471","0.59487","-0.13204","0.9592","0.56909","0.59474","-0.12915","0.9445","0.45169","0.65266","0.00189","0.9362","0.54181","0.64744","0.00999","0.9269","0.44762","0.72281","-0.06256","0.9429","0.54960","0.71794","-0.05453","0.9268","0.45266","0.91821","0.00396","0.9400","0.54390","0.91796","0.00983","0.9549","0.45018","0.93918","0.01727","0.9589","0.54325","0.93613","0.02549","0.9277","0.45379","0.94774","-0.02040","0.9447","0.54252","0.94589","-0.01700","0.9300"
"575","19.1667","0.49819","0.28221","-0.00744","0.9392","0.47917","0.27442","-0.01328","0.9606","0.47264","0.27325","-0.01247","0.9424","0.46320","0.27333","-0.01306","0.9533","0.51636","0.27379","-0.00600","0.9585","0.52174","0.27156","-0.00591","0.9518","0.52839","0.27485","-0.00523","0.9434","0.45931","0.28607","-0.00297","0.9698","0.53584","0.28327","0.00355","0.9629","0.49001","0.31036","-0.00787","0.9918","0.50398","0.30998","-0.00842","0.9721","0.42224","0.40661","-0.01743","0.9151","0.57489","0.40717","-0.01268","0.9272","0.40975","0.51307","-0.08228","0.9595","0.58492","0.50955","-0.07620","0.9345","0.41802","0.57889","-0.13339","0.9771","0.57294","0.57553","-0.12813","0.9405","0.41285","0.59746","-0.13593","0.9619","0.58227","0.59647","-0.13239","0.9205","0.40942","0.59399","-0.13908","0.9242","0.59052","0.59588","-0.12906","0.9208","0.42354","0.59563","-0.13342","0.9669","0.56987","0.59209","-0.12589","0.9412","0.44899","0.64976","-0.00045","0.9576","0.54406","0.64789","0.00858","0.9196","0.44419","0.71690","-0.06149","0.9758","0.54678","0.71895","-0.05565","0.9551","0.45342","0.92179","0.00136","0.9828","0.54412","0.91970","0.01026","0.9289","0.44877","0.94051","0.01505","0.9461","0.54225","0.93604","0.02215","0.9614","0.45159","0.95335","-0.02019","0.9525","0.54295","0.94596","-0.01650","0.9471"
"576","19.2000","0.49876","0.28186","-0.00881","0.9488","0.47960","0.27424","-0.01183","0.9322","0.47134","0.27309","-0.01293","0.9657","0.46822","0.27205","-0.01165","0.9462","0.51496","0.27406","-0.00626","0.9596","0.51836","0.27041","-0.00652","0.9301","0.52807","0.27405","-0.00450","0.9419","0.46111","0.28403","-0.00402","0.9435","0.53598","0.28396","0.00391","0.9561","0.48898","0.30855","-0.00711","0.9847","0.50494","0.31023","-0.00836","0.9887","0.42190","0.41013","-0.01693","0.9200","0.57537","0.41014","-0.01095","0.9161","0.41072","0.51196","-0.08231","0.9678","0.58267","0.50761","-0.07511","0.9714","0.41856","0.58016","-0.13481","0.9590","0.57301","0.58023","-0.12858","0.9211","0.41099","0.59664","-0.13569","0.9379","0.58266","0.59912","-0.13176","0.9409","0.40863","0.59324","-0.13690","0.9247","0.59008","0.59379","-0.13088","0.9182","0.42268","0.59492","-0.13331","0.9677","0.56992","0.59191","-0.12593","0.9177","0.45000","0.64905","0.00032","0.9843","0.54249","0.64672","0.00581","0.9387","0.44558","0.71782","-0.06325","0.9517","0.54721","0.72115","-0.05634","0.9704","0.45280","0.92049","0.00266","0.9624","0.54249","0.91846","0.01175","0.9348","0.44817","0.94004","0.01544","0.9481","0.54208","0.93583","0.02253","0.9701","0.45199","0.95124","-0.02201","0.9438","0.54268","0.94696","-0.01469","0.9374"
"577","19.2333","0.49921","0.28037","-0.00771","0.9611","0.47407","0.27144","-0.01436","0.9482","0.47447","0.26762","-0.01629","0.9395","0.46282","0.27255","-0.01492","0.9920","0.51527","0.27503","-0.00398","0.9209","0.52041","0.27019","-0.00874","0.9085","0.52722","0.27614","-0.00321","0.9481","0.45979","0.28043","-0.00389","0.9778","0.53396","0.28413","0.00441","0.9571","0.48954","0.30994","-0.00980","0.9432","0.50824","0.30620","-0.00937","0.9598","0.42104","0.40953","-0.02073","0.9692","0.57389","0.40837","-0.01053","0.9402","0.40969","0.51048","-0.08305","0.9950","0.57846","0.50826","-0.07060","0.9452","0.41907","0.57926","-0.13519","0.9325","0.57355","0.57871","-0.12572","0.9331","0.41052","0.59776","-0.13762","0.9481","0.57950","0.59815","-0.12900","0.9471","0.40981","0.59254","-0.13608","0.9493","0.58598","0.59377","-0.12697","0.9359","0.42540","0.59368","-0.12841","0.9526","0.57201","0.58817","-0.12505","0.9428","0.44984","0.64788","0.00164","0.9631","0.54358","0.64751","0.00854","0.9208","0.44686","0.71896","-0.06205","0.9407","0.54777","0.71943","-0.05891","0.9395","0.45173","0.91947","0.00322","0.9570","0.54096","0.91836","0.01074","0.9481","0.45256","0.93891","0.01849","0.9344","0.54059","0.93796","0.02727","0.9361","0.44780","0.94601","-0.02224","0.9897","0.54244","0.94885","-0.01689","0.9210"
"578","19.2667","0.49538","0.27915","-0.01130","0.9704","0.47977","0.26928","-0.01190","0.9483","0.47270","0.26705","-0.01309","0.9463","0.46284","0.27149","-0.01141","0.9486","0.51599","0.26780","-0.00489","0.9486","0.52093","0.26635","-0.00736","0.9820","0.52807","0.27189","-0.00475","0.9445","0.46152","0.27833","-0.00158","0.9918","0.52853","0.27697","0.00642","0.9624","0.48516","0.30374","-0.00753","0.9592","0.50890","0.30457","-0.00601","0.9686","0.41996","0.40403","-0.01649","0.9829","0.57230","0.40491","-0.00927","0.9486","0.40824","0.50649","-0.08024","0.9628","0.58425","0.50658","-0.07373","0.9308","0.42040","0.57752","-0.13076","0.9528","0.57376","0.57967","-0.11733","0.9324","0.41211","0.59819","-0.13627","0.9858","0.57956","0.59723","-0.12555","0.9453","0.40717","0.59446","-0.13642","0.9950","0.58405","0.59174","-0.13064","0.9426","0.42676","0.59147","-0.12607","0.9483","0.56960","0.59340","-0.12051","0.9047","0.44618","0.64476","0.00050","0.9757","0.54274","0.64102","0.00964","0.9422","0.44494","0.71594","-0.05972","0.9652","0.55049","0.71763","-0.05301","0.9505","0.45121","0.91903","0.00221","0.9691","0.54245","0.91707","0.01135","0.9472","0.44747","0.93850","0.01639","0.9529","0.54076","0.93912","0.02176","0.9640","0.45205","0.94841","-0.02402","0.9598","0.54180","0.95026","-0.01571","0.9163"
"579","19.3000","0.49527","0.27660","-0.00802","0.9612","0.47881","0.26777","-0.00825","0.9770","0.47547","0.26315","-0.01277","0.9442","0.46743","0.26717","-0.00935","0.9815","0.51593","0.26588","-0.00632","0.9432","0.51974","0.26555","-0.00422","0.9023","0.52798","0.26916","-0.00496","0.9409","0.45788","0.27682","-0.00211","0.9412","0.53178","0.27483","0.00734","0.9539","0.48469","0.30227","-0.00820","0.9882","0.50528","0.29919","-0.00978","0.9714","0.42266","0.40019","-0.01449","0.9699","0.57179","0.40289","-0.01107","0.9425","0.41117","0.50090","-0.08004","0.9461","0.58398","0.50301","-0.07144","0.9621","0.42100","0.58054","-0.12659","0.9950","0.57478","0.57660","-0.11701","0.9550","0.41446","0.59384","-0.12983","0.9950","0.58022","0.59872","-0.12444","0.9770","0.40889","0.59227","-0.12992","0.9424","0.58359","0.58700","-0.12112","0.9390","0.42516","0.59152","-0.12783","0.9659","0.56858","0.59107","-0.11845","0.9377","0.44852","0.63735","0.00227","0.9798","0.54802","0.63833","0.00938","0.9442","0.44241","0.71808","-0.05904","0.9625","0.54550","0.71978","-0.05000","0.9494","0.44825","0.92214","0.00056","0.9543","0.54281","0.92192","0.00988","0.9391","0.44995","0.94525","0.01860","0.9950","0.54463","0.93865","0.02125","0.9652","0.44935","0.94957","-0.02543","0.9566","0.54571","0.95148","-0.01662","0.9581"
"580","19.3333","0.49629","0.27501","-0.00601","0.9710","0.47934","0.26723","-0.00848","0.9578","0.47273","0.26259","-0.01040","0.9508","0.46707","0.26439","-0.00910","0.9547","0.51580","0.26682","-0.00469","0.9422","0.51946","0.26512","-0.00468","0.9061","0.52906","0.26881","-0.00528","0.9544","0.45876","0.27618","0.00044","0.9517","0.53389","0.27521","0.00969","0.9679","0.48567","0.30356","-0.00671","0.9950","0.50710","0.29740","-0.01010","0.9521","0.42278","0.39892","-0.01264","0.9668","0.56989","0.40229","-0.01260","0.9393","0.41158","0.50186","-0.08034","0.9471","0.58342","0.50333","-0.07067","0.9472","0.42094","0.57988","-0.12579","0.9638","0.57511","0.57609","-0.11728","0.9562","0.41204","0.59422","-0.12943","0.9896","0.57809","0.59828","-0.12334","0.9635","0.40859","0.59219","-0.13099","0.9414","0.58473","0.58825","-0.12253","0.9260","0.42468","0.59089","-0.12674","0.9586","0.57063","0.58983","-0.11737","0.9141","0.44918","0.63649","0.00104","0.9628","0.54653","0.64071","0.00712","0.9487","0.44187","0.71936","-0.05875","0.9801","0.54602","0.71964","-0.04873","0.9502","0.44818","0.92058","0.00000","0.9577","0.54079","0.92108","0.00684","0.9402","0.44987","0.94358","0.01920","0.9893","0.54389","0.93925","0.02192","0.9622","0.44803","0.94897","-0.02576","0.9527","0.54449","0.95212","-0.01603","0.9407"
"581","19.3667","0.49313","0.27377","-0.00469","0.9444","0.47929","0.26170","-0.01027","0.9627","0.47405","0.26382","-0.00880","0.9276","0.46890","0.26332","-0.00957","0.9615","0.51520","0.26139","-0.00253","0.9395","0.52023","0.26136","-0.00081","0.9631","0.52833","0.25972","-0.00164","0.9550","0.45988","0.27466","-0.00074","0.9781","0.53450","0.27006","0.00624","0.9634","0.48425","0.29703","-0.00466","0.9638","0.50578","0.29692","-0.00819","0.9742","0.42003","0.39446","-0.01347","0.9377","0.57322","0.39493","-0.00696","0.9015","0.41073","0.49877","-0.07501","0.9443","0.58385","0.49575","-0.06610","0.9362","0.41574","0.57589","-0.12222","0.9741","0.57373","0.57269","-0.11427","0.9510","0.41519","0.59376","-0.12514","0.9603","0.58230","0.59483","-0.11749","0.9623","0.40814","0.58945","-0.12881","0.9950","0.58445","0.58857","-0.11757","0.9607","0.42563","0.59045","-0.12072","0.9394","0.56901","0.58876","-0.11589","0.9591","0.45176","0.63145","0.00099","0.9838","0.54277","0.63585","0.01314","0.9314","0.44823","0.71779","-0.05498","0.9389","0.54682","0.72121","-0.04941","0.9290","0.44772","0.92055","0.00113","0.9572","0.54518","0.91872","0.01204","0.9196","0.44990","0.93811","0.01708","0.9597","0.54109","0.93706","0.02594","0.9279","0.44904","0.94909","-0.02200","0.9803","0.54654","0.94929","-0.01595","0.9405"
"582","19.4000","0.49776","0.26641","-0.00450","0.9806","0.47634","0.25637","-0.01006","0.9436","0.47138","0.25390","-0.01154","0.9591","0.46920","0.25703","-0.00555","0.9312","0.52034","0.25835","-0.00149","0.9613","0.51914","0.25292","-0.00576","0.9316","0.52605","0.25672","-0.00043","0.9184","0.45902","0.26336","0.00070","0.9950","0.53359","0.26778","0.00530","0.9514","0.48581","0.29185","-0.00422","0.9604","0.50630","0.28979","-0.00394","0.9481","0.42153","0.39056","-0.01797","0.9329","0.57220","0.38977","-0.00542","0.9878","0.41133","0.49498","-0.07359","0.9651","0.58485","0.49673","-0.06706","0.9585","0.41989","0.57298","-0.11940","0.9713","0.57293","0.57613","-0.10897","0.9444","0.41342","0.59062","-0.12137","0.9347","0.58423","0.58928","-0.11523","0.9203","0.41047","0.58509","-0.12279","0.9474","0.58452","0.58598","-0.11354","0.9500","0.42545","0.58486","-0.11526","0.9512","0.56622","0.58575","-0.11024","0.9530","0.44606","0.62852","-0.00062","0.9396","0.54244","0.62722","0.00819","0.9562","0.44619","0.71812","-0.05044","0.9618","0.54507","0.71731","-0.04619","0.9386","0.44831","0.92151","0.00216","0.9899","0.54310","0.91729","0.00765","0.9684","0.44985","0.93896","0.01359","0.9474","0.54138","0.93876","0.02610","0.9424","0.45075","0.94875","-0.02252","0.9781","0.54403","0.94743","-0.01690","0.9321"
"583","19.4333","0.49827","0.26411","-0.00570","0.9262","0.47787","0.25173","-0.00816","0.9581","0.46798","0.24716","-0.00838","0.9901","0.46783","0.25012","-0.00915","0.9639","0.51352","0.24692","0.00037","0.9321","0.52132","0.24841","-0.00208","0.9241","0.52667","0.25193","0.00364","0.9721","0.46412","0.26056","0.00166","0.9439","0.52923","0.26015","0.01131","0.9066","0.48819","0.28364","-0.00414","0.9452","0.50567","0.28587","-0.00421","0.9440","0.42071","0.38248","-0.01418","0.9448","0.57286","0.38610","-0.00482","0.9457","0.40703","0.48843","-0.06733","0.9595","0.58236","0.49129","-0.06130","0.9098","0.42257","0.57054","-0.10977","0.9383","0.57547","0.56618","-0.10600","0.9385","0.41196","0.58814","-0.11869","0.9859","0.58275","0.58931","-0.10871","0.9692","0.40760","0.58453","-0.11773","0.9609","0.58330","0.58494","-0.11237","0.9337","0.42250","0.58601","-0.11483","0.9474","0.56841","0.58683","-0.10047","0.9110","0.44901","0.62055","0.00089","0.9432","0.54513","0.61932","0.01009","0.9360","0.44778","0.72099","-0.05118","0.9272","0.54600","0.71981","-0.04223","0.9206","0.45109","0.92013","0.00084","0.9948","0.54220","0.92120","0.01153","0.9318","0.45308","0.94167","0.01835","0.9835","0.54730","0.93695","0.02258","0.9673","0.44956","0.95064","-0.02249","0.9625","0.54325","0.94984","-0.01383","0.9377"
"584","19.4667","0.49767","0.26479","-0.00552","0.9628","0.47565","0.25133","-0.00591","0.9543","0.46880","0.24795","-0.00716","0.9950","0.46476","0.25101","-0.01027","0.9826","0.51265","0.24840","0.00047","0.9715","0.52173","0.24842","-0.00411","0.9295","0.52610","0.25235","0.00471","0.9519","0.46182","0.26013","0.00095","0.9545","0.53194","0.25860","0.01033","0.9106","0.48441","0.28346","-0.00300","0.9408","0.50364","0.28581","-0.00355","0.9548","0.42176","0.38223","-0.01115","0.9448","0.57020","0.38525","-0.00311","0.9283","0.40539","0.49166","-0.06829","0.9521","0.58340","0.49072","-0.06034","0.9368","0.42252","0.56963","-0.11100","0.9476","0.57356","0.56691","-0.10691","0.9265","0.41054","0.58937","-0.11955","0.9814","0.58310","0.59053","-0.10887","0.9877","0.40800","0.58448","-0.11850","0.9694","0.58534","0.58378","-0.11307","0.9177","0.42111","0.58609","-0.11391","0.9744","0.56926","0.58662","-0.10157","0.9244","0.44754","0.62046","-0.00057","0.9747","0.54402","0.62080","0.01172","0.9171","0.44951","0.72076","-0.04945","0.9283","0.54477","0.71998","-0.04001","0.9251","0.45018","0.91787","-0.00029","0.9950","0.54258","0.92151","0.01072","0.9254","0.45541","0.94098","0.02003","0.9665","0.54617","0.93715","0.02071","0.9423","0.45330","0.95106","-0.02136","0.9508","0.54245","0.95098","-0.01473","0.9412"
"585","19.5000","0.49674","0.25329","-0.00158","0.9587","0.47640","0.24126","-0.00734","0.9659","0.46916","0.24048","-0.00502","0.9890","0.46540","0.24330","-0.00743","0.9447","0.51562","0.24463","-0.00079","0.9434","0.51751","0.24136","-0.00161","0.9612","0.52788","0.24511","-0.00147","0.9492","0.46079","0.24971","-0.00018","0.9826","0.53101","0.25677","0.00572","0.9431","0.48762","0.28176","-0.00467","0.9721","0.50994","0.27966","-0.00350","0.9598","0.41743","0.37624","-0.01000","0.9601","0.57299","0.37798","-0.00204","0.9305","0.41182","0.48599","-0.06550","0.9452","0.58230","0.48778","-0.05850","0.9589","0.42012","0.56525","-0.10862","0.9677","0.57145","0.56856","-0.09865","0.9362","0.41207","0.58799","-0.11180","0.9551","0.58093","0.58693","-0.10622","0.9386","0.40683","0.58518","-0.11487","0.9929","0.58459","0.58311","-0.10597","0.9341","0.42384","0.57923","-0.10295","0.9498","0.56934","0.58163","-0.09880","0.9934","0.45157","0.61154","0.00030","0.9950","0.54329","0.61020","0.00918","0.9495","0.44684","0.71840","-0.04632","0.9673","0.54625","0.72185","-0.03759","0.9526","0.45178","0.92089","0.00287","0.9698","0.53921","0.91923","0.01016","0.9365","0.45094","0.93936","0.01818","0.9948","0.54352","0.94038","0.02832","0.9429","0.45016","0.94885","-0.02110","0.9722","0.54255","0.94876","-0.01503","0.9615"
"586","19.5333","0.49868","0.24734","-0.00019","0.9593","0.47822","0.23594","-0.00194","0.9827","0.47303","0.23863","-0.00838","0.9447","0.46627","0.23883","-0.00623","0.9737","0.51771","0.23572","-0.00020","0.9568","0.52023","0.23466","-0.00125","0.9447","0.52651","0.23791","0.00434","0.9778","0.46304","0.24919","0.00256","0.9501","0.53390","0.24749","0.01181","0.9464","0.48429","0.26992","-0.00458","0.9598","0.50814","0.27298","-0.00047","0.9852","0.42237","0.36891","-0.00828","0.9453","0.57339","0.37016","-0.00105","0.9361","0.41040","0.47912","-0.06294","0.9415","0.58271","0.48240","-0.05355","0.9327","0.42066","0.56465","-0.10403","0.9623","0.57414","0.56454","-0.08913","0.9064","0.41146","0.58501","-0.10858","0.9950","0.58150","0.58408","-0.09888","0.9396","0.40747","0.57974","-0.10797","0.9858","0.58339","0.58011","-0.09766","0.9414","0.42508","0.57838","-0.10052","0.9367","0.56653","0.57975","-0.09471","0.9388","0.45234","0.60337","-0.00280","0.9407","0.54606","0.60023","0.00739","0.9398","0.44611","0.72297","-0.04187","0.9551","0.54661","0.71989","-0.03380","0.9553","0.45013","0.91868","0.00069","0.9592","0.54391","0.91635","0.00789","0.9386","0.44864","0.94210","0.01637","0.9666","0.54046","0.93918","0.02708","0.9448","0.44957","0.94745","-0.02263","0.9620","0.54461","0.94775","-0.01389","0.9418"
"587","19.5667","0.49746","0.23972","-0.00188","0.9889","0.47678","0.23040","-0.00498","0.9633","0.47256","0.22514","-0.00320","0.9532","0.46498","0.23021","-0.00505","0.9439","0.51356","0.22764","0.00176","0.9803","0.51958","0.22863","0.00280","0.9528","0.52581","0.22911","0.00539","0.9493","0.45785","0.24012","0.00627","0.9450","0.53344","0.23833","0.01148","0.9413","0.48658","0.26623","0.00199","0.9587","0.50616","0.26015","-0.00085","0.9514","0.41753","0.36237","-0.00833","0.9792","0.57300","0.36191","-0.00095","0.9402","0.41059","0.47613","-0.05618","0.9453","0.58405","0.47457","-0.04833","0.9950","0.41709","0.56190","-0.09837","0.9430","0.57200","0.56459","-0.08698","0.9531","0.41340","0.58556","-0.09654","0.9400","0.57927","0.58350","-0.09502","0.9259","0.40634","0.57534","-0.09974","0.9712","0.58690","0.57965","-0.09125","0.9497","0.42420","0.57773","-0.09323","0.9496","0.57107","0.57697","-0.08589","0.9307","0.45347","0.59581","0.00065","0.9950","0.54337","0.59184","0.00772","0.9460","0.44884","0.71752","-0.03877","0.9514","0.54384","0.72049","-0.03139","0.9295","0.45300","0.91793","0.00501","0.9793","0.54489","0.92109","0.01054","0.9513","0.44958","0.94156","0.02251","0.9454","0.54417","0.94281","0.02423","0.9054","0.45099","0.94947","-0.02041","0.9468","0.54376","0.94847","-0.01477","0.9606"
"588","19.6000","0.49771","0.23973","0.00138","0.9890","0.47681","0.23096","-0.00509","0.9771","0.47470","0.22682","-0.00413","0.9650","0.46564","0.23159","-0.00561","0.9686","0.51399","0.22918","0.00208","0.9335","0.52020","0.22809","0.00285","0.9380","0.52390","0.23039","0.00418","0.9490","0.45879","0.23987","0.00672","0.9572","0.53383","0.23632","0.01075","0.9372","0.48627","0.26524","0.00200","0.9519","0.50846","0.26198","-0.00280","0.9674","0.41810","0.36226","-0.00911","0.9806","0.57274","0.36275","-0.00167","0.9452","0.41055","0.47681","-0.05798","0.9391","0.58337","0.47643","-0.04948","0.9711","0.41880","0.56459","-0.09809","0.9397","0.57262","0.56351","-0.08643","0.9425","0.41303","0.58450","-0.09597","0.9497","0.58105","0.58377","-0.09434","0.9019","0.40931","0.57484","-0.09971","0.9461","0.58786","0.57955","-0.09187","0.9518","0.42445","0.57878","-0.09351","0.9395","0.57142","0.57762","-0.08683","0.9472","0.45417","0.59598","0.00087","0.9632","0.54230","0.59429","0.01097","0.9484","0.44903","0.71792","-0.03768","0.9242","0.54662","0.72349","-0.03098","0.9526","0.45005","0.91787","0.00478","0.9916","0.54420","0.91967","0.01005","0.9572","0.45039","0.94140","0.02188","0.9741","0.54265","0.94049","0.02472","0.9387","0.44978","0.95082","-0.02192","0.9525","0.54274","0.94842","-0.01355","0.9365"
"589","19.6333","0.49793","0.23210","0.00286","0.9680","0.47710","0.22156","-0.00156","0.9700","0.47292","0.21993","-0.00435","0.9622","0.46526","0.22168","-0.00421","0.9620","0.51631","0.22331","0.00411","0.9275","0.52028","0.22223","0.00563","0.9405","0.52605","0.22364","0.00530","0.9220","0.46104","0.23349","0.00793","0.9579","0.53400","0.23103","0.01623","0.9203","0.48919","0.25324","-0.00139","0.9706","0.50630","0.25753","-0.00113","0.9610","0.41812","0.35386","-0.00682","0.9779","0.57498","0.35320","0.00278","0.9258","0.41239","0.46925","-0.05106","0.9560","0.58146","0.46957","-0.04849","0.9053","0.41919","0.56235","-0.08830","0.9444","0.57221","0.55634","-0.07687","0.9398","0.41231","0.57946","-0.09275","0.9596","0.58245","0.57880","-0.08861","0.9438","0.40617","0.57513","-0.09125","0.9647","0.58355","0.57248","-0.08619","0.9306","0.42692","0.57510","-0.08739","0.9824","0.56991","0.57703","-0.08678","0.9297","0.44776","0.58218","0.00101","0.9224","0.54401","0.58658","0.00822","0.9520","0.44659","0.72082","-0.03362","0.9626","0.54632","0.71981","-0.02630","0.9264","0.45054","0.92251","0.00582","0.9328","0.53997","0.91883","0.01096","0.9136","0.45045","0.93798","0.01706","0.9721","0.54339","0.93542","0.02451","0.9269","0.44610","0.94792","-0.02459","0.9876","0.53993","0.94775","-0.01671","0.9019"
"590","19.6667","0.49808","0.22354","0.00102","0.9400","0.47631","0.21367","0.00052","0.9831","0.47200","0.21217","-0.00315","0.9813","0.46522","0.20727","-0.00115","0.9740","0.51823","0.21545","0.00495","0.9526","0.52020","0.21325","0.00337","0.9409","0.52534","0.21052","0.00499","0.9303","0.45984","0.22502","0.01039","0.9693","0.53354","0.22887","0.01723","0.9503","0.48753","0.25173","0.00170","0.9637","0.50626","0.24826","0.00268","0.9594","0.42059","0.34306","-0.00454","0.9738","0.57514","0.34474","0.00362","0.9112","0.40903","0.46366","-0.05096","0.9403","0.58319","0.46433","-0.03857","0.9295","0.42215","0.55474","-0.08158","0.9291","0.57174","0.55759","-0.07248","0.8976","0.41029","0.57783","-0.08765","0.9829","0.58089","0.57801","-0.07877","0.9558","0.40733","0.56814","-0.08646","0.9746","0.58347","0.57384","-0.07873","0.9246","0.42591","0.57223","-0.07863","0.9294","0.56975","0.56806","-0.07743","0.9512","0.45134","0.57703","-0.00459","0.9522","0.54245","0.57322","0.00832","0.9443","0.44773","0.71740","-0.02715","0.9529","0.54480","0.72136","-0.02172","0.9300","0.44886","0.91945","0.00436","0.9576","0.54657","0.91828","0.01076","0.9215","0.45116","0.93980","0.01593","0.9830","0.54498","0.93747","0.02361","0.9248","0.45296","0.95015","-0.02282","0.9453","0.54490","0.94653","-0.01318","0.9714"
"591","19.7000","0.49588","0.21654","0.00603","0.9547","0.47807","0.20483","0.00086","0.9657","0.47052","0.20305","0.00128","0.9549","0.46896","0.21059","0.00090","0.9760","0.51136","0.20469","0.00918","0.9348","0.52087","0.20672","0.00836","0.9171","0.52815","0.20596","0.00971","0.9283","0.45881","0.21694","0.01140","0.9911","0.53397","0.21524","0.01677","0.9768","0.48666","0.24175","0.00244","0.9757","0.50737","0.24102","0.00454","0.9431","0.42054","0.33801","-0.00202","0.9424","0.57242","0.33805","0.00555","0.9236","0.40759","0.45855","-0.04695","0.9614","0.58388","0.45594","-0.03794","0.9223","0.41783","0.55563","-0.07445","0.9311","0.57442","0.55225","-0.06372","0.9466","0.41397","0.57523","-0.07826","0.9137","0.57894","0.57281","-0.07361","0.9646","0.40795","0.56724","-0.08155","0.9497","0.58390","0.56701","-0.07460","0.9760","0.42448","0.56901","-0.07544","0.9041","0.56995","0.56858","-0.06520","0.9523","0.45192","0.56733","0.00171","0.9468","0.54365","0.56789","0.00733","0.9344","0.44762","0.71885","-0.02449","0.9560","0.54337","0.71663","-0.01702","0.9456","0.44930","0.92023","0.00115","0.9910","0.54206","0.92081","0.00825","0.9515","0.44820","0.94012","0.01778","0.9950","0.54147","0.94176","0.02253","0.9549","0.44876","0.94578","-0.02150","0.9462","0.54356","0.94689","-0.01757","0.9193"
"592","19.7333","0.49751","0.21445","0.00436","0.9514","0.48063","0.20514","-0.00007","0.9753","0.47170","0.20260","0.00313","0.9667","0.46779","0.21055","-0.00140","0.9739","0.51172","0.20872","0.00866","0.9329","0.52146","0.20719","0.00650","0.9419","0.52881","0.20845","0.00987","0.9243","0.45852","0.21622","0.01116","0.9730","0.53338","0.21596","0.01737","0.9552","0.48585","0.24161","0.00219","0.9645","0.50623","0.24110","0.00561","0.9591","0.41914","0.33736","0.00034","0.9437","0.57257","0.33958","0.00539","0.9093","0.40653","0.46044","-0.04484","0.9459","0.58243","0.45676","-0.03765","0.9373","0.41632","0.55344","-0.07450","0.9515","0.57609","0.55232","-0.06298","0.9627","0.41256","0.57344","-0.08018","0.9417","0.57928","0.57533","-0.07324","0.9416","0.40632","0.56871","-0.08252","0.9626","0.58577","0.56541","-0.07512","0.9571","0.42333","0.56957","-0.07695","0.9067","0.56977","0.56928","-0.06520","0.9678","0.45165","0.56812","0.00015","0.9489","0.54344","0.56818","0.00813","0.9284","0.44807","0.71877","-0.02516","0.9419","0.54271","0.71686","-0.01625","0.9439","0.45043","0.91998","0.00133","0.9950","0.54038","0.91988","0.00932","0.9457","0.44973","0.93915","0.01706","0.9796","0.54147","0.94084","0.02390","0.9340","0.44869","0.94371","-0.02403","0.9599","0.54516","0.94730","-0.01705","0.9277"
"593","19.7667","0.49845","0.21070","0.00676","0.9544","0.48045","0.20186","0.00132","0.9456","0.47046","0.19967","0.00264","0.9735","0.46603","0.20188","-0.00086","0.9549","0.51194","0.19917","0.00931","0.9416","0.52223","0.19879","0.00909","0.9276","0.52585","0.20110","0.00753","0.9581","0.45729","0.21001","0.01068","0.9834","0.53538","0.20935","0.01725","0.9423","0.48842","0.23574","0.00540","0.9332","0.50781","0.23768","0.00734","0.9747","0.41952","0.33356","-0.00302","0.9367","0.57213","0.33196","0.00538","0.9853","0.40994","0.45315","-0.04237","0.9711","0.58243","0.45320","-0.03511","0.9472","0.41871","0.55178","-0.07017","0.9337","0.57134","0.55111","-0.06102","0.9486","0.41292","0.57162","-0.07466","0.9589","0.57857","0.57403","-0.06992","0.9183","0.40829","0.56731","-0.07103","0.9723","0.58382","0.56587","-0.06387","0.9213","0.42373","0.56484","-0.06957","0.9548","0.56942","0.56853","-0.05731","0.9460","0.45029","0.55879","-0.00458","0.9753","0.54401","0.56128","0.00479","0.9664","0.44675","0.71942","-0.02156","0.9600","0.54256","0.72006","-0.01434","0.9350","0.44992","0.91690","0.00386","0.9446","0.54502","0.91815","0.01058","0.9245","0.44811","0.93984","0.01928","0.9793","0.54095","0.93945","0.02442","0.9317","0.45084","0.95034","-0.02614","0.9636","0.54396","0.95195","-0.01747","0.9081"
"594","19.8000","0.49507","0.20419","0.00781","0.9841","0.47930","0.19460","0.00082","0.9604","0.46855","0.18747","0.00403","0.9851","0.46521","0.19058","0.00037","0.9565","0.51507","0.19599","0.00562","0.9533","0.52361","0.19435","0.01327","0.9534","0.52712","0.19667","0.01312","0.9300","0.45975","0.20428","0.01132","0.9642","0.53187","0.20465","0.01960","0.9708","0.48634","0.22882","0.00927","0.9480","0.50707","0.22973","0.00647","0.9524","0.42327","0.32220","0.00236","0.9362","0.57154","0.32486","0.00906","0.9266","0.41371","0.44924","-0.03705","0.9707","0.58189","0.44705","-0.02970","0.9395","0.42192","0.55065","-0.06581","0.9475","0.57072","0.54623","-0.05821","0.9508","0.41259","0.56702","-0.06878","0.9673","0.58099","0.56896","-0.06127","0.9498","0.40830","0.56659","-0.06528","0.9690","0.58566","0.56207","-0.06218","0.9586","0.42119","0.56182","-0.06276","0.9542","0.56827","0.56268","-0.05325","0.9111","0.45100","0.55275","-0.00036","0.9899","0.54349","0.55266","0.00413","0.9452","0.45209","0.71929","-0.01409","0.9612","0.54450","0.72203","-0.01193","0.9737","0.45094","0.91898","0.00312","0.9709","0.54276","0.92142","0.00810","0.9464","0.44881","0.94047","0.01564","0.9246","0.54166","0.94370","0.02783","0.9739","0.45122","0.95106","-0.01917","0.9778","0.54461","0.94801","-0.01453","0.9232"
"595","19.8333","0.49681","0.19721","0.00847","0.9184","0.47893","0.19112","0.00453","0.9905","0.47283","0.18567","0.00509","0.9950","0.46443","0.18903","0.00595","0.9405","0.51203","0.18983","0.01092","0.9201","0.52036","0.18278","0.01045","0.9045","0.52684","0.18868","0.00950","0.9684","0.46083","0.19852","0.01353","0.9680","0.53641","0.19483","0.01990","0.9362","0.48559","0.22546","0.00816","0.9571","0.50695","0.22427","0.00573","0.9473","0.42171","0.31937","0.00384","0.9613","0.57190","0.31825","0.01196","0.9404","0.41301","0.44409","-0.02905","0.9527","0.58059","0.44426","-0.02424","0.9412","0.41952","0.54505","-0.05935","0.9521","0.57411","0.54945","-0.05001","0.9560","0.41231","0.57196","-0.06334","0.9593","0.58031","0.56941","-0.05298","0.9758","0.40898","0.55948","-0.06225","0.9755","0.58424","0.56512","-0.05528","0.9342","0.42210","0.56373","-0.05751","0.9505","0.56648","0.55858","-0.05141","0.9773","0.45111","0.54200","-0.00259","0.9276","0.54375","0.53997","0.00373","0.9457","0.44767","0.71875","-0.01349","0.9478","0.54252","0.72101","-0.00636","0.9466","0.45168","0.92244","0.00096","0.9384","0.54201","0.91870","0.00735","0.9406","0.45062","0.93743","0.01437","0.9298","0.54303","0.94013","0.01989","0.9647","0.45352","0.94747","-0.02351","0.9360","0.54107","0.95158","-0.01644","0.9411"
"596","19.8667","0.49687","0.19925","0.00770","0.9455","0.47837","0.19092","0.00570","0.9825","0.47304","0.18455","0.00649","0.9824","0.46467","0.18866","0.00724","0.9513","0.51493","0.18853","0.01340","0.9141","0.52236","0.18394","0.01037","0.9177","0.52687","0.18823","0.01041","0.9447","0.45893","0.19706","0.01368","0.9657","0.53613","0.19673","0.01850","0.9208","0.48424","0.22489","0.00745","0.9638","0.50855","0.22361","0.00726","0.9427","0.42093","0.31990","0.00114","0.9655","0.57160","0.31821","0.01240","0.9371","0.41433","0.44461","-0.02970","0.9456","0.58062","0.44477","-0.02464","0.9381","0.42081","0.54726","-0.05961","0.9507","0.57419","0.54898","-0.04826","0.9320","0.41305","0.56864","-0.06415","0.9872","0.58128","0.56978","-0.05496","0.9623","0.41077","0.56042","-0.06274","0.9790","0.58306","0.56596","-0.05380","0.9541","0.42303","0.56238","-0.05810","0.9448","0.56711","0.55922","-0.05186","0.9757","0.45114","0.54446","-0.00173","0.9427","0.54372","0.53948","0.00625","0.9269","0.44960","0.71915","-0.01380","0.9829","0.54292","0.71977","-0.00554","0.9520","0.45184","0.92342","-0.00023","0.9177","0.54379","0.92019","0.00831","0.9362","0.45262","0.93908","0.01549","0.9480","0.54496","0.94040","0.01988","0.9717","0.45218","0.95154","-0.02454","0.9428","0.54325","0.95296","-0.01581","0.9609"
"597","19.9000","0.49501","0.19213","0.00888","0.9473","0.47935","0.18221","0.00161","0.9131","0.47446","0.18499","0.00513","0.9806","0.46653","0.18275","0.00371","0.9508","0.51375","0.18182","0.01269","0.9471","0.51983","0.17971","0.01180","0.9403","0.52451","0.18292","0.01127","0.9556","0.46406","0.19196","0.01571","0.9794","0.53151","0.19102","0.02315","0.9559","0.48550","0.21850","0.01357","0.9781","0.50699","0.21861","0.00852","0.9950","0.41762","0.31272","0.00299","0.9729","0.57203","0.31533","0.01254","0.9322","0.41059","0.43828","-0.02909","0.9796","0.58306","0.43872","-0.02461","0.9162","0.42141","0.54449","-0.05365","0.9751","0.57289","0.54692","-0.04906","0.9302","0.41396","0.56606","-0.05867","0.9950","0.58020","0.56387","-0.05303","0.9343","0.40779","0.56115","-0.05884","0.9812","0.58416","0.55953","-0.05374","0.9514","0.42329","0.55988","-0.05443","0.9510","0.56890","0.56058","-0.04628","0.9214","0.45108","0.53605","0.00189","0.9608","0.54161","0.53499","0.00681","0.9597","0.44958","0.71941","-0.01185","0.9668","0.54229","0.72225","-0.00165","0.9280","0.45043","0.92228","0.00326","0.9400","0.54370","0.92087","0.00858","0.9192","0.45104","0.94083","0.02058","0.9349","0.53983","0.94125","0.02569","0.9482","0.44970","0.94707","-0.02127","0.9247","0.54456","0.94816","-0.01562","0.9665"
"598","19.9333","0.49708","0.18732","0.01011","0.9569","0.47987","0.17678","0.00821","0.9627","0.47685","0.17785","0.00531","0.9647","0.46504","0.18193","0.00465","0.9393","0.51271","0.17830","0.01197","0.9641","0.52063","0.17661","0.01419","0.9571","0.52602","0.17806","0.01263","0.9061","0.45929","0.19055","0.01748","0.9723","0.53203","0.18847","0.02160","0.9702","0.48580","0.21590","0.01213","0.9263","0.50850","0.21336","0.01031","0.9549","0.42144","0.30918","0.00483","0.9580","0.57343","0.30552","0.01276","0.9333","0.40911","0.43759","-0.02531","0.9418","0.58028","0.43567","-0.02026","0.9458","0.41995","0.54268","-0.04847","0.9563","0.57283","0.54177","-0.04368","0.9183","0.40825","0.55694","-0.05581","0.9950","0.57887","0.56475","-0.04737","0.9580","0.41075","0.55945","-0.05295","0.9623","0.58492","0.55966","-0.04478","0.9632","0.42660","0.55954","-0.04855","0.9643","0.56633","0.55909","-0.04294","0.9647","0.44784","0.52828","-0.00300","0.9732","0.54291","0.52741","0.00489","0.9192","0.45338","0.71798","-0.00795","0.9699","0.54319","0.71668","-0.00054","0.9528","0.45007","0.92011","0.00196","0.9515","0.54288","0.92082","0.00905","0.9243","0.44866","0.93919","0.01837","0.9447","0.54553","0.94123","0.02208","0.9420","0.44766","0.94860","-0.02250","0.9950","0.54038","0.95447","-0.01687","0.9185"
"599","19.9667","0.49492","0.18856","0.00814","0.9595","0.47870","0.17975","0.00505","0.9511","0.47231","0.17044","0.00526","0.9389","0.46874","0.17580","0.00691","0.9391","0.51774","0.17433","0.01337","0.9352","0.52136","0.17162","0.01391","0.9373","0.52512","0.17390","0.01679","0.9641","0.46046","0.18525","0.01536","0.9607","0.53178","0.18225","0.02338","0.9165","0.48999","0.20531","0.00997","0.9756","0.50770","0.20891","0.01059","0.9187","0.41838","0.30207","0.00276","0.9885","0.57244","0.30450","0.01258","0.9194","0.41264","0.43317","-0.02617","0.9425","0.58549","0.43253","-0.01835","0.9680","0.42015","0.54013","-0.04647","0.9950","0.57583","0.54297","-0.03743","0.9324","0.40834","0.56183","-0.05297","0.9472","0.58167","0.56308","-0.04322","0.9217","0.40749","0.55568","-0.05172","0.9431","0.58295","0.55882","-0.04290","0.9397","0.42211","0.55936","-0.04880","0.9857","0.56932","0.55963","-0.03966","0.9479","0.45083","0.52882","-0.00510","0.9559","0.54352","0.52619","0.00567","0.9192","0.45001","0.72317","-0.00775","0.9382","0.54322","0.71460","0.00172","0.9389","0.45252","0.91628","0.00512","0.9790","0.54124","0.92196","0.00995","0.9316","0.45038","0.94121","0.01624","0.9407","0.54447","0.94028","0.02409","0.9548","0.44928","0.95010","-0.02167","0.9476","0.54295","0.94900","-0.01430","0.9715"
"600","20.0000","0.49428","0.18633","0.01019","0.9446","0.47671","0.17955","0.00622","0.9600","0.47209","0.17085","0.00667","0.9602","0.46522","0.17383","0.00643","0.9696","0.51673","0.17484","0.01299","0.9374","0.51984","0.17249","0.01334","0.9477","0.52659","0.17419","0.01577","0.9654","0.46049","0.18586","0.01749","0.9422","0.53160","0.18174","0.02195","0.9098","0.48854","0.20716","0.01040","0.9653","0.50713","0.21069","0.01162","0.9650","0.41956","0.30158","0.00360","0.9933","0.57168","0.30280","0.01147","0.9076","0.41099","0.43287","-0.02642","0.9563","0.58369","0.43254","-0.01658","0.9658","0.41903","0.54002","-0.04808","0.9777","0.57466","0.54239","-0.03687","0.9657","0.40935","0.56204","-0.05555","0.9420","0.58210","0.56144","-0.04313","0.9267","0.40756","0.55738","-0.05132","0.9383","0.58113","0.55924","-0.04290","0.9801","0.42120","0.55759","-0.04774","0.9643","0.56804","0.55823","-0.03885","0.9410","0.45200","0.52837","-0.00423","0.9881","0.54482","0.52651","0.00532","0.9419","0.45041","0.72426","-0.00769","0.9628","0.54320","0.71461","0.00219","0.9258","0.45272","0.91741","0.00338","0.9496","0.54055","0.91956","0.00851","0.9499","0.45192","0.94095","0.01677","0.9727","0.54404","0.94004","0.02304","0.9595","0.44875","0.94848","-0.02248","0.9601","0.54240","0.94935","-0.01531","0.9484"
"601","20.0333","0.49858","0.18227","0.01295","0.9632","0.47677","0.17365","0.00532","0.9706","0.47404","0.16903","0.00757","0.9656","0.46277","0.17197","0.00798","0.9734","0.51382","0.17427","0.01641","0.9523","0.51998","0.17256","0.01269","0.9509","0.52818","0.17399","0.01156","0.9483","0.46056","0.18368","0.01994","0.9857","0.53296","0.18866","0.02350","0.9388","0.48474","0.20388","0.01324","0.9475","0.50565","0.21111","0.01055","0.9492","0.41889","0.30039","0.00823","0.9611","0.57165","0.30265","0.01314","0.9669","0.41291","0.43267","-0.02414","0.9403","0.58365","0.43100","-0.01288","0.9640","0.42076","0.54185","-0.04457","0.9950","0.57418","0.53911","-0.03844","0.9530","0.41031","0.56290","-0.05310","0.9495","0.57925","0.56105","-0.04063","0.9090","0.40554","0.55367","-0.04762","0.9532","0.58558","0.55437","-0.04576","0.9409","0.42341","0.55865","-0.04311","0.9452","0.56710","0.55213","-0.03695","0.9419","0.44636","0.52195","-0.00246","0.9556","0.54227","0.52162","0.00605","0.9191","0.45320","0.71931","-0.00479","0.9490","0.54505","0.72126","0.00159","0.9594","0.45027","0.91970","0.00269","0.9523","0.54596","0.92290","0.01098","0.9167","0.44605","0.94019","0.01567","0.9485","0.54005","0.94111","0.02632","0.9334","0.45205","0.94913","-0.02323","0.9620","0.54602","0.95127","-0.01506","0.9604"
"602","20.0667","0.49580","0.18120","0.00913","0.9389","0.47433","0.17158","0.01073","0.9317","0.47152","0.16999","0.00759","0.9932","0.46885","0.17119","0.00642","0.9914","0.51384","0.17017","0.01368","0.9245","0.51990","0.16544","0.01446","0.9337","0.52706","0.17287","0.01429","0.9615","0.46063","0.18276","0.01654","0.9715","0.53511","0.18236","0.02366","0.9448","0.48622","0.20744","0.00974","0.9718","0.50497","0.20847","0.00996","0.9830","0.41981","0.29927","0.00323","0.9671","0.57196","0.29940","0.01414","0.9504","0.41153","0.43073","-0.02209","0.9518","0.58250","0.42826","-0.01420","0.9192","0.42243","0.54413","-0.04334","0.9727","0.57367","0.54177","-0.03638","0.9277","0.41240","0.56182","-0.04876","0.9507","0.57955","0.55978","-0.03989","0.9446","0.40943","0.55580","-0.04966","0.9630","0.58412","0.55670","-0.04155","0.9252","0.42467","0.55603","-0.04170","0.9555","0.57155","0.55388","-0.03819","0.9301","0.45083","0.51856","0.00066","0.9688","0.54106","0.52038","0.00408","0.9428","0.44936","0.71921","-0.00141","0.9296","0.54363","0.71871","0.00711","0.9324","0.45239","0.91873","0.00283","0.9928","0.54640","0.91805","0.00992","0.9704","0.45117","0.93672","0.02109","0.9585","0.54160","0.93995","0.02594","0.9540","0.45234","0.95221","-0.02140","0.9646","0.54371","0.95065","-0.01778","0.9220"
"603","20.1000","0.49678","0.18491","0.00856","0.9481","0.48106","0.17121","0.00811","0.9930","0.47424","0.16922","0.00961","0.9398","0.46501","0.17227","0.00671","0.9548","0.51003","0.16736","0.01980","0.9693","0.51968","0.16757","0.01523","0.9311","0.52968","0.16992","0.01432","0.9360","0.46276","0.18081","0.01672","0.9622","0.53142","0.17993","0.02587","0.9570","0.48868","0.20609","0.01188","0.9529","0.50511","0.20470","0.00983","0.9703","0.41951","0.30207","0.01001","0.9617","0.57759","0.30217","0.01232","0.9438","0.41103","0.43088","-0.02533","0.9950","0.58476","0.43013","-0.01453","0.9693","0.41984","0.53901","-0.03968","0.9849","0.57285","0.53816","-0.03632","0.9209","0.41066","0.55742","-0.04915","0.9297","0.58008","0.56131","-0.04013","0.9597","0.40895","0.55526","-0.05003","0.9581","0.58517","0.55677","-0.04142","0.9487","0.42356","0.55620","-0.04183","0.9606","0.56743","0.55587","-0.03523","0.9447","0.44874","0.52348","-0.00195","0.9416","0.54177","0.52186","0.00567","0.9610","0.45040","0.72079","-0.00405","0.9435","0.54414","0.71662","0.00077","0.9544","0.45118","0.92239","0.00029","0.9889","0.54335","0.91871","0.00956","0.9330","0.44858","0.94027","0.01721","0.9402","0.54412","0.93814","0.02585","0.9204","0.45401","0.94864","-0.02281","0.9745","0.54252","0.95242","-0.01808","0.9346"
"604","20.1333","0.50253","0.17793","0.00907","0.9890","0.48418","0.17075","0.00851","0.9807","0.47413","0.17254","0.00622","0.9451","0.46932","0.17191","0.00805","0.9681","0.52009","0.17043","0.01415","0.9561","0.52646","0.16918","0.01139","0.9389","0.53602","0.16975","0.01488","0.9284","0.46891","0.18068","0.01995","0.9723","0.53961","0.18152","0.02265","0.9584","0.49237","0.20379","0.01068","0.9466","0.50801","0.20715","0.01303","0.9746","0.42389","0.29875","0.00796","0.9616","0.57869","0.29962","0.01810","0.9253","0.41647","0.43394","-0.02494","0.9206","0.58848","0.42769","-0.01846","0.9522","0.42416","0.54571","-0.04281","0.9431","0.57622","0.54193","-0.03362","0.9410","0.41790","0.55867","-0.05114","0.9451","0.58814","0.55927","-0.03897","0.9299","0.41068","0.55462","-0.04569","0.9684","0.58909","0.55553","-0.04342","0.9228","0.42734","0.55275","-0.04148","0.9761","0.57136","0.55698","-0.03610","0.9409","0.45815","0.52168","-0.00241","0.9422","0.54744","0.52062","0.00255","0.9560","0.45267","0.71954","-0.00575","0.9394","0.54717","0.72163","0.00256","0.9568","0.45245","0.92027","0.00744","0.9537","0.54931","0.92184","0.01329","0.9317","0.45499","0.93819","0.01681","0.9719","0.54721","0.94208","0.02447","0.9411","0.45548","0.95287","-0.02234","0.9598","0.54744","0.95053","-0.01558","0.9532"
"605","20.1667","0.50095","0.17686","0.00915","0.9711","0.48209","0.16887","0.00740","0.9373","0.47552","0.16905","0.00845","0.9291","0.46806","0.16816","0.00526","0.9592","0.52229","0.16909","0.01541","0.9239","0.52281","0.17013","0.01183","0.9501","0.53025","0.17066","0.01590","0.9536","0.46343","0.17999","0.01673","0.9533","0.53904","0.17984","0.02152","0.9632","0.49145","0.20360","0.00886","0.9513","0.51328","0.20568","0.00846","0.9561","0.42565","0.30013","0.00678","0.9250","0.57916","0.29967","0.01107","0.9087","0.41442","0.43191","-0.02206","0.9766","0.58820","0.43168","-0.01516","0.9453","0.42624","0.54111","-0.04477","0.9721","0.57763","0.54102","-0.03632","0.9436","0.41934","0.56021","-0.04897","0.9301","0.58948","0.56130","-0.04240","0.9650","0.41162","0.55741","-0.04681","0.9543","0.59042","0.55266","-0.04281","0.9689","0.42771","0.55468","-0.04299","0.9931","0.57143","0.55947","-0.04008","0.9065","0.45253","0.51888","-0.00817","0.9424","0.54478","0.52122","0.00215","0.9546","0.45538","0.71980","-0.00413","0.9302","0.54864","0.72197","0.00386","0.9348","0.45867","0.92032","0.00186","0.9594","0.54749","0.92026","0.00630","0.9358","0.45360","0.93781","0.01779","0.9365","0.54590","0.94120","0.02566","0.9569","0.45843","0.95408","-0.02130","0.9763","0.54734","0.95095","-0.01905","0.9031"
"606","20.2000","0.49966","0.18171","0.01057","0.9852","0.48009","0.17129","0.00695","0.9566","0.48011","0.16798","0.00920","0.9234","0.47165","0.16960","0.00722","0.9365","0.51829","0.16945","0.01551","0.9435","0.52530","0.16813","0.01399","0.9645","0.53245","0.17097","0.01269","0.9202","0.46475","0.18139","0.01724","0.9907","0.53692","0.18168","0.02584","0.9528","0.49397","0.20424","0.01255","0.9651","0.51492","0.20798","0.01059","0.9587","0.42394","0.29934","0.00755","0.9483","0.57626","0.30448","0.01559","0.9428","0.41700","0.42922","-0.02311","0.9430","0.58701","0.42997","-0.01675","0.9321","0.42082","0.53802","-0.04286","0.9620","0.58014","0.53908","-0.03354","0.9244","0.41710","0.56103","-0.05050","0.9832","0.58515","0.55946","-0.03871","0.9646","0.41200","0.55802","-0.04504","0.9644","0.59163","0.55627","-0.04166","0.9264","0.43102","0.55348","-0.04391","0.9661","0.57172","0.55718","-0.03591","0.9618","0.45201","0.51906","-0.00125","0.9508","0.54821","0.52169","0.00501","0.9512","0.45224","0.72283","-0.00100","0.9900","0.54567","0.72027","0.00525","0.9460","0.45486","0.92138","0.00012","0.9709","0.54750","0.92061","0.00866","0.9317","0.45579","0.94260","0.01495","0.9748","0.54545","0.94084","0.02255","0.9382","0.45541","0.95067","-0.02666","0.9347","0.54817","0.95248","-0.01815","0.9452"
"607","20.2333","0.49667","0.17965","0.01165","0.9839","0.48238","0.16913","0.00643","0.9576","0.47359","0.16772","0.00811","0.9355","0.47071","0.17200","0.00800","0.9620","0.51995","0.17262","0.01504","0.9275","0.52532","0.16470","0.01363","0.9449","0.52791","0.17393","0.01342","0.9617","0.46308","0.18104","0.01812","0.9319","0.53741","0.17877","0.02373","0.9471","0.48992","0.20561","0.00945","0.9933","0.50812","0.20436","0.01153","0.9810","0.42393","0.30265","0.00783","0.9447","0.57551","0.29996","0.01405","0.9537","0.41476","0.43303","-0.02339","0.9617","0.58560","0.43240","-0.01491","0.9435","0.42733","0.54063","-0.04497","0.9796","0.57462","0.54026","-0.03892","0.9495","0.41732","0.56353","-0.04700","0.9950","0.58595","0.56035","-0.04045","0.9198","0.41131","0.55929","-0.04709","0.9610","0.58948","0.55383","-0.04143","0.9361","0.42829","0.55653","-0.04409","0.9687","0.57448","0.55342","-0.03527","0.9526","0.45371","0.51968","-0.00341","0.9898","0.54919","0.51815","0.00125","0.9471","0.45556","0.72102","-0.00593","0.9941","0.54943","0.72195","0.00272","0.9221","0.45551","0.92140","0.00366","0.9416","0.54985","0.92037","0.00731","0.9583","0.45322","0.93956","0.01319","0.9660","0.54876","0.94234","0.02362","0.9694","0.45303","0.95105","-0.02129","0.9950","0.54849","0.95324","-0.01711","0.9196"
"608","20.2667","0.50001","0.17806","0.01173","0.9863","0.48215","0.17091","0.00505","0.9528","0.47905","0.17184","0.00823","0.9443","0.46843","0.17062","0.00847","0.9590","0.52061","0.17163","0.01531","0.9277","0.52886","0.16808","0.01337","0.9755","0.53187","0.17085","0.01389","0.9541","0.46911","0.18053","0.01884","0.9456","0.53570","0.18284","0.02424","0.9521","0.49030","0.20406","0.01107","0.9450","0.51392","0.20609","0.01194","0.9814","0.42679","0.29974","0.00761","0.9436","0.57855","0.30258","0.01265","0.9450","0.41473","0.43130","-0.02622","0.9558","0.58688","0.43022","-0.01573","0.9538","0.42633","0.54049","-0.04610","0.9765","0.57943","0.53934","-0.03862","0.9361","0.41647","0.56224","-0.04953","0.9750","0.58677","0.56088","-0.04196","0.9705","0.41496","0.55534","-0.04834","0.9854","0.59012","0.55583","-0.04059","0.9398","0.43354","0.55622","-0.04160","0.9670","0.57395","0.55409","-0.03966","0.9757","0.45200","0.52122","-0.00151","0.9509","0.54988","0.52126","0.00334","0.9476","0.45769","0.72134","-0.00189","0.9485","0.54858","0.72460","0.00266","0.9222","0.45680","0.92141","0.00241","0.9950","0.54749","0.92275","0.00669","0.9823","0.45500","0.93846","0.01622","0.9950","0.54836","0.94246","0.02307","0.9888","0.45850","0.94966","-0.02476","0.9709","0.54861","0.95116","-0.01663","0.9480"
"609","20.3000","0.50053","0.18132","0.00988","0.9731","0.48412","0.17038","0.00602","0.9343","0.47621","0.16624","0.00924","0.9950","0.47156","0.17112","0.00703","0.9491","0.51869","0.17205","0.01501","0.9347","0.52276","0.16911","0.01325","0.9914","0.53239","0.17177","0.01361","0.9047","0.46709","0.18231","0.01706","0.9537","0.53737","0.18077","0.02418","0.9325","0.49019","0.20414","0.00881","0.9448","0.51118","0.20538","0.00932","0.9502","0.42601","0.30022","0.00768","0.9808","0.58080","0.30119","0.01077","0.9145","0.41445","0.43028","-0.02390","0.9788","0.58836","0.43029","-0.01636","0.9662","0.42650","0.54280","-0.04672","0.9344","0.58046","0.54007","-0.03535","0.9394","0.41497","0.55858","-0.04828","0.9416","0.58938","0.56420","-0.03846","0.9146","0.41280","0.55622","-0.04617","0.9678","0.58812","0.55663","-0.04284","0.9466","0.42801","0.55498","-0.03948","0.9699","0.57406","0.55457","-0.03496","0.9565","0.45380","0.51888","-0.00354","0.9469","0.55074","0.52007","-0.00044","0.9316","0.45527","0.72107","-0.00274","0.9505","0.54779","0.72285","0.00443","0.9151","0.45601","0.92317","-0.00168","0.9910","0.54558","0.91742","0.01096","0.9588","0.45559","0.94108","0.01603","0.9444","0.55041","0.93860","0.02004","0.9713","0.45582","0.94980","-0.02137","0.9447","0.54680","0.94909","-0.01588","0.9314"
"610","20.3333","0.49570","0.17856","0.01200","0.9508","0.47951","0.17087","0.00494","0.9491","0.47160","0.16940","0.00445","0.9271","0.46492","0.17142","0.00665","0.9774","0.51641","0.17134","0.00933","0.9069","0.52227","0.16887","0.01466","0.9623","0.52841","0.17099","0.01525","0.9412","0.46206","0.18319","0.01997","0.9532","0.53511","0.18315","0.02379","0.9381","0.48681","0.20487","0.00878","0.9539","0.50468","0.20673","0.01100","0.9361","0.42077","0.29989","0.00351","0.9337","0.57559","0.30243","0.00943","0.9679","0.40911","0.43153","-0.02354","0.9632","0.58657","0.43280","-0.01685","0.9271","0.42324","0.54365","-0.04065","0.9950","0.57317","0.54189","-0.03237","0.9147","0.41035","0.56430","-0.04694","0.9588","0.58416","0.56345","-0.04174","0.9360","0.40993","0.55480","-0.04740","0.9530","0.58588","0.55675","-0.04140","0.9257","0.42584","0.55670","-0.04017","0.9359","0.57266","0.55670","-0.03685","0.9201","0.44888","0.52015","-0.00303","0.9758","0.54386","0.51917","0.00506","0.9216","0.45234","0.72114","-0.00277","0.9571","0.54352","0.71855","0.00421","0.9614","0.45066","0.92375","0.00159","0.9567","0.54496","0.92165","0.01385","0.9288","0.44957","0.93829","0.01895","0.9948","0.54479","0.94133","0.02625","0.9564","0.45215","0.95114","-0.02065","0.9308","0.54276","0.94965","-0.01550","0.9436"
"611","20.3667","0.49673","0.18126","0.01151","0.9760","0.47899","0.17236","0.00431","0.9303","0.47235","0.16961","0.00500","0.9381","0.46528","0.17088","0.00670","0.9844","0.51443","0.17274","0.01027","0.8886","0.52337","0.17020","0.01344","0.9372","0.52792","0.17315","0.01392","0.9173","0.46097","0.18341","0.01820","0.9503","0.53387","0.18141","0.02270","0.9465","0.48606","0.20370","0.00790","0.9341","0.50475","0.20617","0.01163","0.9570","0.42288","0.30177","0.00331","0.9366","0.57697","0.30253","0.01058","0.9766","0.41063","0.43187","-0.02531","0.9574","0.58406","0.43391","-0.01714","0.9347","0.42073","0.54339","-0.03864","0.9950","0.57386","0.54120","-0.03334","0.9132","0.40977","0.56356","-0.04622","0.9387","0.58490","0.56341","-0.04083","0.9290","0.40865","0.55361","-0.04778","0.9500","0.58576","0.55648","-0.04058","0.9388","0.42580","0.55630","-0.04101","0.9317","0.57236","0.55520","-0.03790","0.9194","0.44893","0.52211","-0.00363","0.9714","0.54450","0.52079","0.00346","0.9260","0.45036","0.72153","-0.00263","0.9404","0.54128","0.71917","0.00348","0.9363","0.45063","0.92312","0.00369","0.9675","0.54354","0.92141","0.01628","0.9166","0.44871","0.94099","0.01916","0.9695","0.54733","0.94260","0.02384","0.9430","0.45134","0.95012","-0.02147","0.9475","0.54221","0.94995","-0.01295","0.9533"
"612","20.4000","0.49792","0.18143","0.00828","0.9309","0.47832","0.17032","0.00809","0.9411","0.47339","0.16912","0.00804","0.9529","0.47013","0.16776","0.00604","0.9659","0.51626","0.17411","0.01416","0.9646","0.52386","0.16941","0.01422","0.9356","0.52725","0.17209","0.01439","0.9520","0.46085","0.18003","0.01803","0.9950","0.53486","0.17975","0.02409","0.9484","0.48315","0.20751","0.00712","0.9311","0.50498","0.20709","0.00940","0.9708","0.42209","0.29864","0.00773","0.9488","0.57445","0.30541","0.01406","0.9656","0.41135","0.43212","-0.02396","0.9585","0.58506","0.42952","-0.01988","0.9600","0.41748","0.54102","-0.04445","0.9251","0.57478","0.54361","-0.03752","0.9666","0.40991","0.56179","-0.04989","0.9598","0.58192","0.56214","-0.04234","0.9456","0.40691","0.55555","-0.04950","0.9794","0.58745","0.55600","-0.04021","0.9366","0.42564","0.55596","-0.04473","0.9334","0.56872","0.55666","-0.03777","0.9499","0.45058","0.52322","-0.00359","0.9827","0.54322","0.52143","0.00352","0.9760","0.45125","0.72173","-0.00462","0.9527","0.54405","0.72198","0.00488","0.9245","0.44862","0.92301","0.00178","0.9664","0.54590","0.92020","0.00705","0.9663","0.45310","0.94201","0.01574","0.9557","0.54346","0.94133","0.02336","0.9476","0.44811","0.94937","-0.02243","0.9771","0.54473","0.95248","-0.01496","0.9541"
"613","20.4333","0.49745","0.18425","0.00997","0.9530","0.47915","0.17231","0.00668","0.9457","0.46994","0.17181","0.00563","0.9659","0.46887","0.17597","0.00721","0.9718","0.51497","0.17579","0.01149","0.9195","0.52414","0.17344","0.01188","0.9533","0.52711","0.17267","0.01819","0.9343","0.46098","0.18342","0.01839","0.9612","0.53206","0.18449","0.02165","0.9049","0.48810","0.20354","0.00925","0.9582","0.50638","0.21115","0.00703","0.9449","0.41891","0.30470","0.00714","0.9877","0.57237","0.30452","0.01085","0.9451","0.41082","0.43247","-0.02539","0.9692","0.58305","0.43385","-0.01408","0.9294","0.42379","0.54265","-0.04582","0.9838","0.57407","0.53928","-0.04101","0.9405","0.41138","0.56330","-0.05330","0.9574","0.58294","0.55914","-0.04078","0.9341","0.40816","0.56004","-0.04930","0.9904","0.58711","0.55817","-0.04189","0.9315","0.42853","0.55846","-0.04343","0.9759","0.57153","0.55980","-0.03661","0.9352","0.44777","0.52205","-0.00410","0.9579","0.54245","0.52650","0.00246","0.8984","0.44969","0.72384","-0.00866","0.9569","0.54516","0.72172","0.00364","0.9450","0.44994","0.92193","0.00150","0.9667","0.54270","0.92069","0.00688","0.9321","0.44990","0.94112","0.01465","0.9950","0.54043","0.94234","0.02327","0.9197","0.44996","0.95269","-0.02208","0.9837","0.54150","0.94868","-0.01874","0.9565"
"614","20.4667","0.50010","0.18551","0.01189","0.9602","0.48139","0.17505","0.00202","0.9763","0.47432","0.17535","0.00823","0.9887","0.46727","0.17727","0.00813","0.9690","0.51649","0.17616","0.01539","0.9330","0.52129","0.17196","0.01365","0.9509","0.52853","0.17769","0.01215","0.9163","0.46364","0.18749","0.01691","0.9793","0.53204","0.18772","0.02244","0.9434","0.48720","0.20819","0.00655","0.9749","0.50678","0.21079","0.01088","0.9717","0.41877","0.30933","0.00289","0.9811","0.57281","0.30788","0.01021","0.9484","0.41065","0.43471","-0.02757","0.9578","0.58730","0.43696","-0.02043","0.9877","0.42253","0.54321","-0.04579","0.9550","0.57123","0.54187","-0.04079","0.9551","0.41401","0.56327","-0.05046","0.9589","0.58644","0.56278","-0.04782","0.9445","0.41048","0.55675","-0.05312","0.9921","0.58802","0.55799","-0.04668","0.9366","0.42566","0.55627","-0.04604","0.9815","0.56826","0.55329","-0.04251","0.9577","0.44982","0.53057","-0.00267","0.9667","0.54640","0.53055","0.00556","0.9243","0.45156","0.72191","-0.00226","0.9798","0.54506","0.72180","0.00388","0.9545","0.45343","0.92045","0.00294","0.9831","0.54341","0.92002","0.01120","0.9491","0.45062","0.93968","0.01303","0.9718","0.54485","0.94167","0.02603","0.9950","0.44941","0.95132","-0.02329","0.9639","0.54205","0.94682","-0.01549","0.9556"
"615","20.5000","0.49414","0.18818","0.00924","0.9696","0.47879","0.18197","0.00522","0.9574","0.47329","0.17857","0.00358","0.9613","0.46519","0.18051","0.00148","0.9447","0.51589","0.17974","0.01414","0.9190","0.52487","0.17726","0.00955","0.9195","0.53056","0.18181","0.01031","0.9530","0.45876","0.18933","0.01563","0.9936","0.53370","0.18617","0.02268","0.9375","0.49069","0.21372","0.00645","0.9303","0.50635","0.21447","0.00843","0.9300","0.41712","0.30955","0.00594","0.9896","0.57645","0.31162","0.01103","0.9285","0.40854","0.44011","-0.02583","0.9556","0.58695","0.43900","-0.02082","0.9545","0.41880","0.54356","-0.05220","0.9229","0.57240","0.54370","-0.04045","0.9528","0.40944","0.56583","-0.05734","0.9906","0.58337","0.56673","-0.04811","0.9467","0.40708","0.55767","-0.05546","0.9836","0.58575","0.56103","-0.04852","0.9516","0.42369","0.56079","-0.05121","0.9294","0.57098","0.55839","-0.04132","0.9409","0.44842","0.53174","-0.00108","0.9510","0.54614","0.53228","0.00360","0.9207","0.45028","0.71980","-0.00889","0.9557","0.54590","0.71833","-0.00286","0.9392","0.44677","0.92023","0.00183","0.9373","0.54273","0.92206","0.01080","0.9174","0.45233","0.93764","0.01704","0.9580","0.54580","0.94215","0.02195","0.9221","0.44735","0.95197","-0.02189","0.9113","0.54192","0.94984","-0.01534","0.9328"
"616","20.5333","0.49487","0.18806","0.00838","0.9794","0.47870","0.18154","0.00452","0.9581","0.47249","0.17880","0.00414","0.9232","0.46454","0.18027","0.00169","0.9640","0.51645","0.17949","0.01313","0.9420","0.52550","0.17842","0.01073","0.9619","0.52933","0.17966","0.00827","0.9395","0.45862","0.18942","0.01721","0.9765","0.53228","0.18597","0.02223","0.9507","0.49099","0.21416","0.00715","0.9597","0.50638","0.21334","0.00838","0.9478","0.41778","0.30784","0.00388","0.9699","0.57678","0.31146","0.01109","0.9335","0.40784","0.43886","-0.02541","0.9515","0.58537","0.43795","-0.02079","0.9556","0.42173","0.54447","-0.04962","0.9446","0.57163","0.53998","-0.04243","0.9563","0.41024","0.56637","-0.05929","0.9682","0.58576","0.56705","-0.04471","0.9709","0.40858","0.55596","-0.05502","0.9710","0.58312","0.56025","-0.04591","0.9481","0.42411","0.56098","-0.05192","0.9538","0.57059","0.56004","-0.04203","0.9569","0.45112","0.53116","-0.00111","0.9424","0.54707","0.53350","0.00284","0.9430","0.45077","0.72135","-0.01095","0.9608","0.54678","0.71852","-0.00378","0.9572","0.44693","0.92105","0.00142","0.9350","0.54368","0.92098","0.00820","0.9031","0.45118","0.93963","0.01829","0.9319","0.54508","0.94108","0.02357","0.9354","0.44890","0.95119","-0.02170","0.9038","0.54366","0.95016","-0.01575","0.9708"
"617","20.5667","0.49697","0.19177","0.00454","0.9453","0.47897","0.18233","-0.00056","0.9723","0.47304","0.17898","0.00266","0.9950","0.46448","0.18098","0.00409","0.9799","0.51699","0.18538","0.00966","0.9190","0.52417","0.18128","0.01097","0.9518","0.53175","0.18639","0.01114","0.9309","0.46212","0.19194","0.01307","0.9752","0.53377","0.19368","0.02036","0.9222","0.48408","0.21814","0.00671","0.9950","0.50752","0.21741","0.00879","0.9699","0.41696","0.31585","0.00631","0.9630","0.57713","0.31566","0.00745","0.9240","0.41128","0.44154","-0.03081","0.9548","0.58466","0.44122","-0.02513","0.9600","0.42063","0.54873","-0.05241","0.9370","0.57159","0.54744","-0.05239","0.9606","0.41183","0.56603","-0.06040","0.9649","0.58196","0.56578","-0.05376","0.9452","0.40792","0.56064","-0.06084","0.9703","0.58826","0.56214","-0.05274","0.9586","0.42410","0.56106","-0.05560","0.9950","0.57335","0.56130","-0.04619","0.9671","0.45146","0.53947","-0.00378","0.9795","0.54683","0.53558","0.00251","0.9395","0.45256","0.71863","-0.01079","0.9497","0.54452","0.71806","-0.00278","0.9493","0.44936","0.92495","0.00058","0.9790","0.54492","0.92311","0.01129","0.9215","0.45036","0.94172","0.01631","0.9583","0.54445","0.94023","0.02220","0.9583","0.44975","0.95051","-0.02289","0.9738","0.54494","0.95087","-0.01509","0.9472"
"618","20.6000","0.49845","0.20042","0.00801","0.9820","0.48003","0.18584","0.00354","0.9423","0.47242","0.18890","0.00371","0.9734","0.46839","0.19011","0.00378","0.9855","0.51796","0.18818","0.01001","0.9532","0.52519","0.18869","0.01080","0.9330","0.52817","0.18924","0.01026","0.9533","0.46027","0.19884","0.01371","0.9613","0.53400","0.19710","0.01944","0.9461","0.48960","0.22467","0.00397","0.9465","0.50787","0.22422","0.00196","0.9182","0.42160","0.31982","0.00340","0.9656","0.57675","0.31745","0.00897","0.9304","0.40813","0.44777","-0.03322","0.9738","0.58457","0.44408","-0.02452","0.9475","0.42371","0.54930","-0.05922","0.9644","0.57481","0.54831","-0.05330","0.9593","0.41354","0.57065","-0.06400","0.9812","0.58242","0.56998","-0.05713","0.9811","0.40996","0.56257","-0.06396","0.9707","0.58530","0.56284","-0.05545","0.9350","0.42555","0.56366","-0.05998","0.9315","0.57072","0.55961","-0.05303","0.9312","0.45033","0.54549","-0.00615","0.9328","0.54399","0.54538","0.00459","0.9311","0.45133","0.72259","-0.01320","0.9771","0.54383","0.71859","-0.00214","0.9415","0.45366","0.92221","0.00048","0.9523","0.54285","0.92171","0.00883","0.9566","0.45237","0.94173","0.01696","0.9611","0.54545","0.94373","0.02537","0.9399","0.45056","0.95112","-0.02266","0.9847","0.54788","0.94923","-0.01785","0.9475"
"619","20.6333","0.49940","0.20612","0.00156","0.9410","0.47919","0.19557","0.00203","0.9730","0.47305","0.19466","0.00180","0.9650","0.46796","0.19426","-0.00090","0.9190","0.51637","0.19854","0.00918","0.9617","0.52283","0.19483","0.00696","0.9615","0.52876","0.19748","0.00489","0.9438","0.46296","0.20772","0.01389","0.9746","0.53210","0.20457","0.01912","0.9301","0.48613","0.22895","0.00274","0.9458","0.51019","0.22965","0.00469","0.9596","0.41990","0.32477","0.00197","0.9242","0.57391","0.32919","0.01079","0.9503","0.41214","0.44937","-0.03933","0.9820","0.58399","0.44885","-0.03114","0.9455","0.42077","0.55376","-0.06348","0.9860","0.57157","0.55010","-0.05713","0.9478","0.41374","0.56731","-0.06717","0.9656","0.58291","0.56967","-0.06144","0.9145","0.40620","0.56428","-0.07034","0.9534","0.58611","0.56759","-0.06480","0.9537","0.42602","0.56807","-0.06107","0.9785","0.56851","0.56418","-0.05957","0.9430","0.45067","0.55192","-0.00142","0.9857","0.54541","0.55112","0.00345","0.9100","0.44977","0.72133","-0.01858","0.9235","0.54543","0.72031","-0.01374","0.9519","0.44923","0.92173","0.00343","0.9810","0.54733","0.91832","0.00556","0.9252","0.44645","0.94030","0.01578","0.9841","0.54488","0.94522","0.02217","0.9186","0.45098","0.94880","-0.02877","0.9417","0.54498","0.95083","-0.01747","0.9423"
"620","20.6667","0.49754","0.21382","0.00257","0.9836","0.47742","0.20434","0.00053","0.9569","0.47258","0.20075","0.00051","0.9928","0.46738","0.20111","0.00103","0.9558","0.51585","0.20355","0.00689","0.9547","0.52355","0.19688","0.00555","0.9404","0.52760","0.20374","0.00875","0.9690","0.46046","0.21064","0.01159","0.9528","0.53348","0.21125","0.01858","0.9272","0.48996","0.23650","0.00115","0.9554","0.50582","0.23963","0.00098","0.9082","0.42031","0.33493","-0.00349","0.9786","0.57569","0.33088","0.00551","0.9471","0.40972","0.45437","-0.04079","0.9484","0.58029","0.45664","-0.03433","0.9370","0.41887","0.55450","-0.06894","0.9415","0.57462","0.55530","-0.06456","0.9341","0.41015","0.57308","-0.07479","0.9482","0.58322","0.57343","-0.07094","0.9279","0.40869","0.56870","-0.07569","0.9702","0.58389","0.56707","-0.06421","0.9285","0.42203","0.57011","-0.07120","0.9578","0.56727","0.56834","-0.06498","0.9464","0.44983","0.55840","-0.00152","0.9950","0.54140","0.55785","0.00694","0.9231","0.44920","0.72039","-0.02148","0.9340","0.54328","0.72002","-0.01609","0.9223","0.44845","0.92022","0.00178","0.9485","0.54615","0.91974","0.00781","0.9403","0.45368","0.94217","0.01656","0.9566","0.54288","0.93962","0.02302","0.9191","0.45124","0.95163","-0.02509","0.9604","0.54235","0.95106","-0.01643","0.9384"
"621","20.7000","0.49797","0.21374","0.00180","0.9771","0.47831","0.20516","0.00123","0.9469","0.47160","0.19924","0.00354","0.9718","0.46557","0.20147","-0.00025","0.9545","0.51604","0.20173","0.00795","0.9583","0.52410","0.19884","0.00800","0.9242","0.52841","0.20095","0.00818","0.9867","0.45989","0.21195","0.01080","0.9285","0.53650","0.21369","0.01941","0.9354","0.48903","0.23498","0.00089","0.9691","0.50640","0.23821","0.00240","0.9185","0.41912","0.33433","-0.00246","0.9822","0.57493","0.33044","0.00652","0.9399","0.41122","0.45475","-0.04092","0.9557","0.58344","0.45646","-0.03453","0.9684","0.42150","0.55619","-0.06849","0.9570","0.57448","0.55419","-0.06221","0.9252","0.41164","0.57307","-0.07567","0.9686","0.58547","0.57320","-0.06896","0.9543","0.40950","0.56890","-0.07471","0.9729","0.58304","0.56596","-0.06362","0.9410","0.42169","0.57016","-0.06930","0.9440","0.56721","0.57120","-0.06334","0.9513","0.45108","0.55787","-0.00247","0.9857","0.54195","0.55801","0.00929","0.9202","0.44768","0.72082","-0.02110","0.9607","0.54310","0.71999","-0.01440","0.9296","0.44930","0.91958","-0.00054","0.9214","0.54593","0.92095","0.00889","0.9601","0.45323","0.94230","0.01724","0.9422","0.54293","0.94139","0.02399","0.9320","0.45180","0.95314","-0.02339","0.9699","0.54405","0.95282","-0.01665","0.9160"
"622","20.7333","0.49728","0.21861","-0.00122","0.9745","0.47977","0.20587","0.00028","0.9468","0.47597","0.20570","-0.00215","0.9485","0.46933","0.20659","-0.00263","0.9830","0.51725","0.20671","0.00686","0.9291","0.52299","0.20694","0.00819","0.9816","0.53079","0.20766","0.00566","0.9503","0.46251","0.22138","0.00552","0.9695","0.53610","0.21945","0.01603","0.9321","0.48512","0.24342","-0.00129","0.9533","0.50694","0.24429","0.00332","0.9472","0.42016","0.34041","-0.00726","0.9502","0.57656","0.34251","0.00496","0.9426","0.41121","0.45680","-0.04774","0.9589","0.58478","0.45867","-0.03834","0.9563","0.42118","0.55569","-0.07652","0.9396","0.57473","0.55456","-0.06879","0.9683","0.41201","0.57576","-0.08299","0.9868","0.58278","0.57467","-0.07910","0.9105","0.40862","0.57079","-0.08017","0.9911","0.58652","0.57011","-0.07569","0.9010","0.42638","0.57123","-0.07795","0.9447","0.57123","0.57336","-0.07127","0.9397","0.45005","0.56547","-0.00129","0.9540","0.54671","0.56675","0.00392","0.9773","0.44882","0.71995","-0.02299","0.9565","0.54886","0.72361","-0.01858","0.9217","0.45209","0.92003","-0.00419","0.9362","0.54518","0.92445","0.01040","0.9636","0.45078","0.94118","0.01824","0.9573","0.54264","0.93806","0.02603","0.9443","0.45112","0.95294","-0.02594","0.9668","0.54443","0.95214","-0.02087","0.9231"
"623","20.7667","0.49887","0.22370","0.00203","0.9925","0.47588","0.21553","-0.00146","0.9326","0.47195","0.21384","-0.00207","0.9570","0.46738","0.21666","-0.00565","0.9497","0.51666","0.21649","0.00210","0.9199","0.52221","0.21233","0.00206","0.9742","0.52790","0.21377","0.00659","0.9348","0.46270","0.22753","0.00657","0.9411","0.53436","0.22651","0.01591","0.9457","0.48824","0.24774","0.00284","0.9390","0.50971","0.25130","0.00049","0.9868","0.41869","0.35222","-0.00513","0.9776","0.57246","0.34898","0.00206","0.9412","0.40661","0.46768","-0.04991","0.9820","0.58435","0.46549","-0.03934","0.9242","0.42046","0.55903","-0.08435","0.9077","0.57428","0.55954","-0.07718","0.9245","0.40989","0.57601","-0.08951","0.9558","0.58302","0.58153","-0.08065","0.9422","0.40678","0.57039","-0.08761","0.9568","0.58770","0.57294","-0.08190","0.9191","0.42283","0.57281","-0.08147","0.9631","0.57193","0.57210","-0.07308","0.9266","0.44990","0.57896","-0.00133","0.9813","0.54376","0.57522","0.00177","0.9432","0.44920","0.72407","-0.03187","0.9260","0.54996","0.71910","-0.02047","0.9308","0.45157","0.92149","0.00194","0.9494","0.54546","0.92376","0.00621","0.9815","0.44958","0.94079","0.01683","0.9585","0.54700","0.94204","0.02488","0.9570","0.45039","0.95132","-0.02462","0.9726","0.54196","0.95255","-0.01814","0.9463"
"624","20.8000","0.49827","0.23271","-0.00265","0.9724","0.48064","0.22051","-0.00435","0.9617","0.47591","0.22192","-0.00650","0.9540","0.47081","0.22182","-0.00198","0.9431","0.51476","0.22723","-0.00073","0.9685","0.52257","0.21743","0.00612","0.9418","0.52950","0.22306","0.00374","0.9201","0.45904","0.23556","0.00792","0.9621","0.53536","0.23343","0.01351","0.9436","0.48895","0.25739","-0.00118","0.9950","0.50767","0.25797","-0.00021","0.9645","0.42243","0.35593","-0.00504","0.9488","0.57417","0.35486","0.00091","0.9694","0.41088","0.46883","-0.05233","0.9683","0.58527","0.47052","-0.04943","0.9815","0.42331","0.55951","-0.08706","0.9790","0.57481","0.56192","-0.08413","0.9442","0.41264","0.58196","-0.09512","0.9642","0.58122","0.58447","-0.08800","0.9192","0.40932","0.57671","-0.09424","0.9290","0.58770","0.57740","-0.08575","0.9193","0.42526","0.57391","-0.08671","0.9407","0.57050","0.57559","-0.08184","0.9350","0.45218","0.58582","-0.00059","0.9627","0.54597","0.58818","0.00659","0.9358","0.44847","0.72096","-0.03284","0.9537","0.54690","0.72043","-0.02835","0.8983","0.45116","0.91941","-0.00195","0.9267","0.54508","0.91987","0.00659","0.9635","0.45003","0.94151","0.01802","0.9597","0.54413","0.94168","0.02505","0.9333","0.44898","0.95208","-0.02220","0.9409","0.54543","0.95024","-0.01585","0.9298"
"625","20.8333","0.49899","0.23955","0.00067","0.9707","0.47897","0.23084","-0.00673","0.9465","0.46932","0.22508","-0.00377","0.9745","0.46717","0.22994","-0.00540","0.9338","0.51729","0.23119","-0.00053","0.9725","0.52242","0.23025","0.00302","0.9607","0.53072","0.23225","-0.00256","0.9091","0.46240","0.24165","0.00033","0.9354","0.53398","0.24495","0.01123","0.9038","0.49023","0.26690","-0.00038","0.9645","0.50784","0.26594","-0.00135","0.9532","0.42045","0.36461","-0.00878","0.9950","0.57589","0.36341","-0.00306","0.9350","0.41118","0.47510","-0.05931","0.9456","0.58427","0.47845","-0.05408","0.9648","0.42133","0.56324","-0.09540","0.9806","0.57558","0.55961","-0.09250","0.9442","0.41108","0.58627","-0.10347","0.9684","0.58899","0.58233","-0.09245","0.9343","0.40783","0.57847","-0.10040","0.9640","0.58478","0.58213","-0.09187","0.9440","0.42336","0.57808","-0.09485","0.9262","0.57075","0.57650","-0.09145","0.9523","0.45059","0.59664","0.00161","0.9890","0.54584","0.59738","0.00516","0.9392","0.44690","0.72261","-0.03667","0.9607","0.54783","0.71809","-0.02925","0.9289","0.45240","0.92245","0.00045","0.9518","0.54623","0.92101","0.00734","0.9170","0.45103","0.93964","0.01758","0.9356","0.54520","0.94475","0.02311","0.9246","0.44920","0.94955","-0.02385","0.9638","0.54501","0.95373","-0.01482","0.9342"
"626","20.8667","0.49883","0.24004","0.00010","0.9543","0.47846","0.22993","-0.00684","0.9574","0.47155","0.22641","-0.00629","0.9572","0.46835","0.22733","-0.00307","0.9307","0.51722","0.23082","0.00157","0.9439","0.52410","0.23108","0.00276","0.9624","0.53121","0.23370","-0.00118","0.9132","0.46351","0.24330","0.00301","0.9580","0.53399","0.24402","0.01231","0.9064","0.48926","0.26625","-0.00379","0.9255","0.50741","0.26648","-0.00031","0.9525","0.42088","0.36442","-0.00991","0.9670","0.57405","0.36304","-0.00529","0.9156","0.41153","0.47506","-0.06059","0.9512","0.58522","0.47704","-0.05541","0.9493","0.42124","0.56324","-0.09360","0.9601","0.57725","0.55936","-0.09188","0.9589","0.41081","0.58772","-0.10397","0.9721","0.58786","0.58519","-0.09392","0.9283","0.40732","0.57812","-0.10108","0.9825","0.58508","0.58094","-0.09272","0.9447","0.42465","0.57848","-0.09406","0.9259","0.57149","0.57768","-0.09051","0.9373","0.45051","0.59565","-0.00011","0.9584","0.54533","0.59386","0.00594","0.9332","0.44701","0.72322","-0.03637","0.9366","0.55008","0.71797","-0.02919","0.9471","0.45264","0.92173","-0.00109","0.9525","0.54597","0.92217","0.00819","0.9330","0.44975","0.93937","0.01638","0.9657","0.54606","0.94309","0.02157","0.9219","0.44969","0.94892","-0.02667","0.9897","0.54647","0.95281","-0.01476","0.9464"
"627","20.9000","0.49591","0.24922","-0.00306","0.9440","0.48206","0.23637","-0.00761","0.9491","0.47037","0.23692","-0.00616","0.9457","0.46789","0.24059","-0.00775","0.9511","0.51854","0.23951","-0.00014","0.9506","0.52356","0.23573","-0.00207","0.9208","0.52937","0.23696","-0.00069","0.9729","0.46133","0.24750","0.00037","0.9663","0.53607","0.24870","0.00892","0.9486","0.48883","0.27227","-0.00186","0.9635","0.50819","0.27549","-0.00347","0.9265","0.42011","0.37308","-0.01204","0.9681","0.57330","0.37367","-0.00439","0.9200","0.40847","0.48326","-0.06235","0.9713","0.58380","0.48057","-0.05567","0.9622","0.42011","0.56560","-0.10427","0.9612","0.57199","0.56595","-0.09659","0.9614","0.41325","0.58672","-0.10711","0.9813","0.58248","0.58150","-0.10072","0.9342","0.41129","0.58610","-0.10603","0.9378","0.59007","0.58156","-0.10078","0.9021","0.42581","0.58294","-0.10187","0.9807","0.57091","0.58548","-0.09375","0.9292","0.45009","0.60864","-0.00390","0.9482","0.54719","0.60588","0.00639","0.9434","0.44564","0.72025","-0.04491","0.9681","0.54681","0.72107","-0.03616","0.9535","0.45048","0.92247","0.00019","0.9480","0.54453","0.92217","0.00518","0.9524","0.45228","0.94558","0.01744","0.9469","0.54476","0.94141","0.02469","0.9609","0.45027","0.94885","-0.02350","0.9666","0.54307","0.94918","-0.01582","0.9363"
"628","20.9333","0.49834","0.25692","-0.00691","0.9279","0.47953","0.24694","-0.00854","0.9923","0.47563","0.24087","-0.00834","0.9786","0.46682","0.24476","-0.00955","0.9555","0.51987","0.24721","-0.00278","0.9302","0.52182","0.24069","-0.00156","0.9281","0.52701","0.24383","-0.00333","0.9451","0.46008","0.25684","0.00264","0.9343","0.53567","0.25548","0.00810","0.9290","0.48648","0.27899","-0.00290","0.9601","0.51049","0.27906","-0.00348","0.9473","0.42070","0.37834","-0.01347","0.9855","0.57279","0.37818","-0.00721","0.9523","0.41112","0.48767","-0.06753","0.9588","0.58486","0.48584","-0.05623","0.9788","0.42176","0.56563","-0.10691","0.9541","0.57784","0.56994","-0.10215","0.9491","0.41150","0.59029","-0.11458","0.9399","0.58469","0.58578","-0.10893","0.9551","0.40883","0.58311","-0.11149","0.9820","0.58629","0.58055","-0.10868","0.9425","0.42441","0.58315","-0.10894","0.9934","0.56976","0.58504","-0.09940","0.9548","0.45291","0.61131","-0.00023","0.9536","0.54795","0.61355","0.00225","0.9497","0.44712","0.72174","-0.04524","0.9335","0.55051","0.72196","-0.03926","0.9076","0.45251","0.92255","-0.00101","0.9430","0.54606","0.92154","0.00526","0.9483","0.44839","0.93974","0.01367","0.9072","0.54292","0.94197","0.01888","0.9214","0.45186","0.95015","-0.02600","0.9101","0.54459","0.95040","-0.01931","0.9264"
"629","20.9667","0.49888","0.26218","-0.00928","0.9593","0.47927","0.25363","-0.01081","0.9614","0.46837","0.25272","-0.01204","0.9375","0.46832","0.25862","-0.00857","0.9616","0.51926","0.25092","-0.00287","0.9245","0.52183","0.25073","-0.00021","0.9194","0.52765","0.25277","-0.00417","0.9255","0.46068","0.25962","-0.00127","0.9720","0.53391","0.26232","0.00648","0.9174","0.48954","0.28618","-0.00654","0.9903","0.50920","0.28355","-0.00815","0.9680","0.41926","0.38466","-0.01325","0.9615","0.57598","0.38658","-0.00482","0.9352","0.40952","0.49046","-0.06952","0.9685","0.58343","0.49416","-0.06352","0.9295","0.42271","0.57295","-0.11475","0.9875","0.57485","0.57397","-0.10827","0.9419","0.41258","0.59199","-0.11697","0.9950","0.58521","0.58836","-0.11031","0.9468","0.40727","0.58821","-0.11806","0.9429","0.58737","0.58655","-0.11014","0.9746","0.42668","0.58704","-0.11258","0.9456","0.57512","0.58860","-0.10624","0.9690","0.45227","0.62111","-0.00181","0.9410","0.54218","0.62044","0.00930","0.9581","0.44764","0.72122","-0.04762","0.9866","0.54744","0.72115","-0.04237","0.9521","0.45212","0.92077","0.00152","0.9345","0.54337","0.92183","0.00723","0.9255","0.45123","0.94214","0.01756","0.9627","0.54396","0.93980","0.02423","0.9379","0.45059","0.95292","-0.02541","0.9553","0.54418","0.94930","-0.01519","0.9186"
"630","21.0000","0.49751","0.26890","-0.00904","0.9702","0.47922","0.25494","-0.01232","0.9672","0.47139","0.25788","-0.01034","0.9509","0.46465","0.25637","-0.01055","0.9548","0.51643","0.25678","-0.00464","0.9695","0.52489","0.25552","-0.00586","0.9478","0.53116","0.25851","-0.00365","0.9128","0.46037","0.26884","0.00006","0.9690","0.53614","0.26818","0.00648","0.9244","0.48742","0.29067","-0.01157","0.9572","0.50914","0.29343","-0.00609","0.9586","0.42407","0.39396","-0.01596","0.9689","0.57658","0.39326","-0.01053","0.9533","0.41399","0.50116","-0.07178","0.9505","0.58655","0.49554","-0.06609","0.9384","0.41982","0.57917","-0.11795","0.9943","0.57606","0.57413","-0.11443","0.9268","0.41386","0.59318","-0.12470","0.9624","0.58211","0.59404","-0.11522","0.9336","0.41048","0.58775","-0.12324","0.9316","0.58872","0.58944","-0.11768","0.9457","0.42473","0.58573","-0.12298","0.9301","0.57038","0.58764","-0.11374","0.9845","0.45418","0.62939","0.00168","0.9277","0.54507","0.62900","0.00980","0.9656","0.44792","0.72330","-0.05349","0.9666","0.54867","0.72094","-0.04703","0.9671","0.45114","0.91962","0.00309","0.9835","0.54630","0.91971","0.00991","0.9410","0.45026","0.94326","0.01505","0.9701","0.54484","0.94222","0.01955","0.9392","0.45222","0.95262","-0.02643","0.9645","0.54534","0.95002","-0.01439","0.9618"
"631","21.0333","0.49747","0.26882","-0.00995","0.9438","0.48080","0.25454","-0.01106","0.9570","0.47145","0.25549","-0.01209","0.9613","0.46297","0.25731","-0.00951","0.9484","0.51751","0.25626","-0.00503","0.9750","0.52580","0.25368","-0.00623","0.9121","0.53168","0.25947","-0.00425","0.9443","0.46226","0.26872","-0.00075","0.9560","0.53632","0.26931","0.00727","0.9227","0.48680","0.28843","-0.01206","0.9693","0.51079","0.29328","-0.00686","0.9696","0.42344","0.39417","-0.01682","0.9776","0.57739","0.39231","-0.00885","0.9594","0.41603","0.50083","-0.07334","0.9551","0.58724","0.49557","-0.06486","0.9473","0.41848","0.57620","-0.11820","0.9675","0.57631","0.57342","-0.11369","0.9313","0.41136","0.59282","-0.12391","0.9637","0.58255","0.59471","-0.11448","0.9598","0.40913","0.58661","-0.12545","0.9412","0.58960","0.58906","-0.11667","0.9548","0.42189","0.58759","-0.12052","0.9253","0.57167","0.58740","-0.11155","0.9924","0.45276","0.62985","0.00139","0.9001","0.54402","0.62993","0.01128","0.9692","0.44754","0.72301","-0.05428","0.9669","0.54736","0.72275","-0.04640","0.9656","0.45107","0.92034","0.00177","0.9710","0.54643","0.91825","0.00725","0.9175","0.44943","0.94128","0.01550","0.9702","0.54591","0.94149","0.02095","0.9127","0.45187","0.95169","-0.02488","0.9626","0.54452","0.94910","-0.01679","0.9422"
"632","21.0667","0.49673","0.27455","-0.00530","0.9422","0.47998","0.26287","-0.01079","0.9352","0.47268","0.26190","-0.01545","0.9689","0.46756","0.26780","-0.01112","0.9937","0.51734","0.26282","-0.00358","0.9448","0.52181","0.26231","-0.00313","0.9382","0.53063","0.26306","-0.00615","0.9364","0.46354","0.27589","-0.00391","0.9753","0.53727","0.26991","0.00680","0.9844","0.48924","0.30042","-0.00765","0.9706","0.50909","0.29728","-0.00721","0.9394","0.42188","0.39671","-0.01442","0.9630","0.57511","0.40152","-0.01144","0.9490","0.40840","0.50485","-0.07643","0.9587","0.58221","0.50352","-0.07149","0.9459","0.42239","0.57783","-0.12453","0.9552","0.57499","0.57817","-0.11335","0.9387","0.41337","0.59600","-0.13030","0.9518","0.58424","0.59526","-0.12060","0.9586","0.40861","0.59318","-0.12890","0.9950","0.59020","0.58983","-0.12216","0.9633","0.42264","0.59217","-0.12173","0.9524","0.57421","0.59121","-0.11625","0.9242","0.44948","0.63504","0.00061","0.9771","0.54421","0.63379","0.00860","0.9415","0.44549","0.72430","-0.05635","0.9436","0.54805","0.71976","-0.04555","0.9669","0.45130","0.91979","-0.00111","0.9769","0.54514","0.91992","0.00774","0.9548","0.45207","0.94163","0.01580","0.9619","0.54811","0.93919","0.02111","0.8982","0.45126","0.94899","-0.02354","0.9697","0.54445","0.95290","-0.01782","0.9752"
"633","21.1000","0.49901","0.27936","-0.00979","0.9602","0.48020","0.26814","-0.01370","0.9509","0.47456","0.26373","-0.01461","0.9672","0.46822","0.26631","-0.01110","0.9451","0.51716","0.26731","-0.00634","0.9419","0.52285","0.26648","-0.00048","0.9247","0.53013","0.26870","-0.00479","0.9284","0.46251","0.27677","-0.00159","0.9885","0.53763","0.28100","0.00530","0.9524","0.48807","0.30231","-0.00735","0.9658","0.51062","0.30065","-0.00614","0.9662","0.41939","0.40374","-0.01616","0.9675","0.57777","0.40026","-0.01230","0.9274","0.41048","0.50511","-0.07940","0.9720","0.58561","0.50638","-0.07274","0.9855","0.42099","0.57739","-0.13010","0.9611","0.57307","0.57616","-0.12133","0.9244","0.41206","0.59869","-0.13364","0.9924","0.58270","0.59934","-0.12213","0.9601","0.41045","0.59019","-0.13082","0.9426","0.58892","0.59356","-0.12731","0.9173","0.42309","0.59354","-0.12736","0.9596","0.57306","0.59297","-0.11877","0.8977","0.45353","0.64149","0.00025","0.9543","0.54818","0.63999","0.00607","0.9330","0.44487","0.72198","-0.06196","0.9582","0.54994","0.71931","-0.05129","0.9463","0.45227","0.92153","0.00127","0.9745","0.54592","0.92296","0.01063","0.9249","0.45307","0.94034","0.01981","0.9777","0.54340","0.93890","0.02470","0.9640","0.45368","0.94942","-0.02491","0.9750","0.54418","0.95133","-0.01661","0.9530"
"634","21.1333","0.50064","0.28441","-0.00899","0.9450","0.47836","0.26974","-0.01408","0.9950","0.47232","0.26795","-0.01529","0.9662","0.46603","0.26956","-0.01099","0.9901","0.51756","0.27385","-0.00634","0.9443","0.52450","0.27042","-0.00770","0.9646","0.52714","0.26993","-0.00844","0.9534","0.46254","0.28198","-0.00485","0.9392","0.53575","0.28048","0.00390","0.9152","0.48921","0.30514","-0.01015","0.9267","0.50727","0.30596","-0.00873","0.9353","0.42149","0.40568","-0.01702","0.9520","0.57648","0.40478","-0.01208","0.9164","0.41355","0.50527","-0.08508","0.9557","0.58707","0.50983","-0.07502","0.9119","0.42035","0.57937","-0.12956","0.9748","0.57643","0.58040","-0.12458","0.9461","0.40985","0.59898","-0.13350","0.9561","0.58328","0.60041","-0.12892","0.9166","0.41243","0.59172","-0.13308","0.9498","0.58993","0.59381","-0.12681","0.9179","0.42922","0.59567","-0.12899","0.9657","0.57049","0.59045","-0.12126","0.9690","0.45141","0.64282","0.00130","0.9651","0.54651","0.65147","0.00761","0.9501","0.44407","0.71953","-0.06548","0.9225","0.54861","0.72131","-0.05429","0.9593","0.45260","0.92039","-0.00020","0.9299","0.54455","0.92440","0.00556","0.9359","0.44834","0.93843","0.01653","0.9536","0.54542","0.94289","0.02466","0.9130","0.45188","0.95163","-0.02380","0.9950","0.54629","0.95108","-0.01908","0.8979"
"635","21.1667","0.49930","0.28417","-0.00946","0.9251","0.47919","0.27156","-0.01092","0.9798","0.47546","0.27592","-0.01417","0.9684","0.46970","0.27592","-0.01304","0.9420","0.51909","0.27687","-0.00563","0.9785","0.52430","0.27248","-0.00799","0.9149","0.52723","0.27180","-0.00775","0.9418","0.46197","0.28229","-0.00668","0.9557","0.53622","0.28316","0.00146","0.9807","0.48759","0.30874","-0.01090","0.9519","0.51066","0.31348","-0.01024","0.9372","0.42060","0.41087","-0.02102","0.9480","0.57598","0.40997","-0.01236","0.9554","0.41114","0.51204","-0.08276","0.9643","0.58738","0.50786","-0.07425","0.9614","0.42115","0.58249","-0.13282","0.9590","0.57715","0.57942","-0.12452","0.9295","0.41708","0.59889","-0.13931","0.9577","0.58526","0.59968","-0.12973","0.9734","0.40899","0.59471","-0.13811","0.9939","0.58632","0.59300","-0.12916","0.9079","0.42476","0.59664","-0.13019","0.9453","0.57314","0.59480","-0.12469","0.9137","0.45378","0.64821","0.00381","0.9741","0.54484","0.64870","0.00499","0.9324","0.44897","0.72227","-0.06371","0.9733","0.54780","0.72159","-0.05690","0.9466","0.45223","0.91960","-0.00102","0.9688","0.54524","0.92277","0.00844","0.9777","0.45374","0.94037","0.01568","0.9675","0.54320","0.93978","0.02282","0.9595","0.45373","0.94980","-0.02276","0.9523","0.54660","0.95337","-0.01803","0.9389"
"636","21.2000","0.50041","0.28344","-0.00935","0.9371","0.48014","0.27342","-0.01098","0.9655","0.47569","0.27402","-0.01351","0.9501","0.47119","0.27489","-0.01453","0.9296","0.52060","0.27468","-0.00411","0.9702","0.52563","0.27176","-0.00863","0.9268","0.52649","0.27181","-0.00991","0.9519","0.46307","0.28461","-0.00733","0.9681","0.53723","0.28563","0.00020","0.9878","0.48661","0.30829","-0.01027","0.9697","0.51069","0.31157","-0.00814","0.9729","0.42228","0.41134","-0.02104","0.9684","0.57753","0.41036","-0.01148","0.9485","0.41357","0.51127","-0.08401","0.9332","0.58685","0.50789","-0.07721","0.9652","0.42037","0.58312","-0.13454","0.9728","0.57873","0.57983","-0.12662","0.9182","0.41415","0.59868","-0.13990","0.9652","0.58671","0.59765","-0.12942","0.9459","0.41083","0.59295","-0.13845","0.9702","0.58516","0.59514","-0.12886","0.9486","0.42597","0.59537","-0.13004","0.9633","0.57409","0.59510","-0.12574","0.9277","0.45564","0.64869","0.00354","0.9840","0.54536","0.64977","0.00633","0.9283","0.45027","0.72371","-0.06215","0.9540","0.54928","0.72294","-0.05786","0.9383","0.45283","0.92127","-0.00127","0.9613","0.54583","0.91849","0.00772","0.9524","0.45198","0.94128","0.01459","0.9608","0.54472","0.94029","0.02121","0.9530","0.45311","0.95013","-0.02315","0.9444","0.54674","0.95143","-0.01739","0.9636"
"637","21.2333","0.49992","0.28560","-0.01175","0.9713","0.48066","0.27586","-0.01239","0.9682","0.47479","0.27276","-0.01329","0.9293","0.46778","0.27512","-0.01530","0.9756","0.51879","0.27523","-0.00876","0.9392","0.52523","0.27469","-0.00775","0.9535","0.53234","0.27564","-0.01024","0.9029","0.46326","0.28545","-0.00203","0.9821","0.53618","0.28372","0.00164","0.9089","0.49077","0.30834","-0.00639","0.9613","0.50955","0.31282","-0.00959","0.9231","0.42246","0.41280","-0.02043","0.9408","0.57422","0.40740","-0.01375","0.9440","0.41107","0.50991","-0.08483","0.9665","0.58599","0.50865","-0.07762","0.9650","0.42112","0.58156","-0.13537","0.9753","0.57514","0.58524","-0.12714","0.9166","0.41428","0.59754","-0.14328","0.9768","0.58417","0.60180","-0.13406","0.9217","0.40924","0.59397","-0.14007","0.9229","0.58857","0.59622","-0.13207","0.9382","0.42736","0.59582","-0.13194","0.9732","0.57417","0.59677","-0.12948","0.9453","0.45160","0.64678","0.00227","0.9684","0.54792","0.65245","0.00513","0.9194","0.44998","0.72183","-0.06561","0.9950","0.55041","0.72094","-0.05584","0.9335","0.45104","0.92273","0.00045","0.9508","0.54754","0.91961","0.00968","0.9562","0.45260","0.94145","0.01340","0.9862","0.54812","0.94137","0.02436","0.9376","0.44996","0.95117","-0.02654","0.9699","0.54381","0.94874","-0.02076","0.9245"
"638","21.2667","0.50095","0.28862","-0.00769","0.9781","0.48110","0.27814","-0.01674","0.9284","0.47300","0.27318","-0.01522","0.9563","0.47000","0.27526","-0.01262","0.9853","0.51465","0.27788","-0.00861","0.9502","0.52262","0.27230","-0.01268","0.9315","0.53147","0.27584","-0.00684","0.9437","0.46370","0.28613","-0.00334","0.9623","0.53336","0.28583","0.00458","0.9420","0.48778","0.30914","-0.01253","0.9297","0.51264","0.31149","-0.01037","0.9548","0.42293","0.41385","-0.02052","0.9469","0.57687","0.41033","-0.01330","0.9266","0.41258","0.51077","-0.08245","0.9708","0.58242","0.51114","-0.07621","0.9045","0.42531","0.57887","-0.13462","0.9795","0.57705","0.58196","-0.12401","0.9472","0.41301","0.60042","-0.13994","0.9688","0.58452","0.60392","-0.13143","0.9069","0.40931","0.59374","-0.13820","0.9458","0.58717","0.59490","-0.13156","0.9094","0.42553","0.59650","-0.13442","0.9888","0.57253","0.59554","-0.12938","0.9569","0.45279","0.65310","-0.00102","0.9206","0.54171","0.64956","0.00710","0.9110","0.44911","0.72279","-0.06334","0.9669","0.55154","0.72258","-0.05444","0.9463","0.45325","0.92154","0.00233","0.9610","0.54530","0.92057","0.00610","0.9644","0.45439","0.94054","0.01483","0.9579","0.54564","0.93871","0.02274","0.9497","0.45461","0.94966","-0.02128","0.9556","0.54663","0.94825","-0.01649","0.9416"
"639","21.3000","0.50167","0.28319","-0.00910","0.9232","0.48064","0.27743","-0.01415","0.9337","0.47339","0.27372","-0.01444","0.9784","0.46734","0.27347","-0.01422","0.9205","0.51800","0.27419","-0.00788","0.9627","0.52571","0.27299","-0.00926","0.9474","0.53096","0.27594","-0.00581","0.9482","0.46166","0.28497","-0.00612","0.9598","0.53883","0.28709","0.00090","0.9569","0.48935","0.31114","-0.00915","0.9750","0.50776","0.31391","-0.01071","0.9912","0.42259","0.41024","-0.01741","0.9124","0.57950","0.41259","-0.01190","0.9376","0.41189","0.51420","-0.08249","0.9611","0.58539","0.50848","-0.07582","0.9623","0.42077","0.58320","-0.13400","0.9657","0.57701","0.57894","-0.12988","0.9245","0.41531","0.60015","-0.13694","0.9495","0.58387","0.59961","-0.13227","0.9531","0.41104","0.59509","-0.13897","0.9389","0.59200","0.59561","-0.13066","0.9205","0.42329","0.59623","-0.13718","0.9748","0.57307","0.59349","-0.12714","0.9395","0.45231","0.65141","0.00036","0.9728","0.54821","0.65098","0.00761","0.8956","0.44743","0.71936","-0.06434","0.9447","0.54847","0.72283","-0.05664","0.9449","0.45399","0.92297","0.00047","0.9688","0.54588","0.92155","0.00889","0.9350","0.45043","0.94271","0.01452","0.9565","0.54654","0.93626","0.02032","0.9809","0.45093","0.95518","-0.02248","0.9484","0.54592","0.94818","-0.01877","0.9278"
"640","21.3333","0.50066","0.28369","-0.00972","0.9550","0.47751","0.27340","-0.01452","0.9360","0.47629","0.26985","-0.01520","0.9506","0.46604","0.27516","-0.01459","0.9735","0.51672","0.27399","-0.00266","0.9397","0.52313","0.27366","-0.01024","0.9067","0.53130","0.27729","-0.00495","0.9505","0.46206","0.28658","-0.00568","0.9620","0.53670","0.28563","0.00371","0.9515","0.49228","0.31232","-0.01231","0.9606","0.51089","0.30948","-0.00943","0.9510","0.42034","0.41148","-0.02144","0.9503","0.57623","0.40848","-0.01002","0.9516","0.41143","0.51291","-0.08373","0.9728","0.58384","0.50842","-0.07373","0.9469","0.42145","0.58098","-0.13638","0.9493","0.57628","0.58187","-0.12617","0.9439","0.41161","0.59990","-0.13844","0.9395","0.58226","0.60258","-0.13111","0.9558","0.41087","0.59453","-0.13709","0.9559","0.58920","0.59462","-0.12935","0.9432","0.42726","0.59370","-0.13221","0.9569","0.57294","0.59084","-0.12619","0.9466","0.45185","0.64931","0.00018","0.9413","0.54646","0.64870","0.00491","0.9005","0.44753","0.71946","-0.06020","0.9545","0.54933","0.72030","-0.05919","0.9306","0.45259","0.92014","0.00142","0.9676","0.54534","0.92026","0.00985","0.9535","0.45245","0.93954","0.01607","0.9285","0.54374","0.94047","0.02827","0.9268","0.44984","0.94811","-0.02587","0.9824","0.54751","0.95166","-0.01913","0.9466"
"641","21.3667","0.50184","0.28115","-0.00971","0.9493","0.47790","0.27208","-0.01487","0.9419","0.47474","0.26850","-0.01617","0.9527","0.46447","0.27391","-0.01589","0.9637","0.51736","0.27439","-0.00488","0.9438","0.52318","0.27317","-0.00895","0.9038","0.53034","0.27806","-0.00515","0.9443","0.46183","0.28473","-0.00239","0.9764","0.53693","0.28442","0.00320","0.9719","0.49125","0.30977","-0.01257","0.9493","0.50992","0.30964","-0.01081","0.9528","0.42008","0.41146","-0.01908","0.9381","0.57542","0.40732","-0.01089","0.9382","0.40957","0.51028","-0.08290","0.9690","0.58245","0.50787","-0.07375","0.9420","0.42180","0.58016","-0.13662","0.9715","0.57586","0.57990","-0.12813","0.9348","0.41148","0.59967","-0.13746","0.9586","0.58192","0.60075","-0.13088","0.9733","0.41055","0.59570","-0.13625","0.9486","0.58841","0.59447","-0.12795","0.9364","0.42542","0.59443","-0.13237","0.9618","0.57262","0.59256","-0.12554","0.9522","0.45160","0.64732","-0.00041","0.9657","0.54696","0.64938","0.00700","0.9239","0.44783","0.72098","-0.06301","0.9170","0.55114","0.72126","-0.05890","0.9268","0.45315","0.92110","0.00134","0.9597","0.54286","0.91941","0.01137","0.9331","0.45175","0.94007","0.01708","0.9458","0.54507","0.93976","0.02728","0.9263","0.44996","0.94919","-0.02532","0.9677","0.54812","0.94988","-0.02005","0.9304"
"642","21.4000","0.49835","0.28001","-0.01287","0.9692","0.47961","0.27176","-0.01369","0.9554","0.47580","0.26549","-0.01531","0.9348","0.46702","0.27373","-0.01307","0.9554","0.51873","0.26830","-0.00582","0.9390","0.52507","0.26845","-0.00672","0.9718","0.53198","0.27253","-0.00621","0.9469","0.46410","0.27988","-0.00336","0.9803","0.53362","0.27753","0.00375","0.9537","0.48879","0.30589","-0.00962","0.9592","0.51046","0.30745","-0.00706","0.9663","0.42207","0.40405","-0.01634","0.9817","0.57632","0.40829","-0.01167","0.9381","0.41249","0.50877","-0.08059","0.9519","0.58836","0.50796","-0.07467","0.9419","0.42184","0.57819","-0.13268","0.9705","0.57583","0.58049","-0.11878","0.9263","0.41344","0.59981","-0.13538","0.9653","0.58342","0.59998","-0.12845","0.9322","0.40824","0.59461","-0.13657","0.9786","0.58860","0.59420","-0.12764","0.9210","0.42749","0.59164","-0.12628","0.9362","0.57321","0.59351","-0.12304","0.9297","0.45036","0.64677","0.00163","0.9877","0.54417","0.64459","0.00868","0.9560","0.44877","0.71708","-0.06112","0.9864","0.55274","0.72033","-0.05445","0.9603","0.45305","0.92149","0.00122","0.9790","0.54593","0.91963","0.01024","0.9661","0.45134","0.94104","0.01555","0.9489","0.54337","0.94017","0.02320","0.9604","0.45329","0.94903","-0.02439","0.9135","0.54619","0.95146","-0.01723","0.9273"
"643","21.4333","0.50054","0.27661","-0.00911","0.9443","0.48264","0.26782","-0.01069","0.9799","0.47512","0.26597","-0.01329","0.9191","0.46922","0.26689","-0.00875","0.9560","0.51924","0.26757","-0.00862","0.9659","0.52181","0.26713","-0.00730","0.9184","0.53152","0.26994","-0.00605","0.9093","0.46174","0.27917","-0.00155","0.9301","0.53432","0.27679","0.00753","0.9642","0.48891","0.30280","-0.00871","0.9841","0.50828","0.30222","-0.01118","0.9485","0.42358","0.40208","-0.01473","0.9780","0.57612","0.40341","-0.01277","0.9170","0.41298","0.50379","-0.08074","0.9338","0.58841","0.50519","-0.07345","0.9442","0.42241","0.58197","-0.12732","0.9940","0.57725","0.57637","-0.11887","0.9539","0.41463","0.59500","-0.13017","0.9950","0.58479","0.60052","-0.12339","0.9530","0.41137","0.59343","-0.13364","0.9442","0.58864","0.58941","-0.12345","0.9381","0.42799","0.59214","-0.12806","0.9409","0.57309","0.58978","-0.11957","0.9540","0.45131","0.64002","0.00102","0.9896","0.54962","0.63904","0.00628","0.9558","0.44285","0.72026","-0.06290","0.9727","0.54817","0.72052","-0.05068","0.9677","0.45063","0.92112","-0.00035","0.9850","0.54567","0.92322","0.00658","0.9615","0.45123","0.94627","0.01680","0.9889","0.54578","0.94110","0.02053","0.9651","0.45219","0.95080","-0.02589","0.9558","0.54843","0.95184","-0.01785","0.9491"
"644","21.4667","0.49836","0.27375","-0.00696","0.9292","0.48055","0.26434","-0.01048","0.9605","0.47456","0.26434","-0.01258","0.9391","0.47095","0.26366","-0.01182","0.9316","0.51719","0.26311","-0.00205","0.9426","0.52388","0.26243","-0.00335","0.9416","0.53184","0.26195","-0.00204","0.9645","0.46298","0.27463","-0.00176","0.9885","0.53790","0.26952","0.00617","0.9524","0.48741","0.29890","-0.00757","0.9466","0.50790","0.29919","-0.01000","0.9782","0.42375","0.39424","-0.01398","0.9817","0.57711","0.39817","-0.00787","0.9270","0.41346","0.50006","-0.07434","0.9333","0.58756","0.49925","-0.06821","0.9380","0.41997","0.57700","-0.12332","0.9874","0.57692","0.57594","-0.11367","0.9082","0.41684","0.59572","-0.12481","0.9776","0.58587","0.59664","-0.11857","0.9494","0.40945","0.59191","-0.12789","0.9594","0.58590","0.58929","-0.12047","0.9360","0.42667","0.59173","-0.12507","0.9351","0.57212","0.59140","-0.11844","0.9632","0.45219","0.63468","-0.00012","0.9543","0.54633","0.63728","0.01014","0.9466","0.45035","0.71778","-0.05627","0.9351","0.55021","0.72379","-0.04845","0.9676","0.45116","0.91974","0.00128","0.9746","0.54598","0.92090","0.00853","0.9063","0.45313","0.94129","0.01543","0.9588","0.54670","0.93810","0.02472","0.9518","0.44930","0.95026","-0.02304","0.9609","0.55045","0.94877","-0.01626","0.9479"
"645","21.5000","0.49967","0.26637","-0.00648","0.9697","0.48024","0.25821","-0.01150","0.9806","0.47411","0.25531","-0.01260","0.9614","0.47067","0.25760","-0.00909","0.9324","0.52257","0.25888","0.00030","0.9437","0.52583","0.25505","-0.00589","0.9238","0.52896","0.25639","-0.00292","0.9311","0.46050","0.26491","-0.00044","0.9707","0.53713","0.26967","0.00389","0.9541","0.48801","0.29308","-0.00534","0.9728","0.50825","0.29191","-0.00564","0.9604","0.42262","0.39031","-0.01862","0.9438","0.57621","0.39143","-0.00679","0.9371","0.41370","0.49566","-0.07490","0.9762","0.58626","0.49715","-0.06966","0.9650","0.42207","0.57322","-0.12202","0.9531","0.57478","0.57705","-0.11141","0.9595","0.41606","0.59454","-0.12175","0.9468","0.58662","0.59238","-0.11665","0.9622","0.41150","0.58806","-0.12643","0.9380","0.59006","0.58801","-0.11333","0.9240","0.43052","0.58662","-0.11693","0.9770","0.57092","0.58862","-0.11120","0.9332","0.44948","0.63188","-0.00117","0.9516","0.54529","0.62890","0.00679","0.9644","0.44891","0.71996","-0.05278","0.9735","0.54980","0.71612","-0.04853","0.9515","0.45153","0.92345","-0.00070","0.9633","0.54776","0.91897","0.00752","0.9587","0.45062","0.93823","0.01130","0.9802","0.54633","0.93984","0.02471","0.9341","0.45302","0.95040","-0.02445","0.9551","0.54658","0.94920","-0.01875","0.9210"
"646","21.5333","0.50160","0.26587","-0.00551","0.9800","0.47996","0.25701","-0.01094","0.9432","0.47417","0.25638","-0.01393","0.9243","0.47030","0.25909","-0.00864","0.9237","0.52214","0.26103","-0.00180","0.9848","0.52435","0.25523","-0.00691","0.9110","0.52975","0.25624","-0.00330","0.9258","0.46296","0.26593","-0.00042","0.9498","0.53865","0.26884","0.00347","0.9383","0.48991","0.29370","-0.00547","0.9546","0.50965","0.29145","-0.00411","0.9698","0.42337","0.39264","-0.01807","0.9596","0.57781","0.39121","-0.00584","0.9629","0.41439","0.49664","-0.07371","0.9593","0.58674","0.49716","-0.06895","0.9588","0.42313","0.57501","-0.12246","0.9737","0.57709","0.57759","-0.11107","0.9559","0.41713","0.59429","-0.12214","0.9363","0.58696","0.59095","-0.11842","0.9058","0.41272","0.58631","-0.12457","0.9505","0.58973","0.58661","-0.11424","0.9389","0.42865","0.58796","-0.11740","0.9830","0.57026","0.58920","-0.11408","0.9365","0.44988","0.63133","-0.00335","0.9312","0.54569","0.63013","0.00822","0.9370","0.44953","0.72141","-0.05194","0.9637","0.54732","0.71935","-0.04699","0.9353","0.45171","0.92236","-0.00005","0.9550","0.54765","0.92004","0.00635","0.9562","0.45159","0.94080","0.01345","0.9758","0.54519","0.94082","0.02464","0.9050","0.45137","0.95035","-0.02523","0.9663","0.54642","0.94876","-0.01923","0.9525"
"647","21.5667","0.50055","0.26573","-0.00685","0.9624","0.48062","0.25504","-0.00937","0.9309","0.47185","0.24934","-0.00912","0.9893","0.46841","0.25080","-0.01268","0.9891","0.51728","0.25101","-0.00090","0.9399","0.52645","0.24885","-0.00446","0.9181","0.52991","0.25372","0.00148","0.9722","0.46502","0.26214","0.00167","0.9555","0.53483","0.26230","0.01078","0.9203","0.48855","0.28489","-0.00512","0.9547","0.50945","0.28747","-0.00462","0.9395","0.42337","0.38528","-0.01465","0.9344","0.57743","0.38804","-0.00627","0.9288","0.40895","0.49144","-0.06700","0.9667","0.58799","0.49355","-0.06147","0.9114","0.42531","0.57270","-0.11206","0.9193","0.57776","0.56872","-0.10907","0.9473","0.41420","0.59143","-0.12068","0.9671","0.58571","0.59054","-0.10937","0.9794","0.41207","0.58491","-0.12001","0.9706","0.58823","0.58806","-0.11303","0.9263","0.42559","0.58764","-0.11585","0.9364","0.57146","0.58730","-0.10341","0.9270","0.45157","0.62061","-0.00158","0.9540","0.54772","0.62264","0.00738","0.9264","0.45005","0.72324","-0.05103","0.9444","0.54843","0.71957","-0.04244","0.9380","0.45380","0.91985","-0.00086","0.9901","0.54695","0.92243","0.01016","0.9517","0.45738","0.94113","0.01749","0.9950","0.55037","0.93755","0.02129","0.9141","0.45266","0.95180","-0.02303","0.9524","0.54750","0.95083","-0.01665","0.9438"
"648","21.6000","0.50059","0.25391","-0.00221","0.9850","0.48029","0.24481","-0.01116","0.9719","0.47335","0.24407","-0.00530","0.9805","0.46823","0.24548","-0.00767","0.9461","0.51881","0.24880","-0.00098","0.9257","0.52271","0.24354","-0.00223","0.9738","0.53276","0.24592","-0.00164","0.9672","0.46531","0.25079","0.00003","0.9866","0.53427","0.25769","0.00711","0.9533","0.48946","0.28130","-0.00531","0.9868","0.51133","0.27801","-0.00480","0.9532","0.42261","0.37817","-0.01141","0.9500","0.57586","0.37747","-0.00383","0.9434","0.41387","0.48920","-0.06752","0.9366","0.58765","0.48627","-0.06001","0.9388","0.42170","0.56638","-0.11103","0.9688","0.57547","0.56915","-0.09940","0.9203","0.41469","0.58931","-0.11231","0.9466","0.58322","0.58650","-0.10554","0.9412","0.41181","0.58530","-0.11507","0.9858","0.58956","0.58381","-0.10715","0.9327","0.42568","0.58170","-0.10476","0.9327","0.57284","0.58336","-0.09990","0.9666","0.45238","0.61274","0.00073","0.9950","0.54920","0.61126","0.00690","0.9329","0.44965","0.71912","-0.04787","0.9469","0.54978","0.72216","-0.03857","0.9711","0.45265","0.92128","0.00104","0.9560","0.54578","0.91944","0.00760","0.9334","0.45212","0.93988","0.01794","0.9939","0.54793","0.94008","0.02578","0.9538","0.45316","0.95131","-0.02351","0.9823","0.54534","0.94990","-0.01517","0.9408"
"649","21.6333","0.50305","0.24833","-0.00176","0.9406","0.48075","0.23519","-0.00237","0.9724","0.47543","0.23916","-0.01041","0.9521","0.47040","0.24036","-0.00716","0.9435","0.52141","0.23491","0.00027","0.9507","0.52346","0.23540","-0.00208","0.9417","0.52774","0.24079","0.00367","0.9777","0.46358","0.24926","0.00529","0.9795","0.53683","0.24991","0.01137","0.9405","0.48680","0.27157","-0.00684","0.9647","0.51393","0.27588","-0.00372","0.9887","0.42324","0.36858","-0.01183","0.9679","0.57664","0.37347","-0.00163","0.9207","0.41314","0.48184","-0.06293","0.9529","0.58616","0.48280","-0.05294","0.9322","0.42445","0.56352","-0.10550","0.9458","0.57881","0.56598","-0.09210","0.9193","0.41305","0.58657","-0.10777","0.9651","0.58410","0.58676","-0.10017","0.9370","0.41039","0.57983","-0.10730","0.9856","0.58585","0.58003","-0.09773","0.9607","0.42722","0.57902","-0.10033","0.9451","0.57292","0.58171","-0.09574","0.9607","0.45072","0.60422","-0.00388","0.9393","0.54792","0.60079","0.00454","0.9407","0.44954","0.72177","-0.04353","0.9512","0.55077","0.72159","-0.03677","0.9445","0.45397","0.92109","-0.00046","0.9630","0.54652","0.91835","0.00396","0.9294","0.45425","0.94239","0.01672","0.9720","0.54406","0.93799","0.02553","0.9369","0.45412","0.94687","-0.02469","0.9548","0.54914","0.94732","-0.01458","0.9440"
"650","21.6667","0.50108","0.24141","-0.00079","0.9950","0.47904","0.23278","-0.00733","0.9687","0.47712","0.22960","-0.00521","0.9755","0.46644","0.23177","-0.00585","0.9444","0.51862","0.22868","0.00040","0.9539","0.52480","0.23074","0.00056","0.9459","0.52914","0.22865","0.00389","0.9502","0.46074","0.24135","0.00360","0.9269","0.53711","0.23891","0.01008","0.9558","0.49097","0.26669","0.00140","0.9803","0.50975","0.26162","-0.00181","0.9703","0.42134","0.36208","-0.00938","0.9844","0.57818","0.36456","-0.00086","0.9226","0.41286","0.47782","-0.05728","0.9516","0.58849","0.47747","-0.05134","0.9706","0.42015","0.56302","-0.09988","0.9508","0.57726","0.56425","-0.08864","0.9243","0.41542","0.58484","-0.09850","0.9632","0.58520","0.58464","-0.09434","0.9360","0.41187","0.57364","-0.09984","0.9728","0.59247","0.58218","-0.09239","0.9550","0.42453","0.57897","-0.09738","0.9599","0.57593","0.57762","-0.08646","0.9320","0.45527","0.59612","-0.00159","0.9802","0.54735","0.59391","0.00874","0.9369","0.45292","0.71918","-0.03984","0.9500","0.55131","0.72155","-0.03087","0.9117","0.45229","0.91971","0.00207","0.9722","0.54815","0.92175","0.00998","0.9594","0.45294","0.94137","0.01884","0.9505","0.54785","0.94093","0.02272","0.9109","0.45132","0.94945","-0.02204","0.9698","0.54789","0.95092","-0.01491","0.9443"
"651","21.7000","0.50031","0.24057","0.00011","0.9898","0.48159","0.23188","-0.00397","0.9811","0.47459","0.22825","-0.00466","0.9462","0.46749","0.23184","-0.00586","0.9798","0.51779","0.22795","0.00035","0.9565","0.52490","0.22816","0.00228","0.9422","0.52758","0.22986","0.00406","0.9338","0.46138","0.23938","0.00602","0.9553","0.53804","0.23828","0.01073","0.9467","0.48986","0.26699","0.00058","0.9607","0.50929","0.26119","-0.00191","0.9453","0.42180","0.36283","-0.00999","0.9783","0.57724","0.36416","-0.00210","0.9353","0.41425","0.47620","-0.05665","0.9565","0.58958","0.47905","-0.05101","0.9910","0.42274","0.56324","-0.09711","0.9508","0.57686","0.56477","-0.08891","0.9539","0.41826","0.58557","-0.09822","0.9450","0.58585","0.58492","-0.09573","0.9360","0.41185","0.57426","-0.10143","0.9510","0.59301","0.57936","-0.09348","0.9558","0.42643","0.57753","-0.09584","0.9564","0.57538","0.57822","-0.08609","0.9495","0.45615","0.59612","0.00059","0.9941","0.54710","0.59138","0.00795","0.9388","0.45392","0.71785","-0.03987","0.9321","0.55080","0.72304","-0.03132","0.9453","0.45300","0.91948","0.00271","0.9950","0.54860","0.92161","0.01101","0.9422","0.45090","0.94231","0.01846","0.9426","0.54698","0.94209","0.02521","0.9080","0.45433","0.95018","-0.02042","0.9582","0.54820","0.94945","-0.01473","0.9639"
"652","21.7333","0.50086","0.23430","0.00136","0.9630","0.48141","0.22194","-0.00295","0.9816","0.47610","0.22128","-0.00437","0.9699","0.47007","0.22287","-0.00545","0.9505","0.52182","0.22228","0.00063","0.9334","0.52579","0.22165","0.00323","0.9414","0.53202","0.22420","0.00260","0.9377","0.46448","0.23341","0.00897","0.9710","0.53723","0.23066","0.01307","0.9142","0.49368","0.25563","-0.00062","0.9568","0.50974","0.25827","-0.00137","0.9469","0.42431","0.35593","-0.00706","0.9859","0.57749","0.35500","0.00093","0.9296","0.41490","0.46995","-0.05287","0.9595","0.58375","0.46844","-0.04773","0.9304","0.42333","0.56141","-0.08887","0.9506","0.57638","0.55919","-0.07760","0.9499","0.41377","0.57966","-0.09346","0.9654","0.58798","0.57893","-0.08944","0.9434","0.40789","0.57666","-0.09393","0.9494","0.58806","0.57521","-0.08797","0.9436","0.42907","0.57720","-0.08924","0.9878","0.57525","0.57829","-0.08467","0.9480","0.45224","0.58502","-0.00067","0.9440","0.54734","0.58702","0.00714","0.9499","0.45158","0.72065","-0.03266","0.9635","0.55163","0.72134","-0.02950","0.9547","0.45217","0.92128","0.00450","0.9557","0.54654","0.91817","0.01172","0.9299","0.45256","0.93782","0.01596","0.9836","0.54710","0.93632","0.02182","0.9275","0.45063","0.94792","-0.02696","0.9867","0.54523","0.94860","-0.01842","0.9190"
"653","21.7667","0.50158","0.22461","-0.00045","0.9264","0.48102","0.21465","-0.00021","0.9950","0.47503","0.21338","-0.00252","0.9722","0.46853","0.20742","-0.00090","0.9806","0.52179","0.21677","0.00437","0.9349","0.52536","0.21408","0.00378","0.9445","0.53242","0.21270","0.00432","0.9196","0.46384","0.22605","0.00932","0.9522","0.53615","0.22685","0.01637","0.9548","0.49225","0.25209","-0.00020","0.9463","0.51152","0.25027","0.00227","0.9392","0.42419","0.34366","-0.00440","0.9803","0.57863","0.34749","0.00196","0.9191","0.41220","0.46501","-0.04981","0.9386","0.58876","0.46383","-0.04083","0.9347","0.42263","0.55765","-0.08377","0.9599","0.57576","0.55899","-0.07387","0.9142","0.41481","0.57837","-0.08864","0.9718","0.58542","0.57838","-0.08063","0.9255","0.41006","0.57013","-0.08725","0.9716","0.58858","0.57388","-0.07938","0.9495","0.42820","0.57511","-0.08137","0.9303","0.57451","0.57146","-0.07863","0.9476","0.45436","0.57660","-0.00471","0.9568","0.54606","0.57338","0.00608","0.9491","0.45086","0.71584","-0.02919","0.9648","0.55087","0.72087","-0.02260","0.9085","0.45208","0.92000","0.00145","0.9394","0.55275","0.91993","0.00861","0.9107","0.45329","0.93974","0.01696","0.9944","0.54735","0.93988","0.02275","0.9187","0.45532","0.95053","-0.02453","0.9185","0.54837","0.94923","-0.01496","0.9338"
"654","21.8000","0.50058","0.21518","0.00280","0.9567","0.48273","0.20533","-0.00149","0.9661","0.47409","0.20384","-0.00092","0.9507","0.47298","0.20972","-0.00060","0.9605","0.51605","0.20590","0.00777","0.9466","0.52617","0.20443","0.00532","0.9168","0.53253","0.20712","0.00921","0.9309","0.46378","0.21780","0.01037","0.9899","0.53963","0.21590","0.01437","0.9950","0.49116","0.24061","0.00076","0.9950","0.51044","0.24150","0.00400","0.9433","0.42388","0.34007","-0.00165","0.9618","0.57789","0.34042","0.00536","0.9240","0.41108","0.45830","-0.04568","0.9726","0.58573","0.45583","-0.03711","0.9405","0.42145","0.55641","-0.07498","0.9581","0.58019","0.55244","-0.06602","0.9334","0.41638","0.57448","-0.07859","0.9544","0.58511","0.57300","-0.07488","0.9588","0.41184","0.56712","-0.08366","0.9576","0.59011","0.56736","-0.07602","0.9702","0.42818","0.56850","-0.07939","0.9409","0.57308","0.56904","-0.06685","0.9443","0.45394","0.56728","-0.00022","0.9094","0.54790","0.56991","0.00591","0.9452","0.45019","0.71831","-0.02459","0.9737","0.54908","0.71619","-0.01659","0.9404","0.45393","0.92090","0.00112","0.9915","0.54710","0.92381","0.00843","0.9383","0.45058","0.93961","0.01693","0.9824","0.54640","0.94234","0.02090","0.9484","0.45272","0.94538","-0.02206","0.9509","0.54868","0.94904","-0.01750","0.9322"
"655","21.8333","0.50212","0.20978","0.00394","0.9402","0.48404","0.20000","-0.00020","0.9358","0.47452","0.19939","0.00285","0.9690","0.46746","0.20230","-0.00199","0.9529","0.51501","0.20100","0.00861","0.9481","0.52800","0.19819","0.00814","0.9437","0.53137","0.20212","0.00628","0.9491","0.46465","0.20765","0.01149","0.9703","0.54071","0.20958","0.01671","0.9525","0.49427","0.23818","0.00471","0.9376","0.51253","0.23840","0.00700","0.9596","0.42190","0.33517","-0.00387","0.9568","0.57837","0.33201","0.00604","0.9758","0.41411","0.45193","-0.04276","0.9798","0.58746","0.45158","-0.03843","0.9600","0.42207","0.55161","-0.06959","0.9362","0.57624","0.55134","-0.06233","0.9239","0.41580","0.57301","-0.07433","0.9589","0.58333","0.57379","-0.06977","0.9283","0.41185","0.56783","-0.07342","0.9652","0.58884","0.56673","-0.06608","0.9174","0.42909","0.56422","-0.07249","0.9357","0.57346","0.56775","-0.05915","0.9609","0.45598","0.56058","-0.00249","0.9720","0.55071","0.55780","0.00325","0.9720","0.44976","0.72082","-0.02235","0.9660","0.54755","0.71974","-0.01494","0.9502","0.45212","0.91899","0.00349","0.9510","0.54990","0.91971","0.01135","0.9528","0.45045","0.94106","0.01836","0.9699","0.54610","0.93879","0.02314","0.9273","0.45588","0.95291","-0.02644","0.9547","0.54913","0.95248","-0.01728","0.9406"
"656","21.8667","0.50166","0.20893","0.00557","0.9580","0.48249","0.20016","-0.00007","0.9550","0.47470","0.19799","0.00200","0.9784","0.46895","0.20222","-0.00064","0.9481","0.51735","0.19969","0.01046","0.9710","0.52908","0.19848","0.00793","0.9247","0.53184","0.20142","0.00559","0.9399","0.46240","0.20882","0.01049","0.9626","0.54152","0.20894","0.01861","0.9322","0.49293","0.23297","0.00541","0.9247","0.51218","0.23812","0.00552","0.9435","0.42448","0.33497","-0.00295","0.9513","0.57834","0.33235","0.00461","0.9815","0.41465","0.45229","-0.04327","0.9488","0.58574","0.45431","-0.03616","0.9489","0.42186","0.55160","-0.06883","0.9552","0.57753","0.55118","-0.06296","0.9507","0.41665","0.57165","-0.07551","0.9659","0.58341","0.57354","-0.06925","0.9370","0.41069","0.56684","-0.07320","0.9719","0.58811","0.56683","-0.06409","0.9030","0.42890","0.56509","-0.06977","0.9420","0.57202","0.56800","-0.05865","0.9702","0.45402","0.55994","-0.00268","0.9647","0.54914","0.55943","0.00537","0.9950","0.45032","0.71989","-0.02167","0.9625","0.54653","0.71938","-0.01646","0.9228","0.45358","0.91956","0.00021","0.9557","0.55028","0.91888","0.00979","0.9625","0.45154","0.94030","0.01790","0.9602","0.54796","0.93934","0.02390","0.9401","0.45476","0.95052","-0.02630","0.9666","0.54918","0.95251","-0.01716","0.9485"
"657","21.9000","0.49884","0.20420","0.00700","0.9593","0.48152","0.19484","0.00082","0.9503","0.47189","0.18837","0.00316","0.9721","0.46979","0.19045","0.00145","0.9431","0.51826","0.19749","0.00663","0.9365","0.52616","0.19462","0.01531","0.9784","0.53243","0.19539","0.01137","0.9532","0.46385","0.20276","0.01359","0.9768","0.53660","0.20409","0.01743","0.9576","0.49020","0.22864","0.00678","0.9681","0.51189","0.23030","0.00481","0.9502","0.42642","0.32124","0.00258","0.9487","0.57909","0.32240","0.01018","0.9253","0.41598","0.44830","-0.03778","0.9722","0.58719","0.44980","-0.03072","0.9394","0.42630","0.55104","-0.06587","0.9388","0.57560","0.54651","-0.05923","0.9277","0.41541","0.56668","-0.07066","0.9404","0.58715","0.56867","-0.06242","0.9373","0.41041","0.56526","-0.06724","0.9395","0.59133","0.56242","-0.06315","0.9743","0.42315","0.56228","-0.06382","0.9518","0.57411","0.56359","-0.05409","0.9046","0.45329","0.55027","-0.00310","0.9785","0.54843","0.55290","0.00183","0.9320","0.45336","0.71767","-0.01378","0.9290","0.55015","0.72271","-0.01090","0.9711","0.45308","0.91992","0.00136","0.9494","0.54442","0.91995","0.00643","0.9573","0.45184","0.94057","0.01565","0.9465","0.54802","0.94228","0.02608","0.9763","0.45547","0.95076","-0.02159","0.9709","0.54880","0.94720","-0.01755","0.9358"
"658","21.9333","0.50312","0.19834","0.00968","0.9439","0.48250","0.18981","0.00277","0.9776","0.47622","0.18403","0.00553","0.9950","0.46705","0.18872","0.00669","0.9596","0.51820","0.18697","0.01306","0.9099","0.52728","0.18360","0.00939","0.9253","0.53218","0.18942","0.00899","0.9463","0.46179","0.19682","0.01206","0.9622","0.54020","0.19520","0.01909","0.9203","0.48926","0.22316","0.00869","0.9713","0.51100","0.22185","0.00534","0.9619","0.42524","0.32108","0.00274","0.9547","0.57745","0.31802","0.01020","0.9396","0.41712","0.44346","-0.02990","0.9342","0.58397","0.44508","-0.02533","0.9581","0.42477","0.54812","-0.05910","0.9630","0.57927","0.54933","-0.04966","0.9654","0.41579","0.57112","-0.06467","0.9539","0.58377","0.57032","-0.05356","0.9674","0.41259","0.56056","-0.06144","0.9801","0.58714","0.56422","-0.05449","0.9553","0.42887","0.56130","-0.05867","0.9375","0.57120","0.55887","-0.05150","0.9834","0.45524","0.54428","-0.00377","0.9319","0.54898","0.54055","0.00239","0.9472","0.45122","0.71903","-0.01354","0.9854","0.54806","0.72051","-0.00809","0.9452","0.45554","0.92076","-0.00105","0.9299","0.54943","0.92151","0.00562","0.9316","0.45622","0.93772","0.01458","0.9603","0.54838","0.93926","0.01976","0.9573","0.45659","0.95059","-0.02598","0.9500","0.54623","0.95061","-0.01608","0.9633"
"659","21.9667","0.49869","0.19422","0.00985","0.9618","0.48224","0.18195","0.00160","0.9386","0.47654","0.18173","0.00298","0.9603","0.47000","0.18223","0.00448","0.9598","0.51997","0.18262","0.01213","0.9490","0.52706","0.18127","0.01094","0.9581","0.53013","0.18127","0.01218","0.9238","0.46808","0.19221","0.01656","0.9796","0.53619","0.19156","0.02391","0.9272","0.49159","0.21722","0.01169","0.9852","0.51217","0.21614","0.00872","0.9944","0.42171","0.31255","0.00101","0.9739","0.57589","0.31572","0.01057","0.9239","0.41454","0.43803","-0.02844","0.9950","0.58728","0.43924","-0.02552","0.9177","0.42451","0.54618","-0.05383","0.9502","0.57795","0.54704","-0.04709","0.9253","0.41604","0.56526","-0.05865","0.9898","0.58510","0.56419","-0.05518","0.9366","0.40963","0.56294","-0.05924","0.9667","0.58724","0.55836","-0.05257","0.9552","0.42763","0.55942","-0.05614","0.9550","0.57472","0.56001","-0.04801","0.9082","0.45391","0.53750","-0.00180","0.9774","0.54863","0.53528","0.00554","0.9497","0.45249","0.72107","-0.01192","0.9496","0.54638","0.72193","-0.00131","0.9350","0.45547","0.92210","0.00214","0.9501","0.54943","0.92072","0.00933","0.9335","0.45500","0.94065","0.01889","0.9777","0.54556","0.93860","0.02603","0.9348","0.45261","0.94665","-0.02259","0.9378","0.54949","0.94845","-0.01432","0.9471"
"660","22.0000","0.50151","0.18709","0.00919","0.9841","0.48375","0.17622","0.00577","0.9582","0.47789","0.17667","0.00576","0.9360","0.47107","0.17928","0.00652","0.9490","0.51924","0.17930","0.00918","0.9410","0.52559","0.17465","0.01342","0.9586","0.52931","0.17913","0.01014","0.9170","0.46338","0.19044","0.01799","0.9600","0.53839","0.19023","0.02094","0.9726","0.49018","0.21440","0.01012","0.9177","0.51230","0.21182","0.00851","0.9703","0.42390","0.30730","0.00560","0.9722","0.57891","0.30572","0.01087","0.9266","0.41446","0.43590","-0.02675","0.9725","0.58640","0.43656","-0.02082","0.9419","0.42255","0.54307","-0.05071","0.9355","0.57900","0.54436","-0.04402","0.9497","0.41204","0.55594","-0.05539","0.9950","0.58577","0.56458","-0.04584","0.9582","0.41474","0.55920","-0.05334","0.9809","0.59099","0.55781","-0.04639","0.9667","0.42763","0.55862","-0.04931","0.9673","0.57200","0.55982","-0.04516","0.9703","0.45218","0.52672","-0.00291","0.9577","0.54665","0.52687","0.00382","0.9101","0.45461","0.71721","-0.00840","0.9566","0.54911","0.71515","-0.00122","0.9376","0.45427","0.92033","0.00052","0.9476","0.54746","0.91879","0.00801","0.9466","0.45152","0.93526","0.01927","0.9950","0.55052","0.94119","0.02216","0.9343","0.45144","0.95186","-0.02315","0.9870","0.54489","0.95352","-0.01771","0.9144"
"661","22.0333","0.50084","0.18777","0.01038","0.9472","0.48428","0.17521","0.00666","0.9838","0.47817","0.17682","0.00718","0.9639","0.47119","0.18124","0.00661","0.9503","0.51812","0.17695","0.01205","0.9384","0.52559","0.17454","0.01371","0.9508","0.52978","0.17940","0.01244","0.9412","0.46267","0.18984","0.01775","0.9827","0.53693","0.18913","0.02031","0.9616","0.49130","0.21613","0.00956","0.9011","0.51447","0.21268","0.00994","0.9618","0.42549","0.30786","0.00496","0.9871","0.57679","0.30558","0.01276","0.9163","0.41431","0.43699","-0.02729","0.9594","0.58707","0.43626","-0.02212","0.9201","0.42367","0.54317","-0.04754","0.9269","0.57782","0.54250","-0.04366","0.9401","0.41458","0.55709","-0.05612","0.9950","0.58407","0.56460","-0.04546","0.9594","0.41401","0.55860","-0.05291","0.9834","0.59063","0.55979","-0.04477","0.9673","0.42775","0.55797","-0.04939","0.9316","0.57126","0.55765","-0.04319","0.9543","0.45154","0.52871","-0.00269","0.9755","0.54828","0.52716","0.00392","0.9285","0.45424","0.71781","-0.00886","0.9603","0.54735","0.71592","-0.00028","0.9528","0.45506","0.92065","0.00103","0.9778","0.54831","0.91905","0.00913","0.9550","0.45143","0.93578","0.01834","0.9552","0.54931","0.94208","0.02272","0.9337","0.45250","0.95084","-0.02146","0.9773","0.54497","0.95465","-0.01727","0.9555"
"662","22.0667","0.49890","0.18652","0.00849","0.9521","0.48078","0.17944","0.00638","0.9470","0.47649","0.17010","0.00492","0.9267","0.47189","0.17287","0.00610","0.9611","0.52178","0.17402","0.01374","0.9365","0.52575","0.17131","0.01201","0.9687","0.53170","0.17392","0.01516","0.9516","0.46517","0.18434","0.01675","0.9474","0.53666","0.18257","0.02356","0.9261","0.49283","0.20662","0.00843","0.9605","0.51240","0.20964","0.00988","0.9377","0.42221","0.29940","0.00447","0.9808","0.57633","0.30288","0.01200","0.9244","0.41460","0.43119","-0.02546","0.9656","0.58935","0.43170","-0.01927","0.9527","0.42436","0.53902","-0.04783","0.9950","0.58050","0.54075","-0.03739","0.9230","0.41371","0.56108","-0.05406","0.9612","0.58896","0.56105","-0.04458","0.9317","0.41031","0.55657","-0.05064","0.9393","0.58957","0.55791","-0.04284","0.9725","0.42616","0.55697","-0.04798","0.9591","0.57425","0.55874","-0.03969","0.9450","0.45543","0.52745","-0.00481","0.9811","0.55007","0.52759","0.00386","0.9390","0.45337","0.72243","-0.01098","0.9384","0.54960","0.71468","0.00191","0.9129","0.45594","0.91666","0.00362","0.9608","0.54672","0.92149","0.00798","0.9530","0.45449","0.93752","0.01780","0.9466","0.55094","0.93916","0.02318","0.9552","0.45593","0.94821","-0.02224","0.9522","0.54816","0.94896","-0.01457","0.9745"
"663","22.1000","0.50403","0.18184","0.01356","0.9405","0.48093","0.17223","0.00507","0.9645","0.47898","0.16913","0.00783","0.9605","0.46773","0.16956","0.00697","0.9774","0.52141","0.17440","0.01564","0.9241","0.52547","0.16954","0.01192","0.9361","0.53472","0.17329","0.01096","0.9714","0.46305","0.18194","0.01660","0.9756","0.53889","0.18772","0.02449","0.9493","0.48929","0.20370","0.01218","0.9634","0.51112","0.21058","0.01090","0.9671","0.42355","0.30359","0.00686","0.9774","0.57896","0.30430","0.01149","0.9453","0.41664","0.43128","-0.02496","0.9549","0.58711","0.42907","-0.01596","0.9598","0.42423","0.54207","-0.04631","0.9769","0.57869","0.53763","-0.03765","0.9564","0.41545","0.56364","-0.05028","0.9561","0.58538","0.56150","-0.04172","0.9265","0.41075","0.55493","-0.04886","0.9457","0.59233","0.55664","-0.04578","0.9592","0.42856","0.55755","-0.04401","0.9355","0.57179","0.55193","-0.03779","0.9437","0.45435","0.52086","-0.00094","0.9313","0.54924","0.52178","0.00369","0.9168","0.45737","0.71836","-0.00509","0.9646","0.55180","0.72059","0.00118","0.9461","0.45531","0.92001","0.00271","0.9577","0.55012","0.92094","0.01183","0.9157","0.45199","0.94213","0.01669","0.9434","0.54636","0.93926","0.02642","0.9306","0.45449","0.95014","-0.02292","0.9692","0.54952","0.94938","-0.01492","0.9488"
"664","22.1333","0.50222","0.17996","0.00985","0.9580","0.47761","0.17003","0.01162","0.9410","0.47726","0.16865","0.00896","0.9789","0.47508","0.16807","0.00603","0.9806","0.51878","0.17046","0.01424","0.9235","0.52398","0.16497","0.01300","0.8875","0.53215","0.17324","0.01549","0.9640","0.46402","0.18228","0.01537","0.9634","0.54090","0.18009","0.02201","0.9449","0.49062","0.20767","0.01222","0.9563","0.51184","0.20837","0.00867","0.9348","0.42466","0.30225","0.00455","0.9429","0.58008","0.29904","0.01403","0.9239","0.41488","0.43102","-0.02130","0.9463","0.58947","0.42806","-0.01358","0.9101","0.42619","0.54280","-0.04495","0.9753","0.57805","0.54381","-0.03751","0.9331","0.41633","0.55973","-0.04868","0.9526","0.58673","0.55933","-0.03982","0.9331","0.41115","0.55627","-0.04899","0.9419","0.59098","0.55662","-0.04029","0.9296","0.42971","0.55275","-0.04200","0.9456","0.57580","0.55255","-0.03735","0.9449","0.45394","0.51616","-0.00021","0.9338","0.54818","0.52150","0.00247","0.9683","0.45617","0.71893","-0.00283","0.9349","0.54895","0.71727","0.00496","0.9357","0.45601","0.91720","0.00291","0.9697","0.54984","0.91700","0.00784","0.9542","0.45577","0.93591","0.01876","0.9694","0.54676","0.93943","0.02535","0.9554","0.45477","0.95211","-0.02130","0.9806","0.54919","0.94948","-0.01763","0.9354"
"665","22.1667","0.50149","0.18390","0.01052","0.9373","0.48309","0.17082","0.00794","0.9626","0.47595","0.16851","0.01240","0.9397","0.47256","0.16991","0.00715","0.9375","0.51621","0.16541","0.01973","0.9343","0.52640","0.16543","0.01592","0.9509","0.53418","0.16737","0.01547","0.9572","0.46712","0.17879","0.01797","0.9571","0.53639","0.18094","0.02834","0.9687","0.49414","0.20419","0.01090","0.9371","0.51157","0.20544","0.01160","0.9571","0.42520","0.30044","0.00971","0.9540","0.58033","0.30273","0.00958","0.9249","0.41381","0.42959","-0.02496","0.9700","0.59008","0.43119","-0.01529","0.9671","0.42268","0.53990","-0.03838","0.9714","0.57811","0.53785","-0.03546","0.9353","0.41778","0.55772","-0.04802","0.9011","0.58669","0.55809","-0.03967","0.9658","0.41539","0.55177","-0.04866","0.9561","0.59074","0.55572","-0.04186","0.9602","0.42800","0.55597","-0.04215","0.9455","0.57327","0.55538","-0.03511","0.9189","0.45242","0.52297","-0.00304","0.9452","0.54658","0.52053","0.00548","0.9551","0.45499","0.71691","-0.00361","0.9341","0.54944","0.71556","0.00261","0.9595","0.45459","0.91898","0.00242","0.9820","0.54777","0.91668","0.01006","0.9306","0.45174","0.93735","0.01793","0.9628","0.54867","0.93776","0.02475","0.9534","0.45742","0.94676","-0.02252","0.9559","0.55078","0.94856","-0.01534","0.9211"
"666","22.2000","0.50242","0.18231","0.01336","0.9395","0.48864","0.17045","0.00628","0.9569","0.48334","0.16726","0.00964","0.9874","0.47469","0.17165","0.01056","0.9465","0.51111","0.16948","0.01485","0.9384","0.51984","0.16623","0.01367","0.9178","0.52547","0.16870","0.01455","0.9127","0.46895","0.18045","0.01651","0.9583","0.52706","0.18326","0.02525","0.9099","0.49085","0.20471","0.00924","0.9858","0.51322","0.20509","0.01077","0.9950","0.42880","0.30438","0.00770","0.9426","0.57377","0.29892","0.01376","0.9871","0.42075","0.43257","-0.02452","0.9819","0.58080","0.43025","-0.01353","0.9317","0.42999","0.53880","-0.04128","0.9602","0.57170","0.53926","-0.03614","0.9352","0.42193","0.55785","-0.04950","0.9583","0.57872","0.55796","-0.04089","0.9498","0.41792","0.55561","-0.04668","0.9607","0.58451","0.55742","-0.03847","0.9719","0.43191","0.55286","-0.04128","0.9464","0.56595","0.55404","-0.03621","0.9593","0.46005","0.52057","-0.00046","0.9595","0.53671","0.51886","0.00267","0.9551","0.46049","0.72005","-0.00466","0.9515","0.54015","0.72296","0.00488","0.9281","0.46066","0.92231","0.00299","0.9615","0.54069","0.91982","0.00977","0.9617","0.46074","0.94222","0.01882","0.9488","0.53974","0.94056","0.02215","0.9553","0.45991","0.94851","-0.02061","0.9885","0.53586","0.95119","-0.01536","0.9612"
"667","22.2333","0.50317","0.18018","0.01119","0.9899","0.49212","0.17011","0.00868","0.9153","0.48304","0.16996","0.00584","0.9876","0.47696","0.17357","0.00520","0.9487","0.51335","0.17087","0.01055","0.9635","0.51728","0.16801","0.01396","0.9348","0.52701","0.16924","0.01654","0.9658","0.47340","0.17950","0.01888","0.9622","0.53170","0.18060","0.02706","0.9016","0.49040","0.20635","0.01252","0.9506","0.50956","0.20516","0.01278","0.9795","0.43069","0.30196","0.00724","0.9215","0.56982","0.30094","0.01472","0.9486","0.41972","0.43214","-0.02102","0.9950","0.57917","0.43176","-0.01564","0.9616","0.43070","0.54019","-0.03958","0.9950","0.57299","0.54143","-0.03606","0.9436","0.42162","0.55974","-0.04880","0.9682","0.58070","0.56106","-0.04100","0.9611","0.41770","0.55499","-0.05018","0.9589","0.58248","0.55536","-0.04243","0.9270","0.43182","0.55578","-0.04256","0.9947","0.56513","0.55524","-0.03379","0.9313","0.45969","0.52191","-0.00543","0.9456","0.53776","0.52150","0.00310","0.9732","0.46414","0.72140","-0.00580","0.9822","0.53837","0.72006","0.00824","0.9580","0.46162","0.92087","-0.00001","0.9570","0.53921","0.92121","0.01083","0.9245","0.46051","0.93959","0.01746","0.9625","0.53806","0.94004","0.02476","0.9667","0.46164","0.95314","-0.02677","0.9548","0.53877","0.94992","-0.01583","0.9220"
"668","22.2667","0.50362","0.17627","0.01238","0.9642","0.48980","0.17461","0.00613","0.9583","0.48104","0.16848","0.00525","0.9392","0.47527","0.16973","0.00829","0.9216","0.51275","0.17027","0.01516","0.9533","0.51715","0.16796","0.01622","0.9372","0.52554","0.16762","0.01428","0.9624","0.46724","0.18055","0.01789","0.9689","0.53174","0.18105","0.02374","0.9331","0.49205","0.20445","0.00966","0.9409","0.50813","0.20959","0.01348","0.9818","0.42977","0.30288","0.00689","0.9612","0.57076","0.30284","0.01585","0.9653","0.41794","0.43045","-0.02355","0.9634","0.58097","0.42726","-0.01377","0.9633","0.43010","0.53727","-0.04127","0.9665","0.56992","0.53757","-0.03520","0.9274","0.42175","0.55783","-0.04848","0.9699","0.57907","0.55744","-0.04046","0.9225","0.41760","0.55410","-0.04842","0.9648","0.58318","0.55717","-0.04111","0.9624","0.43420","0.55548","-0.04473","0.9416","0.56836","0.55076","-0.03914","0.9071","0.46103","0.51669","-0.00265","0.9721","0.53946","0.52135","0.00642","0.9578","0.45979","0.72093","-0.00585","0.9657","0.53915","0.72459","0.00268","0.9279","0.46102","0.91888","0.00451","0.9813","0.54169","0.92312","0.00945","0.9144","0.46089","0.93853","0.02009","0.9470","0.54103","0.94408","0.02355","0.9243","0.46176","0.95102","-0.02124","0.9611","0.54246","0.94812","-0.01714","0.9438"
"669","22.3000","0.49999","0.18041","0.01335","0.9666","0.48918","0.17115","0.00601","0.9593","0.47913","0.16880","0.00844","0.9685","0.47686","0.17005","0.00649","0.9256","0.51184","0.17162","0.01407","0.9262","0.52012","0.16824","0.01312","0.9534","0.52382","0.16965","0.01225","0.9303","0.46772","0.17968","0.01727","0.9279","0.53174","0.17838","0.02150","0.9157","0.48991","0.20360","0.01035","0.9284","0.51307","0.20212","0.01231","0.9496","0.43095","0.29949","0.00735","0.9556","0.57161","0.29923","0.01274","0.9591","0.42168","0.42914","-0.02248","0.9761","0.58045","0.42749","-0.01778","0.9542","0.42942","0.54055","-0.04194","0.9520","0.56914","0.54197","-0.03385","0.9431","0.42099","0.55907","-0.04799","0.9322","0.58085","0.55954","-0.04266","0.9565","0.41732","0.55542","-0.04327","0.9607","0.58367","0.55582","-0.03812","0.9120","0.43441","0.55781","-0.04283","0.9620","0.56746","0.55796","-0.03299","0.9489","0.46460","0.51971","-0.00032","0.9691","0.54219","0.52155","0.00632","0.9656","0.45745","0.72060","0.00023","0.9426","0.54170","0.72265","0.00286","0.9029","0.46019","0.91996","0.00353","0.9669","0.53946","0.92168","0.01038","0.9431","0.46161","0.93885","0.01962","0.9609","0.54160","0.94244","0.02613","0.9327","0.46087","0.95325","-0.02295","0.9440","0.54315","0.95319","-0.01333","0.9592"
"670","22.3333","0.50161","0.17866","0.01103","0.9709","0.49203","0.17337","0.00595","0.9651","0.48450","0.16836","0.00768","0.9818","0.47735","0.16950","0.00715","0.9869","0.51362","0.16956","0.01670","0.9397","0.51626","0.16771","0.01456","0.9167","0.52271","0.16887","0.01618","0.9535","0.46887","0.18061","0.01493","0.9629","0.53055","0.18001","0.02387","0.9455","0.48787","0.20736","0.00918","0.9752","0.51137","0.20739","0.01484","0.9692","0.42814","0.30316","0.00791","0.9602","0.57092","0.30260","0.01075","0.9557","0.42106","0.42967","-0.02113","0.9508","0.58254","0.43484","-0.01603","0.9326","0.43138","0.54192","-0.04237","0.9397","0.57116","0.54278","-0.03456","0.9404","0.42283","0.55747","-0.04633","0.9459","0.57516","0.56208","-0.04042","0.9692","0.42124","0.55737","-0.04735","0.9141","0.58379","0.55406","-0.04087","0.9342","0.43206","0.55714","-0.04052","0.9661","0.56528","0.55377","-0.03257","0.9462","0.46087","0.52219","-0.00546","0.9420","0.53948","0.51960","0.00376","0.9280","0.46073","0.72040","-0.00324","0.9281","0.53943","0.72356","0.00195","0.9576","0.46107","0.92099","0.00208","0.9697","0.54141","0.91920","0.00712","0.9522","0.45978","0.94257","0.01549","0.9715","0.54071","0.94235","0.02702","0.9692","0.46067","0.95123","-0.02030","0.9816","0.53711","0.95393","-0.01689","0.9469"
"671","22.3667","0.50101","0.18398","0.00863","0.9704","0.48888","0.16841","0.00650","0.9543","0.48432","0.16829","0.00751","0.9610","0.47547","0.17251","0.01055","0.9712","0.51244","0.17339","0.01348","0.9703","0.51841","0.16930","0.01539","0.9163","0.52576","0.16773","0.01288","0.9345","0.47026","0.17906","0.01764","0.9499","0.52983","0.17781","0.02417","0.9291","0.48855","0.20370","0.01134","0.9464","0.50967","0.20527","0.00942","0.9499","0.43114","0.30095","0.00845","0.9575","0.57049","0.30328","0.01465","0.9476","0.42093","0.43056","-0.02004","0.9523","0.58008","0.42874","-0.01641","0.9608","0.43275","0.54170","-0.04243","0.9636","0.57132","0.53850","-0.03595","0.9357","0.42199","0.55935","-0.05101","0.9523","0.57680","0.56307","-0.03754","0.8974","0.41844","0.55301","-0.04939","0.9597","0.58410","0.55473","-0.04204","0.9254","0.43278","0.55432","-0.04311","0.9770","0.56684","0.55754","-0.03448","0.9265","0.45952","0.52120","0.00095","0.9758","0.54304","0.52070","0.00292","0.9468","0.45789","0.72576","-0.00269","0.9683","0.53832","0.71904","0.00097","0.9313","0.45984","0.91981","0.00180","0.9801","0.53927","0.91939","0.00622","0.9482","0.46148","0.94123","0.01515","0.9198","0.54044","0.93892","0.02491","0.9166","0.45730","0.95032","-0.02028","0.9560","0.54169","0.95194","-0.01567","0.9269"
"672","22.4000","0.50017","0.18306","0.00976","0.9512","0.48369","0.17377","0.00642","0.9603","0.48113","0.16675","0.00789","0.9441","0.47352","0.17040","0.00373","0.9413","0.51605","0.17363","0.01466","0.9346","0.51780","0.16902","0.01489","0.9639","0.52564","0.17260","0.01655","0.9297","0.46901","0.17906","0.01866","0.9684","0.53185","0.17869","0.02499","0.9325","0.49071","0.20835","0.01089","0.9553","0.51139","0.20928","0.01304","0.9736","0.43087","0.29858","0.00875","0.9865","0.57044","0.30424","0.01685","0.9328","0.42312","0.42791","-0.02321","0.9587","0.57805","0.42806","-0.01529","0.9573","0.43237","0.53916","-0.04401","0.9798","0.56928","0.53998","-0.03627","0.9107","0.41988","0.56211","-0.04673","0.9269","0.57949","0.56022","-0.04258","0.9461","0.41671","0.55256","-0.04613","0.9620","0.58154","0.55813","-0.04007","0.9649","0.43280","0.55546","-0.04310","0.9635","0.56807","0.55399","-0.03586","0.9226","0.46269","0.51799","-0.00316","0.9376","0.54147","0.51927","0.00638","0.9426","0.46197","0.72124","-0.00244","0.9744","0.53919","0.71908","0.00600","0.9401","0.46190","0.92005","0.00449","0.9579","0.53813","0.91840","0.00882","0.9514","0.45991","0.94092","0.01594","0.9757","0.54221","0.94107","0.02627","0.9110","0.46121","0.95059","-0.02301","0.9428","0.53992","0.95482","-0.01529","0.9315"
"673","22.4333","0.50132","0.18202","0.00992","0.9530","0.48798","0.16942","0.00668","0.9460","0.48053","0.17150","0.00700","0.9429","0.47681","0.17166","0.00843","0.9460","0.51114","0.16818","0.01306","0.9473","0.51765","0.16731","0.01285","0.9455","0.52550","0.17192","0.01492","0.9156","0.47454","0.17996","0.01767","0.9839","0.52898","0.18398","0.02525","0.9409","0.49030","0.20369","0.01030","0.9438","0.50729","0.20457","0.00890","0.9659","0.43068","0.29953","0.00578","0.9471","0.56811","0.30137","0.01472","0.9698","0.41789","0.42944","-0.02321","0.9676","0.58116","0.43307","-0.01471","0.9439","0.43118","0.54124","-0.04384","0.9518","0.56697","0.54325","-0.03388","0.9407","0.42366","0.56214","-0.04710","0.9465","0.57701","0.56145","-0.03905","0.9846","0.42022","0.55781","-0.04891","0.9589","0.58759","0.55602","-0.03977","0.9570","0.43547","0.55884","-0.04209","0.9278","0.56930","0.55404","-0.03667","0.9422","0.46362","0.51787","-0.00351","0.9674","0.54136","0.52043","0.00542","0.9164","0.45916","0.72008","-0.00083","0.9339","0.54117","0.71856","0.00516","0.9420","0.46349","0.92086","0.00059","0.9451","0.54127","0.92387","0.01160","0.9474","0.45949","0.94053","0.01794","0.9741","0.54304","0.94267","0.02599","0.9446","0.45918","0.95363","-0.02548","0.9666","0.53962","0.94914","-0.01913","0.9200"
"674","22.4667","0.50255","0.18128","0.00923","0.9496","0.48834","0.16821","0.00485","0.9370","0.48488","0.16875","0.00769","0.9401","0.47801","0.17158","0.00837","0.9766","0.51405","0.17198","0.01433","0.9590","0.52013","0.16977","0.01304","0.8970","0.52475","0.17267","0.01465","0.9515","0.46808","0.18011","0.02035","0.9609","0.53049","0.17778","0.02593","0.9239","0.48680","0.20658","0.01085","0.9679","0.51159","0.20612","0.01133","0.9804","0.43034","0.29890","0.00804","0.9773","0.56783","0.29969","0.01085","0.9771","0.41955","0.43365","-0.02097","0.9575","0.58313","0.43023","-0.01414","0.9653","0.43011","0.54160","-0.04224","0.9579","0.57001","0.54207","-0.03585","0.9220","0.41950","0.56155","-0.04696","0.9398","0.57937","0.56022","-0.04315","0.9528","0.41436","0.55641","-0.04927","0.9634","0.58450","0.55649","-0.04317","0.9475","0.43392","0.55505","-0.04054","0.9567","0.56969","0.55697","-0.03655","0.9336","0.45952","0.52049","-0.00455","0.9721","0.53998","0.52276","0.00336","0.9352","0.45958","0.72044","-0.00371","0.9950","0.53831","0.71859","0.00613","0.9629","0.45832","0.91867","0.00698","0.9387","0.54092","0.91905","0.00921","0.9436","0.46054","0.94146","0.01569","0.9826","0.54135","0.93945","0.02530","0.9162","0.45997","0.94932","-0.02209","0.9634","0.54344","0.95027","-0.01286","0.9219"
"675","22.5000","0.49907","0.18090","0.01009","0.9468","0.49255","0.17413","0.00765","0.9598","0.48462","0.16889","0.00638","0.9154","0.47469","0.17304","0.00837","0.9767","0.51218","0.17031","0.01420","0.9465","0.51719","0.17077","0.01465","0.9595","0.52370","0.16991","0.01644","0.9442","0.47215","0.18109","0.02071","0.9267","0.53302","0.17848","0.02443","0.9256","0.49090","0.20433","0.01057","0.9500","0.50981","0.20311","0.01105","0.9584","0.42865","0.30123","0.00711","0.9469","0.57239","0.30041","0.01722","0.9530","0.42206","0.43217","-0.02457","0.9691","0.58064","0.43059","-0.01580","0.9208","0.42890","0.54033","-0.04345","0.9348","0.57270","0.54047","-0.03559","0.9416","0.42272","0.56157","-0.04811","0.9652","0.57987","0.56036","-0.04307","0.9580","0.41816","0.55511","-0.04720","0.9791","0.58289","0.55726","-0.04157","0.9411","0.43569","0.55646","-0.04159","0.9376","0.56946","0.55715","-0.03586","0.9530","0.45926","0.51948","-0.00056","0.9550","0.53989","0.52031","0.00854","0.9705","0.46264","0.71947","-0.00254","0.9794","0.53965","0.71775","0.00667","0.9223","0.45858","0.92011","0.00177","0.9802","0.54190","0.92098","0.01072","0.9464","0.45927","0.93915","0.01915","0.9787","0.54237","0.93787","0.02524","0.9845","0.46049","0.95071","-0.02046","0.9639","0.54174","0.95291","-0.01697","0.9690"
"676","22.5333","0.50450","0.18109","0.01294","0.9535","0.48822","0.17040","0.00743","0.9287","0.48198","0.16755","0.00660","0.9912","0.47784","0.17254","0.00868","0.9645","0.51120","0.17230","0.01488","0.9438","0.51946","0.16638","0.01483","0.9655","0.52385","0.16825","0.01404","0.9234","0.47149","0.17837","0.01908","0.9546","0.53069","0.18142","0.02702","0.9430","0.49214","0.20503","0.01191","0.9746","0.50941","0.20631","0.01102","0.9667","0.43070","0.30020","0.00907","0.9527","0.57341","0.30178","0.01673","0.9294","0.42434","0.43214","-0.02018","0.9936","0.57955","0.43117","-0.01577","0.9177","0.43250","0.54091","-0.04326","0.9331","0.56794","0.54109","-0.03848","0.9099","0.42313","0.56092","-0.04636","0.9630","0.57634","0.56168","-0.03751","0.9042","0.41991","0.55871","-0.04820","0.9461","0.58418","0.55839","-0.03946","0.9384","0.43573","0.55493","-0.04039","0.9869","0.56948","0.55586","-0.03549","0.9335","0.45812","0.52195","-0.00339","0.9554","0.54438","0.52248","0.00422","0.9461","0.46159","0.72029","-0.00145","0.9834","0.54353","0.71844","0.00498","0.9439","0.46102","0.92009","0.00262","0.9637","0.54011","0.92044","0.00467","0.9137","0.45876","0.93808","0.01503","0.9478","0.54077","0.94054","0.02281","0.9440","0.46262","0.95065","-0.02108","0.9626","0.53920","0.94969","-0.01463","0.9377"
"677","22.5667","0.50221","0.17859","0.01070","0.9848","0.48966","0.17223","0.00659","0.9376","0.48352","0.17423","0.00728","0.9682","0.47811","0.17105","0.00741","0.9210","0.51239","0.17007","0.01577","0.9459","0.51823","0.16891","0.01375","0.9350","0.52513","0.17286","0.01308","0.9534","0.47017","0.18160","0.01949","0.9383","0.52895","0.18043","0.02423","0.9427","0.49173","0.20288","0.01153","0.9293","0.51067","0.20641","0.01013","0.9530","0.43120","0.29852","0.00553","0.9621","0.57518","0.29920","0.01883","0.9562","0.42142","0.43191","-0.02621","0.9494","0.57778","0.43272","-0.01493","0.9151","0.43011","0.54292","-0.04275","0.9731","0.57204","0.54056","-0.03825","0.9575","0.42175","0.55946","-0.04903","0.9760","0.57974","0.56131","-0.04270","0.9744","0.41699","0.55736","-0.04717","0.9767","0.58557","0.55552","-0.04166","0.9293","0.43395","0.55469","-0.04790","0.9499","0.56647","0.55402","-0.03509","0.9361","0.45931","0.51908","-0.00512","0.9688","0.54117","0.52160","0.00318","0.9506","0.45888","0.72075","-0.00224","0.9194","0.53837","0.72348","0.00362","0.9707","0.46063","0.91986","0.00027","0.9609","0.53954","0.92183","0.00677","0.9180","0.45999","0.94129","0.01911","0.9628","0.54179","0.94150","0.02304","0.9772","0.45857","0.95177","-0.02136","0.9626","0.54231","0.95327","-0.01652","0.9019"
"678","22.6000","0.50007","0.17811","0.01153","0.9611","0.48926","0.17277","0.01007","0.9448","0.48055","0.16574","0.00927","0.9376","0.47771","0.16847","0.00807","0.9583","0.51503","0.17187","0.01314","0.9494","0.51847","0.16747","0.01753","0.9545","0.52508","0.16837","0.01374","0.9715","0.46839","0.18122","0.01744","0.9770","0.53028","0.18330","0.02279","0.9199","0.49121","0.20359","0.01104","0.9324","0.51287","0.20801","0.00929","0.9435","0.43071","0.30288","0.00594","0.9474","0.56758","0.30164","0.01468","0.9403","0.41937","0.42736","-0.02270","0.9248","0.58161","0.43094","-0.01623","0.9104","0.43153","0.53962","-0.04437","0.9403","0.57132","0.54425","-0.03538","0.9626","0.42353","0.56209","-0.04655","0.9774","0.57886","0.56285","-0.04222","0.9586","0.41979","0.55879","-0.04677","0.9823","0.58369","0.55478","-0.04078","0.9724","0.43328","0.55802","-0.04134","0.9814","0.56706","0.55500","-0.04098","0.9008","0.46294","0.52363","-0.00442","0.9465","0.54007","0.51914","0.00086","0.9291","0.46237","0.72287","-0.00454","0.9794","0.53962","0.72079","0.00601","0.9635","0.46133","0.92012","0.00278","0.9546","0.54101","0.92251","0.00817","0.9468","0.46187","0.94199","0.01801","0.9370","0.54521","0.94164","0.02450","0.9388","0.46121","0.94884","-0.01962","0.9301","0.54235","0.95266","-0.01374","0.9232"
"679","22.6333","0.50202","0.18192","0.01375","0.9607","0.48638","0.17300","0.00371","0.9502","0.48123","0.16637","0.00653","0.9839","0.48017","0.16938","0.00785","0.9337","0.51394","0.17245","0.01601","0.9281","0.51804","0.17092","0.01391","0.9167","0.52412","0.17129","0.01442","0.9372","0.47259","0.17978","0.01885","0.9710","0.52929","0.17980","0.02183","0.9151","0.49096","0.20607","0.01246","0.9434","0.51271","0.20425","0.01178","0.9724","0.43080","0.30336","0.00874","0.9492","0.57024","0.30092","0.01288","0.9443","0.41657","0.43368","-0.02227","0.9623","0.58291","0.43115","-0.01685","0.9716","0.43044","0.54222","-0.04245","0.9568","0.57377","0.54100","-0.03629","0.9304","0.42210","0.56334","-0.04531","0.9751","0.57689","0.56317","-0.04172","0.9039","0.41608","0.55556","-0.04721","0.9509","0.58492","0.55563","-0.04291","0.9025","0.43673","0.55759","-0.04426","0.9468","0.56511","0.55446","-0.03716","0.9548","0.45847","0.52273","-0.00180","0.9758","0.54353","0.52079","0.00344","0.9326","0.45979","0.72190","-0.00375","0.9266","0.54024","0.72239","0.00653","0.9505","0.46144","0.91990","0.00354","0.9652","0.54218","0.91822","0.00741","0.9290","0.46103","0.93730","0.01722","0.9638","0.54121","0.94075","0.02707","0.9422","0.46061","0.95327","-0.02174","0.9244","0.54543","0.95200","-0.01867","0.9274"
"680","22.6667","0.50217","0.18101","0.01043","0.9767","0.48691","0.16937","0.00817","0.9405","0.48455","0.16858","0.00971","0.9586","0.47625","0.17133","0.00746","0.9546","0.51422","0.17048","0.01507","0.9558","0.52110","0.16914","0.01196","0.9495","0.52369","0.17280","0.01187","0.9226","0.47311","0.18032","0.01555","0.9950","0.53245","0.18427","0.02344","0.9478","0.49215","0.20510","0.00934","0.9924","0.51029","0.20694","0.00860","0.9832","0.43068","0.30055","0.00576","0.9387","0.57212","0.30396","0.01511","0.9271","0.42133","0.43120","-0.02354","0.9645","0.57816","0.43004","-0.01514","0.9205","0.43054","0.53898","-0.04085","0.9639","0.57216","0.54174","-0.03591","0.9285","0.42184","0.56129","-0.04828","0.9572","0.58192","0.55988","-0.04244","0.9296","0.41991","0.55491","-0.04787","0.9626","0.58323","0.55410","-0.04364","0.9270","0.43610","0.55812","-0.04443","0.9747","0.56437","0.55495","-0.03380","0.9334","0.45989","0.52047","-0.00598","0.9801","0.54309","0.51999","0.00491","0.9642","0.45947","0.72115","-0.00191","0.9544","0.54199","0.72318","0.00688","0.9426","0.46280","0.91995","0.00355","0.9740","0.54068","0.92289","0.01017","0.9319","0.45992","0.93940","0.01653","0.9658","0.54000","0.94198","0.02574","0.9567","0.46110","0.95354","-0.02401","0.9918","0.54267","0.94904","-0.01642","0.9213"
"681","22.7000","0.50268","0.18300","0.01480","0.9560","0.48894","0.17130","0.00761","0.9563","0.48200","0.16895","0.00656","0.9950","0.47619","0.17019","0.01083","0.9574","0.51208","0.17064","0.01227","0.9565","0.52030","0.16609","0.01258","0.9193","0.52653","0.16954","0.01380","0.9078","0.46947","0.17924","0.01582","0.9648","0.52950","0.18542","0.02619","0.9280","0.49139","0.20485","0.00807","0.9950","0.51266","0.20472","0.01406","0.9769","0.43192","0.30259","0.00697","0.9293","0.57175","0.29991","0.01390","0.9751","0.42136","0.43440","-0.02376","0.9844","0.58206","0.43027","-0.01330","0.9113","0.42877","0.53864","-0.04092","0.9525","0.57202","0.54213","-0.03575","0.9368","0.42275","0.55853","-0.04984","0.9569","0.58048","0.56008","-0.04072","0.9461","0.42158","0.55581","-0.04744","0.9907","0.58462","0.55825","-0.03830","0.9508","0.43219","0.55495","-0.04004","0.9590","0.56685","0.55479","-0.03461","0.9575","0.46290","0.52319","-0.00003","0.9888","0.53902","0.51912","0.00456","0.9613","0.46313","0.72122","-0.00610","0.9491","0.54092","0.72241","0.00425","0.9390","0.46215","0.92124","0.00455","0.9745","0.54178","0.92056","0.00907","0.9544","0.46355","0.94231","0.01993","0.9276","0.54026","0.93998","0.02248","0.9534","0.46240","0.95131","-0.02088","0.9899","0.53866","0.95107","-0.01661","0.9431"
"682","22.7333","0.50454","0.17950","0.00898","0.9619","0.49238","0.16950","0.01027","0.9542","0.48432","0.16874","0.00645","0.9563","0.47629","0.17159","0.00748","0.9716","0.51737","0.17007","0.01126","0.9457","0.51718","0.16753","0.01424","0.9343","0.52540","0.16899","0.01685","0.9623","0.47184","0.18205","0.01728","0.9741","0.53171","0.18038","0.02775","0.9073","0.49159","0.20683","0.01365","0.9453","0.51132","0.20475","0.01319","0.9384","0.43188","0.30023","0.00975","0.9180","0.56953","0.30087","0.01514","0.9596","0.42231","0.43243","-0.02305","0.9781","0.58089","0.43220","-0.01767","0.9444","0.43178","0.54198","-0.03979","0.9681","0.57406","0.54277","-0.03618","0.9598","0.42142","0.56024","-0.04854","0.9870","0.58044","0.56145","-0.04315","0.9418","0.41850","0.55614","-0.04846","0.9587","0.58292","0.55488","-0.04121","0.9499","0.43264","0.55511","-0.04188","0.9857","0.56531","0.55581","-0.03243","0.9314","0.46021","0.52159","-0.00526","0.9422","0.54062","0.52170","0.00115","0.9579","0.46515","0.72030","-0.00413","0.9715","0.53885","0.72179","0.00658","0.9603","0.46351","0.92262","0.00016","0.9305","0.54061","0.92308","0.01140","0.9235","0.46216","0.94082","0.01756","0.9365","0.53778","0.94179","0.02634","0.9733","0.46184","0.95290","-0.02594","0.9486","0.53971","0.94899","-0.01703","0.9167"
"683","22.7667","0.50277","0.17884","0.01307","0.9617","0.48817","0.17389","0.00473","0.9315","0.48377","0.16909","0.00450","0.9410","0.47631","0.17125","0.00764","0.9454","0.51424","0.17119","0.01402","0.9433","0.51848","0.16950","0.01446","0.9275","0.52466","0.16902","0.01520","0.9673","0.47072","0.18026","0.01753","0.9754","0.53322","0.18347","0.02503","0.9386","0.49206","0.20591","0.00997","0.9303","0.50953","0.20924","0.01174","0.9865","0.43065","0.30253","0.00873","0.9423","0.57233","0.30346","0.01507","0.9468","0.42055","0.42829","-0.02389","0.9714","0.58237","0.42908","-0.01457","0.9316","0.42993","0.53916","-0.04162","0.9595","0.57186","0.53931","-0.03532","0.9513","0.42431","0.56028","-0.04862","0.9663","0.57738","0.55782","-0.04220","0.9347","0.41741","0.55475","-0.04962","0.9799","0.58339","0.55875","-0.04253","0.9136","0.43551","0.55602","-0.04361","0.9544","0.56899","0.55319","-0.03781","0.9355","0.46083","0.51808","-0.00361","0.9666","0.54150","0.52078","0.00732","0.9410","0.46231","0.72517","-0.00463","0.9594","0.53870","0.72354","0.00519","0.9127","0.46313","0.92011","0.00294","0.9674","0.54276","0.92458","0.00994","0.9004","0.46110","0.94029","0.02091","0.9381","0.53919","0.94276","0.02548","0.9149","0.46125","0.95314","-0.01986","0.9465","0.54207","0.94889","-0.01671","0.9668"
"684","22.8000","0.50085","0.17964","0.01180","0.9768","0.49087","0.17194","0.00364","0.9673","0.48079","0.16720","0.00672","0.9950","0.47708","0.17123","0.00533","0.9473","0.51211","0.17091","0.01363","0.9100","0.51979","0.16911","0.01594","0.9410","0.52426","0.17016","0.01107","0.9286","0.47048","0.17880","0.01593","0.9371","0.53317","0.17932","0.02359","0.9229","0.49413","0.20501","0.00922","0.9414","0.51285","0.20414","0.01247","0.9515","0.42939","0.30000","0.00794","0.9631","0.57230","0.30240","0.01437","0.9457","0.42128","0.42889","-0.02092","0.9707","0.58206","0.42834","-0.01928","0.9587","0.42911","0.54336","-0.04073","0.9272","0.57150","0.54300","-0.03388","0.9666","0.42300","0.56042","-0.04803","0.9634","0.57977","0.56171","-0.04225","0.9704","0.41912","0.55506","-0.04369","0.9383","0.58411","0.55576","-0.03820","0.9254","0.43524","0.55665","-0.04195","0.9788","0.56827","0.55868","-0.03141","0.9486","0.46424","0.52160","-0.00218","0.9623","0.54303","0.52327","0.00504","0.9487","0.45905","0.72186","-0.00261","0.9351","0.54443","0.72154","0.00403","0.9075","0.46084","0.92166","0.00265","0.9713","0.53966","0.92334","0.00957","0.9356","0.46178","0.93887","0.01950","0.9654","0.54256","0.94291","0.02673","0.9359","0.46071","0.95176","-0.02424","0.9483","0.54261","0.95237","-0.01140","0.9352"
"685","22.8333","0.50378","0.17949","0.01049","0.9579","0.49260","0.17359","0.00805","0.9609","0.48607","0.16783","0.01016","0.9503","0.47812","0.17270","0.00611","0.9759","0.51593","0.17081","0.01719","0.9391","0.51557","0.16743","0.01537","0.9449","0.52529","0.17049","0.01629","0.9409","0.47206","0.18222","0.01456","0.9478","0.53017","0.18298","0.02240","0.9676","0.48683","0.20808","0.00983","0.9637","0.51117","0.20738","0.01478","0.9884","0.42823","0.30404","0.00601","0.9518","0.57332","0.30239","0.01034","0.9479","0.42000","0.43169","-0.02403","0.9384","0.58315","0.43545","-0.01635","0.9327","0.43110","0.54289","-0.04113","0.9440","0.57204","0.54252","-0.03622","0.9637","0.42340","0.56109","-0.04473","0.9511","0.57746","0.56493","-0.04159","0.9586","0.42116","0.55674","-0.04823","0.9128","0.58163","0.55519","-0.04124","0.9317","0.43290","0.55827","-0.04036","0.9505","0.56703","0.55303","-0.03441","0.9527","0.46446","0.51955","-0.00328","0.9436","0.54081","0.51920","0.00228","0.9344","0.46246","0.72108","-0.00250","0.9460","0.54107","0.72307","0.00289","0.9542","0.46241","0.92176","0.00193","0.9512","0.54502","0.91975","0.00942","0.9526","0.46130","0.94527","0.01335","0.9578","0.54082","0.94155","0.02488","0.9654","0.46041","0.95064","-0.02066","0.9860","0.54053","0.95278","-0.01623","0.9250"
"686","22.8667","0.50118","0.18232","0.01061","0.9882","0.48793","0.16874","0.00812","0.9500","0.48451","0.17021","0.00728","0.9614","0.47741","0.17264","0.00867","0.9950","0.51062","0.17347","0.01258","0.9695","0.51911","0.16936","0.01606","0.9227","0.52568","0.17195","0.01022","0.9366","0.47322","0.17884","0.01731","0.9687","0.53121","0.17956","0.02342","0.9196","0.48863","0.20409","0.01048","0.9483","0.50639","0.20612","0.01043","0.9509","0.43408","0.30164","0.00883","0.9497","0.57081","0.30290","0.01402","0.9554","0.42026","0.43245","-0.02171","0.9616","0.58435","0.42957","-0.01330","0.9532","0.43426","0.54100","-0.04252","0.9545","0.57057","0.53832","-0.03615","0.9344","0.42304","0.55971","-0.05080","0.9950","0.57899","0.56298","-0.03922","0.9298","0.41940","0.55403","-0.04709","0.9709","0.58568","0.55496","-0.04305","0.9597","0.43448","0.55300","-0.04161","0.9950","0.56621","0.55594","-0.03359","0.9384","0.45927","0.52105","0.00036","0.9945","0.54428","0.52284","0.00379","0.9528","0.45815","0.72436","-0.00037","0.9620","0.54064","0.72024","0.00090","0.9270","0.46034","0.91939","0.00095","0.9624","0.53949","0.91974","0.00685","0.9526","0.46198","0.94111","0.01397","0.9539","0.54039","0.94101","0.02478","0.9228","0.45880","0.95108","-0.02114","0.9352","0.54290","0.95616","-0.01666","0.9404"
"687","22.9000","0.49961","0.18437","0.01178","0.9281","0.48578","0.17333","0.00554","0.9613","0.48075","0.16725","0.00649","0.9287","0.47596","0.17010","0.00493","0.9483","0.51764","0.17304","0.01352","0.9249","0.51977","0.16856","0.01312","0.9464","0.52337","0.17214","0.01530","0.9524","0.47086","0.18186","0.01781","0.9950","0.53160","0.18088","0.02730","0.9187","0.49093","0.20780","0.01148","0.9167","0.51176","0.20744","0.01261","0.9835","0.43216","0.30065","0.00754","0.9834","0.57022","0.30566","0.01837","0.9278","0.42307","0.42630","-0.02291","0.9428","0.57955","0.43037","-0.01690","0.9744","0.43448","0.53906","-0.04484","0.9674","0.56933","0.54204","-0.03439","0.9397","0.42199","0.56186","-0.04747","0.9333","0.58070","0.56185","-0.04234","0.9401","0.41781","0.55544","-0.04713","0.9533","0.58207","0.55777","-0.04050","0.9670","0.43271","0.55581","-0.04485","0.9642","0.56868","0.55510","-0.03581","0.9208","0.46438","0.51852","-0.00299","0.9530","0.54348","0.51998","0.00531","0.9455","0.46343","0.71964","-0.00412","0.9860","0.53884","0.72061","0.00554","0.9386","0.46242","0.92099","0.00269","0.9565","0.54225","0.91873","0.00793","0.9212","0.46165","0.94275","0.01709","0.9665","0.54382","0.94269","0.02516","0.9324","0.45953","0.95156","-0.02140","0.9648","0.53993","0.95410","-0.01774","0.9381"
"688","22.9333","0.50222","0.17993","0.01056","0.9533","0.48899","0.17027","0.00607","0.9423","0.48012","0.17011","0.00615","0.9470","0.47630","0.17054","0.00808","0.9223","0.50963","0.16908","0.01150","0.9303","0.51888","0.16859","0.01490","0.9518","0.52656","0.17337","0.01375","0.9123","0.47477","0.18007","0.01580","0.9776","0.52771","0.18211","0.02653","0.9310","0.49034","0.20240","0.01022","0.9357","0.50819","0.20513","0.01014","0.9569","0.43206","0.30056","0.00546","0.9342","0.56898","0.30236","0.01396","0.9424","0.41975","0.42758","-0.02138","0.9602","0.58030","0.43400","-0.01644","0.9705","0.43167","0.54265","-0.04531","0.9413","0.56959","0.54024","-0.03466","0.9592","0.42268","0.56446","-0.04801","0.9642","0.57985","0.56233","-0.04116","0.9721","0.41933","0.55724","-0.04719","0.9779","0.58681","0.55745","-0.03953","0.9530","0.43414","0.55987","-0.04183","0.9519","0.56810","0.55473","-0.03696","0.9327","0.46422","0.52077","-0.00498","0.9642","0.54099","0.52037","0.00523","0.9094","0.46093","0.72099","-0.00184","0.9503","0.54252","0.72077","0.00532","0.9465","0.46116","0.91984","0.00091","0.9811","0.54045","0.92242","0.01061","0.9583","0.46097","0.94324","0.01607","0.9691","0.54487","0.94347","0.02689","0.9171","0.45869","0.95480","-0.02286","0.9730","0.53965","0.95003","-0.01799","0.9052"
"689","22.9667","0.50536","0.18166","0.01077","0.9314","0.48746","0.16963","0.00459","0.9401","0.48412","0.16941","0.00638","0.9479","0.47661","0.17279","0.00870","0.9860","0.51407","0.17407","0.01471","0.9245","0.52139","0.16908","0.01431","0.9332","0.52484","0.17241","0.01672","0.9400","0.47075","0.18219","0.01894","0.9250","0.52829","0.17937","0.02561","0.9130","0.48861","0.20588","0.00819","0.9648","0.51169","0.20607","0.01370","0.9858","0.43111","0.29945","0.00746","0.9860","0.56951","0.29953","0.01324","0.9775","0.42065","0.43374","-0.02129","0.9950","0.58225","0.43252","-0.01535","0.9845","0.43111","0.54068","-0.04019","0.9740","0.57290","0.54067","-0.03677","0.9111","0.42126","0.56129","-0.04846","0.9598","0.57870","0.56009","-0.04238","0.9714","0.41583","0.55812","-0.04929","0.9585","0.58369","0.55783","-0.04475","0.9756","0.43670","0.55236","-0.03996","0.9351","0.56854","0.55577","-0.03866","0.9362","0.45988","0.52121","-0.00530","0.9506","0.54217","0.52453","0.00421","0.9076","0.45980","0.72012","-0.00434","0.9860","0.54001","0.71795","0.00519","0.9420","0.45956","0.92212","0.00575","0.9520","0.54118","0.91957","0.00984","0.9273","0.46164","0.94239","0.01710","0.9709","0.54221","0.94043","0.02490","0.9435","0.46145","0.94888","-0.02539","0.9652","0.54426","0.94902","-0.01391","0.9087"
"690","23.0000","0.50097","0.18144","0.01028","0.9564","0.49085","0.17340","0.00528","0.9375","0.48578","0.17029","0.00356","0.8938","0.47778","0.17281","0.00856","0.9630","0.51228","0.17157","0.01386","0.9344","0.51769","0.16978","0.01410","0.9347","0.52312","0.16995","0.01464","0.9341","0.47262","0.18150","0.01826","0.9643","0.53440","0.17948","0.02584","0.9145","0.49262","0.20488","0.00870","0.9830","0.51033","0.20334","0.00906","0.9779","0.42933","0.30218","0.00825","0.9518","0.57513","0.30080","0.01691","0.9236","0.42088","0.43202","-0.02395","0.9829","0.58213","0.43042","-0.01509","0.9247","0.43090","0.54007","-0.04306","0.9349","0.57341","0.54054","-0.03697","0.9523","0.42387","0.56211","-0.04992","0.9714","0.57931","0.56116","-0.04223","0.9506","0.41719","0.55513","-0.04877","0.9833","0.58436","0.55804","-0.04151","0.9416","0.43608","0.55498","-0.04300","0.9546","0.56815","0.55572","-0.03547","0.9435","0.46106","0.51759","-0.00117","0.9614","0.54127","0.52143","0.00574","0.9822","0.46399","0.71941","-0.00411","0.9649","0.53857","0.71723","0.00462","0.9322","0.45771","0.92100","0.00157","0.9737","0.54353","0.92104","0.00947","0.9857","0.45957","0.94116","0.01889","0.9648","0.54182","0.93780","0.02319","0.9823","0.46113","0.95041","-0.02246","0.9370","0.54110","0.95315","-0.01949","0.9692"
"691","23.0333","0.50399","0.18103","0.01275","0.9559","0.48969","0.17159","0.00595","0.9338","0.48303","0.16748","0.00613","0.9719","0.47973","0.17194","0.00915","0.9796","0.51035","0.17176","0.01481","0.9335","0.52134","0.16755","0.01592","0.9640","0.52549","0.17151","0.01217","0.9371","0.47059","0.18019","0.01716","0.9766","0.53144","0.17970","0.02518","0.9411","0.49316","0.20388","0.01373","0.9789","0.51025","0.20549","0.01074","0.9790","0.43175","0.30087","0.00849","0.9497","0.57233","0.30148","0.01514","0.9522","0.42358","0.43016","-0.02084","0.9852","0.58131","0.43118","-0.01681","0.9161","0.43225","0.54251","-0.04346","0.9678","0.56765","0.54091","-0.03926","0.9314","0.42219","0.56119","-0.04788","0.9592","0.57679","0.56110","-0.03939","0.9181","0.42061","0.55913","-0.05106","0.9515","0.58403","0.55949","-0.04287","0.9680","0.43702","0.55575","-0.04227","0.9767","0.57212","0.55751","-0.03684","0.9427","0.46006","0.52222","-0.00251","0.9821","0.54276","0.52309","0.00518","0.9507","0.46360","0.71978","-0.00240","0.9731","0.54508","0.71971","0.00260","0.9314","0.46174","0.92033","0.00150","0.9710","0.54073","0.91995","0.00380","0.9115","0.46026","0.94096","0.01473","0.9421","0.53889","0.94018","0.02193","0.9306","0.46371","0.94889","-0.02167","0.9485","0.54162","0.94940","-0.01523","0.9438"
"692","23.0667","0.50184","0.18059","0.01096","0.9929","0.48953","0.17077","0.00904","0.9290","0.48252","0.17135","0.00643","0.9699","0.47844","0.17071","0.00760","0.9274","0.51440","0.16976","0.01390","0.9457","0.51774","0.16734","0.01412","0.9406","0.52514","0.17274","0.01223","0.9536","0.47094","0.18114","0.01753","0.9421","0.53083","0.18148","0.02626","0.9289","0.49330","0.20228","0.01082","0.9384","0.50884","0.20637","0.01124","0.9486","0.43308","0.29907","0.00407","0.9491","0.57391","0.29909","0.01605","0.9629","0.42100","0.43286","-0.02824","0.9311","0.58162","0.43212","-0.01559","0.9410","0.43203","0.54215","-0.04254","0.9679","0.57240","0.54062","-0.03847","0.9576","0.42451","0.56067","-0.04956","0.9569","0.58022","0.55938","-0.04435","0.9662","0.41764","0.55484","-0.04910","0.9920","0.58331","0.55550","-0.04300","0.9405","0.43433","0.55451","-0.04497","0.9482","0.56909","0.55537","-0.03694","0.9246","0.46209","0.51927","-0.00373","0.9654","0.54020","0.52291","0.00287","0.9319","0.46108","0.72103","-0.00167","0.9230","0.54253","0.72309","0.00177","0.9358","0.46196","0.92171","0.00044","0.9546","0.53994","0.92285","0.00932","0.9292","0.46033","0.94148","0.01781","0.9586","0.54487","0.94205","0.02281","0.9677","0.46039","0.95078","-0.02237","0.9733","0.54405","0.95244","-0.01486","0.9289"
"693","23.1000","0.50157","0.17831","0.01349","0.9733","0.48959","0.17296","0.00862","0.9342","0.48283","0.16769","0.00891","0.9495","0.47784","0.16889","0.00896","0.9746","0.51369","0.17252","0.01254","0.9793","0.51927","0.16989","0.01590","0.9555","0.52650","0.16975","0.01354","0.9630","0.46834","0.18186","0.01941","0.9725","0.53144","0.18183","0.02264","0.9451","0.49030","0.20276","0.01267","0.9491","0.51273","0.20816","0.00964","0.9348","0.42969","0.30205","0.00465","0.9581","0.56895","0.30072","0.01308","0.9680","0.42257","0.42698","-0.02263","0.9370","0.58271","0.43355","-0.01499","0.9623","0.43129","0.54125","-0.04541","0.9427","0.57213","0.54077","-0.03808","0.9685","0.42432","0.56118","-0.04830","0.9812","0.57857","0.56249","-0.04102","0.9623","0.42048","0.55857","-0.04660","0.9950","0.58509","0.55576","-0.04195","0.9736","0.43512","0.55871","-0.04375","0.9660","0.56956","0.55572","-0.04177","0.8792","0.46466","0.52453","-0.00487","0.9447","0.53899","0.51760","0.00024","0.9264","0.46212","0.72278","-0.00603","0.9873","0.53818","0.71926","0.00604","0.9244","0.46148","0.91862","0.00170","0.9616","0.53772","0.92361","0.00694","0.9455","0.46406","0.94120","0.01825","0.9413","0.54543","0.94033","0.02139","0.9803","0.46096","0.95244","-0.02053","0.9436","0.54145","0.95215","-0.01697","0.9206"
"694","23.1333","0.50283","0.17969","0.01246","0.9775","0.48854","0.17283","0.00345","0.9584","0.48367","0.16926","0.00485","0.9748","0.48058","0.17176","0.00775","0.9101","0.51510","0.16959","0.01435","0.9163","0.51742","0.16930","0.01231","0.9174","0.52445","0.17259","0.01312","0.9509","0.47376","0.18069","0.01792","0.9574","0.53241","0.18287","0.02313","0.9258","0.49102","0.20619","0.01063","0.9266","0.51209","0.20538","0.01294","0.9826","0.43176","0.30346","0.00923","0.9454","0.57138","0.30130","0.01141","0.9503","0.41690","0.43225","-0.02262","0.9822","0.58308","0.43142","-0.01919","0.9633","0.43247","0.54237","-0.04254","0.9523","0.57498","0.54081","-0.03779","0.9426","0.42251","0.56132","-0.04619","0.9790","0.57638","0.56089","-0.04269","0.9029","0.41605","0.55585","-0.04870","0.9274","0.58608","0.55619","-0.04521","0.9330","0.43570","0.55872","-0.04445","0.9396","0.56530","0.55433","-0.03548","0.9544","0.45826","0.52341","-0.00221","0.9445","0.54511","0.51902","0.00186","0.9375","0.45955","0.72176","-0.00331","0.9456","0.54055","0.72291","0.00683","0.9609","0.46229","0.92137","0.00368","0.9544","0.54256","0.91859","0.00888","0.9687","0.46209","0.93843","0.01602","0.9767","0.54080","0.94125","0.02659","0.9249","0.46139","0.95479","-0.02531","0.9368","0.54458","0.95440","-0.01961","0.9252"
"695","23.1667","0.50055","0.17907","0.00888","0.9827","0.48806","0.16942","0.00906","0.9161","0.48672","0.16933","0.00853","0.9634","0.47479","0.17079","0.00704","0.9067","0.51525","0.17117","0.01346","0.9460","0.52066","0.16880","0.01278","0.9351","0.52436","0.17454","0.01139","0.9489","0.47430","0.17952","0.01505","0.9666","0.53373","0.18427","0.02308","0.9592","0.48962","0.20662","0.00963","0.9927","0.51074","0.20603","0.00992","0.9661","0.43115","0.29980","0.00388","0.9513","0.57283","0.30044","0.01559","0.9212","0.42183","0.43051","-0.02339","0.9632","0.57981","0.43117","-0.01670","0.9178","0.43096","0.53762","-0.04044","0.9435","0.57042","0.54240","-0.03569","0.9340","0.42111","0.56120","-0.04829","0.9475","0.58114","0.56228","-0.04191","0.9380","0.41946","0.55481","-0.04841","0.9916","0.58372","0.55409","-0.04384","0.9441","0.43679","0.55442","-0.04568","0.9697","0.56499","0.55368","-0.03322","0.9407","0.45950","0.52180","-0.00644","0.9752","0.54419","0.52183","0.00229","0.9558","0.46077","0.72141","-0.00412","0.9283","0.54664","0.72457","0.00527","0.9391","0.46202","0.92046","0.00318","0.9622","0.54145","0.92095","0.00758","0.9271","0.46080","0.93771","0.01373","0.9527","0.54151","0.94294","0.02593","0.9438","0.46226","0.95449","-0.02374","0.9950","0.54290","0.94876","-0.01427","0.9088"
"696","23.2000","0.50407","0.18299","0.01203","0.9446","0.49068","0.17113","0.00705","0.9659","0.48317","0.16885","0.00619","0.9887","0.47652","0.17122","0.00853","0.9544","0.51208","0.16974","0.01396","0.9698","0.51819","0.16846","0.01230","0.8784","0.52469","0.16910","0.01278","0.9104","0.47159","0.17989","0.01538","0.9517","0.52997","0.18346","0.02485","0.9140","0.49190","0.20469","0.00620","0.9950","0.51139","0.20537","0.01146","0.9724","0.43056","0.30416","0.00767","0.9323","0.57396","0.30138","0.01171","0.9736","0.42280","0.43141","-0.02507","0.9796","0.58219","0.43254","-0.01386","0.9274","0.43045","0.53885","-0.04201","0.9475","0.57234","0.54249","-0.03679","0.9303","0.42307","0.55981","-0.05157","0.9452","0.58156","0.55867","-0.04324","0.9428","0.42138","0.55602","-0.04545","0.9610","0.58431","0.55812","-0.03982","0.9485","0.43332","0.55216","-0.04219","0.9646","0.56932","0.55450","-0.03756","0.9267","0.46185","0.52110","-0.00053","0.9854","0.54072","0.51890","0.00387","0.9420","0.46308","0.72224","-0.00424","0.9437","0.54124","0.72240","0.00260","0.9226","0.46112","0.92255","-0.00097","0.9666","0.54315","0.92167","0.00707","0.9390","0.46395","0.94289","0.01888","0.9664","0.54029","0.94150","0.02297","0.9609","0.46182","0.95034","-0.01971","0.9832","0.54108","0.95082","-0.01660","0.9665"
"697","23.2333","0.50328","0.17956","0.00752","0.9570","0.49306","0.16954","0.00851","0.9666","0.48517","0.16947","0.00603","0.9859","0.47775","0.17491","0.00434","0.9500","0.51575","0.17152","0.00917","0.9517","0.51762","0.16835","0.01315","0.9305","0.52831","0.16987","0.01604","0.9520","0.47428","0.18100","0.01856","0.9693","0.53259","0.18123","0.02556","0.9156","0.49208","0.20463","0.01116","0.9615","0.51257","0.20537","0.01092","0.9667","0.43239","0.30127","0.00677","0.9232","0.56862","0.30232","0.01436","0.9709","0.42167","0.43128","-0.02365","0.9777","0.58161","0.43202","-0.01872","0.9179","0.43200","0.54175","-0.04103","0.9817","0.57159","0.54251","-0.03809","0.9696","0.42151","0.56280","-0.04867","0.9809","0.58034","0.56300","-0.04339","0.9784","0.41902","0.55699","-0.04949","0.9671","0.58266","0.55513","-0.04200","0.9454","0.43234","0.55716","-0.04381","0.9577","0.56419","0.55694","-0.03395","0.9170","0.46070","0.52140","-0.00369","0.9472","0.54064","0.52208","0.00121","0.9256","0.46516","0.72279","-0.00491","0.9691","0.54026","0.72113","0.00543","0.9506","0.46375","0.92128","-0.00172","0.9481","0.54198","0.92346","0.00764","0.9381","0.46289","0.94191","0.01621","0.9489","0.54096","0.94164","0.02374","0.9530","0.46248","0.95382","-0.02726","0.9623","0.54127","0.95037","-0.01695","0.9403"
