frame,timestamp,nose_x,nose_y,nose_z,nose_visibility,left_eye_inner_x,left_eye_inner_y,left_eye_inner_z,left_eye_inner_visibility,left_eye_x,left_eye_y,left_eye_z,left_eye_visibility,left_eye_outer_x,left_eye_outer_y,left_eye_outer_z,left_eye_outer_visibility,right_eye_inner_x,right_eye_inner_y,right_eye_inner_z,right_eye_inner_visibility,right_eye_x,right_eye_y,right_eye_z,right_eye_visibility,right_eye_outer_x,right_eye_outer_y,right_eye_outer_z,right_eye_outer_visibility,left_ear_x,left_ear_y,left_ear_z,left_ear_visibility,right_ear_x,right_ear_y,right_ear_z,right_ear_visibility,mouth_left_x,mouth_left_y,mouth_left_z,mouth_left_visibility,mouth_right_x,mouth_right_y,mouth_right_z,mouth_right_visibility,left_shoulder_x,left_shoulder_y,left_shoulder_z,left_shoulder_visibility,right_shoulder_x,right_shoulder_y,right_shoulder_z,right_shoulder_visibility,left_elbow_x,left_elbow_y,left_elbow_z,left_elbow_visibility,right_elbow_x,right_elbow_y,right_elbow_z,right_elbow_visibility,left_wrist_x,left_wrist_y,left_wrist_z,left_wrist_visibility,right_wrist_x,right_wrist_y,right_wrist_z,right_wrist_visibility,left_pinky_x,left_pinky_y,left_pinky_z,left_pinky_visibility,right_pinky_x,right_pinky_y,right_pinky_z,right_pinky_visibility,left_index_x,left_index_y,left_index_z,left_index_visibility,right_index_x,right_index_y,right_index_z,right_index_visibility,left_thumb_x,left_thumb_y,left_thumb_z,left_thumb_visibility,right_thumb_x,right_thumb_y,right_thumb_z,right_thumb_visibility,left_hip_x,left_hip_y,left_hip_z,left_hip_visibility,right_hip_x,right_hip_y,right_hip_z,right_hip_visibility,left_knee_x,left_knee_y,left_knee_z,left_knee_visibility,right_knee_x,right_knee_y,right_knee_z,right_knee_visibility,left_ankle_x,left_ankle_y,left_ankle_z,left_ankle_visibility,right_ankle_x,right_ankle_y,right_ankle_z,right_ankle_visibility,left_heel_x,left_heel_y,left_heel_z,left_heel_visibility,right_heel_x,right_heel_y,right_heel_z,right_heel_visibility,left_foot_index_x,left_foot_index_y,left_foot_index_z,left_foot_index_visibility,right_foot_index_x,right_foot_index_y,right_foot_index_z,right_foot_index_visibility
0,0.0,0.50152,0.18137,0.01269,0.9413,0.48808,0.17023,0.01057,0.9551,0.48184,0.16681,0.01019,0.9745,0.47464,0.16965,0.01255,0.9531,0.51146,0.16915,0.01021,0.969,0.51811,0.16634,0.00904,0.9222,0.52343,0.16839,0.00953,0.9224,0.46882,0.17931,0.01797,0.9554,0.52789,0.18326,0.02087,0.9267,0.49053,0.20413,0.00792,0.9998,0.51127,0.2051,0.01196,0.977,0.42877,0.30286,0.01128,0.9326,0.5716,0.29963,0.00908,0.9832,0.4204,0.43164,-0.02027,0.9785,0.58063,0.42973,-0.01777,0.935,0.42949,0.53864,-0.03836,0.9499,0.57102,0.54076,-0.04006,0.9601,0.42143,0.55819,-0.04735,0.9583,0.57854,0.55804,-0.04577,0.967,0.4199,0.55533,-0.04349,0.9604,0.58289,0.55735,-0.04361,0.9704,0.43218,0.55401,-0.03881,0.9516,0.56583,0.55341,-0.03986,0.9618,0.45979,0.51936,0.00247,0.973,0.53815,0.51737,-0.00013,0.9658,0.46039,0.72039,-0.00164,0.9524,0.54009,0.72097,-5e-05,0.9483,0.46006,0.92116,0.00489,0.9648,0.54025,0.92008,0.00526,0.9563,0.46055,0.94181,0.0218,0.9598,0.53955,0.93948,0.01897,0.9653,0.46124,0.94928,-0.01786,0.9792,0.53815,0.95001,-0.02009,0.9733
1,0.0333,0.50199,0.17853,0.00879,0.964,0.49088,0.16868,0.0116,0.9521,0.4834,0.16853,0.00844,0.9701,0.4755,0.17278,0.0098,0.9566,0.51381,0.16994,0.00768,0.9784,0.51596,0.16748,0.01059,0.9557,0.5259,0.16929,0.01267,0.9686,0.47114,0.18085,0.02106,0.9595,0.52983,0.17949,0.02252,0.9384,0.49052,0.20514,0.01106,0.9527,0.51052,0.20415,0.0114,0.9577,0.43133,0.29994,0.0109,0.9377,0.56817,0.30066,0.01154,0.9728,0.41956,0.43125,-0.02011,0.9826,0.57892,0.4315,-0.02195,0.9582,0.43073,0.54071,-0.03717,0.9728,0.57234,0.54141,-0.04036,0.9706,0.42085,0.56029,-0.04625,0.9724,0.57923,0.56065,-0.04632,0.9717,0.41694,0.5556,-0.04623,0.9623,0.58139,0.55372,-0.04558,0.9668,0.43234,0.5545,-0.0402,0.9582,0.564,0.55476,-0.03801,0.9447,0.45988,0.52083,-0.00174,0.9493,0.53865,0.51993,-0.00215,0.9576,0.46433,0.71976,-0.00221,0.9632,0.5383,0.71966,0.00299,0.9617,0.46219,0.92062,0.00204,0.9422,0.53904,0.92165,0.00628,0.941,0.45997,0.94082,0.02,0.9528,0.53816,0.94046,0.02011,0.9819,0.46109,0.95189,-0.02398,0.9631,0.53907,0.94967,-0.02031,0.941
2,0.0667,0.50148,0.17711,0.01098,0.9622,0.48783,0.17292,0.00888,0.9433,0.4816,0.16714,0.00781,0.9486,0.47522,0.16956,0.01046,0.939,0.51306,0.16993,0.01068,0.9628,0.51696,0.16764,0.0119,0.9602,0.5236,0.16765,0.01013,0.9757,0.46887,0.18007,0.02085,0.9693,0.53098,0.18144,0.02074,0.9512,0.4919,0.20413,0.00966,0.9447,0.50782,0.20851,0.01136,0.9788,0.42973,0.30284,0.01027,0.9659,0.57061,0.30203,0.01091,0.9744,0.41917,0.42805,-0.01963,0.9687,0.58094,0.42757,-0.0187,0.9623,0.42988,0.53809,-0.03801,0.966,0.56979,0.53775,-0.03941,0.9579,0.42302,0.55805,-0.04592,0.9644,0.57666,0.55767,-0.04606,0.9457,0.41612,0.55467,-0.04551,0.9855,0.58194,0.5557,-0.04599,0.9604,0.43543,0.55504,-0.04117,0.9528,0.56684,0.55112,-0.04168,0.931,0.4595,0.51815,-0.00137,0.9659,0.53903,0.52105,0.00151,0.9576,0.45994,0.72123,-0.00232,0.9516,0.53848,0.72227,0.00084,0.9417,0.45968,0.91795,0.00702,0.974,0.54107,0.92226,0.00581,0.9442,0.46027,0.93853,0.02247,0.9412,0.54022,0.94269,0.02149,0.9407,0.46135,0.9517,-0.01824,0.94,0.54266,0.94755,-0.02123,0.9788
3,0.1,0.50035,0.17977,0.01165,0.954,0.48961,0.1709,0.00813,0.9625,0.47838,0.16685,0.00915,0.98,0.4761,0.16959,0.00835,0.9402,0.51123,0.17218,0.00877,0.9389,0.51959,0.1682,0.0104,0.9642,0.5224,0.16968,0.00777,0.9667,0.4677,0.17902,0.01864,0.924,0.53115,0.1772,0.01839,0.9283,0.49173,0.20252,0.0101,0.9418,0.51139,0.20214,0.01183,0.9522,0.43004,0.29945,0.01024,0.9562,0.57054,0.29984,0.00826,0.9667,0.42024,0.4295,-0.01914,0.9702,0.5805,0.4275,-0.02269,0.9738,0.42776,0.54156,-0.03849,0.9518,0.56881,0.54236,-0.03963,0.9657,0.42181,0.55949,-0.04522,0.9584,0.57989,0.56006,-0.04756,0.9667,0.41805,0.55498,-0.04113,0.9715,0.58312,0.55563,-0.04356,0.9323,0.43443,0.55586,-0.03887,0.9658,0.56705,0.55715,-0.03597,0.9672,0.46322,0.52012,0.00046,0.961,0.54125,0.52191,0.00179,0.9573,0.45685,0.71972,0.00094,0.9507,0.54125,0.72151,-0.00117,0.9378,0.45879,0.91958,0.00547,0.9676,0.53817,0.92119,0.00572,0.9573,0.46099,0.93889,0.02136,0.9688,0.53996,0.94107,0.02151,0.9709,0.45963,0.95245,-0.02044,0.9544,0.54109,0.9516,-0.01748,0.9668
4,0.1333,0.50187,0.17879,0.0094,0.977,0.49074,0.17317,0.00872,0.9523,0.48449,0.16717,0.01186,0.9736,0.47706,0.17051,0.01026,0.9766,0.51398,0.16941,0.01336,0.9624,0.51702,0.16703,0.00984,0.9455,0.52305,0.16942,0.01162,0.9664,0.46962,0.18038,0.0178,0.9684,0.52932,0.18026,0.01923,0.9651,0.4868,0.20663,0.00904,0.9715,0.51099,0.2066,0.0143,0.9892,0.42701,0.30145,0.01052,0.9562,0.57074,0.30079,0.00666,0.9639,0.41834,0.42866,-0.02023,0.9391,0.58114,0.43371,-0.02072,0.9415,0.43047,0.54141,-0.03868,0.9493,0.56994,0.54254,-0.03984,0.9688,0.42178,0.55909,-0.04321,0.9598,0.57539,0.5628,-0.04528,0.9857,0.41939,0.55681,-0.04505,0.9303,0.58194,0.55373,-0.04542,0.9497,0.43209,0.55639,-0.03803,0.9595,0.56582,0.55238,-0.03833,0.9646,0.46165,0.51991,-0.0017,0.9379,0.53957,0.51813,-0.00136,0.9578,0.46095,0.71928,-0.00056,0.951,0.53899,0.72169,-0.00087,0.9745,0.46102,0.92043,0.00394,0.9653,0.54178,0.9185,0.00338,0.9751,0.45899,0.94214,0.01667,0.9651,0.53981,0.94051,0.0215,0.9899,0.45915,0.95058,-0.0185,0.9699,0.5382,0.95276,-0.02147,0.9584
5,0.1667,0.49973,0.18161,0.00926,0.9695,0.48743,0.16783,0.00966,0.9548,0.48347,0.16761,0.01061,0.9696,0.47531,0.17225,0.01208,0.9805,0.51046,0.17215,0.00923,0.9901,0.51763,0.16801,0.00976,0.9386,0.5247,0.16938,0.00793,0.9633,0.47017,0.17793,0.02026,0.9629,0.5292,0.17859,0.01871,0.945,0.48765,0.20343,0.0099,0.9517,0.50695,0.20511,0.0104,0.9475,0.4297,0.30035,0.01127,0.9619,0.56964,0.30149,0.00987,0.9632,0.41999,0.43081,-0.01937,0.9522,0.58169,0.42757,-0.01934,0.9689,0.4309,0.54068,-0.03963,0.961,0.57093,0.53679,-0.03973,0.9472,0.42167,0.55843,-0.04821,0.9729,0.57722,0.56086,-0.04299,0.9287,0.41858,0.55155,-0.04508,0.9495,0.58352,0.55435,-0.04583,0.9602,0.43264,0.55292,-0.03981,0.9757,0.56664,0.55647,-0.03827,0.9581,0.45844,0.52088,0.00327,0.9798,0.54249,0.52029,0.00071,0.9634,0.45822,0.72384,0.00111,0.9675,0.539,0.71855,-0.00292,0.959,0.45848,0.91956,0.00423,0.9738,0.53798,0.91851,0.00239,0.9794,0.45996,0.93946,0.01816,0.9496,0.53852,0.93836,0.02053,0.9385,0.45799,0.94943,-0.01833,0.957,0.5414,0.9527,-0.01997,0.9502
6,0.2,0.49891,0.18182,0.00919,0.9439,0.48347,0.17198,0.00947,0.9716,0.48073,0.16601,0.00986,0.9536,0.474,0.16823,0.00899,0.9462,0.51541,0.17279,0.00908,0.9592,0.51815,0.16745,0.0099,0.9791,0.52271,0.17111,0.01141,0.9526,0.46945,0.17901,0.0206,0.9802,0.53162,0.17973,0.02127,0.9448,0.49016,0.20633,0.01064,0.944,0.51006,0.20615,0.01204,0.9737,0.43113,0.29867,0.0101,0.9789,0.56868,0.3032,0.01264,0.9648,0.42245,0.42603,-0.02075,0.9651,0.57829,0.42817,-0.02099,0.9657,0.43214,0.53911,-0.04137,0.9645,0.56808,0.5397,-0.0388,0.9462,0.4201,0.56139,-0.04404,0.9343,0.57843,0.55972,-0.04622,0.9677,0.41637,0.55316,-0.04459,0.9536,0.58035,0.55656,-0.04519,0.995,0.4323,0.555,-0.04103,0.9461,0.56795,0.55385,-0.03951,0.9528,0.46283,0.51875,0.00034,0.9559,0.54097,0.51905,0.00077,0.9664,0.46082,0.71924,-0.00053,0.9882,0.53866,0.71884,0.00108,0.9602,0.4606,0.91932,0.00548,0.9501,0.53955,0.91778,0.00441,0.9748,0.46087,0.94065,0.01956,0.9723,0.54203,0.94031,0.02185,0.9562,0.46001,0.95047,-0.02005,0.9571,0.54004,0.95214,-0.02151,0.95
7,0.2333,0.50051,0.18042,0.00988,0.9417,0.48758,0.16901,0.0091,0.9555,0.48107,0.16828,0.00935,0.9602,0.47575,0.16927,0.01004,0.9437,0.50948,0.169,0.00828,0.9498,0.51707,0.16651,0.00883,0.9779,0.52479,0.17168,0.01037,0.9388,0.47359,0.1786,0.01942,0.9749,0.52753,0.18196,0.02173,0.9555,0.48867,0.20272,0.01009,0.9478,0.50717,0.20413,0.00827,0.9606,0.42921,0.29953,0.00746,0.9471,0.56766,0.30162,0.01095,0.9889,0.41763,0.4276,-0.019,0.9703,0.57904,0.43189,-0.02043,0.9649,0.42954,0.54071,-0.04119,0.9609,0.56806,0.54118,-0.03943,0.9757,0.42196,0.56181,-0.04458,0.9581,0.57755,0.56054,-0.04436,0.9911,0.41911,0.55691,-0.04601,0.965,0.58498,0.5567,-0.04413,0.9688,0.43393,0.55819,-0.03984,0.946,0.56695,0.55415,-0.04105,0.9503,0.46298,0.5182,-0.00171,0.9642,0.54073,0.51896,0.0016,0.9418,0.45949,0.7193,0.00125,0.9452,0.53955,0.7196,0.00106,0.9648,0.46119,0.91939,0.00327,0.9621,0.53928,0.9209,0.00693,0.9694,0.45908,0.94104,0.01946,0.9656,0.54179,0.94192,0.02174,0.9522,0.45843,0.95314,-0.02241,0.9655,0.53907,0.94914,-0.0224,0.9402
8,0.2667,0.50365,0.1809,0.00938,0.9507,0.48722,0.16917,0.00864,0.9466,0.48365,0.16885,0.00932,0.9428,0.47648,0.17065,0.01022,0.9703,0.51276,0.17205,0.00943,0.9683,0.52027,0.16891,0.00999,0.9493,0.52265,0.17145,0.01172,0.9663,0.468,0.17961,0.02127,0.9427,0.5278,0.178,0.02118,0.9464,0.48658,0.20586,0.00822,0.9442,0.51085,0.20466,0.01032,0.9821,0.42978,0.29829,0.00982,0.9793,0.56638,0.29894,0.00786,0.9868,0.41991,0.43242,-0.01856,0.9621,0.58104,0.43029,-0.01963,0.9864,0.42914,0.54099,-0.03855,0.9717,0.57009,0.53964,-0.0411,0.9384,0.42016,0.56105,-0.04514,0.9586,0.57857,0.55937,-0.04674,0.976,0.41512,0.55625,-0.04651,0.9659,0.58169,0.55515,-0.04846,0.9784,0.43429,0.55291,-0.03798,0.9561,0.56797,0.55518,-0.04164,0.9469,0.45932,0.52026,-0.00115,0.952,0.54015,0.52252,-0.00073,0.9403,0.45954,0.7196,-0.00148,0.9867,0.53805,0.71718,0.00116,0.9754,0.45892,0.92005,0.00708,0.9407,0.54069,0.91906,0.00499,0.959,0.46049,0.94007,0.01954,0.9694,0.54033,0.93892,0.02031,0.9555,0.46016,0.94758,-0.02098,0.9686,0.54274,0.94936,-0.01904,0.9262
9,0.3,0.49986,0.18099,0.00923,0.953,0.48953,0.17269,0.01044,0.9554,0.48363,0.16836,0.00792,0.919,0.47517,0.17152,0.01172,0.9707,0.51135,0.1701,0.01064,0.9598,0.51699,0.16964,0.00932,0.9717,0.52196,0.16852,0.01188,0.9578,0.47095,0.18114,0.02181,0.967,0.53313,0.17865,0.02072,0.9499,0.49008,0.20255,0.00966,0.9541,0.50912,0.20238,0.00953,0.9538,0.42767,0.30066,0.00943,0.9392,0.57217,0.29953,0.01257,0.9683,0.42001,0.43164,-0.02235,0.961,0.58024,0.4303,-0.02019,0.9435,0.42837,0.53977,-0.04074,0.9545,0.57269,0.53935,-0.04066,0.965,0.42178,0.56117,-0.04582,0.9647,0.57811,0.55988,-0.0469,0.9741,0.41745,0.55425,-0.04408,0.9746,0.58192,0.55688,-0.04646,0.9448,0.43482,0.55581,-0.03972,0.9485,0.56794,0.55488,-0.0389,0.968,0.45976,0.51734,0.00209,0.9554,0.53956,0.51912,0.00136,0.9997,0.46136,0.71881,-0.00128,0.9647,0.53884,0.71729,0.00101,0.9472,0.45731,0.91954,0.00395,0.9702,0.54099,0.92014,0.00584,0.974,0.45794,0.9397,0.0224,0.9704,0.54159,0.93818,0.0195,0.9911,0.46011,0.94977,-0.01852,0.9573,0.54096,0.95188,-0.02187,0.985
10,0.3333,0.5018,0.18062,0.01209,0.9556,0.48831,0.1702,0.00974,0.9245,0.48084,0.16696,0.00971,0.9737,0.47726,0.17121,0.01175,0.9673,0.50958,0.1699,0.01023,0.9635,0.51882,0.16585,0.01054,0.9801,0.52327,0.16857,0.00905,0.9537,0.46982,0.17955,0.02084,0.9621,0.52996,0.17899,0.02193,0.9593,0.4911,0.20227,0.01129,0.9724,0.50794,0.20403,0.01102,0.9727,0.43072,0.29975,0.01221,0.952,0.57067,0.30103,0.01177,0.9678,0.42277,0.43025,-0.01683,0.9856,0.5788,0.42992,-0.01964,0.9549,0.43166,0.53919,-0.04042,0.9482,0.56704,0.54007,-0.0432,0.9462,0.42187,0.56102,-0.04404,0.9534,0.57572,0.56128,-0.04277,0.9455,0.41945,0.55767,-0.04642,0.9366,0.5824,0.55719,-0.04533,0.9724,0.43676,0.55337,-0.03876,0.9734,0.56985,0.55643,-0.04059,0.9595,0.45904,0.52139,-0.0006,0.9719,0.54283,0.52112,0.00036,0.9629,0.46094,0.72002,0.00111,0.9587,0.54228,0.7174,0.00051,0.9753,0.46072,0.91926,0.00426,0.9698,0.53949,0.91925,0.0013,0.9351,0.45874,0.93856,0.01844,0.9455,0.53874,0.93876,0.01868,0.9527,0.46145,0.9487,-0.01882,0.9641,0.53829,0.94901,-0.0199,0.9541
11,0.3667,0.50112,0.17936,0.00971,0.9864,0.48825,0.17033,0.0101,0.9425,0.48182,0.17187,0.0095,0.9766,0.47657,0.17001,0.01162,0.9438,0.51229,0.16852,0.01007,0.9618,0.51634,0.1668,0.00983,0.9517,0.52367,0.17135,0.00827,0.9763,0.46926,0.18027,0.0219,0.9551,0.52785,0.17933,0.02124,0.9532,0.49041,0.20203,0.01062,0.9268,0.5077,0.20579,0.00999,0.9564,0.43002,0.29827,0.00692,0.9511,0.57344,0.29697,0.01348,0.9796,0.41973,0.43136,-0.02407,0.9503,0.57958,0.43144,-0.01997,0.956,0.42938,0.54085,-0.03925,0.9716,0.57051,0.5383,-0.04212,0.9639,0.42245,0.55914,-0.04635,0.9751,0.57825,0.56012,-0.04582,0.984,0.4158,0.55453,-0.04525,0.9728,0.58235,0.55445,-0.04576,0.9512,0.43299,0.55313,-0.04257,0.9523,0.56717,0.5546,-0.03995,0.9576,0.45819,0.5186,-0.00208,0.9583,0.53936,0.52116,-0.00061,0.9643,0.45916,0.72018,0.001,0.9258,0.53952,0.72266,-0.00046,0.9584,0.4605,0.92007,0.00334,0.9594,0.53951,0.92013,0.00403,0.9566,0.45825,0.94134,0.02008,0.9543,0.54208,0.94005,0.01813,0.984,0.45808,0.95015,-0.01869,0.9719,0.54159,0.95108,-0.02098,0.9346
12,0.4,0.49891,0.17748,0.01115,0.9614,0.48803,0.17175,0.01287,0.9624,0.48059,0.16634,0.01187,0.9517,0.47613,0.16771,0.01106,0.9722,0.51211,0.1711,0.00913,0.9822,0.51685,0.16676,0.01149,0.9626,0.5253,0.16764,0.00855,0.9763,0.46814,0.18027,0.02088,0.9825,0.5296,0.18078,0.01869,0.9598,0.489,0.20206,0.01082,0.9497,0.5102,0.20796,0.00945,0.9406,0.42875,0.3009,0.00909,0.9495,0.56868,0.3016,0.00962,0.9646,0.41962,0.42699,-0.01828,0.9366,0.58066,0.43071,-0.01956,0.9498,0.42956,0.53973,-0.04251,0.9452,0.57067,0.54093,-0.04133,0.991,0.42302,0.56091,-0.04362,0.9585,0.57668,0.56184,-0.04593,0.9802,0.41776,0.55768,-0.04429,0.9758,0.58191,0.55439,-0.045,0.9752,0.43252,0.5566,-0.03957,0.9685,0.56618,0.55346,-0.04384,0.9192,0.46292,0.52179,-0.0016,0.9451,0.53896,0.51695,-0.00299,0.9503,0.46064,0.72229,-0.00286,0.9795,0.53778,0.71893,0.00192,0.9446,0.46027,0.91778,0.00589,0.9784,0.53876,0.92072,0.00444,0.9634,0.46175,0.94105,0.02095,0.9407,0.5445,0.93972,0.01882,0.9752,0.46023,0.95016,-0.01729,0.938,0.54098,0.95205,-0.01886,0.9306
13,0.4333,0.50064,0.18016,0.01281,0.9602,0.48676,0.17117,0.00621,0.9671,0.48068,0.16755,0.0101,0.98,0.47897,0.16922,0.01079,0.9341,0.51313,0.16861,0.01107,0.9372,0.51675,0.16883,0.00965,0.9481,0.524,0.17004,0.00969,0.9621,0.47221,0.18017,0.02283,0.9574,0.5289,0.18085,0.01839,0.9562,0.48948,0.20552,0.01024,0.9371,0.51109,0.2036,0.01114,0.9736,0.43017,0.30272,0.01127,0.9423,0.57013,0.29962,0.00781,0.9498,0.41679,0.43141,-0.01986,0.9781,0.58075,0.43057,-0.02208,0.9753,0.42978,0.54171,-0.039,0.9584,0.57237,0.53912,-0.04145,0.9433,0.42093,0.56057,-0.04358,0.9715,0.57657,0.56064,-0.04549,0.9228,0.41496,0.55515,-0.04522,0.9487,0.58426,0.55461,-0.04761,0.9316,0.43469,0.55639,-0.04141,0.95,0.56316,0.5535,-0.04012,0.9582,0.4572,0.52186,0.00023,0.9759,0.54332,0.51799,-0.00244,0.9621,0.45878,0.72059,-0.00013,0.9434,0.53862,0.72082,0.00221,0.9808,0.46172,0.91934,0.00522,0.9702,0.54012,0.91802,0.00431,0.9606,0.46044,0.93742,0.01985,0.9776,0.54068,0.94046,0.02225,0.9565,0.45973,0.95253,-0.02073,0.9441,0.5445,0.95125,-0.02294,0.9388
14,0.4667,0.5008,0.17918,0.00893,0.976,0.4866,0.16897,0.0118,0.9463,0.48492,0.16801,0.01187,0.9531,0.47432,0.17058,0.00957,0.9465,0.51417,0.16851,0.0104,0.9601,0.51946,0.16754,0.00881,0.9477,0.5236,0.17209,0.0078,0.9486,0.47256,0.17867,0.01742,0.9818,0.53207,0.18241,0.01929,0.969,0.49003,0.20492,0.00964,0.9766,0.50894,0.20454,0.00936,0.9613,0.42993,0.29873,0.00887,0.9462,0.57159,0.30133,0.0116,0.9516,0.41995,0.42978,-0.02053,0.9629,0.57836,0.42964,-0.01873,0.9403,0.42868,0.53777,-0.03861,0.9471,0.56936,0.54028,-0.03911,0.9516,0.42182,0.56017,-0.04626,0.9588,0.57969,0.56068,-0.045,0.9531,0.41827,0.5535,-0.04446,0.9705,0.58188,0.55263,-0.04736,0.9519,0.43492,0.55487,-0.04169,0.9684,0.56379,0.55393,-0.03833,0.9566,0.45761,0.52092,-0.0027,0.9752,0.54126,0.51931,-0.00087,0.9838,0.4596,0.71985,-0.00044,0.9442,0.54266,0.72204,0.00172,0.9545,0.4613,0.91937,0.0065,0.9819,0.53944,0.92111,0.0043,0.948,0.45916,0.93805,0.01866,0.9598,0.53945,0.94026,0.02124,0.9654,0.45955,0.95232,-0.02068,0.9777,0.54094,0.94876,-0.01943,0.9349
15,0.5,0.49949,0.17906,0.01071,0.9658,0.48932,0.17062,0.00789,0.9409,0.4816,0.169,0.00904,0.9415,0.47552,0.17071,0.00987,0.9848,0.51156,0.17077,0.0072,0.9255,0.51807,0.16801,0.01051,0.9647,0.52405,0.17021,0.01053,0.9519,0.47129,0.18275,0.02287,0.9543,0.5301,0.18147,0.01941,0.9597,0.48875,0.20335,0.00865,0.9589,0.507,0.20515,0.01082,0.9368,0.431,0.29935,0.00666,0.959,0.57226,0.30174,0.00696,0.9872,0.42003,0.43193,-0.02193,0.9681,0.58095,0.4328,-0.02036,0.9534,0.43155,0.54238,-0.03643,0.9991,0.56922,0.53979,-0.03718,0.9424,0.42083,0.56269,-0.04252,0.9485,0.58011,0.56155,-0.045,0.9436,0.41944,0.55438,-0.04484,0.9444,0.58131,0.5551,-0.04419,0.9559,0.43537,0.55538,-0.03836,0.9444,0.56801,0.55612,-0.04182,0.9321,0.45971,0.52049,-0.00099,0.98,0.54,0.5202,0.00161,0.9579,0.46154,0.71915,0.00112,0.9517,0.53921,0.71753,1e-05,0.9703,0.46166,0.922,0.0062,0.9574,0.54043,0.92152,0.01037,0.9454,0.45935,0.93922,0.02239,0.9786,0.54141,0.94119,0.02061,0.9763,0.46149,0.95044,-0.01815,0.9399,0.53903,0.94976,-0.01903,0.9602
16,0.5333,0.50047,0.18087,0.00853,0.9412,0.48725,0.17086,0.00999,0.9303,0.48135,0.16817,0.01067,0.9603,0.4803,0.16812,0.01018,0.956,0.51234,0.17274,0.00979,0.9835,0.5191,0.16798,0.01041,0.9594,0.52424,0.16983,0.01028,0.9565,0.47007,0.1798,0.02019,0.9842,0.52942,0.18073,0.02028,0.9529,0.48727,0.20636,0.00904,0.9492,0.50825,0.20664,0.01039,0.9742,0.43054,0.2985,0.01036,0.9726,0.56973,0.30362,0.01152,0.9741,0.42243,0.43082,-0.02024,0.9588,0.58032,0.43037,-0.02269,0.9848,0.4284,0.53851,-0.04168,0.9414,0.5717,0.5423,-0.04124,0.976,0.41991,0.55969,-0.04682,0.9641,0.57766,0.5613,-0.04539,0.9668,0.41573,0.55445,-0.0462,0.9631,0.58365,0.5557,-0.04442,0.9676,0.43449,0.55446,-0.041,0.939,0.56544,0.55586,-0.04036,0.9574,0.46138,0.52233,0.0004,0.9773,0.5403,0.52067,0.00084,0.988,0.46041,0.71939,-0.00126,0.9396,0.5408,0.72234,0.0014,0.9533,0.45921,0.92166,0.00477,0.9523,0.54188,0.91943,0.00295,0.9763,0.46234,0.94115,0.01981,0.9557,0.54024,0.93953,0.02104,0.9814,0.45859,0.94808,-0.01885,0.9732,0.54221,0.95151,-0.01896,0.9611
17,0.5667,0.50077,0.18274,0.01026,0.9276,0.48816,0.17215,0.00913,0.9604,0.48017,0.17077,0.01025,0.9451,0.47746,0.17345,0.01055,0.9719,0.51099,0.17377,0.00879,0.9464,0.51892,0.17309,0.00767,0.9618,0.52321,0.17195,0.01272,0.9489,0.47027,0.18251,0.02012,0.971,0.5278,0.18218,0.01917,0.9278,0.49143,0.20259,0.01094,0.9593,0.50863,0.20909,0.00808,0.9665,0.42988,0.30336,0.01027,0.9854,0.56807,0.30236,0.0078,0.9711,0.42129,0.43181,-0.02046,0.9746,0.57963,0.4309,-0.01869,0.9512,0.43328,0.54146,-0.04315,0.9772,0.57049,0.53792,-0.04355,0.9636,0.42248,0.56114,-0.04713,0.9646,0.57942,0.5593,-0.04386,0.9685,0.41686,0.55789,-0.04671,0.9738,0.58282,0.55752,-0.04575,0.9402,0.43835,0.5583,-0.0406,0.9644,0.56631,0.5569,-0.04102,0.957,0.45833,0.52103,-0.00039,0.9638,0.53934,0.52544,-0.00142,0.923,0.45915,0.72231,-0.00482,0.9596,0.54134,0.72166,-0.00023,0.9485,0.45921,0.92144,0.00423,0.962,0.5378,0.91871,0.00394,0.9562,0.4611,0.94065,0.01798,0.9922,0.5362,0.94146,0.01984,0.9489,0.45902,0.95099,-0.01815,0.9557,0.53966,0.94851,-0.02116,0.9544
18,0.6,0.50263,0.1858,0.00976,0.9538,0.48991,0.17419,0.00725,0.9751,0.48405,0.17425,0.01218,0.9545,0.47593,0.17588,0.01095,0.9698,0.51069,0.17445,0.01005,0.9411,0.51715,0.17149,0.01031,0.9776,0.52525,0.17661,0.00778,0.9405,0.47263,0.18614,0.01999,0.9769,0.52881,0.18724,0.01905,0.9645,0.48961,0.20855,0.00696,0.9792,0.50946,0.20967,0.01203,0.9631,0.42794,0.30754,0.00799,0.9658,0.5687,0.30624,0.00787,0.9555,0.42022,0.4337,-0.02364,0.9636,0.58309,0.43513,-0.02417,0.9854,0.4321,0.54133,-0.04235,0.9432,0.56765,0.54172,-0.04366,0.9627,0.42463,0.56124,-0.04825,0.9423,0.57977,0.56092,-0.05106,0.9627,0.4188,0.55577,-0.04893,0.9795,0.58426,0.55765,-0.04883,0.9546,0.43389,0.5553,-0.04303,0.978,0.56437,0.55433,-0.04611,0.9672,0.45863,0.52843,-0.00066,0.9733,0.54251,0.52819,0.00144,0.9459,0.46006,0.72049,0.00018,0.9619,0.54203,0.72012,-0.00067,0.9659,0.46132,0.91967,0.00533,0.9552,0.53879,0.91777,0.00826,0.9627,0.46096,0.93991,0.01682,0.9634,0.54011,0.94061,0.02199,1.0,0.46057,0.95051,-0.01917,0.9772,0.53777,0.9465,-0.01967,0.9745
19,0.6333,0.49749,0.18587,0.00946,0.9764,0.48811,0.17992,0.00936,0.9439,0.48346,0.17742,0.00803,0.9384,0.47513,0.17924,0.00622,0.9553,0.51152,0.17778,0.01099,0.9647,0.52111,0.17757,0.00836,0.9564,0.52481,0.17955,0.00596,0.9534,0.46855,0.18723,0.02103,0.9703,0.52864,0.18649,0.01959,0.9678,0.49305,0.213,0.00796,0.9388,0.50821,0.21353,0.00872,0.9372,0.42753,0.30773,0.00816,0.9774,0.57252,0.31008,0.00885,0.9549,0.4175,0.43846,-0.02204,0.9529,0.58178,0.43711,-0.02381,0.9706,0.42922,0.5428,-0.04788,0.9356,0.56882,0.54024,-0.04469,0.9658,0.41994,0.56437,-0.05605,0.9667,0.57884,0.56644,-0.05005,0.9774,0.4172,0.55544,-0.05156,0.9751,0.58049,0.559,-0.05115,0.9611,0.43351,0.55983,-0.04778,0.9442,0.56569,0.55837,-0.04555,0.9477,0.46047,0.53004,0.00183,0.9371,0.54241,0.53053,-0.00058,0.954,0.45885,0.71983,-0.00634,0.9637,0.5418,0.71687,-0.00613,0.9594,0.45689,0.91925,0.00545,0.9232,0.53932,0.91941,0.00585,0.9483,0.46112,0.93815,0.02061,0.9423,0.5408,0.93973,0.01975,0.9597,0.45742,0.95111,-0.01848,0.9251,0.53864,0.94973,-0.01774,0.9667
20,0.6667,0.49992,0.19079,0.00545,0.9508,0.48782,0.18247,0.00361,0.9654,0.4825,0.17908,0.00848,0.9945,0.4746,0.18042,0.00733,0.9675,0.51208,0.18415,0.00667,0.9257,0.51855,0.18027,0.00834,0.9588,0.52589,0.18561,0.00876,0.9509,0.47163,0.19108,0.01826,0.973,0.52876,0.19166,0.01706,0.9491,0.48806,0.21659,0.00627,0.994,0.50966,0.21707,0.00776,0.9749,0.42666,0.31322,0.00908,0.9692,0.57022,0.31425,0.00649,0.9577,0.42016,0.43999,-0.02635,0.9579,0.57892,0.43963,-0.02881,0.969,0.42818,0.54601,-0.04864,0.928,0.56752,0.54714,-0.05351,0.976,0.42201,0.56474,-0.05693,0.9651,0.57957,0.56508,-0.0556,0.95,0.41633,0.55896,-0.05575,0.9759,0.58325,0.56101,-0.05695,0.973,0.43532,0.55889,-0.05036,0.9767,0.56647,0.55974,-0.05035,0.9888,0.46158,0.53682,-0.00065,0.9796,0.54315,0.53334,0.00024,0.9511,0.46165,0.71753,-0.00676,0.9382,0.54,0.71719,-0.00622,0.967,0.46046,0.92295,0.00495,0.9611,0.54014,0.9218,0.00797,0.9441,0.45998,0.94178,0.01947,0.9515,0.54001,0.93842,0.0205,0.9677,0.45981,0.94978,-0.01749,0.9705,0.54016,0.94943,-0.01973,0.9362
21,0.7,0.50126,0.19827,0.00916,0.9559,0.48842,0.18579,0.00768,0.9661,0.48246,0.18821,0.00693,0.9852,0.47662,0.18958,0.00826,0.9729,0.51242,0.18714,0.00679,0.9564,0.51993,0.18586,0.00613,0.9621,0.52628,0.1884,0.00742,0.961,0.46967,0.19868,0.01844,0.9548,0.52978,0.19741,0.01698,0.9631,0.49207,0.22377,0.00438,0.9604,0.51013,0.22355,0.00279,0.9373,0.43203,0.31879,0.00639,0.9511,0.57061,0.31824,0.00554,0.9534,0.41882,0.4471,-0.02921,0.9393,0.57926,0.44457,-0.02887,0.9871,0.43361,0.54586,-0.05591,0.9561,0.57058,0.54595,-0.05671,0.9764,0.42194,0.56932,-0.06067,0.9689,0.577,0.56839,-0.06084,0.9696,0.41979,0.55985,-0.06034,0.9575,0.58247,0.56193,-0.05989,0.9641,0.43439,0.56079,-0.05706,0.94,0.56457,0.55914,-0.05485,0.9569,0.46026,0.54413,-0.00186,0.9566,0.53944,0.54325,0.00143,0.9539,0.46084,0.72069,-0.01142,0.9611,0.53919,0.71729,-0.00639,0.9649,0.46157,0.92079,0.00614,0.9509,0.53898,0.92035,0.00614,0.9551,0.4595,0.94015,0.02146,0.9593,0.54075,0.9422,0.02191,0.958,0.4614,0.95002,-0.01938,0.9679,0.54215,0.94974,-0.01996,0.9683
22,0.7333,0.50103,0.20514,0.00454,0.9417,0.48781,0.19394,0.00598,0.969,0.48288,0.19442,0.00519,0.9496,0.47667,0.19266,0.00202,0.9325,0.51164,0.19596,0.00539,0.9806,0.51824,0.19329,0.00379,0.9665,0.52418,0.19648,0.00385,0.9609,0.47252,0.20575,0.017,0.9686,0.52848,0.20514,0.01413,0.9349,0.48848,0.22794,0.00371,0.9571,0.51175,0.22815,0.00571,0.9707,0.43061,0.32486,0.00666,0.9493,0.56911,0.32699,0.00581,0.9627,0.42136,0.44795,-0.035,0.978,0.57895,0.44763,-0.03289,0.9512,0.42985,0.55303,-0.05971,0.9912,0.56764,0.54792,-0.05996,0.9772,0.42303,0.56842,-0.06343,0.9586,0.57771,0.56864,-0.06429,0.9472,0.41643,0.56334,-0.06665,0.9504,0.58239,0.5663,-0.06826,0.9651,0.43578,0.56634,-0.05841,0.9539,0.56596,0.56422,-0.0607,0.9726,0.45986,0.55006,0.0022,0.9827,0.54061,0.55015,0.00117,0.9492,0.45879,0.72103,-0.01396,0.9431,0.53973,0.71888,-0.01661,0.9523,0.45641,0.92059,0.00594,0.9772,0.54195,0.91854,0.00267,0.9613,0.45687,0.93919,0.01965,0.9909,0.54033,0.94312,0.01975,0.9349,0.45986,0.94851,-0.02401,0.953,0.54055,0.9499,-0.01932,0.9611
23,0.7667,0.50032,0.21301,0.00187,0.9783,0.48736,0.20266,0.00326,0.9563,0.48044,0.19921,0.0061,0.9772,0.47529,0.19973,0.0049,0.9552,0.5109,0.20141,0.00476,0.9733,0.51883,0.19705,0.00362,0.9534,0.52302,0.20141,0.00598,0.9787,0.46946,0.21038,0.01452,0.9386,0.53018,0.21192,0.01516,0.9479,0.49116,0.23436,0.00067,0.9549,0.50829,0.23767,0.00219,0.923,0.42899,0.33352,0.00173,0.9794,0.57096,0.32878,0.00387,0.9452,0.41927,0.45347,-0.03662,0.9535,0.577,0.45562,-0.03743,0.9665,0.42973,0.55477,-0.06491,0.9563,0.57018,0.55175,-0.06718,0.9635,0.42018,0.57168,-0.07099,0.9589,0.57993,0.57168,-0.07234,0.9571,0.41814,0.56753,-0.07025,0.9746,0.57975,0.56563,-0.06743,0.9527,0.43127,0.56777,-0.06642,0.96,0.56268,0.56875,-0.06645,0.967,0.46003,0.55672,0.0026,0.9776,0.5374,0.55716,0.00411,0.948,0.45778,0.71882,-0.01643,0.95,0.53907,0.71938,-0.01807,0.9463,0.45815,0.91928,0.00503,0.9533,0.5412,0.91938,0.00563,0.9741,0.46321,0.94061,0.0207,0.9488,0.53835,0.9402,0.02049,0.9417,0.45931,0.95154,-0.02032,0.9658,0.53865,0.95152,-0.01911,0.9545
24,0.8,0.49981,0.21713,-0.00055,0.9721,0.48923,0.20711,0.00458,0.937,0.48438,0.20417,0.00291,0.9514,0.47695,0.20608,0.00154,0.9795,0.51316,0.20578,0.00277,0.9408,0.51719,0.20518,0.0041,0.9746,0.52482,0.20593,0.0023,0.9699,0.47146,0.21953,0.00955,0.9769,0.53121,0.21835,0.01323,0.9538,0.48694,0.24258,0.002,0.9573,0.50932,0.24231,0.00391,0.9744,0.43055,0.33878,-0.00417,0.9347,0.57052,0.34098,0.00199,0.9542,0.42034,0.4574,-0.04228,0.9455,0.58089,0.45723,-0.04094,0.9676,0.43198,0.5544,-0.07355,0.9555,0.56975,0.55294,-0.07318,0.9774,0.42151,0.57628,-0.07804,0.9674,0.57813,0.57371,-0.08257,0.9402,0.41794,0.57043,-0.07635,0.9761,0.58198,0.56857,-0.07863,0.9391,0.43476,0.56869,-0.07328,0.9566,0.56509,0.57252,-0.07323,0.9539,0.45923,0.56587,0.00161,0.9338,0.54138,0.5653,0.00073,0.9743,0.45809,0.71931,-0.02065,0.9608,0.5426,0.72109,-0.02151,0.9565,0.46051,0.91992,0.00231,0.9243,0.53953,0.92336,0.00698,0.9734,0.46018,0.93984,0.02184,0.9474,0.53901,0.9367,0.023,0.9709,0.45991,0.95032,-0.0212,0.9655,0.54082,0.9504,-0.02102,0.9395
25,0.8333,0.50108,0.22374,0.00336,0.9812,0.486,0.216,0.00202,0.94,0.48229,0.21296,0.00241,0.9515,0.47648,0.21537,-0.00026,0.9451,0.51107,0.21537,-0.00092,0.9467,0.51671,0.21141,0.00024,0.9699,0.52539,0.21332,0.00372,0.9666,0.47171,0.22569,0.01109,0.9494,0.5292,0.22498,0.01296,0.9638,0.4901,0.24667,0.00328,0.9453,0.51236,0.25006,0.00155,0.9887,0.42826,0.35016,0.00011,0.9633,0.56871,0.34648,-0.00139,0.9582,0.41767,0.46569,-0.04535,0.9798,0.58033,0.46574,-0.04371,0.9309,0.43062,0.55714,-0.07975,0.9101,0.56923,0.55853,-0.07974,0.9381,0.42002,0.57559,-0.08552,0.9501,0.57752,0.57947,-0.08463,0.9643,0.41547,0.56903,-0.0842,0.9625,0.58252,0.57221,-0.08372,0.9527,0.43272,0.57109,-0.0783,0.9618,0.56691,0.57091,-0.07617,0.9456,0.45779,0.57836,0.00298,0.9872,0.5384,0.57401,-0.00141,0.9602,0.45777,0.72191,-0.02818,0.9341,0.54444,0.7181,-0.02371,0.957,0.4621,0.91992,0.00616,0.9512,0.54052,0.92186,0.00325,0.9841,0.45989,0.93828,0.01972,0.9616,0.54233,0.93989,0.02125,0.9834,0.46004,0.95017,-0.0204,0.9606,0.53633,0.94911,-0.02128,0.9552
26,0.8667,0.50137,0.22958,-0.00222,0.9711,0.48898,0.22083,-0.00075,0.9557,0.48363,0.22045,-0.00297,0.9715,0.47672,0.22167,0.00214,0.9361,0.51068,0.22534,-0.00159,0.982,0.51822,0.21717,0.00284,0.968,0.52445,0.22151,0.00073,0.9604,0.46987,0.23303,0.0117,0.9478,0.52932,0.23362,0.01201,0.9641,0.49069,0.25677,-0.00066,0.9955,0.50818,0.25734,0.00057,0.9682,0.43048,0.35535,-0.00175,0.9479,0.56927,0.35552,-0.00181,0.9641,0.41922,0.46909,-0.04826,0.9689,0.58039,0.46937,-0.05161,1.0,0.43089,0.56036,-0.08326,0.9954,0.57126,0.5601,-0.08608,0.9596,0.42132,0.57953,-0.08982,0.9665,0.57646,0.58162,-0.09079,0.9504,0.41887,0.57428,-0.08936,0.9516,0.58322,0.57807,-0.08918,0.929,0.433,0.57303,-0.08365,0.9553,0.56597,0.57545,-0.08523,0.9373,0.45912,0.5851,0.00167,0.9599,0.54107,0.58539,0.00313,0.9494,0.45681,0.7198,-0.02856,0.9517,0.54198,0.7183,-0.0303,0.9303,0.45882,0.91891,0.00391,0.9322,0.53945,0.91899,0.00402,0.9886,0.45923,0.93992,0.02127,0.9684,0.53927,0.9414,0.02172,0.9516,0.45934,0.95129,-0.01914,0.9421,0.54086,0.94987,-0.01848,0.9442
27,0.9,0.50109,0.23861,0.00144,0.9582,0.48763,0.22942,-0.00186,0.951,0.47995,0.22512,-0.00013,0.9585,0.47633,0.22839,0.00129,0.9456,0.51257,0.22968,-0.00281,0.9792,0.5189,0.22917,-0.00041,0.9785,0.52571,0.23212,-0.00325,0.9461,0.47029,0.24105,0.00761,0.9486,0.52901,0.24239,0.00826,0.9249,0.49139,0.26494,-0.00071,0.9463,0.50882,0.26481,-0.00186,0.9418,0.42923,0.36268,-0.00479,0.9886,0.57009,0.36129,-0.00663,0.936,0.41995,0.47318,-0.0565,0.9651,0.57989,0.4767,-0.05729,0.9652,0.43035,0.5624,-0.09004,0.9725,0.572,0.55859,-0.09458,0.9774,0.41942,0.58506,-0.0991,0.9639,0.5819,0.58311,-0.09617,0.9708,0.41739,0.57771,-0.09587,0.9629,0.57987,0.5805,-0.09565,0.9681,0.43325,0.57773,-0.09091,0.9371,0.56614,0.57622,-0.09358,0.9633,0.45944,0.59442,0.00513,0.9734,0.54026,0.59475,0.0022,0.9561,0.45697,0.7204,-0.03193,0.9612,0.54297,0.71725,-0.03308,0.9581,0.46074,0.92065,0.00443,0.9448,0.54141,0.92014,0.00522,0.9501,0.46048,0.93763,0.02161,0.9595,0.54029,0.94338,0.01929,0.9389,0.4585,0.94737,-0.02128,0.9684,0.54056,0.95276,-0.01882,0.9571
28,0.9333,0.49702,0.24788,-0.00126,0.9489,0.48915,0.23608,-0.00188,0.9507,0.48012,0.23621,-0.00169,0.9598,0.47581,0.23883,-0.00308,0.9527,0.51218,0.23674,-0.00286,0.9799,0.5194,0.2348,-0.0025,0.9277,0.52351,0.23721,-0.00355,0.9791,0.46943,0.24686,0.00518,0.9734,0.52976,0.24825,0.00616,0.9591,0.4907,0.27241,-0.00161,0.9548,0.51129,0.2738,-0.00374,0.9564,0.42919,0.37212,-0.00747,0.9617,0.56796,0.37112,-0.00675,0.9443,0.41678,0.48126,-0.05795,0.977,0.57938,0.48173,-0.05625,0.9733,0.4294,0.56333,-0.09959,0.9707,0.56865,0.56618,-0.09913,0.9616,0.4217,0.58732,-0.10394,0.9561,0.57855,0.58321,-0.10322,0.958,0.41986,0.58341,-0.10176,0.9301,0.58399,0.58028,-0.10327,0.9338,0.43287,0.58125,-0.09758,0.9747,0.56658,0.58409,-0.09683,0.9448,0.45962,0.60647,0.00122,0.9319,0.54121,0.60499,0.00208,0.9727,0.45599,0.71962,-0.04141,0.9594,0.54278,0.72077,-0.0386,0.9735,0.45904,0.92054,0.00451,0.9388,0.53898,0.92117,0.00298,0.9765,0.46158,0.94278,0.02093,0.9554,0.54001,0.94028,0.02203,0.9793,0.45894,0.94737,-0.01852,0.956,0.53919,0.94858,-0.01953,0.9543
29,0.9667,0.49905,0.25652,-0.00621,0.948,0.48804,0.24478,-0.00287,0.967,0.48431,0.24048,-0.00481,0.9645,0.47594,0.24314,-0.0043,0.9743,0.51451,0.24617,-0.00434,0.9623,0.51586,0.2399,-0.00416,0.9457,0.52305,0.24326,-0.00569,0.9865,0.46955,0.25544,0.00596,0.9508,0.52952,0.25421,0.00635,0.9513,0.48792,0.27859,-0.00316,0.9555,0.51159,0.2773,-0.00238,0.9472,0.42967,0.37925,-0.00925,0.9631,0.56923,0.37682,-0.00869,0.9543,0.41919,0.48736,-0.06304,0.9475,0.5804,0.48576,-0.0603,0.9839,0.43058,0.56594,-0.10212,0.9653,0.57336,0.57003,-0.10442,0.9748,0.42008,0.58907,-0.10986,0.9457,0.57869,0.58688,-0.11133,0.9683,0.41607,0.58357,-0.10749,0.9837,0.5821,0.58143,-0.11133,0.9553,0.43249,0.58248,-0.10422,0.9998,0.56417,0.58342,-0.10333,0.9712,0.46118,0.60969,0.00374,0.9461,0.54229,0.6115,0.00107,0.9736,0.45518,0.7211,-0.04068,0.9413,0.54616,0.72124,-0.04094,0.9626,0.46065,0.92194,0.00448,0.9602,0.54058,0.92072,0.00188,0.9528,0.45912,0.93819,0.01967,0.9368,0.53692,0.93987,0.01721,0.9471,0.45997,0.9483,-0.02112,0.9131,0.53952,0.9489,-0.02171,0.949
30,1.0,0.49981,0.25992,-0.00906,0.9388,0.48759,0.25228,-0.00578,0.9701,0.47737,0.25295,-0.00696,0.952,0.47598,0.25624,-0.00413,0.9503,0.51252,0.24992,-0.00527,0.9523,0.51717,0.24965,-0.00271,0.948,0.52184,0.2517,-0.00627,0.9568,0.4689,0.25916,0.00354,0.9538,0.528,0.26078,0.00385,0.9576,0.49108,0.28353,-0.00486,0.968,0.51096,0.28243,-0.00718,0.9614,0.42839,0.38373,-0.00819,0.963,0.57001,0.38571,-0.00682,0.9587,0.41984,0.48998,-0.06603,0.9548,0.57812,0.49288,-0.06558,0.9578,0.42932,0.5714,-0.11034,0.9616,0.5693,0.57254,-0.11023,0.957,0.42222,0.59029,-0.11222,0.9859,0.57957,0.58702,-0.11316,0.9642,0.41691,0.58768,-0.11376,0.9494,0.58123,0.58657,-0.11306,0.9715,0.43467,0.58492,-0.108,0.9447,0.56853,0.58714,-0.10899,0.9893,0.46069,0.61962,0.00305,0.9509,0.53782,0.62004,0.00648,0.9672,0.45656,0.72086,-0.0442,0.9812,0.54227,0.71997,-0.04434,0.9579,0.46033,0.91955,0.00485,0.9326,0.53658,0.92098,0.00505,0.9419,0.45998,0.94129,0.02196,0.9556,0.53799,0.93937,0.02125,0.9737,0.46052,0.95279,-0.02045,0.9439,0.53843,0.94899,-0.01787,0.9425
31,1.0333,0.49893,0.26761,-0.00855,0.9617,0.48915,0.25497,-0.00679,0.954,0.4803,0.25566,-0.00624,0.9634,0.4729,0.25545,-0.00496,0.9551,0.51086,0.2566,-0.00656,0.9814,0.51903,0.2534,-0.0083,0.9566,0.52635,0.25762,-0.0061,0.9553,0.47046,0.26773,0.00342,0.9602,0.52983,0.2667,0.00385,0.9501,0.48855,0.28852,-0.01005,0.9509,0.5116,0.29152,-0.00598,0.9754,0.43105,0.39246,-0.01228,0.9658,0.57188,0.39119,-0.01331,0.9725,0.42209,0.49981,-0.06801,0.9513,0.58128,0.49493,-0.06849,0.9635,0.42834,0.57549,-0.11409,0.9744,0.57047,0.57332,-0.11686,0.9519,0.42164,0.59179,-0.11886,0.9628,0.57825,0.5933,-0.11779,0.9669,0.41845,0.58742,-0.11981,0.9405,0.58246,0.58874,-0.11908,0.9676,0.43337,0.58526,-0.11789,0.9321,0.56513,0.58643,-0.1147,0.9832,0.46221,0.62746,0.00603,0.9239,0.53896,0.62816,0.00765,0.9846,0.45598,0.7214,-0.04939,0.961,0.54298,0.72028,-0.04947,0.9718,0.4597,0.9195,0.00735,0.9787,0.54014,0.9183,0.00584,0.9484,0.45842,0.94116,0.01931,0.9721,0.54069,0.94095,0.01731,0.9615,0.46196,0.95048,-0.02058,0.9572,0.53915,0.94875,-0.01802,0.9588
32,1.0667,0.49866,0.27329,-0.00519,0.9435,0.48823,0.2605,-0.00644,0.9576,0.48059,0.25931,-0.01069,0.9626,0.47613,0.2647,-0.00742,0.9798,0.51103,0.26109,-0.00679,0.9613,0.51624,0.26173,-0.00609,0.9503,0.52397,0.26239,-0.00716,0.9414,0.47219,0.27403,0.00051,0.9716,0.53108,0.27016,0.00345,0.9816,0.48886,0.29971,-0.00743,0.9509,0.50976,0.29678,-0.0078,0.9361,0.43083,0.39786,-0.01122,0.9503,0.57043,0.40011,-0.0133,0.9596,0.4168,0.50299,-0.07333,0.9456,0.57712,0.50123,-0.07379,0.9644,0.42893,0.57636,-0.11946,0.9521,0.57015,0.57711,-0.11935,0.9416,0.42239,0.59568,-0.1257,0.9494,0.57661,0.59444,-0.12282,0.9801,0.41668,0.59218,-0.12476,1.0,0.58214,0.58883,-0.12449,0.983,0.43222,0.59117,-0.11738,0.956,0.56639,0.58958,-0.11921,0.9515,0.45883,0.63343,0.00519,0.9863,0.53934,0.6325,0.00564,0.9593,0.45465,0.72158,-0.051,0.9527,0.54374,0.71861,-0.05077,0.9723,0.45851,0.91959,0.00302,0.9688,0.54068,0.91969,0.00487,0.959,0.46028,0.9409,0.0205,0.9604,0.5419,0.93886,0.0188,0.9316,0.45981,0.94767,-0.01833,0.9666,0.53918,0.95127,-0.02037,0.9861
33,1.1,0.50018,0.27776,-0.01051,0.9606,0.48796,0.26654,-0.00941,0.9464,0.48147,0.26286,-0.01068,0.968,0.47471,0.26571,-0.0082,0.9479,0.51321,0.26609,-0.00813,0.9456,0.51769,0.2646,-0.00437,0.9594,0.52557,0.26678,-0.00648,0.9628,0.47108,0.27531,0.00387,0.9797,0.53044,0.2792,0.00273,0.9598,0.49034,0.30066,-0.00704,0.9421,0.51226,0.30107,-0.00613,0.9691,0.42892,0.40111,-0.01121,0.9654,0.57209,0.39852,-0.01431,0.9604,0.41924,0.5035,-0.07489,0.9644,0.57962,0.50467,-0.07525,1.0,0.42744,0.57596,-0.12467,0.9607,0.56826,0.57694,-0.12506,0.9466,0.4219,0.59707,-0.129,0.9877,0.57683,0.59809,-0.1252,0.9845,0.41912,0.59136,-0.12605,0.96,0.58239,0.59226,-0.12901,0.9432,0.43101,0.59317,-0.12244,0.9692,0.56558,0.59259,-0.12068,0.9291,0.4628,0.63957,0.00362,0.9515,0.54267,0.64011,0.00419,0.9501,0.45338,0.72165,-0.05615,0.9607,0.54468,0.71963,-0.05377,0.9585,0.45983,0.92063,0.00643,0.9574,0.53908,0.92181,0.0064,0.9616,0.46019,0.94,0.02417,0.9627,0.53816,0.93907,0.02256,0.9806,0.46245,0.9481,-0.02066,0.962,0.53883,0.95117,-0.01865,0.9658
34,1.1333,0.50118,0.28279,-0.00702,0.9426,0.48618,0.2699,-0.01079,0.9865,0.47977,0.26786,-0.01231,0.9552,0.47463,0.26926,-0.00744,0.9743,0.51325,0.27272,-0.01042,0.97,0.51778,0.26858,-0.01034,0.9715,0.52214,0.26993,-0.00973,0.9773,0.47006,0.28168,0.00032,0.9417,0.52975,0.27784,0.0012,0.9247,0.49086,0.30373,-0.00853,0.9447,0.51014,0.30486,-0.00852,0.9431,0.43004,0.40387,-0.01202,0.9453,0.57066,0.40386,-0.01451,0.9596,0.4224,0.50431,-0.07974,0.9467,0.58122,0.50766,-0.07811,0.9512,0.42934,0.57895,-0.12521,0.9505,0.57023,0.579,-0.12648,0.9755,0.41864,0.598,-0.1291,0.9753,0.57769,0.59673,-0.13144,0.9507,0.41985,0.59285,-0.12821,0.948,0.58266,0.59303,-0.12988,0.9557,0.43649,0.59363,-0.12504,0.9574,0.56497,0.58972,-0.1242,0.9807,0.45898,0.64154,0.00461,0.9593,0.54068,0.64793,0.00489,0.957,0.45343,0.71849,-0.05955,0.9209,0.54219,0.71985,-0.05692,0.9551,0.46053,0.91954,0.00491,0.9531,0.54093,0.92304,0.0034,0.9582,0.45842,0.93773,0.02185,0.9522,0.54065,0.94177,0.02168,0.9421,0.45946,0.95034,-0.02066,0.9752,0.53941,0.95042,-0.02241,0.9162
35,1.1667,0.50099,0.2827,-0.00851,0.9375,0.48757,0.27144,-0.0082,0.9686,0.48354,0.27326,-0.00971,0.957,0.47805,0.27518,-0.00955,0.941,0.51381,0.27403,-0.00836,0.9841,0.51859,0.2709,-0.01044,0.9369,0.52135,0.27137,-0.01205,0.9648,0.47115,0.28154,-0.00273,0.9423,0.53131,0.28359,-0.00064,0.9909,0.48809,0.30874,-0.00915,0.9595,0.51311,0.31075,-0.00796,0.9379,0.42941,0.40945,-0.01686,0.9631,0.57139,0.40904,-0.01409,0.96,0.41978,0.50961,-0.07759,0.9607,0.58094,0.50719,-0.07904,0.97,0.429,0.5821,-0.12834,0.9619,0.57033,0.57802,-0.12943,0.9461,0.42247,0.59847,-0.13602,0.9653,0.58029,0.597,-0.13259,0.9734,0.41773,0.5925,-0.1338,0.974,0.58102,0.59245,-0.13164,0.9414,0.43422,0.59423,-0.12637,0.9504,0.56701,0.59399,-0.12786,0.9374,0.46244,0.64846,0.00596,0.97,0.53935,0.64767,0.00309,0.9411,0.45823,0.72101,-0.05862,0.9588,0.54329,0.72075,-0.06005,0.9601,0.46138,0.91953,0.00458,0.9671,0.54003,0.9197,0.00609,0.9915,0.46131,0.93916,0.02045,0.9761,0.53949,0.93922,0.01932,0.9643,0.46142,0.94962,-0.01893,0.9432,0.54116,0.9506,-0.01947,0.9754
36,1.2,0.49966,0.28542,-0.00973,0.9791,0.48863,0.27461,-0.0088,0.9653,0.48229,0.27147,-0.00892,0.951,0.47567,0.27522,-0.00994,0.9853,0.51197,0.27389,-0.01127,0.9481,0.51856,0.27274,-0.01008,0.9653,0.52575,0.27435,-0.01365,0.9246,0.47071,0.28381,0.00209,0.9806,0.53048,0.28302,-0.00233,0.9435,0.49063,0.30822,-0.00602,0.9636,0.51082,0.3115,-0.0084,0.9589,0.43165,0.41134,-0.01545,0.9544,0.56841,0.40779,-0.01766,0.9593,0.4191,0.50914,-0.08164,0.995,0.58047,0.50726,-0.0798,0.9676,0.42784,0.58029,-0.13032,0.9785,0.56843,0.58368,-0.13004,0.9539,0.4217,0.59816,-0.13827,0.9897,0.57819,0.60152,-0.13568,0.9391,0.41746,0.59349,-0.13577,0.9529,0.58121,0.59472,-0.13574,0.9644,0.43407,0.59455,-0.1288,0.9691,0.56746,0.59456,-0.13061,0.9504,0.46047,0.64778,0.0067,0.9381,0.54133,0.64994,0.00231,0.951,0.45628,0.71987,-0.06117,0.9971,0.54405,0.72067,-0.05957,0.9556,0.45922,0.92166,0.00255,0.9656,0.54195,0.91934,0.00649,0.9771,0.46019,0.94032,0.01843,0.9725,0.54142,0.94105,0.02312,0.9447,0.45899,0.95071,-0.02182,0.9533,0.53883,0.94899,-0.02155,0.9625
37,1.2333,0.50106,0.28829,-0.00814,0.965,0.48934,0.27625,-0.01236,0.9468,0.48112,0.27221,-0.00984,0.9698,0.47759,0.2736,-0.00836,0.9792,0.50875,0.27772,-0.01168,0.9694,0.51744,0.27161,-0.01259,0.9565,0.52489,0.276,-0.01019,0.9611,0.47075,0.28545,0.00042,0.978,0.52754,0.28496,0.00063,0.9573,0.48951,0.30782,-0.01112,0.9312,0.51273,0.31066,-0.00857,0.9399,0.43054,0.41339,-0.01572,0.9452,0.57038,0.40989,-0.01662,0.9506,0.42052,0.50951,-0.07962,0.9663,0.57722,0.51103,-0.07931,0.9505,0.43185,0.57866,-0.13051,0.9643,0.57109,0.58158,-0.12722,0.9623,0.42187,0.60035,-0.13642,0.9781,0.578,0.60116,-0.13202,0.9331,0.41713,0.59364,-0.13537,0.9437,0.57988,0.59484,-0.13372,0.9501,0.43309,0.59523,-0.12922,0.964,0.56604,0.59404,-0.13143,0.9682,0.4607,0.6533,0.00427,0.9317,0.53723,0.64964,0.00502,0.9502,0.45751,0.72205,-0.05937,0.9662,0.54611,0.71905,-0.05782,0.9529,0.46319,0.91969,0.00713,0.9588,0.54076,0.91901,0.00543,0.9701,0.46015,0.94087,0.01971,0.9454,0.54002,0.9378,0.02075,0.9648,0.46274,0.9478,-0.01731,0.949,0.54056,0.94661,-0.0205,0.9563
38,1.2667,0.50177,0.28272,-0.00874,0.9464,0.48985,0.27617,-0.00904,0.9426,0.48171,0.27331,-0.00958,0.9557,0.47524,0.27308,-0.00989,0.9547,0.51204,0.2743,-0.00986,0.9805,0.51789,0.27232,-0.01067,0.958,0.52562,0.27573,-0.00915,0.965,0.46897,0.28552,-0.00041,0.9464,0.53282,0.28579,-0.00094,0.9659,0.49133,0.30979,-0.00781,0.9801,0.50831,0.31172,-0.00898,0.9828,0.43069,0.40888,-0.01437,0.9229,0.57127,0.41002,-0.01573,0.9529,0.41992,0.51384,-0.07892,0.954,0.5804,0.51012,-0.07898,0.9795,0.42856,0.58138,-0.13021,0.9712,0.57061,0.57854,-0.13182,0.9588,0.42275,0.59765,-0.1315,0.9644,0.57847,0.59957,-0.1353,0.9599,0.41919,0.59357,-0.13515,0.9248,0.58601,0.59585,-0.13336,0.9484,0.43214,0.59624,-0.1312,0.9564,0.56687,0.59236,-0.12924,0.9444,0.45938,0.64996,0.00359,0.9639,0.54093,0.64946,0.00396,0.9328,0.45475,0.71869,-0.05902,0.9544,0.5441,0.72074,-0.05923,0.9735,0.4623,0.92221,0.0056,0.9625,0.54007,0.91905,0.00753,0.9482,0.45808,0.9419,0.01918,0.9482,0.53923,0.93697,0.01828,0.9881,0.45986,0.95388,-0.01825,0.9566,0.53879,0.94852,-0.02053,0.9618
39,1.3,0.50208,0.28188,-0.00849,0.9435,0.48505,0.27277,-0.01086,0.9525,0.48332,0.26879,-0.01135,0.9521,0.4717,0.27361,-0.01253,0.9757,0.5121,0.27499,-0.0076,0.9394,0.51662,0.27237,-0.01311,0.9256,0.52476,0.27673,-0.00755,0.9756,0.46905,0.28264,-0.00065,0.9682,0.53034,0.2839,0.00046,0.9764,0.493,0.31073,-0.01154,0.9516,0.51134,0.30827,-0.0101,0.9501,0.42886,0.40969,-0.01704,0.9548,0.56991,0.40772,-0.01355,0.9696,0.41909,0.51029,-0.0796,0.9804,0.5759,0.50764,-0.07548,0.9681,0.42882,0.5797,-0.13205,0.9516,0.56895,0.5795,-0.12942,0.9454,0.42103,0.59857,-0.13397,0.9394,0.57618,0.5998,-0.13261,0.9716,0.41887,0.5936,-0.13262,0.951,0.58306,0.5943,-0.13123,0.9559,0.4342,0.59381,-0.1275,0.9613,0.56659,0.59152,-0.12887,0.9613,0.45837,0.64774,0.00507,0.9504,0.54041,0.64755,0.00448,0.9359,0.45432,0.7197,-0.0581,0.9401,0.54417,0.72039,-0.06161,0.9472,0.4603,0.91972,0.00577,0.9529,0.53838,0.91911,0.00713,0.9626,0.45962,0.93872,0.02135,0.9309,0.53839,0.93925,0.02461,0.9505,0.45818,0.94764,-0.02021,0.9781,0.54068,0.949,-0.02199,0.9593
40,1.3333,0.49957,0.28038,-0.01172,0.9606,0.48693,0.26987,-0.00939,0.951,0.48222,0.26642,-0.01029,0.9297,0.47347,0.27251,-0.00902,0.9557,0.51253,0.26738,-0.00822,0.9532,0.51887,0.26818,-0.01103,0.9855,0.5245,0.27221,-0.00873,0.9511,0.47208,0.27971,0.00115,0.9768,0.52656,0.27784,0.00243,0.9727,0.48968,0.30498,-0.00833,0.9608,0.51073,0.30608,-0.00694,0.9634,0.42923,0.40475,-0.01322,0.9855,0.56922,0.40525,-0.01334,0.9458,0.41803,0.50752,-0.07696,0.9611,0.58085,0.5064,-0.07768,0.9617,0.42999,0.57911,-0.12724,0.9622,0.56959,0.57997,-0.12224,0.9465,0.422,0.5986,-0.13119,0.9748,0.57657,0.59957,-0.13089,0.9632,0.41589,0.59361,-0.13279,0.9885,0.58141,0.5931,-0.13243,0.9562,0.4366,0.59127,-0.12263,0.9458,0.56679,0.59409,-0.1262,0.9465,0.45814,0.64536,0.00393,0.9755,0.53785,0.64257,0.00474,0.9701,0.45653,0.71746,-0.05756,0.971,0.5463,0.72003,-0.05736,0.9719,0.46199,0.9209,0.00418,0.9711,0.53864,0.91797,0.00742,0.9629,0.45793,0.94066,0.02077,0.9457,0.53806,0.93884,0.01952,0.9746,0.4617,0.9485,-0.01985,0.9412,0.53949,0.95154,-0.0198,0.9396
41,1.3667,0.49994,0.2763,-0.00718,0.9593,0.48922,0.26812,-0.00632,0.9646,0.48419,0.26397,-0.00853,0.9489,0.47633,0.26644,-0.00605,0.9539,0.51288,0.26707,-0.01088,0.9704,0.51773,0.26552,-0.00862,0.9304,0.52471,0.26929,-0.00868,0.9616,0.46918,0.27797,0.00232,0.9475,0.52919,0.27565,0.00479,0.9772,0.489,0.30317,-0.00868,0.9943,0.50992,0.29976,-0.01035,0.9515,0.43103,0.40108,-0.01056,0.9616,0.56857,0.40316,-0.01542,0.96,0.42109,0.503,-0.07621,0.9481,0.58077,0.5047,-0.07506,0.9714,0.42978,0.58158,-0.12386,0.9705,0.57055,0.57737,-0.12099,0.977,0.42261,0.59499,-0.12639,0.9926,0.57633,0.59938,-0.12723,0.9661,0.419,0.59285,-0.12783,0.942,0.58149,0.58935,-0.12667,0.9499,0.43449,0.59176,-0.12369,0.9487,0.56621,0.58959,-0.12222,0.9583,0.45805,0.63886,0.0049,0.9782,0.54403,0.64064,0.00397,0.965,0.45095,0.71967,-0.05683,0.9717,0.5427,0.72021,-0.05394,0.9675,0.45817,0.92185,0.00296,0.9618,0.53905,0.92286,0.00466,0.9655,0.45961,0.94486,0.02082,0.9903,0.5407,0.9401,0.01816,0.9977,0.4582,0.95046,-0.02227,0.9553,0.5421,0.95161,-0.01984,0.9547
42,1.4,0.49743,0.27291,-0.00517,0.9444,0.4885,0.26245,-0.00782,0.9626,0.48235,0.26491,-0.00759,0.9365,0.47797,0.26222,-0.00688,0.9439,0.51214,0.26189,-0.0054,0.946,0.51728,0.2622,-0.00528,0.9729,0.5255,0.26146,-0.00582,0.9693,0.46996,0.27471,0.0028,0.9863,0.53229,0.27059,0.00204,0.9692,0.48761,0.29862,-0.00593,0.9658,0.50692,0.29801,-0.0091,0.9597,0.4299,0.3951,-0.01031,0.9483,0.57064,0.39572,-0.01186,0.9298,0.42092,0.49958,-0.0712,0.947,0.5804,0.4985,-0.0709,0.9526,0.42656,0.57664,-0.11949,0.9727,0.56934,0.57421,-0.11751,0.9568,0.42385,0.59432,-0.12197,0.9668,0.57944,0.59544,-0.12291,0.9788,0.41695,0.59123,-0.12473,0.9795,0.5805,0.59041,-0.12147,0.9548,0.43436,0.59146,-0.11929,0.9416,0.56624,0.5902,-0.12018,0.9751,0.46073,0.63374,0.00387,0.9577,0.53922,0.63614,0.0072,0.9607,0.45712,0.71913,-0.05216,0.9456,0.54415,0.72269,-0.0526,0.9581,0.45767,0.9201,0.00545,0.9637,0.54002,0.91916,0.00725,0.9284,0.4597,0.94084,0.02076,0.9384,0.53969,0.93723,0.02209,0.9547,0.45787,0.94933,-0.01855,0.9596,0.54296,0.94871,-0.01896,0.9587
43,1.4333,0.50225,0.26631,-0.006,0.9644,0.4873,0.25696,-0.00679,0.9536,0.48173,0.25534,-0.00803,0.951,0.47791,0.25767,-0.00469,0.9425,0.51583,0.25879,-0.00467,0.9789,0.5166,0.25401,-0.00972,0.9317,0.52216,0.25626,-0.00598,0.9534,0.46923,0.26534,0.00329,0.9746,0.53076,0.26822,0.00138,0.9679,0.48913,0.29313,-0.00513,0.9679,0.50889,0.29041,-0.00393,0.9577,0.43083,0.39098,-0.01375,0.938,0.5704,0.38988,-0.00884,0.9798,0.4209,0.49594,-0.07026,0.9694,0.57968,0.49673,-0.07187,0.9881,0.42934,0.57355,-0.11632,0.9673,0.56961,0.57696,-0.11375,0.9592,0.42262,0.59284,-0.11792,0.9335,0.57983,0.59115,-0.11967,0.9544,0.41843,0.58702,-0.11999,0.9542,0.58264,0.58703,-0.11702,0.9567,0.4365,0.58649,-0.1128,0.9695,0.56461,0.58711,-0.11357,0.9535,0.45655,0.63067,0.00182,0.9482,0.5388,0.6278,0.00383,0.9679,0.45605,0.72019,-0.04835,0.965,0.54148,0.71687,-0.04987,0.963,0.45777,0.92233,0.00412,0.9697,0.54052,0.91819,0.00455,0.9823,0.45997,0.93963,0.01597,0.9636,0.53823,0.93958,0.02244,0.9554,0.46021,0.94963,-0.01945,0.9657,0.53947,0.94805,-0.0215,0.9527
44,1.4667,0.50128,0.26441,-0.00583,0.9444,0.48727,0.25313,-0.00449,0.9644,0.47823,0.24831,-0.00556,0.977,0.47593,0.25088,-0.00706,0.9745,0.51053,0.24914,-0.00451,0.9681,0.51809,0.24871,-0.00731,0.9353,0.52322,0.25268,-0.00056,0.9834,0.47216,0.26112,0.00515,0.9582,0.52826,0.26013,0.00679,0.9305,0.49032,0.28548,-0.0054,0.944,0.50814,0.28644,-0.00415,0.9521,0.43079,0.38399,-0.00949,0.9429,0.56953,0.38662,-0.00808,0.9568,0.41568,0.49037,-0.06507,0.9583,0.57997,0.49295,-0.06592,0.9422,0.43162,0.57084,-0.10829,0.9301,0.57045,0.56769,-0.11126,0.9577,0.42047,0.5897,-0.11595,0.969,0.58039,0.59054,-0.11286,0.9965,0.418,0.58453,-0.11598,0.9731,0.58151,0.58559,-0.11562,0.9538,0.43167,0.58677,-0.11107,0.9585,0.56561,0.5864,-0.10654,0.9353,0.45829,0.62093,0.00323,0.9607,0.54119,0.62192,0.00532,0.9433,0.45727,0.72155,-0.04761,0.9469,0.54224,0.71945,-0.0454,0.9488,0.45995,0.92014,0.00328,0.9949,0.54006,0.92082,0.00681,0.9554,0.4635,0.94181,0.02151,0.9797,0.54302,0.93778,0.01802,0.959,0.45928,0.95117,-0.01884,0.9552,0.53983,0.95028,-0.01941,0.962
45,1.5,0.50054,0.25396,-0.00263,0.9763,0.48678,0.24304,-0.00455,0.9707,0.47958,0.24229,-0.00252,0.9803,0.47571,0.2436,-0.00441,0.9518,0.51127,0.24735,-0.00443,0.9537,0.51535,0.24358,-0.00551,0.9866,0.52562,0.24616,-0.00561,0.9704,0.47008,0.25147,0.00381,0.9746,0.52793,0.25566,0.00242,0.9677,0.49058,0.28216,-0.00431,0.9777,0.51268,0.28013,-0.00496,0.9462,0.42973,0.37771,-0.00827,0.9596,0.56946,0.37748,-0.00622,0.9505,0.4208,0.48731,-0.06346,0.9631,0.57967,0.48763,-0.06143,0.9588,0.42948,0.56603,-0.10533,0.9794,0.56893,0.5687,-0.10315,0.9411,0.42116,0.58904,-0.10922,0.9486,0.57674,0.58682,-0.10874,0.9577,0.41715,0.58515,-0.11209,0.9787,0.58183,0.58418,-0.11108,0.9539,0.43343,0.58059,-0.09995,0.9576,0.56622,0.58267,-0.10263,0.9961,0.46056,0.61306,0.0028,0.9844,0.54073,0.61064,0.00441,0.9617,0.45551,0.71884,-0.04361,0.9539,0.54305,0.72141,-0.04234,0.974,0.46035,0.92165,0.0046,0.9679,0.5384,0.91957,0.00509,0.9406,0.46019,0.93889,0.02142,0.9756,0.54162,0.94001,0.02354,0.9685,0.4604,0.95013,-0.01847,0.9848,0.53955,0.94973,-0.01859,0.9765
46,1.5333,0.50253,0.24762,-0.00077,0.9526,0.48771,0.23621,0.00025,0.9582,0.48302,0.2383,-0.00435,0.9438,0.47642,0.23944,-0.00246,0.9589,0.51378,0.23488,-0.00319,0.9687,0.51769,0.23441,-0.00428,0.9632,0.52201,0.23883,-0.00015,0.995,0.47193,0.24876,0.00645,0.9593,0.5301,0.24872,0.0073,0.9606,0.48826,0.27133,-0.00597,0.9506,0.51146,0.27518,-0.00202,0.9625,0.43049,0.36959,-0.00769,0.948,0.57046,0.37163,-0.00496,0.9543,0.42088,0.48137,-0.06032,0.9533,0.58055,0.48173,-0.05777,0.956,0.43056,0.56392,-0.10081,0.9611,0.57039,0.56564,-0.09425,0.938,0.42071,0.5854,-0.10366,0.9717,0.57831,0.58489,-0.10331,0.9603,0.4168,0.57951,-0.10492,0.9776,0.58011,0.57943,-0.10197,0.9713,0.43477,0.57949,-0.09723,0.9406,0.56438,0.58068,-0.09814,0.9649,0.45965,0.60455,0.00037,0.9396,0.5415,0.60068,0.00169,0.9469,0.45661,0.723,-0.0397,0.947,0.54399,0.72128,-0.03956,0.96,0.46097,0.92118,0.00287,0.9636,0.54016,0.91771,0.00183,0.9582,0.46021,0.9406,0.01892,0.9614,0.53782,0.939,0.02275,0.9484,0.46052,0.94777,-0.02018,0.9512,0.54092,0.94832,-0.01913,0.9564
47,1.5667,0.50091,0.24053,-0.0003,0.9855,0.48655,0.23108,-0.00204,0.9668,0.48346,0.22781,-0.00147,0.9536,0.47422,0.23119,-0.00216,0.9556,0.51142,0.22786,-0.00292,0.9668,0.51815,0.22956,-0.002,0.9568,0.52162,0.22921,0.0008,0.967,0.46768,0.2401,0.00888,0.9508,0.53044,0.23864,0.00732,0.9687,0.4892,0.26669,0.00058,0.9718,0.51025,0.26198,-0.00274,0.9604,0.42915,0.36201,-0.0062,0.982,0.56999,0.36297,-0.00425,0.9575,0.42011,0.47608,-0.05357,0.9451,0.58091,0.47721,-0.0535,0.9953,0.42716,0.56317,-0.09528,0.9543,0.56977,0.56476,-0.0911,0.9565,0.42405,0.58587,-0.09458,0.948,0.57737,0.5844,-0.09771,0.9495,0.41915,0.5744,-0.09683,0.9676,0.58401,0.57962,-0.09607,0.9713,0.43341,0.57839,-0.09247,0.9562,0.56855,0.57725,-0.09056,0.9523,0.46281,0.59558,0.00339,0.9775,0.5406,0.59296,0.00498,0.9718,0.45948,0.7178,-0.03592,0.939,0.54342,0.72224,-0.03504,0.9467,0.45962,0.91882,0.00716,0.9888,0.54144,0.92102,0.00575,0.9636,0.45936,0.94162,0.02351,0.9641,0.54047,0.94191,0.0216,0.939,0.4594,0.94973,-0.01846,0.9538,0.54052,0.94978,-0.01875,0.9674
48,1.6,0.50121,0.2322,0.00118,0.959,0.48809,0.22202,0.00153,0.9721,0.48316,0.2204,-0.00185,0.9612,0.47655,0.2216,-0.00138,0.9557,0.514,0.22348,-0.00068,0.9506,0.51669,0.22234,0.00111,0.9516,0.52277,0.22387,0.00082,0.958,0.47048,0.23351,0.01197,0.9488,0.52986,0.2313,0.01072,0.938,0.49277,0.25519,-0.00108,0.9527,0.50926,0.2576,-0.00105,0.9639,0.42902,0.35505,-0.00338,0.9673,0.57064,0.35395,-0.00253,0.9543,0.42248,0.47011,-0.04908,0.9644,0.57817,0.46954,-0.05128,0.9349,0.42956,0.56194,-0.08513,0.9408,0.56875,0.5582,-0.082,0.9745,0.42074,0.58026,-0.09025,0.9687,0.57907,0.58011,-0.09268,0.9666,0.41594,0.57594,-0.08876,0.96,0.58076,0.57494,-0.09014,0.9389,0.43582,0.57552,-0.08562,0.9689,0.56705,0.57633,-0.08903,0.9458,0.45874,0.58444,0.00314,0.9301,0.53931,0.58699,0.0029,0.9686,0.45759,0.72071,-0.03019,0.9641,0.54284,0.71942,-0.03154,0.9448,0.45964,0.92148,0.00735,0.9724,0.53899,0.91975,0.00689,0.9377,0.46066,0.9392,0.01883,0.9735,0.54021,0.93566,0.01947,0.9477,0.45729,0.94783,-0.02222,0.9871,0.53762,0.94769,-0.0213,0.9411
49,1.6333,0.50101,0.22406,0.00095,0.9397,0.48728,0.21441,0.00262,0.9902,0.48099,0.21348,-0.00045,0.9678,0.47617,0.20793,0.00308,0.9898,0.51589,0.21573,0.00105,0.9555,0.51765,0.21428,-0.00013,0.9601,0.52381,0.21158,0.00115,0.9598,0.46942,0.22524,0.01259,0.9615,0.5291,0.22735,0.01235,0.9565,0.4913,0.25121,0.00038,0.9649,0.51091,0.25047,0.00187,0.9504,0.42973,0.34442,-0.00194,0.9668,0.57081,0.34633,-0.00171,0.9378,0.41897,0.46349,-0.04629,0.9442,0.58069,0.46344,-0.04483,0.9499,0.43064,0.55674,-0.07988,0.9596,0.5691,0.55766,-0.07761,0.9273,0.42061,0.57809,-0.08485,0.9662,0.57755,0.57854,-0.08304,0.9652,0.41701,0.5702,-0.084,0.9679,0.58116,0.57445,-0.08237,0.9793,0.43462,0.57417,-0.07613,0.9338,0.56654,0.57083,-0.0819,0.9598,0.45987,0.57583,0.00023,0.9675,0.53907,0.57449,0.00385,0.9492,0.45719,0.71719,-0.02554,0.9481,0.54334,0.7212,-0.02584,0.9368,0.45825,0.91959,0.00592,0.9478,0.54408,0.92042,0.00498,0.9354,0.45995,0.94012,0.01871,0.9743,0.54055,0.93837,0.01948,0.9461,0.46286,0.94973,-0.02036,0.9465,0.5413,0.94813,-0.01916,0.9579
50,1.6667,0.50026,0.2161,0.00406,0.9561,0.48887,0.20602,0.00206,0.964,0.48119,0.20488,0.00363,0.9557,0.47798,0.2102,0.00223,0.9689,0.50865,0.20724,0.00386,0.9531,0.51846,0.20659,0.00205,0.9504,0.52564,0.20704,0.00535,0.94,0.46895,0.21698,0.01322,0.9717,0.53194,0.21614,0.01242,0.9931,0.4896,0.24125,0.0016,0.9875,0.51013,0.2411,0.00347,0.9515,0.42943,0.33924,0.00138,0.9342,0.57018,0.33929,0.00107,0.946,0.41654,0.4586,-0.04185,0.9624,0.57897,0.4567,-0.04193,0.9573,0.42794,0.55557,-0.07198,0.9349,0.57279,0.55273,-0.06841,0.964,0.42318,0.57405,-0.07726,0.9294,0.57642,0.57412,-0.07747,0.9687,0.4176,0.56733,-0.07921,0.9594,0.58207,0.5675,-0.07837,0.9773,0.43409,0.56897,-0.07455,0.9213,0.56497,0.56888,-0.06997,0.9751,0.4605,0.56771,0.00246,0.9439,0.54024,0.56873,0.00272,0.9521,0.45756,0.71886,-0.02127,0.9659,0.54148,0.71757,-0.02007,0.9532,0.45944,0.92057,0.00413,0.9826,0.53805,0.92171,0.00514,0.9611,0.45825,0.93995,0.02019,0.974,0.53806,0.94171,0.01798,0.9601,0.45884,0.94635,-0.01916,0.9503,0.54131,0.94811,-0.02072,0.9563
51,1.7,0.50116,0.20937,0.00364,0.9589,0.4896,0.20108,0.00301,0.9451,0.48057,0.19813,0.00593,0.974,0.47531,0.20221,0.00155,0.9465,0.50906,0.19964,0.00508,0.9705,0.52006,0.19829,0.00417,0.9577,0.52432,0.20147,0.00205,0.97,0.46914,0.20874,0.01371,0.9669,0.53315,0.20876,0.01372,0.9599,0.49264,0.2351,0.00294,0.9426,0.51133,0.23805,0.00551,0.9634,0.43101,0.33464,0.00048,0.9307,0.56951,0.33271,0.00106,0.977,0.42055,0.45287,-0.0389,0.9671,0.57993,0.45225,-0.04048,0.9651,0.42819,0.55119,-0.06626,0.9415,0.56794,0.55068,-0.06604,0.9619,0.42216,0.57154,-0.07206,0.9713,0.57555,0.57416,-0.07307,0.9426,0.41895,0.56718,-0.07045,0.9626,0.58072,0.56659,-0.06888,0.9305,0.43464,0.56646,-0.06781,0.9417,0.56591,0.5676,-0.06397,0.9816,0.46099,0.55995,3e-05,0.9791,0.54146,0.55954,3e-05,0.9943,0.4568,0.72059,-0.01868,0.9532,0.53949,0.71892,-0.01876,0.9654,0.45996,0.91912,0.00614,0.9475,0.54254,0.92025,0.00678,0.9532,0.45691,0.9402,0.0216,0.9628,0.5394,0.93913,0.02004,0.9632,0.4612,0.95181,-0.02351,0.9638,0.54105,0.95235,-0.02122,0.9524
52,1.7333,0.49896,0.20451,0.00703,0.9664,0.48816,0.19323,0.00448,0.9535,0.47928,0.18802,0.00783,0.9775,0.47623,0.19166,0.00443,0.9546,0.5112,0.19735,0.00209,0.9645,0.5193,0.19435,0.00904,0.9758,0.52559,0.1959,0.00883,0.9634,0.47002,0.20402,0.01494,0.9635,0.52913,0.20522,0.0136,0.9774,0.48979,0.22913,0.00602,0.9513,0.50996,0.23043,0.00437,0.9513,0.43273,0.32283,0.00518,0.9455,0.56987,0.32459,0.00643,0.9619,0.42237,0.44851,-0.035,0.9573,0.57958,0.4483,-0.03416,0.9568,0.43087,0.55045,-0.06229,0.9365,0.56952,0.54785,-0.06345,0.9605,0.42187,0.56731,-0.06701,0.9524,0.57794,0.5692,-0.0659,0.954,0.41687,0.56656,-0.06446,0.9468,0.58344,0.56203,-0.06732,0.9706,0.4307,0.56266,-0.05994,0.9738,0.56573,0.56388,-0.05788,0.9217,0.46083,0.55153,0.00039,0.9893,0.54039,0.55238,-0.0001,0.9584,0.45972,0.71791,-0.01222,0.9577,0.54168,0.72158,-0.01582,0.9894,0.45896,0.91999,0.00525,0.9625,0.5385,0.92117,0.0041,0.96,0.45876,0.9412,0.02025,0.9421,0.54003,0.94202,0.02254,0.9764,0.46186,0.95101,-0.01729,0.9709,0.54086,0.94858,-0.02059,0.9538
53,1.7667,0.50098,0.19729,0.0082,0.9404,0.48833,0.19025,0.00669,0.981,0.48338,0.18496,0.00794,0.9852,0.47421,0.18904,0.00865,0.9516,0.51116,0.18827,0.0082,0.9362,0.51837,0.18439,0.00562,0.9385,0.52394,0.18899,0.00572,0.9626,0.46859,0.19721,0.01617,0.96,0.53372,0.19619,0.0156,0.953,0.48848,0.22465,0.00706,0.9597,0.51098,0.22329,0.00525,0.959,0.43059,0.31915,0.00488,0.9578,0.56827,0.3182,0.00704,0.9592,0.42289,0.44429,-0.02839,0.9525,0.57768,0.44353,-0.02886,0.9619,0.43079,0.54706,-0.05733,0.9581,0.57153,0.54967,-0.05469,0.9705,0.4222,0.57036,-0.06169,0.9604,0.57774,0.56984,-0.05802,0.9852,0.41962,0.5597,-0.05972,0.9722,0.58151,0.56454,-0.05901,0.9651,0.43274,0.56213,-0.05502,0.9406,0.56299,0.55811,-0.05569,0.994,0.46113,0.54408,0.00054,0.9342,0.54075,0.54087,1e-05,0.9593,0.45851,0.72021,-0.01086,0.9661,0.53921,0.71956,-0.01155,0.9625,0.46067,0.92227,0.00371,0.9386,0.53974,0.92015,0.003,0.9672,0.46208,0.93824,0.01824,0.9436,0.5407,0.9409,0.0157,0.9798,0.46279,0.95062,-0.02143,0.9369,0.53875,0.95168,-0.02051,0.9729
54,1.8,0.49851,0.19312,0.00763,0.9473,0.48808,0.18234,0.00488,0.9514,0.48385,0.18239,0.00584,0.9787,0.47599,0.18265,0.00724,0.9661,0.51175,0.18234,0.00877,0.9737,0.51761,0.18023,0.00645,0.9845,0.52209,0.18208,0.00741,0.9528,0.47293,0.19258,0.01815,0.9621,0.52932,0.19056,0.01897,0.9517,0.49075,0.21843,0.01112,0.9845,0.51112,0.21665,0.00795,0.9914,0.42847,0.31335,0.00525,0.9618,0.56852,0.31523,0.00654,0.9487,0.42031,0.43818,-0.02603,0.9855,0.57929,0.4391,-0.02861,0.9275,0.43146,0.54516,-0.05066,0.9631,0.56987,0.54756,-0.05136,0.943,0.42342,0.56525,-0.05509,0.995,0.57722,0.56521,-0.05729,0.9502,0.41752,0.56227,-0.05606,0.9637,0.58024,0.56001,-0.05736,0.9671,0.43226,0.56025,-0.05221,0.9527,0.56767,0.56086,-0.05193,0.9454,0.45932,0.53627,0.00242,0.9748,0.5398,0.53564,0.00197,0.9691,0.46006,0.72001,-0.0085,0.9626,0.53826,0.72155,-0.00554,0.9566,0.46104,0.92222,0.00564,0.9461,0.53999,0.92136,0.00469,0.9602,0.46098,0.94064,0.02137,0.9666,0.53708,0.93997,0.02157,0.9659,0.45936,0.94745,-0.01868,0.9428,0.54129,0.94829,-0.01924,0.9855
55,1.8333,0.49934,0.18694,0.00883,0.9704,0.48869,0.17635,0.01073,0.9615,0.48471,0.17701,0.00897,0.961,0.47584,0.17981,0.00953,0.9435,0.51018,0.17783,0.00721,0.9593,0.51771,0.17571,0.00963,0.9634,0.52268,0.17846,0.00803,0.939,0.46964,0.19103,0.02043,0.9645,0.52996,0.18972,0.01691,0.9853,0.48933,0.216,0.01006,0.921,0.51146,0.21303,0.00943,0.9476,0.43096,0.30849,0.00735,0.9807,0.56985,0.30647,0.00827,0.9391,0.42043,0.43702,-0.02342,0.9604,0.57787,0.43606,-0.02479,0.957,0.42899,0.54285,-0.04603,0.943,0.5709,0.54254,-0.04779,0.9539,0.41962,0.55767,-0.05214,1.0,0.57722,0.56497,-0.05017,0.9747,0.42086,0.5593,-0.04974,0.9769,0.58281,0.55912,-0.04906,0.9794,0.43401,0.55865,-0.04626,0.9514,0.56302,0.55839,-0.04749,0.9783,0.45741,0.52876,0.00034,0.9714,0.53918,0.52699,0.0002,0.9378,0.46073,0.71756,-0.00576,0.96,0.54027,0.71635,-0.00445,0.9665,0.46047,0.92086,0.00438,0.9675,0.53955,0.92005,0.00557,0.9654,0.45879,0.93705,0.02118,0.9663,0.54194,0.94121,0.01786,0.9468,0.45669,0.95069,-0.01933,0.9889,0.53779,0.9537,-0.02052,0.9517
56,1.8667,0.49827,0.18745,0.00871,0.9465,0.48721,0.17901,0.00869,0.9496,0.48145,0.17164,0.0089,0.9464,0.47712,0.17376,0.0095,0.9599,0.51437,0.1744,0.00879,0.9504,0.51751,0.17279,0.00928,0.9683,0.52378,0.17486,0.01169,0.9822,0.47024,0.18502,0.01923,0.9384,0.52854,0.18228,0.01789,0.9522,0.49234,0.20736,0.00929,0.9646,0.51163,0.20941,0.0097,0.9402,0.42845,0.30173,0.00698,0.9811,0.56957,0.30368,0.00795,0.9371,0.42142,0.43295,-0.02322,0.9492,0.58078,0.43255,-0.02199,0.9759,0.42965,0.54018,-0.04474,0.9921,0.57156,0.54206,-0.04182,0.9594,0.41886,0.56085,-0.05092,0.9396,0.57896,0.56187,-0.04803,0.9518,0.41779,0.55598,-0.04918,0.937,0.57995,0.55862,-0.04783,0.9717,0.43136,0.55805,-0.04464,0.9722,0.56543,0.55838,-0.04387,0.9533,0.46081,0.52754,-0.0021,0.9764,0.54046,0.52694,0.00089,0.9572,0.45955,0.7234,-0.00639,0.9464,0.54017,0.71415,-0.00331,0.9384,0.46183,0.91761,0.00537,0.9665,0.53849,0.92049,0.00407,0.968,0.46062,0.93991,0.01981,0.9645,0.54109,0.93981,0.01874,0.9561,0.45935,0.94878,-0.01933,0.9502,0.53956,0.94969,-0.01907,0.9781
57,1.9,0.50191,0.18175,0.01311,0.9596,0.48696,0.17406,0.00878,0.9635,0.48469,0.16934,0.01131,0.9575,0.47339,0.1707,0.01086,0.9895,0.51195,0.1744,0.01092,0.9562,0.51694,0.17222,0.00779,0.9643,0.52451,0.17347,0.00736,0.9834,0.46936,0.18273,0.02015,0.963,0.52907,0.1874,0.01969,0.9644,0.48861,0.20406,0.01056,0.959,0.50924,0.2099,0.00957,0.9548,0.42991,0.30235,0.01063,0.9821,0.56915,0.30317,0.00901,0.9627,0.42223,0.43221,-0.0215,0.9534,0.58012,0.43128,-0.01792,0.9707,0.4294,0.54151,-0.04285,0.9792,0.57149,0.5388,-0.04202,0.9472,0.42097,0.5627,-0.04898,0.9624,0.57744,0.56138,-0.04497,0.9483,0.41562,0.55442,-0.04611,0.9488,0.58245,0.55513,-0.04956,0.9509,0.43291,0.55776,-0.04034,0.9389,0.56318,0.55292,-0.04124,0.9451,0.45804,0.52171,0.00109,0.9567,0.54008,0.52185,-0.00012,0.9464,0.46284,0.71902,-0.00169,0.9758,0.54223,0.7207,-0.00321,0.9754,0.46029,0.92027,0.00629,0.9646,0.54157,0.92177,0.00699,0.9412,0.45709,0.94056,0.01908,0.9457,0.53834,0.94059,0.02242,0.9542,0.4612,0.94995,-0.01986,0.9636,0.54212,0.95006,-0.01964,0.9662
58,1.9333,0.50014,0.18082,0.00918,0.9628,0.48427,0.17124,0.01398,0.9506,0.48309,0.16872,0.01204,0.9735,0.47941,0.16955,0.00929,0.9863,0.51097,0.17039,0.0093,0.9542,0.51577,0.16501,0.00993,0.9485,0.52369,0.17262,0.01003,0.9734,0.46948,0.18192,0.01726,0.9662,0.53209,0.1808,0.01978,0.9638,0.48936,0.20722,0.00925,0.9635,0.5086,0.20779,0.00916,0.9599,0.4294,0.30029,0.00742,0.9509,0.57108,0.29967,0.01093,0.9579,0.42146,0.43098,-0.01907,0.9408,0.58012,0.42844,-0.01864,0.9404,0.43204,0.54302,-0.04106,0.9539,0.56996,0.54291,-0.04163,0.9619,0.42093,0.56058,-0.04627,0.9528,0.576,0.56114,-0.04467,0.9593,0.41705,0.55551,-0.04619,0.951,0.58172,0.55594,-0.04525,0.9539,0.43508,0.55384,-0.03794,0.945,0.5668,0.55428,-0.04069,0.9649,0.46042,0.51926,0.00244,0.951,0.53943,0.52077,-0.00048,0.9549,0.4605,0.71903,0.00073,0.9392,0.54066,0.71904,0.00154,0.9515,0.46229,0.91776,0.00564,0.9814,0.54134,0.91707,0.0039,0.9616,0.45974,0.93757,0.02195,0.9516,0.53832,0.93977,0.02143,0.9779,0.46112,0.95252,-0.01853,0.9552,0.54009,0.95088,-0.02158,0.9524
59,1.9667,0.49992,0.18309,0.00895,0.9353,0.49011,0.17169,0.011,0.9729,0.4832,0.16823,0.01346,0.9579,0.47582,0.17046,0.00914,0.9472,0.50826,0.16699,0.01509,0.9622,0.51733,0.16681,0.01166,0.9579,0.52666,0.16876,0.01052,0.954,0.47097,0.17952,0.01974,0.9638,0.52876,0.18044,0.02205,0.9793,0.49177,0.20463,0.01113,0.9391,0.50892,0.20449,0.00987,0.9575,0.42997,0.30145,0.01144,0.9674,0.57188,0.30277,0.00665,0.973,0.42069,0.43033,-0.02284,0.9772,0.58264,0.43104,-0.01928,0.98,0.42793,0.53984,-0.03637,0.9839,0.56875,0.53775,-0.04078,0.9416,0.42303,0.55759,-0.04571,0.9293,0.57765,0.55989,-0.04398,0.9697,0.41999,0.55431,-0.04621,0.9606,0.58191,0.55586,-0.04575,0.9585,0.43393,0.55549,-0.03901,0.9526,0.56466,0.55528,-0.04019,0.9475,0.45797,0.52345,0.00103,0.9448,0.53942,0.52035,0.00131,0.9792,0.46057,0.71921,-0.00071,0.9215,0.54227,0.71653,-0.00238,0.9677,0.46046,0.92053,0.00353,0.9776,0.54034,0.91849,0.00646,0.9644,0.45709,0.93897,0.02043,0.9509,0.54082,0.93851,0.02052,0.9522,0.4628,0.94817,-0.0201,0.969,0.54111,0.95044,-0.02105,0.9498
60,2.0,0.50186,0.17876,0.00833,0.9704,0.48856,0.16879,0.0112,0.9659,0.47983,0.16988,0.00966,0.9545,0.47597,0.17181,0.01169,0.9674,0.51259,0.17076,0.01005,0.9721,0.51962,0.16752,0.00687,0.9676,0.52645,0.16905,0.00995,0.96,0.47202,0.18175,0.02014,0.9702,0.53185,0.18022,0.01845,0.9636,0.49117,0.20354,0.0115,0.9523,0.50714,0.20652,0.01128,0.965,0.43074,0.29891,0.00991,0.9589,0.57072,0.29924,0.01473,0.9445,0.42206,0.43354,-0.02251,0.9366,0.57973,0.42761,-0.02177,0.9626,0.42835,0.54295,-0.04062,0.9472,0.5698,0.54163,-0.03881,0.9608,0.42187,0.55825,-0.04733,0.9519,0.57911,0.56004,-0.04447,0.9674,0.41608,0.55519,-0.04328,0.9633,0.58168,0.55448,-0.04829,0.9564,0.43379,0.55324,-0.03822,0.9704,0.56414,0.55629,-0.04091,0.9793,0.46203,0.52008,-0.00062,0.9482,0.5397,0.52037,-0.00093,0.9685,0.45752,0.71923,-0.00237,0.9522,0.5404,0.72111,-0.00196,0.9581,0.4587,0.92063,0.00976,0.9534,0.54246,0.9208,0.00828,0.9565,0.45951,0.93966,0.02029,0.9611,0.53875,0.94167,0.0187,0.9567,0.4604,0.95345,-0.01882,0.9469,0.53793,0.9501,-0.01902,0.9701
61,2.0333,0.50051,0.17631,0.00848,0.9649,0.48719,0.16837,0.00957,0.9528,0.4801,0.16854,0.01141,0.9354,0.47306,0.16887,0.00856,0.9451,0.51483,0.17001,0.00999,0.9469,0.51566,0.16865,0.00869,0.9593,0.5229,0.17043,0.0112,0.9618,0.46954,0.17957,0.01873,0.9662,0.53085,0.17983,0.01991,0.9704,0.48927,0.20427,0.00982,0.9542,0.51299,0.20462,0.0083,0.9558,0.43115,0.3002,0.00894,0.9427,0.57097,0.29979,0.00659,0.9326,0.41985,0.43138,-0.01961,0.9871,0.58028,0.42955,-0.01863,0.9532,0.43039,0.541,-0.04167,0.9601,0.56939,0.54066,-0.0403,0.9678,0.42356,0.56158,-0.04569,0.9637,0.58118,0.56068,-0.04673,0.957,0.4178,0.55709,-0.04528,0.9658,0.58313,0.55261,-0.04589,0.9912,0.43227,0.55443,-0.04088,0.9829,0.56401,0.55677,-0.04368,0.9439,0.45872,0.51868,-0.00443,0.9575,0.538,0.52166,-0.00185,0.9834,0.46019,0.71871,-0.00127,0.9309,0.5403,0.72166,0.00067,0.9583,0.46209,0.92062,0.00358,0.963,0.53876,0.91927,0.00295,0.952,0.45918,0.93823,0.0205,0.9363,0.53902,0.94166,0.02018,0.9715,0.46353,0.95226,-0.01892,0.9791,0.53866,0.95045,-0.0228,0.9272
62,2.0667,0.49971,0.18171,0.00854,0.9701,0.48658,0.17115,0.01064,0.96,0.48438,0.16742,0.01156,0.9463,0.47627,0.16763,0.00917,0.948,0.51079,0.1707,0.01082,0.9541,0.51778,0.16758,0.00999,0.9734,0.52577,0.16886,0.0095,0.9569,0.47004,0.18021,0.02049,0.9818,0.53074,0.18064,0.0206,0.9501,0.49176,0.20246,0.00986,0.9692,0.51265,0.2064,0.01024,0.9658,0.4301,0.29731,0.01108,0.9511,0.5689,0.30213,0.01125,0.9714,0.42177,0.42968,-0.02011,0.9571,0.57957,0.42876,-0.01871,0.9573,0.42684,0.53705,-0.04056,0.9658,0.57097,0.53897,-0.03814,0.9641,0.42094,0.56044,-0.04726,0.9684,0.5774,0.55858,-0.04435,0.9691,0.41785,0.55659,-0.04287,0.9697,0.58353,0.55587,-0.04581,0.9525,0.4347,0.55201,-0.04057,0.9603,0.56475,0.55604,-0.04106,0.9739,0.45701,0.51895,0.00104,0.9668,0.54136,0.51999,0.00088,0.9578,0.45713,0.72237,0.00163,0.9843,0.53879,0.71867,0.00073,0.9671,0.45857,0.92158,0.00389,0.9672,0.5392,0.92055,0.00525,0.9523,0.45884,0.94185,0.01794,0.9864,0.538,0.93983,0.01917,0.9689,0.46005,0.95064,-0.02293,0.9415,0.54197,0.95224,-0.02188,0.9424
63,2.1,0.49596,0.17883,0.01102,0.9636,0.48619,0.16778,0.00876,0.9488,0.47972,0.16725,0.01091,0.9457,0.47556,0.17118,0.01027,0.9644,0.512,0.17134,0.0117,0.9583,0.51799,0.16412,0.01196,0.96,0.52201,0.17246,0.00874,0.9777,0.46965,0.18102,0.02128,0.9456,0.53023,0.17757,0.02045,0.9542,0.48885,0.20504,0.00899,0.9774,0.50807,0.20303,0.01172,0.9906,0.42926,0.30153,0.01032,0.9478,0.56926,0.29994,0.00993,0.9692,0.41975,0.43228,-0.02016,0.9578,0.57958,0.43271,-0.01802,0.9651,0.43151,0.54067,-0.04116,0.9615,0.56807,0.54005,-0.04253,0.9454,0.42181,0.56394,-0.0445,0.9827,0.57779,0.55954,-0.04496,0.9404,0.41536,0.55736,-0.04479,0.9612,0.58153,0.55276,-0.04548,0.9758,0.43428,0.55573,-0.0398,0.968,0.56629,0.55473,-0.03956,0.9583,0.45911,0.51982,4e-05,0.9945,0.54072,0.51868,-0.00155,0.981,0.46098,0.71988,-0.00337,0.9809,0.54137,0.71976,-0.00051,0.9363,0.45969,0.92151,0.00691,0.9353,0.54151,0.92102,0.00497,0.9847,0.45911,0.93924,0.01754,0.9545,0.54128,0.94265,0.0194,0.9764,0.45886,0.95042,-0.01976,0.9881,0.54102,0.95324,-0.02197,0.9468
64,2.1333,0.49978,0.17806,0.01067,0.9711,0.48751,0.17108,0.00845,0.9557,0.48447,0.17147,0.01206,0.9612,0.47263,0.17022,0.01128,0.9417,0.51204,0.17054,0.01176,0.9664,0.51954,0.16717,0.0091,0.9749,0.52401,0.16984,0.00894,0.9713,0.47252,0.1791,0.02138,0.9592,0.53081,0.18013,0.0192,0.9565,0.49034,0.20466,0.01113,0.9422,0.51195,0.20468,0.01087,0.9866,0.43101,0.29855,0.0103,0.9569,0.57109,0.3021,0.00891,0.9524,0.42086,0.43105,-0.0225,0.9597,0.5803,0.4294,-0.02132,0.9662,0.4321,0.53977,-0.04227,0.9723,0.57017,0.53966,-0.04176,0.9609,0.42194,0.56075,-0.04508,0.9837,0.57767,0.56035,-0.04617,0.9718,0.41902,0.55461,-0.04401,0.9742,0.58178,0.55478,-0.04399,0.9548,0.43585,0.55774,-0.03881,0.9596,0.56631,0.55372,-0.04377,0.9762,0.45723,0.52051,0.00126,0.9514,0.54402,0.52121,-0.00162,0.9595,0.46076,0.72022,0.00037,0.9447,0.54188,0.72298,-0.00129,0.9491,0.46138,0.91984,0.00471,0.9798,0.54044,0.92124,0.00355,0.9706,0.45895,0.93934,0.01969,0.9771,0.53941,0.94098,0.0191,0.9932,0.46101,0.94824,-0.02107,0.9537,0.54065,0.95048,-0.01964,0.952
65,2.1667,0.4988,0.18155,0.00946,0.9784,0.48786,0.16987,0.0083,0.9351,0.48299,0.16575,0.01182,0.9829,0.4763,0.171,0.0104,0.9624,0.5116,0.17183,0.01153,0.9464,0.51471,0.1688,0.00865,0.9999,0.52511,0.1703,0.00935,0.9433,0.47216,0.18158,0.02012,0.9499,0.53024,0.1794,0.02066,0.9688,0.48818,0.20537,0.00941,0.9419,0.50962,0.20407,0.00989,0.957,0.42977,0.30018,0.01068,0.9692,0.57183,0.30045,0.00859,0.9481,0.41959,0.42864,-0.01994,0.9787,0.57931,0.42965,-0.02078,0.9852,0.43089,0.54281,-0.04266,0.95,0.57181,0.54029,-0.03965,0.9601,0.41931,0.55827,-0.04702,0.9468,0.58244,0.56191,-0.04413,0.9467,0.41796,0.55473,-0.04277,0.9665,0.58002,0.55541,-0.04752,0.9611,0.43314,0.55488,-0.03779,0.9842,0.56562,0.55366,-0.03759,0.9735,0.45898,0.51739,0.00073,0.9424,0.54127,0.51892,-0.00368,0.9524,0.46001,0.72119,0.00034,0.9509,0.53899,0.72101,0.00013,0.9464,0.46177,0.92161,0.00294,0.9837,0.53849,0.91682,0.00608,0.9613,0.46038,0.94061,0.01892,0.9611,0.54163,0.93897,0.01766,0.9626,0.45991,0.94856,-0.0178,0.9589,0.53991,0.9504,-0.01983,0.968
66,2.2,0.50071,0.1803,0.01102,0.9476,0.48757,0.17054,0.0099,0.9478,0.48174,0.16734,0.00827,0.9304,0.47656,0.17081,0.00896,0.9607,0.51285,0.1679,0.0108,0.9533,0.51749,0.16951,0.0101,0.9667,0.52627,0.17065,0.01194,0.9359,0.47176,0.18198,0.01968,0.9678,0.52897,0.18124,0.01859,0.9681,0.49169,0.20269,0.00974,0.9688,0.50811,0.20497,0.00865,0.9695,0.42844,0.30065,0.00884,0.9469,0.5694,0.30002,0.01076,0.9383,0.41944,0.43062,-0.02096,0.9449,0.57764,0.42946,-0.01738,0.9589,0.43089,0.54148,-0.03995,0.9788,0.56999,0.5394,-0.04205,0.9715,0.42083,0.56134,-0.04471,0.9734,0.5771,0.56042,-0.04525,0.9573,0.41815,0.55768,-0.04366,0.9794,0.58199,0.55373,-0.04367,0.9511,0.43239,0.55187,-0.04174,0.9474,0.5678,0.55371,-0.03839,0.9466,0.46028,0.52039,-0.00176,0.9409,0.54034,0.52005,0.00031,0.9753,0.46078,0.7192,0.00185,0.966,0.53894,0.72074,-0.00103,0.9669,0.46175,0.92216,0.00551,0.9569,0.54186,0.92043,0.00612,0.9561,0.46161,0.9437,0.02005,0.976,0.53853,0.93815,0.01844,0.9551,0.45865,0.95025,-0.01945,0.9346,0.53957,0.94914,-0.02111,0.9585
67,2.2333,0.5005,0.17906,0.01261,0.9798,0.48864,0.17228,0.01048,0.9657,0.48298,0.16823,0.00906,0.941,0.48071,0.16851,0.01004,0.9804,0.50956,0.1712,0.01177,0.9531,0.51836,0.16657,0.00896,0.9369,0.52484,0.17328,0.0118,0.9539,0.47118,0.18081,0.01849,0.9549,0.53045,0.1811,0.02062,0.9346,0.48592,0.20545,0.00897,0.9609,0.51075,0.20283,0.01066,0.9634,0.43067,0.29881,0.01234,0.9775,0.57188,0.29985,0.01044,0.9615,0.41883,0.43115,-0.02198,0.9498,0.58111,0.42969,-0.02045,0.9615,0.42933,0.53958,-0.03912,0.9606,0.56981,0.54076,-0.04112,0.9842,0.42273,0.56059,-0.04328,0.9507,0.57688,0.56058,-0.04513,0.9568,0.41725,0.55293,-0.04542,0.9651,0.58366,0.55656,-0.04424,0.9752,0.43111,0.55487,-0.03858,0.9664,0.56581,0.55345,-0.0373,0.9592,0.45899,0.52032,0.00117,0.9553,0.54051,0.52088,-0.00266,0.9479,0.46006,0.72137,0.00199,0.9678,0.54143,0.71797,-0.00073,0.9743,0.45925,0.92141,0.00397,0.9577,0.54097,0.92069,0.00465,0.9319,0.4605,0.93889,0.02048,0.9491,0.53923,0.94076,0.01968,0.9719,0.4565,0.94876,-0.02074,0.9605,0.54166,0.95087,-0.02048,0.9568
68,2.2667,0.49723,0.17858,0.0079,0.965,0.48722,0.1675,0.01155,1.0,0.47938,0.16916,0.00748,0.9849,0.47614,0.17101,0.01031,0.9766,0.50933,0.17138,0.01102,0.9593,0.5181,0.16644,0.01033,0.9454,0.52277,0.1669,0.00914,0.9498,0.47172,0.18089,0.01826,0.9649,0.53133,0.18063,0.019,0.9879,0.49024,0.20623,0.00833,0.9564,0.51069,0.20111,0.01118,0.979,0.42986,0.29926,0.01017,0.9437,0.56757,0.30002,0.01153,0.9707,0.42032,0.43031,-0.02037,0.9603,0.57842,0.43024,-0.02039,0.9415,0.42944,0.53918,-0.04151,0.958,0.57295,0.54311,-0.04137,0.9406,0.42115,0.56016,-0.04625,0.9461,0.57814,0.56128,-0.04666,0.9711,0.41665,0.55458,-0.04555,0.9464,0.58518,0.55612,-0.04652,0.9557,0.43386,0.55538,-0.04065,0.9647,0.56465,0.55642,-0.0379,0.9499,0.46343,0.51984,-0.00334,0.9661,0.53791,0.51875,0.00185,0.9333,0.46013,0.7191,-0.00241,0.9566,0.5398,0.71965,-0.00105,0.9536,0.45639,0.92151,0.00563,0.9641,0.53723,0.91925,0.00556,0.9417,0.45853,0.94328,0.02046,0.9497,0.54211,0.94001,0.02258,0.9472,0.45915,0.95259,-0.01974,0.9604,0.5399,0.94987,-0.02119,0.9571
69,2.3,0.4983,0.17927,0.00839,0.9752,0.487,0.17043,0.01077,0.9427,0.48528,0.16707,0.00959,0.9821,0.47244,0.17131,0.00942,0.9383,0.51309,0.17278,0.01019,0.9594,0.51695,0.16918,0.0099,0.9591,0.52369,0.17167,0.0095,0.9527,0.47022,0.18043,0.02009,0.9462,0.53163,0.1794,0.02063,0.9457,0.48913,0.20602,0.01034,0.9623,0.51285,0.20803,0.00893,0.9531,0.42909,0.2998,0.00853,0.9364,0.56966,0.29799,0.01297,0.9611,0.42155,0.42646,-0.02094,0.9605,0.5786,0.43169,-0.01995,0.93,0.42916,0.54071,-0.04435,0.9578,0.56868,0.53878,-0.04214,0.9757,0.4224,0.55915,-0.04539,0.9644,0.57807,0.55969,-0.04576,0.9471,0.41941,0.55629,-0.04251,0.995,0.58276,0.55352,-0.04367,0.9589,0.4331,0.55313,-0.04148,0.9782,0.56435,0.55623,-0.0387,0.9782,0.46065,0.51979,0.00063,0.9444,0.54224,0.51865,0.00138,0.9518,0.4593,0.72009,-0.00081,0.9664,0.54218,0.72165,0.0008,0.9714,0.45939,0.91994,0.00667,0.9557,0.53911,0.92336,0.00547,0.9641,0.45991,0.93891,0.01821,0.9392,0.53988,0.94054,0.02216,0.9714,0.45968,0.95102,-0.019,0.9793,0.54016,0.94884,-0.02244,0.9623
70,2.3333,0.49876,0.17752,0.01016,0.9635,0.48756,0.16797,0.00936,0.9709,0.48174,0.1694,0.01015,0.9525,0.47485,0.16933,0.00712,0.9463,0.51139,0.16787,0.01006,0.9535,0.51786,0.16669,0.00909,0.9653,0.52161,0.17097,0.00919,0.9651,0.46851,0.18007,0.01766,0.9436,0.53011,0.1814,0.02262,0.9765,0.49018,0.20657,0.00775,0.9615,0.51232,0.2047,0.01156,0.9543,0.43018,0.3012,0.00857,0.9513,0.56933,0.3004,0.00929,0.9585,0.42162,0.42973,-0.02167,0.9615,0.58201,0.4308,-0.01914,0.9707,0.43114,0.53988,-0.04047,0.937,0.5692,0.542,-0.04219,0.9773,0.42287,0.56081,-0.04601,0.9506,0.57602,0.55919,-0.0465,0.9447,0.41726,0.55402,-0.0462,0.9645,0.58045,0.5552,-0.04312,0.9445,0.43382,0.55805,-0.03816,0.9831,0.56602,0.55555,-0.04226,0.9669,0.46124,0.51834,0.00099,0.9599,0.54108,0.52058,-0.00046,0.9682,0.45572,0.72024,0.00186,0.9614,0.5409,0.71908,0.00275,0.9805,0.46238,0.91898,0.00237,0.9738,0.53804,0.91986,0.00459,0.9605,0.45869,0.94076,0.01987,0.9541,0.53952,0.94092,0.02007,0.9419,0.45966,0.94873,-0.02003,0.9773,0.53786,0.95048,-0.01826,0.9617
71,2.3667,0.50131,0.17911,0.01139,0.9521,0.48424,0.17268,0.0109,0.9685,0.4802,0.16637,0.01077,0.9494,0.47575,0.17334,0.01114,0.9664,0.5134,0.16967,0.00783,0.9766,0.51952,0.16716,0.01063,0.9766,0.52464,0.17045,0.00987,0.9574,0.47101,0.17996,0.0202,0.9444,0.53134,0.18089,0.01888,0.9272,0.49136,0.20372,0.00864,0.9475,0.5081,0.20498,0.01072,0.957,0.42751,0.29709,0.01025,0.9865,0.56979,0.30151,0.01043,0.9613,0.42004,0.43147,-0.01918,0.9633,0.57839,0.42955,-0.02279,0.9405,0.42967,0.53736,-0.04087,0.9596,0.56951,0.54017,-0.04021,0.9727,0.42276,0.56138,-0.04432,0.9505,0.57674,0.55999,-0.04197,0.9409,0.41756,0.55468,-0.04589,0.9617,0.58161,0.55397,-0.04339,0.9692,0.43582,0.55481,-0.04094,0.9663,0.56493,0.55281,-0.04177,0.9745,0.46031,0.5192,0.00217,0.9319,0.54026,0.52168,0.00186,0.9659,0.45724,0.71937,-0.00263,0.9811,0.53723,0.71834,-0.00037,0.9537,0.45845,0.92078,0.00354,0.9419,0.53897,0.91982,0.00339,0.9409,0.46086,0.93903,0.01941,0.9313,0.54192,0.93895,0.02391,0.9638,0.46172,0.95026,-0.01918,0.9797,0.5411,0.94777,-0.0168,0.9415
72,2.4,0.49908,0.18073,0.01068,0.9514,0.48416,0.16947,0.00832,0.9685,0.48357,0.16771,0.01028,0.9122,0.4728,0.17043,0.01465,0.9581,0.51315,0.17179,0.01183,0.9447,0.51503,0.16966,0.00691,0.9506,0.52365,0.16864,0.01328,0.9592,0.46929,0.17857,0.02375,0.9361,0.53007,0.17871,0.02035,0.9614,0.48933,0.20442,0.00974,0.9529,0.51204,0.20726,0.00974,0.929,0.43312,0.30096,0.00861,1.0,0.57111,0.29725,0.00658,0.9828,0.41897,0.42969,-0.0202,0.9722,0.57836,0.42864,-0.02004,0.9485,0.42986,0.54065,-0.03899,0.9339,0.56923,0.53981,-0.04414,0.9591,0.41966,0.56054,-0.04199,0.9684,0.58015,0.55893,-0.04585,0.9448,0.41713,0.55388,-0.04567,0.9489,0.58713,0.5556,-0.04466,0.9409,0.43527,0.55449,-0.04007,0.9517,0.56781,0.55624,-0.03948,0.9449,0.458,0.52021,0.00081,0.9586,0.53881,0.51944,0.00272,0.9516,0.46061,0.7195,-0.00027,0.9784,0.541,0.72129,-0.00012,0.971,0.45853,0.91933,0.00605,0.9383,0.53888,0.92199,0.00295,0.9519,0.45796,0.93861,0.0192,0.9499,0.53888,0.93969,0.01997,0.9519,0.46065,0.95139,-0.02161,0.9499,0.54049,0.95427,-0.01994,0.9875
73,2.4333,0.50051,0.18018,0.00932,0.9493,0.48802,0.16982,0.00878,0.9648,0.48388,0.16885,0.00939,0.9849,0.47745,0.17098,0.00826,0.9652,0.51353,0.17046,0.01158,0.9551,0.51777,0.16649,0.01012,0.9488,0.52448,0.17039,0.01164,0.9768,0.47045,0.17904,0.01884,0.9417,0.53084,0.17843,0.02052,0.9651,0.49158,0.20759,0.00936,0.9992,0.50948,0.20554,0.01261,0.9731,0.43092,0.30071,0.00992,0.9552,0.57076,0.29778,0.00959,0.9422,0.42235,0.43243,-0.01987,0.961,0.58082,0.42887,-0.01874,0.9534,0.43174,0.5397,-0.04361,0.9633,0.57286,0.53861,-0.04206,0.9827,0.42049,0.55824,-0.04518,0.9242,0.57434,0.56172,-0.044,0.9529,0.4207,0.55481,-0.04608,0.9643,0.57966,0.55441,-0.04822,0.9615,0.43462,0.55503,-0.03809,0.9685,0.56446,0.55546,-0.04038,0.9578,0.45826,0.52031,-0.00282,0.9594,0.53883,0.51923,-0.00209,0.944,0.46126,0.71875,0.00098,0.9591,0.54121,0.72139,-0.00021,0.967,0.46098,0.92215,0.00646,0.9345,0.54152,0.91919,0.00524,0.9509,0.45968,0.9403,0.01903,0.9381,0.53972,0.93988,0.01894,0.9458,0.4601,0.94938,-0.01992,0.9489,0.54251,0.95038,-0.02046,0.9795
74,2.4667,0.4989,0.18147,0.01001,0.957,0.48656,0.16699,0.0088,0.9776,0.48428,0.16704,0.01097,0.9262,0.4751,0.16834,0.01038,0.97,0.51088,0.16932,0.00849,0.95,0.51898,0.16936,0.0078,0.9659,0.52317,0.17233,0.00946,0.9305,0.47192,0.18328,0.02003,0.9953,0.53032,0.17874,0.01805,0.9753,0.49052,0.2031,0.00979,0.9747,0.51147,0.205,0.01265,0.9591,0.43039,0.29949,0.0143,0.9175,0.57206,0.30185,0.01209,0.9237,0.42158,0.43028,-0.01876,0.9442,0.58155,0.42916,-0.02133,0.955,0.4325,0.54026,-0.04094,0.9525,0.57102,0.53818,-0.03957,0.9559,0.42164,0.56074,-0.04571,0.9654,0.57771,0.55868,-0.04367,0.9555,0.41822,0.5572,-0.04125,0.9218,0.58228,0.55406,-0.04497,0.9836,0.43643,0.55836,-0.03962,0.9572,0.56585,0.55617,-0.04293,0.9581,0.45664,0.52418,0.00055,0.9708,0.53625,0.52152,0.00314,0.9551,0.45983,0.72092,-0.00072,0.9538,0.54164,0.72025,0.00038,0.9892,0.46034,0.92055,0.00454,0.9495,0.54074,0.91968,0.00538,0.9716,0.4614,0.93772,0.01853,0.9707,0.5411,0.94277,0.01849,0.9704,0.46002,0.95134,-0.02066,0.9616,0.54276,0.94979,-0.01976,0.9383
75,2.5,0.49882,0.17954,0.01133,0.9466,0.48989,0.17162,0.01107,0.9583,0.48288,0.1675,0.00988,0.9425,0.47566,0.1711,0.00954,0.9626,0.51135,0.17186,0.0101,0.9431,0.51962,0.16521,0.01054,0.9726,0.52358,0.16915,0.00912,0.9712,0.47394,0.17903,0.02131,0.9463,0.53033,0.18283,0.02273,0.9614,0.48888,0.2029,0.01021,0.9878,0.50734,0.2039,0.00871,0.954,0.43191,0.3027,0.00861,0.9492,0.56876,0.30047,0.00924,0.9576,0.42252,0.43077,-0.02148,0.9346,0.57993,0.43029,-0.02241,0.9672,0.43274,0.54019,-0.03964,0.9575,0.56984,0.54243,-0.03978,0.9566,0.4209,0.55737,-0.04518,0.9455,0.57662,0.56231,-0.04331,0.9422,0.41681,0.55625,-0.04491,0.9566,0.58266,0.55252,-0.0455,0.9718,0.43352,0.55489,-0.03717,0.9369,0.56667,0.55597,-0.04264,0.9477,0.45815,0.52169,0.00112,0.9331,0.54173,0.52105,0.00053,0.9782,0.45872,0.72112,0.00105,0.9398,0.54023,0.72137,0.00172,0.9553,0.46083,0.91881,0.00699,0.9613,0.53838,0.91776,0.00303,0.9732,0.45858,0.93828,0.01914,0.9851,0.53967,0.93901,0.02105,0.9518,0.45774,0.95171,-0.01806,0.9729,0.54049,0.95032,-0.02156,0.9699
76,2.5333,0.49804,0.18396,0.01011,0.9557,0.48686,0.17252,0.00996,0.9468,0.48111,0.16668,0.01058,0.9532,0.47717,0.17296,0.0119,0.9646,0.51234,0.17018,0.00715,0.9705,0.51967,0.17115,0.01272,0.9655,0.5228,0.16969,0.00931,0.9648,0.46767,0.18144,0.02384,0.991,0.52979,0.18161,0.0143,0.9575,0.48777,0.20385,0.01158,0.9513,0.50893,0.20679,0.01085,0.9839,0.43043,0.30116,0.01083,0.959,0.57031,0.30166,0.01013,0.9747,0.41804,0.4317,-0.0217,0.9599,0.57891,0.43082,-0.02036,0.9901,0.43233,0.54087,-0.04273,0.9683,0.5726,0.54185,-0.03971,0.9546,0.42003,0.56032,-0.04368,0.9318,0.57729,0.56025,-0.04379,0.9529,0.4175,0.55349,-0.04633,0.9493,0.58212,0.55833,-0.04646,0.9788,0.43368,0.55408,-0.04018,0.9739,0.56613,0.55559,-0.04111,0.9624,0.46133,0.52328,4e-05,0.9458,0.53841,0.52149,-0.00102,0.9308,0.45737,0.72189,0.00147,0.9496,0.54028,0.72132,-0.00052,0.9599,0.45889,0.92063,0.0053,0.9564,0.54225,0.92027,0.00527,0.9581,0.46076,0.94062,0.01996,0.9479,0.54182,0.9425,0.02111,0.9516,0.46111,0.95378,-0.01985,0.9445,0.54077,0.94907,-0.018,0.9474
77,2.5667,0.49901,0.18049,0.00809,0.9573,0.48615,0.17116,0.00649,0.966,0.48161,0.16906,0.00997,0.9882,0.47612,0.17419,0.01057,0.9822,0.50911,0.17131,0.00908,0.9676,0.51626,0.16855,0.00957,0.9263,0.52669,0.17119,0.0111,0.9663,0.47035,0.183,0.02035,0.9645,0.53024,0.18139,0.02171,0.9556,0.49132,0.20592,0.00996,0.9363,0.51089,0.2077,0.00901,0.9501,0.42799,0.30154,0.00838,0.9531,0.57122,0.30464,0.0105,0.9686,0.4194,0.43155,-0.02137,0.9553,0.58159,0.43251,-0.02288,0.9684,0.42999,0.54119,-0.04264,0.9831,0.5702,0.53715,-0.04311,0.962,0.42113,0.56062,-0.04789,0.9599,0.57927,0.55854,-0.04668,0.9714,0.41853,0.55431,-0.04891,0.9469,0.58358,0.56051,-0.04856,0.9662,0.43367,0.55617,-0.04159,0.9411,0.56799,0.55477,-0.04608,0.9661,0.46112,0.5215,0.00122,0.9749,0.53776,0.52082,0.00177,0.9503,0.46018,0.71874,-0.00163,0.9701,0.53837,0.72084,-0.00319,0.9451,0.45927,0.91875,0.00342,0.9646,0.53636,0.92032,0.00637,0.9755,0.45966,0.93876,0.01798,0.9555,0.53947,0.93945,0.0184,0.9656,0.4599,0.94929,-0.0211,0.961,0.54017,0.94835,-0.01928,0.9767
78,2.6,0.49908,0.18292,0.00672,0.9536,0.48855,0.17422,0.00983,0.9608,0.48308,0.17173,0.00726,0.993,0.47484,0.17359,0.01119,0.9337,0.51171,0.17536,0.01072,0.9538,0.52012,0.17186,0.00891,0.9763,0.52189,0.17522,0.00807,0.975,0.4693,0.18367,0.01793,0.9397,0.52994,0.18451,0.0169,0.9656,0.49276,0.21089,0.00799,0.9377,0.5104,0.21102,0.00853,0.9631,0.4294,0.30448,0.01035,0.953,0.57047,0.3041,0.01076,0.9592,0.4196,0.43357,-0.02385,0.9765,0.58126,0.43353,-0.02257,0.9778,0.43082,0.54392,-0.04477,0.9498,0.56963,0.54042,-0.04219,0.9532,0.42145,0.56164,-0.04889,0.9459,0.57702,0.56179,-0.0486,0.9896,0.41851,0.55618,-0.04796,0.9618,0.58182,0.55457,-0.04978,0.9628,0.43406,0.55734,-0.04674,0.958,0.5653,0.5558,-0.0431,0.9542,0.45986,0.52592,0.00168,0.9562,0.53874,0.52705,-0.00046,0.9377,0.45923,0.72211,-0.00077,0.9615,0.54189,0.71969,-0.004,0.9911,0.46349,0.92067,0.00389,0.954,0.5399,0.91892,0.00459,0.9749,0.46178,0.93823,0.01829,0.9651,0.54083,0.93903,0.01965,0.9569,0.45503,0.94816,-0.01802,0.9531,0.53727,0.95055,-0.02272,0.9443
79,2.6333,0.49819,0.19027,0.0096,0.9754,0.4887,0.17858,0.00667,0.9829,0.48233,0.17746,0.00764,0.9627,0.47634,0.17763,0.0086,0.9434,0.51536,0.17824,0.00695,0.9596,0.51824,0.17589,0.00561,0.9675,0.52722,0.17846,0.00981,0.9465,0.47013,0.18826,0.01758,0.9711,0.52895,0.18954,0.0184,0.9526,0.48877,0.21552,0.01118,0.9651,0.51076,0.21331,0.00759,0.927,0.43224,0.30968,0.01006,0.9491,0.56718,0.30693,0.00861,0.955,0.41933,0.43784,-0.02637,0.9658,0.57913,0.43557,-0.02723,0.9915,0.43249,0.54212,-0.04658,0.9615,0.57196,0.54445,-0.04925,0.9594,0.42339,0.56402,-0.05217,0.9675,0.57965,0.56321,-0.05101,0.9496,0.4184,0.55738,-0.04999,0.9493,0.58282,0.55742,-0.05091,0.9692,0.43249,0.55605,-0.048,0.9854,0.56302,0.55805,-0.04561,0.9614,0.45955,0.53033,-0.00122,0.9648,0.54023,0.52747,0.00041,0.9504,0.46054,0.72032,-0.00363,0.9681,0.53826,0.71782,-0.00271,0.958,0.46002,0.92131,0.00498,0.9388,0.53688,0.92324,0.00323,0.9485,0.45883,0.93943,0.01929,0.994,0.54107,0.93841,0.02225,0.9696,0.4604,0.95102,-0.02146,0.9818,0.5404,0.95078,-0.01801,0.9986
80,2.6667,0.50229,0.19218,0.00499,0.9481,0.48853,0.18497,0.00669,0.9623,0.48241,0.18094,0.00937,0.9559,0.47658,0.18113,0.00475,0.9395,0.51121,0.18299,0.00921,0.9578,0.51643,0.18216,0.00903,0.9521,0.52303,0.18174,0.01036,0.9684,0.46828,0.19217,0.01849,0.9715,0.52728,0.19467,0.01624,0.9555,0.48912,0.21657,0.00561,0.9599,0.50866,0.21717,0.00973,0.9918,0.43143,0.31369,0.00785,0.9622,0.57107,0.31462,0.00754,0.9648,0.41881,0.4413,-0.02953,0.9847,0.58024,0.44207,-0.02901,0.9306,0.42779,0.5441,-0.05076,0.9572,0.56971,0.54178,-0.0515,0.9705,0.42084,0.56542,-0.05885,0.9464,0.57731,0.56657,-0.05756,0.9575,0.4183,0.55957,-0.0571,0.9635,0.58281,0.56042,-0.05676,0.9488,0.43514,0.56039,-0.05348,0.9537,0.56631,0.5605,-0.05131,0.9413,0.46075,0.53784,-0.00012,0.9771,0.53671,0.53235,0.0,0.9787,0.46182,0.71802,-0.00443,0.9586,0.54091,0.71857,-0.00745,0.9618,0.4608,0.91648,0.00644,0.955,0.54119,0.92251,0.00316,0.9633,0.45819,0.94026,0.01845,0.9822,0.53967,0.94119,0.01937,0.9619,0.46078,0.95027,-0.0191,0.9525,0.54109,0.95045,-0.01928,0.9408
81,2.7,0.49969,0.19865,0.00917,0.9443,0.48787,0.1867,0.00942,0.9766,0.48053,0.18584,0.00654,0.9633,0.47468,0.18883,0.00592,0.9637,0.51323,0.1896,0.00841,0.9685,0.5185,0.18508,0.00528,0.9518,0.52694,0.18886,0.00697,0.9682,0.46951,0.19796,0.01825,0.979,0.52928,0.1969,0.01674,0.9731,0.49021,0.22475,0.00684,0.9568,0.50861,0.22306,0.00708,0.9703,0.42563,0.32035,0.00582,0.9282,0.57011,0.31821,0.00454,0.9414,0.42024,0.44546,-0.02967,0.9781,0.57894,0.4472,-0.03139,0.9422,0.43138,0.54759,-0.05582,0.9848,0.56776,0.54705,-0.05627,0.9749,0.42272,0.56414,-0.05844,0.9544,0.58129,0.56385,-0.06125,0.9776,0.41593,0.56366,-0.06159,0.959,0.58193,0.56172,-0.0602,0.9409,0.43409,0.56383,-0.05529,0.9457,0.56655,0.56223,-0.05813,0.9483,0.45865,0.54174,0.00216,0.9864,0.53945,0.54087,-0.00044,0.9465,0.46034,0.71856,-0.0093,0.975,0.54145,0.72217,-0.01293,0.9742,0.45834,0.92077,0.00783,0.9376,0.53983,0.91935,0.00407,0.9259,0.46092,0.9392,0.02081,0.9439,0.54067,0.93915,0.02195,0.9752,0.46028,0.94814,-0.02105,0.9558,0.54112,0.95131,-0.01881,0.9307
82,2.7333,0.49864,0.20258,0.00529,0.9534,0.48831,0.19719,0.00486,0.9641,0.4809,0.19263,0.00494,0.9398,0.47944,0.19313,0.00418,0.9475,0.51192,0.19281,0.00719,0.957,0.51952,0.18991,0.00563,0.966,0.52226,0.19528,0.00559,0.9561,0.47138,0.20399,0.01685,0.937,0.53176,0.20243,0.01861,0.9459,0.49087,0.22834,0.00525,0.9751,0.50946,0.22815,0.00546,0.9736,0.42958,0.32545,0.00558,0.9772,0.56823,0.32636,0.00369,0.9817,0.41932,0.4483,-0.03413,0.9842,0.58092,0.45,-0.03328,0.9591,0.43026,0.55125,-0.05974,0.96,0.57117,0.54644,-0.05966,0.9277,0.42442,0.56763,-0.06581,0.9584,0.58074,0.57032,-0.06649,0.9547,0.42032,0.56293,-0.06831,0.9704,0.58174,0.56444,-0.06462,0.9749,0.43338,0.56235,-0.06117,0.954,0.5669,0.56361,-0.06006,0.9801,0.45843,0.54656,0.00013,0.9778,0.54045,0.54849,-0.00014,0.9575,0.45956,0.72073,-0.01532,0.9634,0.54233,0.71869,-0.01348,0.9819,0.45865,0.92045,0.00423,0.9428,0.53947,0.91817,0.00583,0.9808,0.45998,0.94069,0.02134,0.9646,0.53986,0.94039,0.01924,0.9646,0.45932,0.94885,-0.01856,0.9656,0.54082,0.95272,-0.02021,0.9382
83,2.7667,0.50123,0.21082,0.00552,0.9703,0.48763,0.1985,0.00504,0.9409,0.48318,0.2006,0.00454,0.9648,0.47596,0.20289,0.00248,0.9624,0.5124,0.19867,0.00293,0.9584,0.51797,0.19705,0.00404,0.9575,0.52468,0.20008,0.00456,0.9722,0.46994,0.21043,0.0131,0.9725,0.52777,0.20991,0.01239,0.9434,0.48827,0.24009,0.00327,0.9436,0.50971,0.2359,-8e-05,0.9778,0.43052,0.33365,0.00088,0.9699,0.57243,0.33173,0.00385,0.9498,0.41861,0.45269,-0.03694,0.9786,0.57772,0.45345,-0.03609,0.9761,0.42785,0.55519,-0.06711,0.9695,0.57122,0.55175,-0.06461,0.9575,0.42244,0.57456,-0.07151,0.9527,0.57677,0.5715,-0.06848,0.9684,0.41698,0.56461,-0.06901,0.9596,0.58284,0.56829,-0.07097,0.9666,0.43481,0.56532,-0.06795,0.9612,0.56435,0.56415,-0.06458,0.9425,0.46159,0.55568,0.00034,0.9591,0.53871,0.5574,0.00146,0.9744,0.45794,0.72151,-0.01741,0.9753,0.5408,0.71948,-0.01735,0.9631,0.4596,0.91926,0.00567,0.9811,0.53955,0.91983,0.0041,0.9526,0.46299,0.94034,0.02179,0.9478,0.53863,0.94154,0.02155,0.994,0.46176,0.9494,-0.02125,0.9753,0.53882,0.95188,-0.02272,0.9835
84,2.8,0.49918,0.21639,0.00302,0.9924,0.48729,0.20987,0.00462,0.9423,0.48023,0.20595,0.003,0.9636,0.47425,0.2081,0.00597,0.9825,0.51272,0.20623,0.00178,0.9546,0.51754,0.20333,0.00025,0.9824,0.52225,0.20906,0.00168,0.953,0.47154,0.21865,0.01253,0.9819,0.52934,0.21534,0.01334,0.9632,0.49092,0.24221,0.00086,0.9692,0.50968,0.23972,0.00359,0.9604,0.43085,0.34179,0.00213,0.9712,0.57094,0.34172,-0.00059,0.9435,0.41938,0.46059,-0.04133,0.9186,0.57799,0.46008,-0.04049,0.9594,0.42844,0.55195,-0.07429,0.9692,0.56903,0.556,-0.07214,0.9082,0.42226,0.57551,-0.07767,0.9586,0.5763,0.57632,-0.07646,0.9797,0.41687,0.57152,-0.08102,0.9488,0.58063,0.56908,-0.07401,0.9512,0.4328,0.56894,-0.07353,0.9698,0.56469,0.56927,-0.07256,0.9525,0.46105,0.56755,0.00221,0.9525,0.54051,0.57149,0.00205,0.9666,0.45943,0.71847,-0.02295,0.9371,0.54275,0.72152,-0.01987,0.9444,0.46106,0.91928,0.0023,0.9377,0.53768,0.92016,0.00674,0.9335,0.45855,0.93923,0.01784,0.9645,0.54329,0.93687,0.01794,0.9464,0.46056,0.94756,-0.02246,0.959,0.5401,0.95064,-0.0204,0.9542
85,2.8333,0.50072,0.22318,0.00121,0.9626,0.48854,0.21379,0.00324,0.962,0.48276,0.21534,0.00118,0.9565,0.47442,0.2163,0.00074,0.9629,0.51264,0.21537,0.00159,0.973,0.51663,0.20971,0.00306,0.9423,0.52238,0.21485,0.00201,0.9542,0.46754,0.22255,0.01054,0.9736,0.53067,0.22541,0.01049,0.9555,0.49092,0.25232,0.00273,0.9919,0.51133,0.25107,0.00109,0.9544,0.42886,0.3465,0.00105,0.9488,0.57159,0.34831,0.00146,0.9589,0.42006,0.46687,-0.04641,0.9159,0.5785,0.46548,-0.04469,0.9555,0.43135,0.55776,-0.07874,0.9549,0.57042,0.55886,-0.08169,0.9848,0.422,0.57739,-0.08517,0.9757,0.57768,0.57866,-0.08658,0.9628,0.41909,0.57011,-0.08334,0.954,0.58565,0.57452,-0.08503,0.9761,0.43101,0.57304,-0.078,0.9521,0.56542,0.56978,-0.08047,0.9802,0.46214,0.5767,0.00275,0.9302,0.53855,0.57503,0.00497,0.9585,0.45656,0.7203,-0.02646,0.9449,0.54234,0.7181,-0.02602,0.9744,0.45814,0.9184,0.00559,0.9801,0.54013,0.92044,0.00497,0.9815,0.46005,0.93835,0.01883,0.9419,0.5426,0.93998,0.02035,0.9515,0.45634,0.95069,-0.01861,0.957,0.54072,0.94888,-0.02166,0.9601
86,2.8667,0.49911,0.23284,0.00049,0.9375,0.48877,0.22208,-0.00038,0.9688,0.48459,0.22366,0.00071,0.9626,0.47651,0.22297,5e-05,0.9447,0.51517,0.22354,-0.00092,0.9436,0.51964,0.21987,-8e-05,0.961,0.52383,0.22409,0.00073,0.9848,0.47117,0.23473,0.00718,0.9112,0.53217,0.23096,0.00601,0.9759,0.49243,0.25766,0.00119,0.9512,0.51019,0.25468,0.00132,0.9438,0.43006,0.35362,-0.00132,0.9561,0.57095,0.35639,-0.00391,0.9641,0.42472,0.46988,-0.05132,0.9629,0.58256,0.46902,-0.05047,0.9509,0.42794,0.55825,-0.08504,0.9397,0.57091,0.56097,-0.08678,0.9603,0.42275,0.57909,-0.08931,0.9658,0.57636,0.58154,-0.08786,0.967,0.41832,0.57476,-0.092,0.9658,0.58265,0.57304,-0.0857,0.95,0.43546,0.57902,-0.08266,0.9511,0.56376,0.57628,-0.08644,0.962,0.46085,0.58313,0.00295,0.9543,0.53807,0.58538,0.00349,0.9671,0.45714,0.72019,-0.03115,0.944,0.54277,0.72025,-0.03252,0.9797,0.4631,0.91825,0.00483,0.9738,0.53955,0.91936,0.00478,0.9117,0.46021,0.94027,0.02165,0.9553,0.54187,0.93969,0.01877,0.9568,0.46155,0.95124,-0.01942,0.9605,0.53746,0.94941,-0.02079,0.9657
87,2.9,0.49958,0.23828,-0.00364,0.9566,0.48762,0.22995,-0.00301,0.9519,0.48221,0.22807,-0.00054,0.9705,0.47757,0.22751,-0.00294,0.9752,0.51083,0.22812,-3e-05,0.9727,0.51859,0.22599,-0.00433,0.9573,0.52558,0.23168,-0.00102,0.9587,0.47025,0.24064,0.00912,0.9645,0.53133,0.23962,0.00784,0.9754,0.49121,0.26446,-0.00022,0.9209,0.51237,0.26643,-0.00163,0.9547,0.42814,0.36339,-0.00518,0.9535,0.57108,0.36214,-0.00241,0.9576,0.41903,0.47593,-0.05275,0.9483,0.57965,0.47656,-0.05376,0.9541,0.42968,0.56543,-0.09001,0.955,0.57019,0.56196,-0.09019,0.9736,0.42211,0.58343,-0.09671,0.9554,0.57602,0.58368,-0.09911,0.9851,0.41852,0.57486,-0.09602,0.9518,0.58214,0.57894,-0.09578,0.9495,0.43398,0.5781,-0.09277,0.9779,0.56519,0.57718,-0.09106,0.9533,0.46035,0.59647,0.00164,0.9619,0.53982,0.59602,0.0043,0.9895,0.45813,0.72292,-0.03156,0.9689,0.54281,0.72154,-0.03546,0.9521,0.4607,0.91618,0.00548,0.9578,0.53951,0.91934,0.00647,0.964,0.46207,0.9403,0.01938,0.9595,0.5412,0.93868,0.01911,0.957,0.45871,0.94931,-0.02274,0.9733,0.53627,0.94917,-0.02278,0.9271
88,2.9333,0.49926,0.24554,-0.00388,0.956,0.48666,0.23859,-0.00634,0.9286,0.48159,0.23334,-0.00487,0.9595,0.47712,0.23601,-0.00281,0.9422,0.51076,0.23629,-0.00186,0.9301,0.51612,0.2368,-0.00524,0.9731,0.52346,0.2364,-0.00362,0.9818,0.47037,0.24824,0.00538,0.9381,0.53153,0.24593,0.00941,1.0,0.48833,0.27206,-0.00311,0.9548,0.51192,0.27074,-0.00368,0.9397,0.43169,0.3707,-0.0068,0.9716,0.57051,0.37163,-0.00655,0.9727,0.41819,0.48075,-0.05778,0.997,0.5806,0.48155,-0.0568,0.957,0.42909,0.56435,-0.09741,0.9208,0.56871,0.564,-0.09728,0.9369,0.42321,0.58637,-0.10156,0.975,0.57659,0.586,-0.10233,0.9823,0.41703,0.58269,-0.10197,0.9576,0.58153,0.58318,-0.09894,0.9573,0.43424,0.58002,-0.09697,0.9794,0.56783,0.57838,-0.09798,0.9637,0.4597,0.60423,0.00453,0.9742,0.53853,0.60263,0.0017,0.9444,0.45608,0.72014,-0.03741,0.9383,0.54279,0.72149,-0.03756,0.9632,0.45847,0.91976,0.00647,0.9625,0.54185,0.92126,0.00492,0.9586,0.45872,0.94043,0.01859,0.9533,0.54105,0.93976,0.01787,0.9923,0.45968,0.94811,-0.01987,0.965,0.54083,0.94988,-0.01818,0.9685
89,2.9667,0.49864,0.25595,-0.00346,0.9478,0.48939,0.24461,-0.00322,0.9345,0.48086,0.24128,-0.00347,0.9387,0.47494,0.24348,-0.00467,0.9694,0.5108,0.24302,-0.0021,0.9463,0.51706,0.24255,-0.00648,0.9792,0.5228,0.24312,-0.0023,0.994,0.47204,0.25681,0.00768,0.9667,0.53242,0.25043,0.00496,0.9667,0.4893,0.27568,-0.00171,0.9701,0.50828,0.27965,-0.0028,0.9538,0.43044,0.37907,-0.00874,0.9485,0.56835,0.37679,-0.00558,0.9548,0.41932,0.48522,-0.06218,0.9583,0.58102,0.48518,-0.06302,0.9646,0.43035,0.56789,-0.10478,0.9607,0.57054,0.5677,-0.10643,0.9623,0.42007,0.58661,-0.10753,0.9565,0.57797,0.58617,-0.10676,0.9635,0.41627,0.58525,-0.10951,0.9255,0.58085,0.58169,-0.10706,0.9487,0.43346,0.58082,-0.10383,0.9743,0.56663,0.5831,-0.10473,0.9683,0.45887,0.60935,0.00341,0.9306,0.53887,0.61046,0.00432,0.9712,0.45643,0.71911,-0.04325,0.9547,0.5459,0.72179,-0.04222,0.9516,0.45997,0.91975,0.00241,0.9867,0.54031,0.92099,0.008,0.9655,0.46125,0.94004,0.01781,0.9415,0.539,0.93831,0.01925,0.973,0.45976,0.94868,-0.02132,0.9475,0.54028,0.9472,-0.01859,0.9717
90,3.0,0.50058,0.26427,-0.00686,0.9584,0.48952,0.24919,-0.00529,0.9724,0.48097,0.24634,-0.00941,0.9604,0.47668,0.24865,-0.00513,0.9423,0.51015,0.25233,-0.00674,0.9478,0.51552,0.24768,-0.00566,0.9608,0.52396,0.25077,-0.00466,0.9607,0.46852,0.26361,0.00602,0.9495,0.52888,0.26077,0.00737,0.9793,0.48928,0.28787,-0.00258,0.9458,0.50965,0.28985,-0.0061,0.9401,0.42972,0.38688,-0.00858,0.9255,0.56838,0.38464,-0.00934,0.9596,0.42069,0.49193,-0.06684,0.987,0.58156,0.49221,-0.06405,0.9483,0.42836,0.5707,-0.10916,0.9413,0.56941,0.57087,-0.10891,0.9546,0.42375,0.58973,-0.11226,0.9905,0.57946,0.59154,-0.11327,0.9655,0.41709,0.58543,-0.11653,0.9826,0.58021,0.58576,-0.117,0.9438,0.43446,0.5861,-0.10967,0.968,0.56381,0.58773,-0.10941,0.9603,0.46132,0.61797,0.00272,0.9538,0.53916,0.61914,0.00339,0.936,0.45705,0.72089,-0.04478,0.9726,0.54474,0.72038,-0.04718,0.9638,0.45781,0.92033,0.00552,0.971,0.54264,0.92081,0.00768,0.9521,0.46284,0.94338,0.02135,0.9558,0.54014,0.94049,0.01868,0.9738,0.45875,0.94984,-0.02219,0.9547,0.54088,0.949,-0.01869,0.957
91,3.0333,0.50214,0.26689,-0.00553,0.9741,0.48836,0.25665,-0.00699,0.9644,0.48239,0.25529,-0.00747,0.9451,0.47632,0.25941,-0.00642,0.9787,0.51231,0.2543,-0.00451,0.9601,0.51679,0.25393,-0.00811,0.9586,0.5231,0.25337,-0.00618,0.9936,0.46995,0.26624,0.00295,0.9844,0.53266,0.26792,0.00217,0.9881,0.48969,0.29033,-0.00568,0.9577,0.50941,0.29038,-0.00572,0.9545,0.43187,0.38972,-0.01062,0.9627,0.5712,0.39102,-0.00944,0.9779,0.41954,0.49742,-0.07047,0.9401,0.57977,0.4938,-0.06876,0.9704,0.43023,0.57336,-0.11644,0.9418,0.57006,0.57212,-0.11396,0.9568,0.42105,0.5913,-0.12047,0.9512,0.57988,0.59429,-0.12012,0.9528,0.41528,0.58736,-0.12121,0.9448,0.58178,0.58929,-0.11683,0.9671,0.43475,0.58571,-0.11161,0.9563,0.56773,0.5896,-0.11441,0.9649,0.46098,0.62663,0.00498,0.9747,0.53899,0.62926,0.00539,0.9472,0.45726,0.72066,-0.04856,0.9522,0.54489,0.71892,-0.05123,0.9754,0.45701,0.92219,0.00349,0.9437,0.53991,0.92287,0.00771,0.9841,0.45989,0.93957,0.01992,0.945,0.53879,0.93941,0.01891,0.9834,0.46039,0.95028,-0.01857,0.966,0.538,0.94822,-0.01748,0.9494
92,3.0667,0.49635,0.27173,-0.00738,0.9691,0.48992,0.26069,-0.00562,0.9611,0.48377,0.26229,-0.00769,0.9868,0.47424,0.26026,-0.00653,0.9707,0.51476,0.26173,-0.008,0.9649,0.51612,0.25943,-0.00858,0.9581,0.52529,0.264,-0.00668,0.9471,0.46885,0.27024,0.00091,0.9624,0.52869,0.27089,0.00239,0.9743,0.48725,0.30007,-0.00895,0.9779,0.51012,0.29502,-0.00693,0.9645,0.43207,0.39824,-0.01123,0.9527,0.56982,0.39665,-0.01072,0.9531,0.4221,0.5004,-0.07025,0.9669,0.57966,0.49904,-0.07247,0.9467,0.4295,0.57336,-0.11946,0.964,0.5696,0.57352,-0.11847,0.9285,0.42053,0.59787,-0.12399,0.9584,0.57807,0.59507,-0.12303,0.9481,0.41705,0.59029,-0.12293,0.9681,0.5794,0.58899,-0.12355,0.9584,0.43289,0.5909,-0.11718,0.9357,0.56832,0.5901,-0.11874,0.9552,0.46193,0.63721,0.00723,0.9527,0.53986,0.63524,0.00233,0.96,0.45636,0.71994,-0.0526,0.9538,0.5437,0.72093,-0.05165,0.9634,0.46133,0.91959,0.00578,0.9599,0.53936,0.92132,0.0038,0.9606,0.45892,0.94117,0.02187,0.9412,0.53968,0.94185,0.02118,0.9641,0.45959,0.94961,-0.02133,0.9397,0.54052,0.94975,-0.01923,0.9689
93,3.1,0.50017,0.27743,-0.00891,0.9727,0.48787,0.26705,-0.00913,0.9302,0.48327,0.26411,-0.00967,0.9432,0.47314,0.26726,-0.00903,0.9731,0.51043,0.26597,-0.0094,0.9812,0.51514,0.26394,-0.0094,0.9823,0.52287,0.26902,-0.00861,0.9627,0.46965,0.27657,0.00124,0.9707,0.52946,0.27564,0.00228,0.9566,0.48935,0.30146,-0.00874,0.9612,0.5106,0.30115,-0.00986,0.9572,0.42893,0.40301,-0.0132,0.9828,0.57049,0.40215,-0.01046,0.967,0.42211,0.50373,-0.07115,0.9501,0.58258,0.50374,-0.07434,0.9759,0.43159,0.57789,-0.12182,0.9864,0.57024,0.57513,-0.12181,0.967,0.42167,0.59859,-0.12638,0.9657,0.57487,0.59618,-0.12521,0.9461,0.41641,0.5908,-0.12565,0.9667,0.58298,0.59493,-0.12771,0.9726,0.43567,0.58894,-0.12462,0.9483,0.56871,0.59176,-0.1229,0.9665,0.45994,0.64116,0.00018,0.9769,0.53945,0.63807,0.00423,0.9951,0.45665,0.71917,-0.05554,0.98,0.54453,0.71913,-0.0547,0.9545,0.45736,0.92068,0.00672,0.9488,0.54126,0.92083,0.00574,0.9532,0.45896,0.93994,0.01736,0.9616,0.54029,0.94179,0.02265,0.9603,0.4589,0.94917,-0.01864,0.9696,0.53836,0.94872,-0.02213,0.9723
94,3.1333,0.5012,0.28243,-0.00907,0.9516,0.48841,0.26979,-0.01068,0.9532,0.48067,0.27043,-0.00982,0.9424,0.47497,0.26937,-0.00869,0.9663,0.51191,0.2718,-0.0088,0.944,0.52058,0.26963,-0.00966,0.9587,0.52257,0.26888,-0.00617,0.9517,0.46833,0.27855,0.00223,0.945,0.5316,0.28135,0.00443,0.9423,0.48891,0.30692,-0.00946,0.9548,0.51182,0.30584,-0.00779,0.9412,0.43042,0.40712,-0.0114,0.9911,0.57021,0.4031,-0.01563,0.962,0.42136,0.50636,-0.07581,0.9389,0.57879,0.50496,-0.07823,0.9786,0.43061,0.5778,-0.12798,0.9528,0.56882,0.5772,-0.1261,0.9702,0.42083,0.59605,-0.13043,0.9895,0.57741,0.59872,-0.12989,0.9453,0.41776,0.59418,-0.13023,0.9852,0.58202,0.59383,-0.13146,0.9643,0.43114,0.59132,-0.12635,0.9672,0.56458,0.5942,-0.12509,0.9559,0.45963,0.64447,0.00416,0.9852,0.53872,0.64486,0.00193,0.9761,0.45413,0.72074,-0.05773,0.9409,0.54715,0.71954,-0.05679,0.9433,0.45879,0.91982,0.00711,0.9536,0.53926,0.91909,0.003,0.9533,0.46002,0.94006,0.0199,0.9704,0.53899,0.94041,0.02251,0.9666,0.45934,0.95163,-0.01884,0.9709,0.54001,0.94951,-0.01968,0.9588
95,3.1667,0.50064,0.28251,-0.01339,0.9471,0.48839,0.27232,-0.01218,0.972,0.48368,0.27008,-0.0107,0.9524,0.47697,0.27174,-0.01271,0.9495,0.51107,0.27347,-0.00997,0.9547,0.51943,0.26925,-0.00949,0.9546,0.52499,0.27497,-0.00858,0.995,0.46713,0.2827,6e-05,0.973,0.53163,0.28091,0.00025,0.9614,0.48823,0.30616,-0.01167,0.9815,0.50806,0.30399,-0.00905,0.9553,0.43058,0.40845,-0.0157,0.951,0.5696,0.40725,-0.01297,0.9801,0.4198,0.50943,-0.07919,0.97,0.5821,0.50593,-0.07772,0.9861,0.42905,0.57993,-0.1271,0.9672,0.56789,0.58102,-0.12563,0.9563,0.42006,0.59823,-0.13317,0.9735,0.57718,0.59869,-0.13316,0.9932,0.41787,0.59667,-0.13312,0.9646,0.5844,0.59241,-0.13171,0.9294,0.4321,0.59596,-0.12868,0.9403,0.56666,0.59305,-0.12923,0.9711,0.462,0.64701,0.00374,0.9487,0.54132,0.64896,0.00527,0.9644,0.45542,0.7191,-0.06117,0.9495,0.5497,0.71884,-0.05807,0.9539,0.45967,0.91832,0.00369,0.9327,0.54018,0.9184,0.00478,0.9404,0.4594,0.93864,0.02128,0.9624,0.54097,0.94077,0.01891,0.9591,0.46022,0.95028,-0.01996,0.9218,0.53817,0.94881,-0.02139,0.9649
96,3.2,0.4994,0.28334,-0.00942,0.9282,0.48693,0.27387,-0.01013,0.9611,0.48021,0.27398,-0.00599,0.9512,0.47533,0.27749,-0.00842,0.9539,0.51064,0.27333,-0.00863,0.9317,0.52116,0.27117,-0.01036,0.9784,0.5237,0.27425,-0.01365,0.949,0.47056,0.28565,-0.00104,0.974,0.5293,0.28598,0.00062,0.9662,0.49169,0.31364,-0.00965,1.0,0.51122,0.30859,-0.01107,0.9667,0.42923,0.41093,-0.01693,0.9427,0.57102,0.41043,-0.01141,0.9656,0.41948,0.50853,-0.08055,0.9821,0.58309,0.50873,-0.07944,0.9465,0.43108,0.57953,-0.12823,0.9559,0.5716,0.57879,-0.12991,0.9549,0.42276,0.60068,-0.13527,0.9618,0.57682,0.59927,-0.13343,0.9474,0.41803,0.59226,-0.13267,0.9577,0.5814,0.59369,-0.13588,0.9545,0.43508,0.59561,-0.12931,0.9466,0.56618,0.5936,-0.1312,0.9376,0.46172,0.64832,0.00579,0.9474,0.53942,0.64869,0.00621,0.9838,0.45751,0.71842,-0.06001,0.9773,0.54608,0.72109,-0.0601,0.9476,0.45676,0.92029,0.00559,0.9598,0.53894,0.92198,0.0054,0.9622,0.46063,0.93836,0.02076,0.9621,0.53972,0.93985,0.02157,0.9442,0.45926,0.94653,-0.01907,0.9819,0.54004,0.94909,-0.01952,0.9529
97,3.2333,0.50125,0.28508,-0.01175,0.9403,0.48828,0.27533,-0.01018,0.9734,0.48217,0.27571,-0.00781,0.9935,0.47373,0.27344,-0.01029,0.9498,0.51437,0.27801,-0.0115,0.9759,0.5171,0.27178,-0.00858,0.9504,0.52314,0.27227,-0.01128,0.9653,0.47089,0.28384,-0.00187,0.9835,0.52807,0.28586,0.0,0.9627,0.48985,0.30991,-0.01468,0.9632,0.51048,0.30843,-0.00982,0.9494,0.43088,0.4123,-0.01385,0.937,0.56887,0.408,-0.01438,0.9528,0.42091,0.50908,-0.08034,0.963,0.58049,0.50959,-0.08098,0.9672,0.43101,0.58102,-0.13051,0.9724,0.57197,0.58155,-0.12615,0.9955,0.42221,0.5999,-0.13703,0.9717,0.577,0.59958,-0.13525,0.9449,0.41851,0.59461,-0.13466,0.9551,0.57989,0.59388,-0.13692,0.9286,0.43198,0.59433,-0.13087,0.9079,0.56624,0.59554,-0.1292,0.9366,0.46043,0.64935,0.00511,0.9644,0.53936,0.65233,0.00548,0.9349,0.45262,0.72025,-0.06121,0.9263,0.54292,0.72164,-0.0604,0.9702,0.45661,0.92004,0.00373,0.9634,0.53989,0.92014,0.00217,0.9475,0.4591,0.94162,0.02124,0.9526,0.54002,0.93802,0.01878,0.9391,0.45776,0.94907,-0.02154,0.9388,0.53981,0.95294,-0.02116,0.9457
98,3.2667,0.49804,0.2856,-0.00918,0.97,0.49114,0.27461,-0.01031,0.9713,0.47908,0.27417,-0.0122,0.9624,0.47674,0.27846,-0.00964,0.9764,0.5101,0.27647,-0.00947,0.9522,0.51974,0.27405,-0.01202,0.977,0.52514,0.27743,-0.0101,0.9673,0.4704,0.28618,0.00016,0.9526,0.52983,0.28258,0.00033,0.9509,0.49207,0.30843,-0.01188,0.9519,0.51152,0.31075,-0.01041,0.9585,0.42674,0.41189,-0.01613,0.9553,0.57187,0.41034,-0.0128,0.9661,0.41839,0.51199,-0.07785,0.9687,0.57954,0.5083,-0.08089,0.9516,0.43031,0.5788,-0.12724,0.9694,0.57176,0.58097,-0.12909,0.9502,0.42312,0.59833,-0.13367,0.9689,0.5776,0.59974,-0.13401,0.9536,0.41744,0.59803,-0.13326,0.9827,0.58041,0.59441,-0.13354,0.9537,0.43492,0.59417,-0.12991,0.9662,0.56761,0.59438,-0.12974,0.9701,0.45745,0.65067,0.0041,0.9471,0.5412,0.64887,0.00453,0.9604,0.4575,0.71794,-0.05972,0.9528,0.54601,0.71913,-0.05873,0.9612,0.46061,0.92074,0.00492,0.9695,0.53955,0.92191,0.00631,0.9785,0.4597,0.93892,0.02039,0.9432,0.54136,0.9387,0.02197,0.9454,0.46223,0.95049,-0.01976,0.9731,0.54203,0.95224,-0.0191,0.9858
99,3.3,0.49892,0.28668,-0.00921,0.9502,0.48923,0.27462,-0.00683,0.9745,0.48102,0.27173,-0.00893,0.9273,0.47555,0.27103,-0.01108,0.937,0.51425,0.27231,-0.00931,0.9621,0.51775,0.27085,-0.01034,0.9709,0.52604,0.2733,-0.01091,0.9538,0.47105,0.28291,-0.00034,0.9578,0.52852,0.28238,0.00043,0.9705,0.48899,0.30804,-0.01047,0.9503,0.51096,0.30727,-0.00717,0.9484,0.43009,0.40366,-0.01538,0.9577,0.56839,0.40826,-0.01788,0.9594,0.41901,0.50514,-0.07933,0.9519,0.58016,0.50896,-0.0779,0.9753,0.42823,0.57894,-0.1253,0.9755,0.57102,0.57902,-0.129,0.965,0.41979,0.59934,-0.13602,0.9634,0.57736,0.5966,-0.13403,0.9342,0.41886,0.59403,-0.1364,0.9459,0.58127,0.59499,-0.13081,0.9606,0.43357,0.59619,-0.12965,0.9728,0.56811,0.59513,-0.1256,0.9443,0.45868,0.64655,0.00533,0.9629,0.54028,0.64878,0.00267,0.957,0.45386,0.71882,-0.05913,0.9781,0.54318,0.71881,-0.05707,0.9781,0.46096,0.92303,0.00473,0.9794,0.5421,0.92057,0.00508,0.9794,0.46315,0.93906,0.02015,0.9555,0.54006,0.94027,0.01952,0.9746,0.46177,0.95114,-0.02005,0.9685,0.53782,0.95009,-0.02117,0.9714
100,3.3333,0.50091,0.2797,-0.01137,0.9544,0.48958,0.27128,-0.00901,0.9645,0.48286,0.27143,-0.00912,0.9384,0.47529,0.26886,-0.00855,0.9446,0.51365,0.26853,-0.0119,0.9399,0.51624,0.26821,-0.00926,0.9734,0.52631,0.27089,-0.00992,0.9377,0.46937,0.28245,0.00189,0.9697,0.52949,0.27996,0.00104,0.9683,0.48959,0.30439,-0.00961,0.9462,0.51212,0.30397,-0.00997,0.9559,0.42905,0.40242,-0.01276,0.9528,0.57043,0.40342,-0.01273,0.9784,0.42214,0.50682,-0.07668,0.9437,0.57969,0.50671,-0.0763,0.9665,0.42894,0.57729,-0.12751,0.9601,0.56775,0.5774,-0.1243,0.9633,0.42152,0.59973,-0.13146,0.95,0.57761,0.59699,-0.12969,0.9639,0.41619,0.59195,-0.12942,0.9606,0.58472,0.59123,-0.12983,0.9514,0.43359,0.59414,-0.12606,0.9637,0.56627,0.59347,-0.12441,0.9496,0.46222,0.64345,0.00112,0.9212,0.54328,0.64378,0.00391,0.9408,0.45442,0.71805,-0.05739,0.9793,0.54648,0.71722,-0.06004,0.9692,0.45967,0.91959,0.00597,0.9593,0.537,0.91935,0.00507,0.9561,0.46101,0.94041,0.01694,0.9541,0.5397,0.94052,0.02181,0.9561,0.45917,0.95093,-0.01827,0.9376,0.54102,0.95125,-0.01865,0.9814
101,3.3667,0.49797,0.27611,-0.00807,0.9422,0.48632,0.26747,-0.00941,0.9771,0.47919,0.26279,-0.01011,0.9615,0.47491,0.26753,-0.0075,0.9425,0.50882,0.26794,-0.00939,0.9483,0.51958,0.26376,-0.01026,0.9693,0.52073,0.26507,-0.00705,0.9576,0.47,0.27762,0.00337,0.975,0.5301,0.28128,0.00343,0.9934,0.48841,0.30477,-0.0077,0.9788,0.50991,0.30125,-0.01077,0.9556,0.42987,0.40285,-0.01339,0.9685,0.56934,0.40373,-0.01218,0.9508,0.42058,0.50309,-0.07281,0.9843,0.57837,0.50331,-0.07447,0.953,0.43069,0.57641,-0.12278,0.9479,0.5727,0.57887,-0.12337,0.9761,0.42354,0.59435,-0.12914,0.9606,0.57884,0.59504,-0.12979,0.9562,0.41976,0.59083,-0.12614,0.9622,0.58225,0.59213,-0.12792,0.9638,0.43153,0.59359,-0.12508,0.975,0.56677,0.59163,-0.12373,0.9625,0.46047,0.63708,0.00577,0.9217,0.53976,0.64089,0.00378,0.9671,0.45326,0.72053,-0.05583,0.9792,0.54575,0.72202,-0.05252,0.9514,0.45893,0.92091,0.00593,0.9359,0.54255,0.92374,0.00622,0.9417,0.46274,0.93862,0.01934,0.9646,0.53931,0.94122,0.0194,0.9486,0.46027,0.95119,-0.01782,0.9642,0.54465,0.94816,-0.02044,0.9977
102,3.4,0.49863,0.27386,-0.00723,0.9343,0.48803,0.26235,-0.00839,0.9363,0.48119,0.26084,-0.01011,0.9439,0.47845,0.26332,-0.00873,0.9612,0.5117,0.26128,-0.0057,0.9645,0.52095,0.26207,-0.00602,0.9723,0.52269,0.26293,-0.00771,0.942,0.46755,0.2716,0.00226,0.9842,0.5306,0.27182,0.00373,0.9464,0.49181,0.29683,-0.0093,0.9698,0.50975,0.29673,-0.00615,0.9696,0.42696,0.39733,-0.01302,0.949,0.57225,0.39657,-0.01351,0.943,0.41843,0.5002,-0.07263,0.9719,0.58006,0.50116,-0.07201,0.9556,0.42809,0.57445,-0.12044,0.9652,0.57281,0.57293,-0.11786,0.9503,0.42084,0.59605,-0.12024,0.962,0.57911,0.59602,-0.12293,0.9873,0.41997,0.59,-0.12481,0.9487,0.58545,0.59174,-0.12495,0.9654,0.4354,0.59099,-0.11667,0.9653,0.56796,0.59118,-0.12106,0.9749,0.45761,0.63399,0.00292,0.9585,0.54154,0.6335,0.00516,0.9458,0.45712,0.72002,-0.05228,0.9639,0.54695,0.71919,-0.05178,0.9568,0.46126,0.91935,0.00361,0.9561,0.54086,0.91988,0.00337,0.9641,0.46087,0.9412,0.02171,0.9163,0.53826,0.94005,0.01826,0.9546,0.46303,0.95361,-0.01808,0.9797,0.53692,0.94902,-0.02245,0.965
103,3.4333,0.49762,0.26528,-0.00322,0.9804,0.49006,0.2571,-0.00875,0.9675,0.48062,0.25663,-0.00639,0.9409,0.47532,0.25865,-0.00494,0.9798,0.5121,0.2562,-0.00745,0.9741,0.51808,0.2564,-0.00764,0.98,0.52136,0.25769,-0.00555,0.9639,0.47215,0.26886,0.00345,0.969,0.52885,0.26471,0.00363,0.9591,0.48902,0.29222,-0.00866,0.9482,0.51128,0.29128,-0.0064,0.9342,0.4298,0.38898,-0.0111,0.9473,0.5697,0.38842,-0.01122,0.9857,0.41984,0.49356,-0.07233,0.9524,0.5819,0.49708,-0.07231,0.9581,0.43071,0.57584,-0.11424,0.9453,0.56706,0.57225,-0.11529,0.954,0.42201,0.59256,-0.11849,0.9648,0.57805,0.58979,-0.11934,0.9458,0.41531,0.58844,-0.12028,0.9584,0.5817,0.58942,-0.11667,0.9464,0.43473,0.58982,-0.11271,0.9793,0.56418,0.58706,-0.11314,0.9633,0.45848,0.62697,0.00366,0.9469,0.53938,0.62665,0.00411,0.9655,0.45678,0.71911,-0.04739,0.9757,0.54514,0.72036,-0.04928,0.9547,0.45849,0.92134,0.00676,0.9494,0.53834,0.91901,0.00385,0.984,0.46256,0.93976,0.02141,0.9654,0.53858,0.94005,0.0213,0.9528,0.45775,0.95263,-0.01749,0.9844,0.5394,0.94938,-0.01973,0.9477
104,3.4667,0.5,0.26281,-0.00516,0.9572,0.48897,0.25131,-0.00401,0.9713,0.48062,0.25152,-0.00314,0.9811,0.47343,0.24984,-0.00671,0.9448,0.51506,0.25036,-0.0039,0.9443,0.51838,0.24685,-0.00365,0.9643,0.52419,0.25189,-0.00307,0.981,0.47021,0.26133,0.0063,0.9442,0.52902,0.26053,0.00137,0.9675,0.49125,0.28369,-0.00843,0.9489,0.51106,0.28204,-0.00924,0.9632,0.42791,0.38391,-0.00976,0.957,0.56724,0.38415,-0.01133,0.9348,0.41967,0.49199,-0.06704,0.9423,0.57881,0.49035,-0.06557,0.9604,0.42978,0.57318,-0.10911,0.9488,0.5706,0.57071,-0.11021,0.9624,0.42488,0.5923,-0.11565,0.9463,0.57878,0.59186,-0.11325,0.9531,0.41866,0.5841,-0.11689,0.9524,0.58347,0.58742,-0.11288,0.9502,0.43524,0.58545,-0.11073,0.9641,0.56855,0.58303,-0.10777,0.9575,0.46016,0.62109,0.00387,0.9796,0.53873,0.61935,0.00415,0.9527,0.45822,0.72152,-0.04781,0.9283,0.5433,0.72012,-0.04766,0.9539,0.46256,0.91918,0.00587,0.9787,0.53601,0.92077,0.00499,0.9366,0.46076,0.94112,0.01758,0.9587,0.54139,0.94002,0.02055,0.9624,0.45949,0.95205,-0.01901,0.9624,0.53939,0.94799,-0.01998,0.9756
105,3.5,0.49883,0.25489,-0.00328,0.9562,0.48721,0.24377,-0.00579,0.9596,0.48297,0.24176,-0.00494,0.9408,0.47743,0.24575,-0.0083,0.9511,0.51332,0.24627,-0.00611,0.9686,0.51686,0.24477,-0.0038,0.9385,0.52262,0.24676,-0.00501,0.9919,0.47195,0.25517,0.00409,0.9564,0.52956,0.2558,0.00904,0.9248,0.49115,0.27884,-0.00543,0.9919,0.51051,0.2786,-0.00637,0.9572,0.42996,0.37807,-0.00843,0.9725,0.56867,0.37852,-0.00705,0.9691,0.42087,0.48648,-0.06142,0.9436,0.57766,0.48509,-0.06481,0.9744,0.42944,0.56914,-0.10289,0.9706,0.56979,0.56913,-0.10423,0.9516,0.41883,0.59045,-0.10828,0.9621,0.57897,0.58758,-0.1097,0.949,0.41605,0.58526,-0.10695,0.96,0.58248,0.5825,-0.10585,0.9448,0.43379,0.58355,-0.10333,0.9461,0.56385,0.58774,-0.10289,0.9609,0.45996,0.61054,0.00388,0.964,0.53922,0.61182,0.00616,0.9421,0.45675,0.71951,-0.04069,0.9563,0.54257,0.72152,-0.03982,0.9558,0.45819,0.92008,0.00558,0.9557,0.53859,0.92192,0.00506,0.9465,0.46074,0.94009,0.02283,0.9652,0.53808,0.93743,0.02149,0.9648,0.45987,0.95027,-0.02132,0.9652,0.54202,0.95034,-0.02022,0.9865
106,3.5333,0.50092,0.24672,-0.00289,0.9505,0.48728,0.23622,-0.00261,0.9541,0.48198,0.23146,-0.0027,0.9758,0.4748,0.23553,-0.00336,0.9593,0.51265,0.23825,-0.00113,0.9463,0.51497,0.23705,0.00012,0.9699,0.52526,0.24023,-0.00145,0.9605,0.47028,0.24483,0.00828,0.9486,0.52794,0.24871,0.0069,0.974,0.49043,0.27392,0.00081,0.9621,0.5074,0.27053,-0.00352,1.0,0.43248,0.37156,-0.00512,0.9484,0.57084,0.36778,-0.00693,0.95,0.41938,0.48179,-0.06122,0.951,0.58033,0.48267,-0.0606,0.9692,0.43149,0.5661,-0.09631,0.9525,0.57028,0.56571,-0.09675,0.9494,0.42207,0.58266,-0.1034,0.9705,0.57969,0.58322,-0.09982,0.9468,0.42039,0.57993,-0.10182,0.9569,0.58131,0.57849,-0.10231,0.9455,0.43235,0.57976,-0.09801,0.9489,0.56612,0.58054,-0.09814,0.958,0.45997,0.60514,0.00296,0.9597,0.53855,0.60176,0.0037,0.9675,0.45502,0.72179,-0.04006,0.957,0.54048,0.7212,-0.03876,0.9694,0.46123,0.92061,0.00511,0.9731,0.53853,0.92076,0.00638,0.9391,0.45928,0.94095,0.0195,0.9509,0.54038,0.94124,0.02289,0.9744,0.45912,0.95297,-0.02136,0.9712,0.54001,0.951,-0.02208,0.933
107,3.5667,0.49968,0.2395,0.00115,0.9731,0.48641,0.23044,-0.00351,0.9682,0.48252,0.22603,0.00108,0.9272,0.47536,0.22776,-0.00128,0.9422,0.51086,0.23086,-0.0017,0.9678,0.51606,0.22808,-0.00177,0.9669,0.5264,0.22905,-0.0018,0.9508,0.47002,0.23677,0.0078,0.935,0.53058,0.23968,0.00991,0.9546,0.49053,0.26449,-0.00252,0.9746,0.5113,0.26459,-0.00187,0.9433,0.43203,0.36313,-0.00441,0.945,0.56883,0.36696,-0.00531,0.9571,0.42072,0.4758,-0.05666,0.9684,0.58104,0.47666,-0.05422,0.9831,0.43148,0.56135,-0.08949,0.9641,0.57124,0.56093,-0.09355,0.9594,0.42578,0.58289,-0.09374,0.9683,0.57991,0.58101,-0.09671,0.9761,0.41961,0.57613,-0.09583,0.947,0.58454,0.58058,-0.09497,0.95,0.43658,0.5783,-0.09059,0.9489,0.56761,0.57479,-0.09224,0.9688,0.45884,0.59329,0.00211,0.9404,0.53906,0.5945,0.00145,0.9767,0.45675,0.72073,-0.03563,0.9526,0.54189,0.72101,-0.03437,0.9635,0.45763,0.91993,0.0057,0.9356,0.53858,0.92268,0.00366,0.961,0.45943,0.93869,0.01905,0.9543,0.53975,0.93984,0.01792,0.9554,0.45911,0.94996,-0.01871,0.9567,0.54095,0.94912,-0.01825,0.9383
108,3.6,0.49908,0.23262,9e-05,0.954,0.48638,0.22125,0.00155,0.9447,0.48159,0.22199,0.00114,0.9585,0.47711,0.22146,-0.00244,0.9746,0.51439,0.22087,-7e-05,0.9546,0.51946,0.21983,0.00242,0.9708,0.52549,0.21643,-0.00015,0.9724,0.4707,0.23041,0.01041,0.9282,0.52818,0.23124,0.00794,0.9603,0.48853,0.25646,-0.00248,0.9757,0.51061,0.25807,-0.00168,0.9571,0.42978,0.35519,-0.00502,0.9552,0.56812,0.35568,-0.00069,0.9798,0.42006,0.46886,-0.04682,0.9727,0.58104,0.46763,-0.05215,0.9361,0.4303,0.55953,-0.0851,0.9533,0.56901,0.55852,-0.08661,0.9621,0.42199,0.58089,-0.09073,0.9717,0.58122,0.58003,-0.08934,0.9688,0.41799,0.57751,-0.08778,0.9889,0.58235,0.57412,-0.09033,0.9517,0.43362,0.57429,-0.08502,0.9504,0.56477,0.57597,-0.08572,0.9533,0.45863,0.5856,0.00501,0.9535,0.54054,0.58516,0.00203,0.96,0.45819,0.72052,-0.02975,0.9651,0.54335,0.71951,-0.03109,0.9761,0.45945,0.91773,0.00389,0.9633,0.54311,0.91861,0.00647,0.951,0.45929,0.94011,0.01745,0.9645,0.53799,0.93963,0.01869,0.96,0.46042,0.95049,-0.01649,0.9733,0.54309,0.95066,-0.02042,0.9751
109,3.6333,0.49868,0.22069,0.00296,0.9616,0.48873,0.2119,-6e-05,0.957,0.48166,0.211,0.00376,0.9631,0.47498,0.21475,0.00143,0.9601,0.51054,0.21366,0.00333,0.9537,0.51688,0.21111,-0.0017,0.9603,0.52386,0.21435,-0.00056,0.9511,0.46868,0.22603,0.00755,0.9754,0.52888,0.22615,0.01206,0.9701,0.48801,0.2502,-0.00113,0.9533,0.51038,0.25353,0.00264,0.9782,0.43006,0.34914,0.00057,0.9235,0.56882,0.34686,0.00119,0.9426,0.42004,0.46511,-0.04619,0.9569,0.57858,0.46525,-0.04425,0.9618,0.43152,0.55608,-0.07715,0.9501,0.56954,0.5589,-0.0774,0.9818,0.42303,0.57463,-0.0842,0.9378,0.57766,0.57957,-0.08492,0.9685,0.41762,0.57341,-0.08448,0.9449,0.58069,0.57417,-0.08465,0.9977,0.4347,0.57141,-0.07899,0.9497,0.56664,0.56962,-0.07881,0.9495,0.46039,0.57534,0.00336,0.9702,0.5403,0.5755,0.00199,0.9688,0.4549,0.71962,-0.02648,0.9806,0.54352,0.71937,-0.02816,0.9544,0.45759,0.91822,0.00503,0.9653,0.54035,0.91787,0.00341,0.948,0.46023,0.94052,0.02197,0.9917,0.53983,0.94231,0.01884,0.9735,0.46052,0.95084,-0.01873,0.9504,0.53764,0.94791,-0.02123,0.9428
110,3.6667,0.4994,0.21545,0.0022,0.9781,0.48863,0.20971,0.00154,0.9521,0.48124,0.20617,0.00399,0.9629,0.47644,0.20631,0.00323,0.9421,0.51385,0.20846,0.00217,0.9347,0.51953,0.20405,0.00334,0.9754,0.52684,0.20912,0.00318,0.9751,0.46845,0.21669,0.01252,0.9572,0.52994,0.21745,0.00929,0.9466,0.49259,0.23819,0.00324,0.957,0.51077,0.2444,0.00366,0.9716,0.42979,0.3382,-0.00099,0.963,0.56912,0.33743,0.00063,0.9709,0.42145,0.45821,-0.03954,0.9646,0.57919,0.45838,-0.03819,0.9509,0.43405,0.55376,-0.0741,0.9524,0.56699,0.55344,-0.07266,0.9549,0.42238,0.57304,-0.07777,0.9469,0.57703,0.57565,-0.0771,0.9593,0.41803,0.56977,-0.0795,0.956,0.58404,0.56831,-0.07699,0.9761,0.43122,0.56867,-0.07096,0.9341,0.56565,0.56918,-0.07416,0.9366,0.45879,0.56692,-0.00024,0.9392,0.53992,0.56642,0.00207,0.952,0.45686,0.71831,-0.01957,0.9721,0.54289,0.71971,-0.02251,0.955,0.45985,0.9206,0.00243,0.969,0.53901,0.92227,0.00412,0.9679,0.46288,0.94122,0.02147,0.9801,0.5434,0.94147,0.02054,0.9319,0.46026,0.94961,-0.01996,0.9425,0.54201,0.94944,-0.0215,0.9629
111,3.7,0.49874,0.21149,0.0024,0.9717,0.48877,0.20137,0.00323,0.9577,0.48256,0.19861,0.00597,0.9441,0.47413,0.20052,0.0063,0.9614,0.51041,0.2009,0.00245,0.9451,0.5189,0.1989,0.00218,0.9699,0.52328,0.19863,0.00164,0.9528,0.47003,0.21047,0.01477,0.977,0.52885,0.21091,0.01458,0.9501,0.49011,0.23503,0.00545,0.9521,0.50888,0.23544,0.00308,0.9634,0.43121,0.33248,0.00256,0.9617,0.56845,0.33025,0.00484,0.9475,0.42051,0.45481,-0.03768,0.9837,0.57981,0.45326,-0.03823,0.9409,0.42823,0.54979,-0.06496,0.9383,0.5697,0.55188,-0.06931,0.999,0.42169,0.57141,-0.07052,0.9252,0.57989,0.57138,-0.07104,0.9781,0.41892,0.56522,-0.07058,0.973,0.58249,0.56626,-0.06918,0.9793,0.43227,0.56731,-0.06512,0.961,0.56523,0.56857,-0.06633,0.9575,0.45945,0.55951,0.00039,0.9417,0.54208,0.55472,0.00059,0.9742,0.45584,0.72108,-0.01735,0.9464,0.5415,0.71939,-0.01608,0.974,0.45987,0.91893,0.00644,0.9619,0.54237,0.92063,0.00454,0.9485,0.46191,0.94142,0.02035,0.9429,0.54218,0.93949,0.02134,0.9469,0.45979,0.95021,-0.0195,0.9625,0.54183,0.95052,-0.0198,0.9592
112,3.7333,0.50134,0.20449,0.00129,0.9581,0.48729,0.19273,0.00422,0.9625,0.48332,0.19101,0.0052,0.9664,0.4767,0.19646,0.00471,0.9634,0.51444,0.19614,0.00745,0.9554,0.51525,0.19232,0.00566,0.9807,0.52454,0.19325,0.00575,0.9568,0.47006,0.20185,0.01466,0.9642,0.53111,0.20185,0.0152,0.9669,0.49065,0.2288,0.00555,0.9683,0.50992,0.23181,0.00364,0.9397,0.42967,0.3246,0.00415,0.9707,0.5723,0.32352,0.00501,0.9614,0.42042,0.44999,-0.03434,0.9572,0.58179,0.45186,-0.03485,0.9725,0.4274,0.55091,-0.05952,0.9624,0.56774,0.55003,-0.05956,0.9417,0.42187,0.5666,-0.0657,0.9565,0.5797,0.5703,-0.06639,0.9494,0.41929,0.56289,-0.06454,0.9682,0.58217,0.56339,-0.06613,0.9633,0.43412,0.56575,-0.0593,0.9618,0.56657,0.56522,-0.05764,0.9783,0.45833,0.54705,-0.0014,0.9539,0.53881,0.54818,0.0013,0.9455,0.46347,0.72106,-0.01084,0.983,0.5402,0.72099,-0.01473,0.9956,0.46198,0.92361,0.00256,0.9605,0.53792,0.91907,0.00613,0.9447,0.46048,0.94064,0.01967,0.9578,0.54104,0.9402,0.01822,0.9705,0.46065,0.94876,-0.02339,0.9775,0.53935,0.95034,-0.0204,0.9797
113,3.7667,0.49975,0.19638,0.00566,0.9373,0.48992,0.1888,0.00474,0.9701,0.48384,0.18547,0.00824,0.9595,0.47658,0.18769,0.00867,0.9613,0.51373,0.18722,0.00816,0.9879,0.51532,0.18541,0.00611,0.9732,0.52212,0.1899,0.0072,0.9838,0.46896,0.19749,0.01499,0.969,0.52867,0.19748,0.0168,0.9511,0.48775,0.22367,0.00749,0.9382,0.51241,0.22393,0.00798,0.9494,0.42892,0.31783,0.00507,0.9626,0.57001,0.31934,0.0045,0.9582,0.41949,0.44273,-0.03083,0.9507,0.57938,0.44273,-0.0274,0.9615,0.43026,0.54949,-0.05791,0.9588,0.57019,0.54753,-0.05698,0.9572,0.42245,0.56594,-0.05837,0.9595,0.5773,0.566,-0.06216,0.9355,0.41889,0.56123,-0.06132,0.9509,0.58282,0.56248,-0.0606,0.9825,0.43457,0.56021,-0.05526,0.9502,0.56621,0.56211,-0.05484,0.9401,0.46077,0.54346,-2e-05,0.9804,0.5364,0.54098,0.00027,0.9556,0.46065,0.71903,-0.00804,0.9738,0.53938,0.71818,-0.01053,0.9509,0.46116,0.92061,0.00506,0.9589,0.54099,0.91819,0.00617,0.9434,0.46144,0.93996,0.01965,0.9662,0.54067,0.94321,0.01788,0.965,0.45916,0.95008,-0.01764,0.9353,0.53809,0.94986,-0.0203,0.9403
114,3.8,0.49989,0.19412,0.00577,0.9553,0.4877,0.18196,0.00766,0.9853,0.4832,0.18218,0.00814,0.9594,0.476,0.18383,0.00831,0.961,0.515,0.18303,0.00799,0.9544,0.51725,0.18016,0.00609,0.9679,0.52285,0.1846,0.00816,0.9448,0.47016,0.19277,0.01894,0.95,0.53071,0.19248,0.01691,0.9544,0.48843,0.21888,0.00457,0.9717,0.51004,0.21763,0.0056,0.9695,0.4306,0.31404,0.00977,0.9862,0.56658,0.31395,0.00634,0.9637,0.42036,0.43778,-0.02698,0.9736,0.57932,0.43923,-0.02651,0.9568,0.43196,0.54413,-0.04861,0.9726,0.56913,0.54519,-0.05215,0.974,0.42149,0.56346,-0.05547,0.9363,0.57899,0.56532,-0.05291,0.9614,0.41852,0.55844,-0.05577,0.9564,0.58305,0.5624,-0.05487,0.9648,0.43307,0.55866,-0.05202,0.9725,0.56564,0.55894,-0.05082,0.9366,0.46001,0.53599,-0.00024,0.9566,0.53816,0.53615,-0.001,0.9681,0.46142,0.72134,-0.00576,0.9658,0.54278,0.7193,-0.0068,0.954,0.45907,0.91731,0.00391,0.9246,0.53935,0.91815,0.00643,0.9554,0.46054,0.94012,0.01964,0.9745,0.53705,0.94056,0.01826,0.973,0.45815,0.95006,-0.02,0.9659,0.53966,0.94891,-0.02029,0.9712
115,3.8333,0.50221,0.18755,0.0077,0.9798,0.48773,0.1772,0.0074,0.9919,0.48202,0.17442,0.00813,0.9626,0.47691,0.18133,0.00823,0.9597,0.51013,0.1775,0.00863,0.9609,0.51649,0.17765,0.00685,0.9638,0.52272,0.1767,0.00966,0.9567,0.46823,0.18531,0.01851,0.9452,0.53213,0.18639,0.01712,0.9465,0.49149,0.21385,0.01036,0.9422,0.5101,0.21031,0.00795,0.9569,0.42928,0.30758,0.00755,0.9767,0.56992,0.31161,0.00945,0.949,0.41907,0.43583,-0.02483,0.9633,0.57989,0.43768,-0.02547,0.9601,0.42763,0.54266,-0.0484,0.9444,0.56913,0.54388,-0.0469,0.9526,0.42015,0.5647,-0.05321,0.9551,0.58052,0.56345,-0.05299,0.9485,0.41615,0.55867,-0.05181,0.934,0.57902,0.55779,-0.05075,0.9523,0.43379,0.56063,-0.04581,0.9596,0.5663,0.55794,-0.04454,0.9485,0.45953,0.53015,0.00158,0.9746,0.54017,0.52888,0.0011,0.9591,0.45879,0.72066,-0.00597,0.9557,0.54013,0.71987,-0.0027,0.9787,0.45855,0.91893,0.0045,0.961,0.54166,0.91989,0.00383,0.9554,0.46223,0.9431,0.02059,0.9503,0.54032,0.94102,0.01961,0.9663,0.46142,0.95245,-0.02101,0.9626,0.53989,0.94968,-0.01967,0.9576
116,3.8667,0.5005,0.18331,0.0096,0.9666,0.48666,0.17439,0.00866,0.9466,0.48513,0.17248,0.01153,0.9603,0.47649,0.17539,0.00829,0.9529,0.5122,0.17355,0.007,0.9819,0.51791,0.17435,0.00917,0.9554,0.52591,0.17795,0.01138,0.9319,0.47049,0.18336,0.01938,0.9356,0.5288,0.18399,0.01869,0.9628,0.49215,0.21023,0.0069,0.9701,0.51083,0.21271,0.00625,0.9666,0.42865,0.30425,0.00743,0.9577,0.56958,0.30625,0.00797,0.9614,0.4202,0.43182,-0.02106,0.9902,0.57811,0.43384,-0.0227,0.9612,0.43055,0.54217,-0.04077,0.9355,0.57112,0.54332,-0.04635,0.9557,0.42213,0.56258,-0.04936,0.9402,0.5747,0.55924,-0.04809,0.9618,0.41739,0.55743,-0.04896,0.9676,0.58394,0.55712,-0.04728,0.9488,0.43512,0.55938,-0.04592,0.9716,0.56679,0.55415,-0.04287,0.9907,0.4591,0.52883,0.00183,0.9553,0.54027,0.52675,0.00026,0.9399,0.46314,0.71982,-0.00271,0.9393,0.54265,0.72036,-0.00293,0.9682,0.46107,0.92066,0.00712,0.9771,0.54051,0.9214,0.00525,0.9674,0.46024,0.9405,0.02285,0.9437,0.5408,0.944,0.01948,0.933,0.45504,0.94883,-0.02027,0.9532,0.53796,0.9484,-0.01992,0.9756
117,3.9,0.49932,0.18254,0.01051,0.9452,0.48739,0.17235,0.00704,0.9556,0.4816,0.16855,0.00825,0.951,0.47738,0.17167,0.01017,0.93,0.5121,0.17019,0.007,0.9677,0.52012,0.17337,0.01013,0.9683,0.52506,0.17191,0.00856,0.9691,0.47191,0.18311,0.01995,0.9585,0.53135,0.18284,0.01923,0.9668,0.48998,0.20472,0.01108,0.9684,0.50852,0.20717,0.00828,0.9394,0.42814,0.30344,0.00902,0.9647,0.56842,0.30414,0.00991,0.9626,0.41969,0.43331,-0.02141,0.9728,0.58117,0.43241,-0.02004,0.9618,0.42983,0.5431,-0.04259,0.9396,0.57139,0.54166,-0.04353,0.9588,0.4232,0.55952,-0.04568,0.9444,0.58082,0.56166,-0.04742,0.9776,0.41976,0.5566,-0.04578,0.9506,0.58312,0.55937,-0.04685,0.9577,0.43455,0.55365,-0.04083,0.9612,0.56457,0.5547,-0.04187,0.9348,0.45956,0.52156,-0.00088,0.9269,0.54018,0.52319,-0.00027,0.9421,0.45953,0.7202,-0.00065,0.9424,0.54191,0.7214,0.00173,0.9431,0.45825,0.92066,0.00758,0.9557,0.54048,0.91919,0.00409,0.975,0.46212,0.93764,0.01893,0.9442,0.53874,0.94332,0.0206,0.9522,0.45974,0.9516,-0.02023,0.9563,0.54036,0.9507,-0.01725,0.9432
118,3.9333,0.49938,0.17806,0.00843,0.9675,0.48834,0.16952,0.0096,0.9479,0.48215,0.16802,0.00767,0.9532,0.47555,0.17049,0.0105,0.9805,0.51074,0.17149,0.00995,0.9726,0.51791,0.16818,0.0078,0.9621,0.52344,0.17129,0.00787,0.9466,0.47064,0.1781,0.02052,0.9632,0.53024,0.17851,0.01797,0.9599,0.49036,0.20578,0.00879,0.9625,0.50954,0.20708,0.01012,0.9661,0.42761,0.30156,0.01182,0.9641,0.5708,0.30105,0.00761,0.9782,0.41971,0.42756,-0.02114,0.9429,0.57923,0.43019,-0.02018,0.9346,0.43039,0.53931,-0.03806,0.9526,0.57275,0.5409,-0.03937,0.9488,0.4241,0.5615,-0.04065,0.96,0.57839,0.5595,-0.04677,0.9564,0.41732,0.55326,-0.04581,0.9456,0.57978,0.55215,-0.04799,0.9583,0.43406,0.55916,-0.03854,0.9744,0.56683,0.55301,-0.04039,0.9548,0.46449,0.52067,-0.00163,0.9428,0.54063,0.52044,0.00072,0.9666,0.46105,0.71949,0.00049,0.9658,0.53772,0.71772,0.00059,0.9481,0.45973,0.92092,0.00685,0.9689,0.53954,0.92197,0.0052,0.9618,0.4611,0.93944,0.01874,0.9497,0.53978,0.94035,0.01834,0.9648,0.46039,0.94855,-0.01841,0.9786,0.5405,0.94888,-0.01989,0.9346
119,3.9667,0.49715,0.18119,0.0091,0.9748,0.48895,0.16767,0.00992,0.9578,0.4833,0.16946,0.01025,0.9581,0.47324,0.16949,0.01068,0.974,0.51008,0.1702,0.01129,0.9597,0.51644,0.16671,0.00958,0.9744,0.522,0.17001,0.01078,0.9445,0.47048,0.17716,0.02218,0.9535,0.52944,0.17896,0.01973,0.948,0.49164,0.20727,0.00962,0.9751,0.51141,0.20673,0.00908,0.9838,0.42856,0.29878,0.00893,0.9652,0.56933,0.29923,0.00841,0.9421,0.4203,0.43025,-0.01993,0.977,0.57973,0.43126,-0.01754,0.9495,0.43082,0.53955,-0.04038,0.9709,0.5678,0.53968,-0.04045,0.9477,0.41856,0.55971,-0.04506,0.9672,0.58149,0.55897,-0.04504,0.9752,0.41798,0.55379,-0.04838,0.9665,0.5825,0.55534,-0.04848,0.9686,0.43351,0.55574,-0.04109,0.9651,0.56341,0.55467,-0.0394,0.9543,0.45928,0.51986,-0.00069,0.9474,0.53931,0.5205,-0.00219,0.9406,0.46022,0.72034,-0.00108,0.9339,0.539,0.71711,0.00369,0.9577,0.46206,0.91747,0.00516,0.9832,0.53873,0.91883,0.00647,0.9463,0.46027,0.93865,0.01936,0.9581,0.54033,0.9409,0.02201,0.9348,0.461,0.94842,-0.02104,0.9556,0.54115,0.9518,-0.01863,0.9491
