frame,timestamp,nose_x,nose_y,nose_z,nose_visibility,left_eye_inner_x,left_eye_inner_y,left_eye_inner_z,left_eye_inner_visibility,left_eye_x,left_eye_y,left_eye_z,left_eye_visibility,left_eye_outer_x,left_eye_outer_y,left_eye_outer_z,left_eye_outer_visibility,right_eye_inner_x,right_eye_inner_y,right_eye_inner_z,right_eye_inner_visibility,right_eye_x,right_eye_y,right_eye_z,right_eye_visibility,right_eye_outer_x,right_eye_outer_y,right_eye_outer_z,right_eye_outer_visibility,left_ear_x,left_ear_y,left_ear_z,left_ear_visibility,right_ear_x,right_ear_y,right_ear_z,right_ear_visibility,mouth_left_x,mouth_left_y,mouth_left_z,mouth_left_visibility,mouth_right_x,mouth_right_y,mouth_right_z,mouth_right_visibility,left_shoulder_x,left_shoulder_y,left_shoulder_z,left_shoulder_visibility,right_shoulder_x,right_shoulder_y,right_shoulder_z,right_shoulder_visibility,left_elbow_x,left_elbow_y,left_elbow_z,left_elbow_visibility,right_elbow_x,right_elbow_y,right_elbow_z,right_elbow_visibility,left_wrist_x,left_wrist_y,left_wrist_z,left_wrist_visibility,right_wrist_x,right_wrist_y,right_wrist_z,right_wrist_visibility,left_pinky_x,left_pinky_y,left_pinky_z,left_pinky_visibility,right_pinky_x,right_pinky_y,right_pinky_z,right_pinky_visibility,left_index_x,left_index_y,left_index_z,left_index_visibility,right_index_x,right_index_y,right_index_z,right_index_visibility,left_thumb_x,left_thumb_y,left_thumb_z,left_thumb_visibility,right_thumb_x,right_thumb_y,right_thumb_z,right_thumb_visibility,left_hip_x,left_hip_y,left_hip_z,left_hip_visibility,right_hip_x,right_hip_y,right_hip_z,right_hip_visibility,left_knee_x,left_knee_y,left_knee_z,left_knee_visibility,right_knee_x,right_knee_y,right_knee_z,right_knee_visibility,left_ankle_x,left_ankle_y,left_ankle_z,left_ankle_visibility,right_ankle_x,right_ankle_y,right_ankle_z,right_ankle_visibility,left_heel_x,left_heel_y,left_heel_z,left_heel_visibility,right_heel_x,right_heel_y,right_heel_z,right_heel_visibility,left_foot_index_x,left_foot_index_y,left_foot_index_z,left_foot_index_visibility,right_foot_index_x,right_foot_index_y,right_foot_index_z,right_foot_index_visibility
0,0.0,0.5,0.22,0.03,0.98,0.482,0.195,0.03,0.98,0.468,0.192,0.03,0.98,0.454,0.195,0.03,0.98,0.518,0.195,0.03,0.98,0.532,0.192,0.03,0.98,0.546,0.195,0.03,0.98,0.435,0.215,0.025,0.98,0.565,0.215,0.025,0.98,0.475,0.255,0.03,0.98,0.525,0.255,0.03,0.98,0.39,0.36,0.02,0.98,0.61,0.36,0.02,0.98,0.31,0.48,0.06,0.98,0.69,0.48,0.06,0.98,0.28,0.59,0.12,0.98,0.72,0.59,0.12,0.98,0.255,0.605,0.125,0.98,0.745,0.605,0.125,0.98,0.285,0.61,0.14,0.98,0.715,0.61,0.14,0.98,0.3,0.595,0.13,0.98,0.7,0.595,0.13,0.98,0.42,0.62,0.0,0.98,0.58,0.62,0.0,0.98,0.42,0.78,0.01,0.98,0.58,0.78,0.01,0.98,0.42,0.94,0.02,0.98,0.58,0.94,0.02,0.98,0.4,0.97,0.0,0.98,0.6,0.97,0.0,0.98,0.42,0.98,0.09,0.98,0.58,0.98,0.09,0.98
1,0.033333,0.50029,0.220209,0.030503,0.98,0.48229,0.195209,0.030503,0.98,0.46829,0.192209,0.030503,0.98,0.45429,0.195209,0.030503,0.98,0.51829,0.195209,0.030503,0.98,0.53229,0.192209,0.030503,0.98,0.54629,0.195209,0.030503,0.98,0.43529,0.215209,0.025503,0.98,0.56529,0.215209,0.025503,0.98,0.47529,0.255209,0.030503,0.98,0.52529,0.255209,0.030503,0.98,0.39029,0.360167,0.020406,0.98,0.61029,0.360167,0.020406,0.98,0.31029,0.480125,0.060336,0.98,0.69029,0.480125,0.060336,0.98,0.28029,0.590098,0.120336,0.98,0.72029,0.590098,0.120336,0.98,0.25529,0.605098,0.125336,0.98,0.74529,0.605098,0.125336,0.98,0.28529,0.610098,0.140336,0.98,0.71529,0.610098,0.140336,0.98,0.30029,0.595098,0.130336,0.98,0.70029,0.595098,0.130336,0.98,0.42029,0.62,0.000169,0.98,0.58029,0.62,0.000169,0.98,0.42029,0.78,0.010169,0.98,0.58029,0.78,0.010169,0.98,0.42029,0.94,0.020169,0.98,0.58029,0.94,0.020169,0.98,0.40029,0.97,0.000169,0.98,0.60029,0.97,0.000169,0.98,0.42029,0.98,0.090169,0.98,0.58029,0.98,0.090169,0.98
2,0.066667,0.500579,0.220836,0.031674,0.98,0.482579,0.195836,0.031674,0.98,0.468579,0.192836,0.031674,0.98,0.454579,0.195836,0.031674,0.98,0.518579,0.195836,0.031674,0.98,0.532579,0.192836,0.031674,0.98,0.546579,0.195836,0.031674,0.98,0.435579,0.215836,0.026674,0.98,0.565579,0.215836,0.026674,0.98,0.475579,0.255836,0.031674,0.98,0.525579,0.255836,0.031674,0.98,0.390579,0.360668,0.021284,0.98,0.610579,0.360668,0.021284,0.98,0.310579,0.480501,0.061006,0.98,0.690579,0.480501,0.061006,0.98,0.280579,0.59039,0.121006,0.98,0.720579,0.59039,0.121006,0.98,0.255579,0.60539,0.126006,0.98,0.745579,0.60539,0.126006,0.98,0.285579,0.61039,0.141006,0.98,0.715579,0.61039,0.141006,0.98,0.300579,0.59539,0.131006,0.98,0.700579,0.59539,0.131006,0.98,0.420579,0.62,0.000338,0.98,0.580579,0.62,0.000338,0.98,0.420579,0.78,0.010338,0.98,0.580579,0.78,0.010338,0.98,0.420579,0.94,0.020338,0.98,0.580579,0.94,0.020338,0.98,0.400579,0.97,0.000338,0.98,0.600579,0.97,0.000338,0.98,0.420579,0.98,0.090338,0.98,0.580579,0.98,0.090338,0.98
3,0.1,0.500867,0.221878,0.03351,0.98,0.482867,0.196878,0.03351,0.98,0.468867,0.193878,0.03351,0.98,0.454867,0.196878,0.03351,0.98,0.518867,0.196878,0.03351,0.98,0.532867,0.193878,0.03351,0.98,0.546867,0.196878,0.03351,0.98,0.435867,0.216878,0.02851,0.98,0.565867,0.216878,0.02851,0.98,0.475867,0.256878,0.03351,0.98,0.525867,0.256878,0.03351,0.98,0.390867,0.361502,0.022634,0.98,0.610867,0.361502,0.022634,0.98,0.310867,0.481127,0.062008,0.98,0.690867,0.481127,0.062008,0.98,0.280867,0.590876,0.122008,0.98,0.720867,0.590876,0.122008,0.98,0.255867,0.605876,0.127008,0.98,0.745867,0.605876,0.127008,0.98,0.285867,0.610876,0.142008,0.98,0.715867,0.610876,0.142008,0.98,0.300867,0.595876,0.132008,0.98,0.700867,0.595876,0.132008,0.98,0.420867,0.62,0.000506,0.98,0.580867,0.62,0.000506,0.98,0.420867,0.78,0.010506,0.98,0.580867,0.78,0.010506,0.98,0.420867,0.94,0.020506,0.98,0.580867,0.94,0.020506,0.98,0.400867,0.97,0.000506,0.98,0.600867,0.97,0.000506,0.98,0.420867,0.98,0.090506,0.98,0.580867,0.98,0.090506,0.98
4,0.133333,0.501151,0.223333,0.036005,0.98,0.483151,0.198333,0.036005,0.98,0.469151,0.195333,0.036005,0.98,0.455151,0.198333,0.036005,0.98,0.519151,0.198333,0.036005,0.98,0.533151,0.195333,0.036005,0.98,0.547151,0.198333,0.036005,0.98,0.436151,0.218333,0.031005,0.98,0.566151,0.218333,0.031005,0.98,0.476151,0.258333,0.036005,0.98,0.526151,0.258333,0.036005,0.98,0.391151,0.362666,0.02445,0.98,0.611151,0.362666,0.02445,0.98,0.311151,0.482,0.063339,0.98,0.691151,0.482,0.063339,0.98,0.281151,0.591555,0.123339,0.98,0.721151,0.591555,0.123339,0.98,0.256151,0.606555,0.128339,0.98,0.746151,0.606555,0.128339,0.98,0.286151,0.611555,0.143339,0.98,0.716151,0.611555,0.143339,0.98,0.301151,0.596555,0.133339,0.98,0.701151,0.596555,0.133339,0.98,0.421151,0.62,0.000673,0.98,0.581151,0.62,0.000673,0.98,0.421151,0.78,0.010673,0.98,0.581151,0.78,0.010673,0.98,0.421151,0.94,0.020673,0.98,0.581151,0.94,0.020673,0.98,0.401151,0.97,0.000673,0.98,0.601151,0.97,0.000673,0.98,0.421151,0.98,0.090673,0.98,0.581151,0.98,0.090673,0.98
5,0.166667,0.501432,0.225197,0.039154,0.98,0.483432,0.200197,0.039154,0.98,0.469432,0.197197,0.039154,0.98,0.455432,0.200197,0.039154,0.98,0.519432,0.200197,0.039154,0.98,0.533432,0.197197,0.039154,0.98,0.547432,0.200197,0.039154,0.98,0.436432,0.220197,0.034154,0.98,0.566432,0.220197,0.034154,0.98,0.476432,0.260197,0.039154,0.98,0.526432,0.260197,0.039154,0.98,0.391432,0.364158,0.026728,0.98,0.611432,0.364158,0.026728,0.98,0.311432,0.483118,0.064996,0.98,0.691432,0.483118,0.064996,0.98,0.281432,0.592425,0.124996,0.98,0.721432,0.592425,0.124996,0.98,0.256432,0.607425,0.129996,0.98,0.746432,0.607425,0.129996,0.98,0.286432,0.612425,0.144996,0.98,0.716432,0.612425,0.144996,0.98,0.301432,0.597425,0.134996,0.98,0.701432,0.597425,0.134996,0.98,0.421432,0.62,0.000839,0.98,0.581432,0.62,0.000839,0.98,0.421432,0.78,0.010839,0.98,0.581432,0.78,0.010839,0.98,0.421432,0.94,0.020839,0.98,0.581432,0.94,0.020839,0.98,0.401432,0.97,0.000839,0.98,0.601432,0.97,0.000839,0.98,0.421432,0.98,0.090839,0.98,0.581432,0.98,0.090839,0.98
6,0.2,0.501707,0.227464,0.042946,0.98,0.483707,0.202464,0.042946,0.98,0.469707,0.199464,0.042946,0.98,0.455707,0.202464,0.042946,0.98,0.519707,0.202464,0.042946,0.98,0.533707,0.199464,0.042946,0.98,0.547707,0.202464,0.042946,0.98,0.436707,0.222464,0.037946,0.98,0.566707,0.222464,0.037946,0.98,0.476707,0.262464,0.042946,0.98,0.526707,0.262464,0.042946,0.98,0.391707,0.365972,0.029463,0.98,0.611707,0.365972,0.029463,0.98,0.311707,0.484479,0.066974,0.98,0.691707,0.484479,0.066974,0.98,0.281707,0.593483,0.126974,0.98,0.721707,0.593483,0.126974,0.98,0.256707,0.608483,0.131974,0.98,0.746707,0.608483,0.131974,0.98,0.286707,0.613483,0.146974,0.98,0.716707,0.613483,0.146974,0.98,0.301707,0.598483,0.136974,0.98,0.701707,0.598483,0.136974,0.98,0.421707,0.62,0.001003,0.98,0.581707,0.62,0.001003,0.98,0.421707,0.78,0.011003,0.98,0.581707,0.78,0.011003,0.98,0.421707,0.94,0.021003,0.98,0.581707,0.94,0.021003,0.98,0.401707,0.97,0.001003,0.98,0.601707,0.97,0.001003,0.98,0.421707,0.98,0.091003,0.98,0.581707,0.98,0.091003,0.98
7,0.233333,0.501977,0.230129,0.047372,0.98,0.483977,0.205129,0.047372,0.98,0.469977,0.202129,0.047372,0.98,0.455977,0.205129,0.047372,0.98,0.519977,0.205129,0.047372,0.98,0.533977,0.202129,0.047372,0.98,0.547977,0.205129,0.047372,0.98,0.436977,0.225129,0.042372,0.98,0.566977,0.225129,0.042372,0.98,0.476977,0.265129,0.047372,0.98,0.526977,0.265129,0.047372,0.98,0.391977,0.368103,0.032645,0.98,0.611977,0.368103,0.032645,0.98,0.311977,0.486077,0.069269,0.98,0.691977,0.486077,0.069269,0.98,0.281977,0.594727,0.129269,0.98,0.721977,0.594727,0.129269,0.98,0.256977,0.609727,0.134269,0.98,0.746977,0.609727,0.134269,0.98,0.286977,0.614727,0.149269,0.98,0.716977,0.614727,0.149269,0.98,0.301977,0.599727,0.139269,0.98,0.701977,0.599727,0.139269,0.98,0.421977,0.62,0.001166,0.98,0.581977,0.62,0.001166,0.98,0.421977,0.78,0.011166,0.98,0.581977,0.78,0.011166,0.98,0.421977,0.94,0.021166,0.98,0.581977,0.94,0.021166,0.98,0.401977,0.97,0.001166,0.98,0.601977,0.97,0.001166,0.98,0.421977,0.98,0.091166,0.98,0.581977,0.98,0.091166,0.98
8,0.266667,0.502241,0.233184,0.05242,0.98,0.484241,0.208184,0.05242,0.98,0.470241,0.205184,0.05242,0.98,0.456241,0.208184,0.05242,0.98,0.520241,0.208184,0.05242,0.98,0.534241,0.205184,0.05242,0.98,0.548241,0.208184,0.05242,0.98,0.437241,0.228184,0.04742,0.98,0.567241,0.228184,0.04742,0.98,0.477241,0.268184,0.05242,0.98,0.527241,0.268184,0.05242,0.98,0.392241,0.370547,0.036268,0.98,0.612241,0.370547,0.036268,0.98,0.312241,0.48791,0.071873,0.98,0.692241,0.48791,0.071873,0.98,0.282241,0.596152,0.131873,0.98,0.722241,0.596152,0.131873,0.98,0.257241,0.611152,0.136873,0.98,0.747241,0.611152,0.136873,0.98,0.287241,0.616152,0.151873,0.98,0.717241,0.616152,0.151873,0.98,0.302241,0.601152,0.141873,0.98,0.702241,0.601152,0.141873,0.98,0.422241,0.62,0.001326,0.98,0.582241,0.62,0.001326,0.98,0.422241,0.78,0.011326,0.98,0.582241,0.78,0.011326,0.98,0.422241,0.94,0.021326,0.98,0.582241,0.94,0.021326,0.98,0.402241,0.97,0.001326,0.98,0.602241,0.97,0.001326,0.98,0.422241,0.98,0.091326,0.98,0.582241,0.98,0.091326,0.98
9,0.3,0.502496,0.23662,0.058076,0.98,0.484496,0.21162,0.058076,0.98,0.470496,0.20862,0.058076,0.98,0.456496,0.21162,0.058076,0.98,0.520496,0.21162,0.058076,0.98,0.534496,0.20862,0.058076,0.98,0.548496,0.21162,0.058076,0.98,0.437496,0.23162,0.053076,0.98,0.567496,0.23162,0.053076,0.98,0.477496,0.27162,0.058076,0.98,0.527496,0.27162,0.058076,0.98,0.392496,0.373296,0.04032,0.98,0.612496,0.373296,0.04032,0.98,0.312496,0.489972,0.07478,0.98,0.692496,0.489972,0.07478,0.98,0.282496,0.597756,0.13478,0.98,0.722496,0.597756,0.13478,0.98,0.257496,0.612756,0.13978,0.98,0.747496,0.612756,0.13978,0.98,0.287496,0.617756,0.15478,0.98,0.717496,0.617756,0.15478,0.98,0.302496,0.602756,0.14478,0.98,0.702496,0.602756,0.14478,0.98,0.422496,0.62,0.001484,0.98,0.582496,0.62,0.001484,0.98,0.422496,0.78,0.011484,0.98,0.582496,0.78,0.011484,0.98,0.422496,0.94,0.021484,0.98,0.582496,0.94,0.021484,0.98,0.402496,0.97,0.001484,0.98,0.602496,0.97,0.001484,0.98,0.422496,0.98,0.091484,0.98,0.582496,0.98,0.091484,0.98
10,0.333333,0.502743,0.240427,0.064324,0.98,0.484743,0.215427,0.064324,0.98,0.470743,0.212427,0.064324,0.98,0.456743,0.215427,0.064324,0.98,0.520743,0.215427,0.064324,0.98,0.534743,0.212427,0.064324,0.98,0.548743,0.215427,0.064324,0.98,0.437743,0.235427,0.059324,0.98,0.567743,0.235427,0.059324,0.98,0.477743,0.275427,0.064324,0.98,0.527743,0.275427,0.064324,0.98,0.392743,0.376342,0.044791,0.98,0.612743,0.376342,0.044791,0.98,0.312743,0.492256,0.077982,0.98,0.692743,0.492256,0.077982,0.98,0.282743,0.599533,0.137982,0.98,0.722743,0.599533,0.137982,0.98,0.257743,0.614533,0.142982,0.98,0.747743,0.614533,0.142982,0.98,0.287743,0.619533,0.157982,0.98,0.717743,0.619533,0.157982,0.98,0.302743,0.604533,0.147982,0.98,0.702743,0.604533,0.147982,0.98,0.422743,0.62,0.00164,0.98,0.582743,0.62,0.00164,0.98,0.422743,0.78,0.01164,0.98,0.582743,0.78,0.01164,0.98,0.422743,0.94,0.02164,0.98,0.582743,0.94,0.02164,0.98,0.402743,0.97,0.00164,0.98,0.602743,0.97,0.00164,0.98,0.422743,0.98,0.09164,0.98,0.582743,0.98,0.09164,0.98
11,0.366667,0.502981,0.244596,0.071146,0.98,0.484981,0.219596,0.071146,0.98,0.470981,0.216596,0.071146,0.98,0.456981,0.219596,0.071146,0.98,0.520981,0.219596,0.071146,0.98,0.534981,0.216596,0.071146,0.98,0.548981,0.219596,0.071146,0.98,0.437981,0.239596,0.066146,0.98,0.567981,0.239596,0.066146,0.98,0.477981,0.279596,0.071146,0.98,0.527981,0.279596,0.071146,0.98,0.392981,0.379677,0.049668,0.98,0.612981,0.379677,0.049668,0.98,0.312981,0.494758,0.081469,0.98,0.692981,0.494758,0.081469,0.98,0.282981,0.601478,0.141469,0.98,0.722981,0.601478,0.141469,0.98,0.257981,0.616478,0.146469,0.98,0.747981,0.616478,0.146469,0.98,0.287981,0.621478,0.161469,0.98,0.717981,0.621478,0.161469,0.98,0.302981,0.606478,0.151469,0.98,0.702981,0.606478,0.151469,0.98,0.422981,0.62,0.001792,0.98,0.582981,0.62,0.001792,0.98,0.422981,0.78,0.011792,0.98,0.582981,0.78,0.011792,0.98,0.422981,0.94,0.021792,0.98,0.582981,0.94,0.021792,0.98,0.402981,0.97,0.001792,0.98,0.602981,0.97,0.001792,0.98,0.422981,0.98,0.091792,0.98,0.582981,0.98,0.091792,0.98
12,0.4,0.503209,0.249115,0.078525,0.98,0.485209,0.224115,0.078525,0.98,0.471209,0.221115,0.078525,0.98,0.457209,0.224115,0.078525,0.98,0.521209,0.224115,0.078525,0.98,0.535209,0.221115,0.078525,0.98,0.549209,0.224115,0.078525,0.98,0.438209,0.244115,0.073525,0.98,0.568209,0.244115,0.073525,0.98,0.478209,0.284115,0.078525,0.98,0.528209,0.284115,0.078525,0.98,0.393209,0.383292,0.054938,0.98,0.613209,0.383292,0.054938,0.98,0.313209,0.497469,0.085234,0.98,0.693209,0.497469,0.085234,0.98,0.283209,0.603587,0.145234,0.98,0.723209,0.603587,0.145234,0.98,0.258209,0.618587,0.150234,0.98,0.748209,0.618587,0.150234,0.98,0.288209,0.623587,0.165234,0.98,0.718209,0.623587,0.165234,0.98,0.303209,0.608587,0.155234,0.98,0.703209,0.608587,0.155234,0.98,0.423209,0.62,0.001942,0.98,0.583209,0.62,0.001942,0.98,0.423209,0.78,0.011942,0.98,0.583209,0.78,0.011942,0.98,0.423209,0.94,0.021942,0.98,0.583209,0.94,0.021942,0.98,0.403209,0.97,0.001942,0.98,0.603209,0.97,0.001942,0.98,0.423209,0.98,0.091942,0.98,0.583209,0.98,0.091942,0.98
13,0.433333,0.503427,0.25397,0.08644,0.98,0.485427,0.22897,0.08644,0.98,0.471427,0.22597,0.08644,0.98,0.457427,0.22897,0.08644,0.98,0.521427,0.22897,0.08644,0.98,0.535427,0.22597,0.08644,0.98,0.549427,0.22897,0.08644,0.98,0.438427,0.24897,0.08144,0.98,0.568427,0.24897,0.08144,0.98,0.478427,0.28897,0.08644,0.98,0.528427,0.28897,0.08644,0.98,0.393427,0.387176,0.060587,0.98,0.613427,0.387176,0.060587,0.98,0.313427,0.500382,0.089264,0.98,0.693427,0.500382,0.089264,0.98,0.283427,0.605853,0.149264,0.98,0.723427,0.605853,0.149264,0.98,0.258427,0.620853,0.154264,0.98,0.748427,0.620853,0.154264,0.98,0.288427,0.625853,0.169264,0.98,0.718427,0.625853,0.169264,0.98,0.303427,0.610853,0.159264,0.98,0.703427,0.610853,0.159264,0.98,0.423427,0.62,0.002088,0.98,0.583427,0.62,0.002088,0.98,0.423427,0.78,0.012088,0.98,0.583427,0.78,0.012088,0.98,0.423427,0.94,0.022088,0.98,0.583427,0.94,0.022088,0.98,0.403427,0.97,0.002088,0.98,0.603427,0.97,0.002088,0.98,0.423427,0.98,0.092088,0.98,0.583427,0.98,0.092088,0.98
14,0.466667,0.503632,0.259149,0.094868,0.98,0.485632,0.234149,0.094868,0.98,0.471632,0.231149,0.094868,0.98,0.457632,0.234149,0.094868,0.98,0.521632,0.234149,0.094868,0.98,0.535632,0.231149,0.094868,0.98,0.549632,0.234149,0.094868,0.98,0.438632,0.254149,0.089868,0.98,0.568632,0.254149,0.089868,0.98,0.478632,0.294149,0.094868,0.98,0.528632,0.294149,0.094868,0.98,0.393632,0.391319,0.066598,0.98,0.613632,0.391319,0.066598,0.98,0.313632,0.503489,0.093549,0.98,0.693632,0.503489,0.093549,0.98,0.283632,0.608269,0.153549,0.98,0.723632,0.608269,0.153549,0.98,0.258632,0.623269,0.158549,0.98,0.748632,0.623269,0.158549,0.98,0.288632,0.628269,0.173549,0.98,0.718632,0.628269,0.173549,0.98,0.303632,0.613269,0.163549,0.98,0.703632,0.613269,0.163549,0.98,0.423632,0.62,0.00223,0.98,0.583632,0.62,0.00223,0.98,0.423632,0.78,0.01223,0.98,0.583632,0.78,0.01223,0.98,0.423632,0.94,0.02223,0.98,0.583632,0.94,0.02223,0.98,0.403632,0.97,0.00223,0.98,0.603632,0.97,0.00223,0.98,0.423632,0.98,0.09223,0.98,0.583632,0.98,0.09223,0.98
15,0.5,0.503826,0.264636,0.103786,0.98,0.485826,0.239636,0.103786,0.98,0.471826,0.236636,0.103786,0.98,0.457826,0.239636,0.103786,0.98,0.521826,0.239636,0.103786,0.98,0.535826,0.236636,0.103786,0.98,0.549826,0.239636,0.103786,0.98,0.438826,0.259636,0.098786,0.98,0.568826,0.259636,0.098786,0.98,0.478826,0.299636,0.103786,0.98,0.528826,0.299636,0.103786,0.98,0.393826,0.395709,0.072956,0.98,0.613826,0.395709,0.072956,0.98,0.313826,0.506782,0.098077,0.98,0.693826,0.506782,0.098077,0.98,0.283826,0.61083,0.158077,0.98,0.723826,0.61083,0.158077,0.98,0.258826,0.62583,0.163077,0.98,0.748826,0.62583,0.163077,0.98,0.288826,0.63083,0.178077,0.98,0.718826,0.63083,0.178077,0.98,0.303826,0.61583,0.168077,0.98,0.703826,0.61583,0.168077,0.98,0.423826,0.62,0.002368,0.98,0.583826,0.62,0.002368,0.98,0.423826,0.78,0.012368,0.98,0.583826,0.78,0.012368,0.98,0.423826,0.94,0.022368,0.98,0.583826,0.94,0.022368,0.98,0.403826,0.97,0.002368,0.98,0.603826,0.97,0.002368,0.98,0.423826,0.98,0.092368,0.98,0.583826,0.98,0.092368,0.98
16,0.533333,0.504006,0.270418,0.11317,0.98,0.486006,0.245418,0.11317,0.98,0.472006,0.242418,0.11317,0.98,0.458006,0.245418,0.11317,0.98,0.522006,0.245418,0.11317,0.98,0.536006,0.242418,0.11317,0.98,0.550006,0.245418,0.11317,0.98,0.439006,0.265418,0.10817,0.98,0.569006,0.265418,0.10817,0.98,0.479006,0.305418,0.11317,0.98,0.529006,0.305418,0.11317,0.98,0.394006,0.400334,0.079642,0.98,0.614006,0.400334,0.079642,0.98,0.314006,0.510251,0.102836,0.98,0.694006,0.510251,0.102836,0.98,0.284006,0.613528,0.162836,0.98,0.724006,0.613528,0.162836,0.98,0.259006,0.628528,0.167836,0.98,0.749006,0.628528,0.167836,0.98,0.289006,0.633528,0.182836,0.98,0.719006,0.633528,0.182836,0.98,0.304006,0.618528,0.172836,0.98,0.704006,0.618528,0.172836,0.98,0.424006,0.62,0.002502,0.98,0.584006,0.62,0.002502,0.98,0.424006,0.78,0.012502,0.98,0.584006,0.78,0.012502,0.98,0.424006,0.94,0.022502,0.98,0.584006,0.94,0.022502,0.98,0.404006,0.97,0.002502,0.98,0.604006,0.97,0.002502,0.98,0.424006,0.98,0.092502,0.98,0.584006,0.98,0.092502,0.98
17,0.566667,0.504173,0.276477,0.122994,0.98,0.486173,0.251477,0.122994,0.98,0.472173,0.248477,0.122994,0.98,0.458173,0.251477,0.122994,0.98,0.522173,0.251477,0.122994,0.98,0.536173,0.248477,0.122994,0.98,0.550173,0.251477,0.122994,0.98,0.439173,0.271477,0.117994,0.98,0.569173,0.271477,0.117994,0.98,0.479173,0.311477,0.122994,0.98,0.529173,0.311477,0.122994,0.98,0.394173,0.405181,0.086638,0.98,0.614173,0.405181,0.086638,0.98,0.314173,0.513886,0.107813,0.98,0.694173,0.513886,0.107813,0.98,0.284173,0.616356,0.167813,0.98,0.724173,0.616356,0.167813,0.98,0.259173,0.631356,0.172813,0.98,0.749173,0.631356,0.172813,0.98,0.289173,0.636356,0.187813,0.98,0.719173,0.636356,0.187813,0.98,0.304173,0.621356,0.177813,0.98,0.704173,0.621356,0.177813,0.98,0.424173,0.62,0.002632,0.98,0.584173,0.62,0.002632,0.98,0.424173,0.78,0.012632,0.98,0.584173,0.78,0.012632,0.98,0.424173,0.94,0.022632,0.98,0.584173,0.94,0.022632,0.98,0.404173,0.97,0.002632,0.98,0.604173,0.97,0.002632,0.98,0.424173,0.98,0.092632,0.98,0.584173,0.98,0.092632,0.98
18,0.6,0.504326,0.282796,0.13323,0.98,0.486326,0.257796,0.13323,0.98,0.472326,0.254796,0.13323,0.98,0.458326,0.257796,0.13323,0.98,0.522326,0.257796,0.13323,0.98,0.536326,0.254796,0.13323,0.98,0.550326,0.257796,0.13323,0.98,0.439326,0.277796,0.12823,0.98,0.569326,0.277796,0.12823,0.98,0.479326,0.317796,0.13323,0.98,0.529326,0.317796,0.13323,0.98,0.394326,0.410237,0.093925,0.98,0.614326,0.410237,0.093925,0.98,0.314326,0.517678,0.112993,0.98,0.694326,0.517678,0.112993,0.98,0.284326,0.619305,0.172993,0.98,0.724326,0.619305,0.172993,0.98,0.259326,0.634305,0.177993,0.98,0.749326,0.634305,0.177993,0.98,0.289326,0.639305,0.192993,0.98,0.719326,0.639305,0.192993,0.98,0.304326,0.624305,0.182993,0.98,0.704326,0.624305,0.182993,0.98,0.424326,0.62,0.002757,0.98,0.584326,0.62,0.002757,0.98,0.424326,0.78,0.012757,0.98,0.584326,0.78,0.012757,0.98,0.424326,0.94,0.022757,0.98,0.584326,0.94,0.022757,0.98,0.404326,0.97,0.002757,0.98,0.604326,0.97,0.002757,0.98,0.424326,0.98,0.092757,0.98,0.584326,0.98,0.092757,0.98
19,0.633333,0.504464,0.289359,0.14385,0.98,0.486464,0.264359,0.14385,0.98,0.472464,0.261359,0.14385,0.98,0.458464,0.264359,0.14385,0.98,0.522464,0.264359,0.14385,0.98,0.536464,0.261359,0.14385,0.98,0.550464,0.264359,0.14385,0.98,0.439464,0.284359,0.13885,0.98,0.569464,0.284359,0.13885,0.98,0.479464,0.324359,0.14385,0.98,0.529464,0.324359,0.14385,0.98,0.394464,0.415487,0.101483,0.98,0.614464,0.415487,0.101483,0.98,0.314464,0.521615,0.118363,0.98,0.694464,0.521615,0.118363,0.98,0.284464,0.622367,0.178363,0.98,0.724464,0.622367,0.178363,0.98,0.259464,0.637367,0.183363,0.98,0.749464,0.637367,0.183363,0.98,0.289464,0.642367,0.198363,0.98,0.719464,0.642367,0.198363,0.98,0.304464,0.627367,0.188363,0.98,0.704464,0.627367,0.188363,0.98,0.424464,0.62,0.002877,0.98,0.584464,0.62,0.002877,0.98,0.424464,0.78,0.012877,0.98,0.584464,0.78,0.012877,0.98,0.424464,0.94,0.022877,0.98,0.584464,0.94,0.022877,0.98,0.404464,0.97,0.002877,0.98,0.604464,0.97,0.002877,0.98,0.424464,0.98,0.092877,0.98,0.584464,0.98,0.092877,0.98
20,0.666667,0.504587,0.296146,0.154825,0.98,0.486587,0.271146,0.154825,0.98,0.472587,0.268146,0.154825,0.98,0.458587,0.271146,0.154825,0.98,0.522587,0.271146,0.154825,0.98,0.536587,0.268146,0.154825,0.98,0.550587,0.271146,0.154825,0.98,0.439587,0.291146,0.149825,0.98,0.569587,0.291146,0.149825,0.98,0.479587,0.331146,0.154825,0.98,0.529587,0.331146,0.154825,0.98,0.394587,0.420917,0.10929,0.98,0.614587,0.420917,0.10929,0.98,0.314587,0.525688,0.123908,0.98,0.694587,0.525688,0.123908,0.98,0.284587,0.625535,0.183908,0.98,0.724587,0.625535,0.183908,0.98,0.259587,0.640535,0.188908,0.98,0.749587,0.640535,0.188908,0.98,0.289587,0.645535,0.203908,0.98,0.719587,0.645535,0.203908,0.98,0.304587,0.630535,0.193908,0.98,0.704587,0.630535,0.193908,0.98,0.424587,0.62,0.002991,0.98,0.584587,0.62,0.002991,0.98,0.424587,0.78,0.012991,0.98,0.584587,0.78,0.012991,0.98,0.424587,0.94,0.022991,0.98,0.584587,0.94,0.022991,0.98,0.404587,0.97,0.002991,0.98,0.604587,0.97,0.002991,0.98,0.424587,0.98,0.092991,0.98,0.584587,0.98,0.092991,0.98
21,0.7,0.504695,0.303139,0.166124,0.98,0.486695,0.278139,0.166124,0.98,0.472695,0.275139,0.166124,0.98,0.458695,0.278139,0.166124,0.98,0.522695,0.278139,0.166124,0.98,0.536695,0.275139,0.166124,0.98,0.550695,0.278139,0.166124,0.98,0.439695,0.298139,0.161124,0.98,0.569695,0.298139,0.161124,0.98,0.479695,0.338139,0.166124,0.98,0.529695,0.338139,0.166124,0.98,0.394695,0.426511,0.117325,0.98,0.614695,0.426511,0.117325,0.98,0.314695,0.529884,0.129612,0.98,0.694695,0.529884,0.129612,0.98,0.284695,0.628798,0.189612,0.98,0.724695,0.628798,0.189612,0.98,0.259695,0.643798,0.194612,0.98,0.749695,0.643798,0.194612,0.98,0.289695,0.648798,0.209612,0.98,0.719695,0.648798,0.209612,0.98,0.304695,0.633798,0.199612,0.98,0.704695,0.633798,0.199612,0.98,0.424695,0.62,0.003101,0.98,0.584695,0.62,0.003101,0.98,0.424695,0.78,0.013101,0.98,0.584695,0.78,0.013101,0.98,0.424695,0.94,0.023101,0.98,0.584695,0.94,0.023101,0.98,0.404695,0.97,0.003101,0.98,0.604695,0.97,0.003101,0.98,0.424695,0.98,0.093101,0.98,0.584695,0.98,0.093101,0.98
22,0.733333,0.504787,0.310319,0.177715,0.98,0.486787,0.285319,0.177715,0.98,0.472787,0.282319,0.177715,0.98,0.458787,0.285319,0.177715,0.98,0.522787,0.285319,0.177715,0.98,0.536787,0.282319,0.177715,0.98,0.550787,0.285319,0.177715,0.98,0.439787,0.305319,0.172715,0.98,0.569787,0.305319,0.172715,0.98,0.479787,0.345319,0.177715,0.98,0.529787,0.345319,0.177715,0.98,0.394787,0.432255,0.125566,0.98,0.614787,0.432255,0.125566,0.98,0.314787,0.534191,0.13546,0.98,0.694787,0.534191,0.13546,0.98,0.284787,0.632149,0.19546,0.98,0.724787,0.632149,0.19546,0.98,0.259787,0.647149,0.20046,0.98,0.749787,0.647149,0.20046,0.98,0.289787,0.652149,0.21546,0.98,0.719787,0.652149,0.21546,0.98,0.304787,0.637149,0.20546,0.98,0.704787,0.637149,0.20546,0.98,0.424787,0.62,0.003205,0.98,0.584787,0.62,0.003205,0.98,0.424787,0.78,0.013205,0.98,0.584787,0.78,0.013205,0.98,0.424787,0.94,0.023205,0.98,0.584787,0.94,0.023205,0.98,0.404787,0.97,0.003205,0.98,0.604787,0.97,0.003205,0.98,0.424787,0.98,0.093205,0.98,0.584787,0.98,0.093205,0.98
23,0.766667,0.504863,0.317665,0.189567,0.98,0.486863,0.292665,0.189567,0.98,0.472863,0.289665,0.189567,0.98,0.458863,0.292665,0.189567,0.98,0.522863,0.292665,0.189567,0.98,0.536863,0.289665,0.189567,0.98,0.550863,0.292665,0.189567,0.98,0.439863,0.312665,0.184567,0.98,0.569863,0.312665,0.184567,0.98,0.479863,0.352665,0.189567,0.98,0.529863,0.352665,0.189567,0.98,0.394863,0.438132,0.13399,0.98,0.614863,0.438132,0.13399,0.98,0.314863,0.538599,0.141435,0.98,0.694863,0.538599,0.141435,0.98,0.284863,0.635577,0.201435,0.98,0.724863,0.635577,0.201435,0.98,0.259863,0.650577,0.206435,0.98,0.749863,0.650577,0.206435,0.98,0.289863,0.655577,0.221435,0.98,0.719863,0.655577,0.221435,0.98,0.304863,0.640577,0.211435,0.98,0.704863,0.640577,0.211435,0.98,0.424863,0.62,0.003303,0.98,0.584863,0.62,0.003303,0.98,0.424863,0.78,0.013303,0.98,0.584863,0.78,0.013303,0.98,0.424863,0.94,0.023303,0.98,0.584863,0.94,0.023303,0.98,0.404863,0.97,0.003303,0.98,0.604863,0.97,0.003303,0.98,0.424863,0.98,0.093303,0.98,0.584863,0.98,0.093303,0.98
24,0.8,0.504922,0.325156,0.201646,0.98,0.486922,0.300156,0.201646,0.98,0.472922,0.297156,0.201646,0.98,0.458922,0.300156,0.201646,0.98,0.522922,0.300156,0.201646,0.98,0.536922,0.297156,0.201646,0.98,0.550922,0.300156,0.201646,0.98,0.439922,0.320156,0.196646,0.98,0.569922,0.320156,0.196646,0.98,0.479922,0.360156,0.201646,0.98,0.529922,0.360156,0.201646,0.98,0.394922,0.444125,0.142573,0.98,0.614922,0.444125,0.142573,0.98,0.314922,0.543094,0.14752,0.98,0.694922,0.543094,0.14752,0.98,0.284922,0.639073,0.20752,0.98,0.724922,0.639073,0.20752,0.98,0.259922,0.654073,0.21252,0.98,0.749922,0.654073,0.21252,0.98,0.289922,0.659073,0.22752,0.98,0.719922,0.659073,0.22752,0.98,0.304922,0.644073,0.21752,0.98,0.704922,0.644073,0.21752,0.98,0.424922,0.62,0.003395,0.98,0.584922,0.62,0.003395,0.98,0.424922,0.78,0.013395,0.98,0.584922,0.78,0.013395,0.98,0.424922,0.94,0.023395,0.98,0.584922,0.94,0.023395,0.98,0.404922,0.97,0.003395,0.98,0.604922,0.97,0.003395,0.98,0.424922,0.98,0.093395,0.98,0.584922,0.98,0.093395,0.98
25,0.833333,0.504965,0.332773,0.213919,0.98,0.486965,0.307773,0.213919,0.98,0.472965,0.304773,0.213919,0.98,0.458965,0.307773,0.213919,0.98,0.522965,0.307773,0.213919,0.98,0.536965,0.304773,0.213919,0.98,0.550965,0.307773,0.213919,0.98,0.439965,0.327773,0.208919,0.98,0.569965,0.327773,0.208919,0.98,0.479965,0.367773,0.213919,0.98,0.529965,0.367773,0.213919,0.98,0.394965,0.450219,0.151291,0.98,0.614965,0.450219,0.151291,0.98,0.314965,0.547664,0.1537,0.98,0.694965,0.547664,0.1537,0.98,0.284965,0.642628,0.2137,0.98,0.724965,0.642628,0.2137,0.98,0.259965,0.657628,0.2187,0.98,0.749965,0.657628,0.2187,0.98,0.289965,0.662628,0.2337,0.98,0.719965,0.662628,0.2337,0.98,0.304965,0.647628,0.2237,0.98,0.704965,0.647628,0.2237,0.98,0.424965,0.62,0.003482,0.98,0.584965,0.62,0.003482,0.98,0.424965,0.78,0.013482,0.98,0.584965,0.78,0.013482,0.98,0.424965,0.94,0.023482,0.98,0.584965,0.94,0.023482,0.98,0.404965,0.97,0.003482,0.98,0.604965,0.97,0.003482,0.98,0.424965,0.98,0.093482,0.98,0.584965,0.98,0.093482,0.98
26,0.866667,0.504991,0.340494,0.226352,0.98,0.486991,0.315494,0.226352,0.98,0.472991,0.312494,0.226352,0.98,0.458991,0.315494,0.226352,0.98,0.522991,0.315494,0.226352,0.98,0.536991,0.312494,0.226352,0.98,0.550991,0.315494,0.226352,0.98,0.439991,0.335494,0.221352,0.98,0.569991,0.335494,0.221352,0.98,0.479991,0.375494,0.226352,0.98,0.529991,0.375494,0.226352,0.98,0.394991,0.456395,0.160121,0.98,0.614991,0.456395,0.160121,0.98,0.314991,0.552296,0.159957,0.98,0.694991,0.552296,0.159957,0.98,0.284991,0.64623,0.219957,0.98,0.724991,0.64623,0.219957,0.98,0.259991,0.66123,0.224957,0.98,0.749991,0.66123,0.224957,0.98,0.289991,0.66623,0.239957,0.98,0.719991,0.66623,0.239957,0.98,0.304991,0.65123,0.229957,0.98,0.704991,0.65123,0.229957,0.98,0.424991,0.62,0.003562,0.98,0.584991,0.62,0.003562,0.98,0.424991,0.78,0.013562,0.98,0.584991,0.78,0.013562,0.98,0.424991,0.94,0.023562,0.98,0.584991,0.94,0.023562,0.98,0.404991,0.97,0.003562,0.98,0.604991,0.97,0.003562,0.98,0.424991,0.98,0.093562,0.98,0.584991,0.98,0.093562,0.98
27,0.9,0.505,0.348297,0.23891,0.98,0.487,0.323297,0.23891,0.98,0.473,0.320297,0.23891,0.98,0.459,0.323297,0.23891,0.98,0.523,0.323297,0.23891,0.98,0.537,0.320297,0.23891,0.98,0.551,0.323297,0.23891,0.98,0.44,0.343297,0.23391,0.98,0.57,0.343297,0.23391,0.98,0.48,0.383297,0.23891,0.98,0.53,0.383297,0.23891,0.98,0.395,0.462637,0.169038,0.98,0.615,0.462637,0.169038,0.98,0.315,0.556978,0.166273,0.98,0.695,0.556978,0.166273,0.98,0.285,0.649872,0.226273,0.98,0.725,0.649872,0.226273,0.98,0.26,0.664872,0.231273,0.98,0.75,0.664872,0.231273,0.98,0.29,0.669872,0.246273,0.98,0.72,0.669872,0.246273,0.98,0.305,0.654872,0.236273,0.98,0.705,0.654872,0.236273,0.98,0.425,0.62,0.003635,0.98,0.585,0.62,0.003635,0.98,0.425,0.78,0.013635,0.98,0.585,0.78,0.013635,0.98,0.425,0.94,0.023635,0.98,0.585,0.94,0.023635,0.98,0.405,0.97,0.003635,0.98,0.605,0.97,0.003635,0.98,0.425,0.98,0.093635,0.98,0.585,0.98,0.093635,0.98
28,0.933333,0.504992,0.35616,0.251558,0.98,0.486992,0.33116,0.251558,0.98,0.472992,0.32816,0.251558,0.98,0.458992,0.33116,0.251558,0.98,0.522992,0.33116,0.251558,0.98,0.536992,0.32816,0.251558,0.98,0.550992,0.33116,0.251558,0.98,0.439992,0.35116,0.246558,0.98,0.569992,0.35116,0.246558,0.98,0.479992,0.39116,0.251558,0.98,0.529992,0.39116,0.251558,0.98,0.394992,0.468928,0.178017,0.98,0.614992,0.468928,0.178017,0.98,0.314992,0.561696,0.17263,0.98,0.694992,0.561696,0.17263,0.98,0.284992,0.653541,0.23263,0.98,0.724992,0.653541,0.23263,0.98,0.259992,0.668541,0.23763,0.98,0.749992,0.668541,0.23763,0.98,0.289992,0.673541,0.25263,0.98,0.719992,0.673541,0.25263,0.98,0.304992,0.658541,0.24263,0.98,0.704992,0.658541,0.24263,0.98,0.424992,0.62,0.003703,0.98,0.584992,0.62,0.003703,0.98,0.424992,0.78,0.013703,0.98,0.584992,0.78,0.013703,0.98,0.424992,0.94,0.023703,0.98,0.584992,0.94,0.023703,0.98,0.404992,0.97,0.003703,0.98,0.604992,0.97,0.003703,0.98,0.424992,0.98,0.093703,0.98,0.584992,0.98,0.093703,0.98
29,0.966667,0.504968,0.364062,0.264262,0.98,0.486968,0.339062,0.264262,0.98,0.472968,0.336062,0.264262,0.98,0.458968,0.339062,0.264262,0.98,0.522968,0.339062,0.264262,0.98,0.536968,0.336062,0.264262,0.98,0.550968,0.339062,0.264262,0.98,0.439968,0.359062,0.259262,0.98,0.569968,0.359062,0.259262,0.98,0.479968,0.399062,0.264262,0.98,0.529968,0.399062,0.264262,0.98,0.394968,0.475249,0.187033,0.98,0.614968,0.475249,0.187033,0.98,0.314968,0.566437,0.179012,0.98,0.694968,0.566437,0.179012,0.98,0.284968,0.657229,0.239012,0.98,0.724968,0.657229,0.239012,0.98,0.259968,0.672229,0.244012,0.98,0.749968,0.672229,0.244012,0.98,0.289968,0.677229,0.259012,0.98,0.719968,0.677229,0.259012,0.98,0.304968,0.662229,0.249012,0.98,0.704968,0.662229,0.249012,0.98,0.424968,0.62,0.003763,0.98,0.584968,0.62,0.003763,0.98,0.424968,0.78,0.013763,0.98,0.584968,0.78,0.013763,0.98,0.424968,0.94,0.023763,0.98,0.584968,0.94,0.023763,0.98,0.404968,0.97,0.003763,0.98,0.604968,0.97,0.003763,0.98,0.424968,0.98,0.093763,0.98,0.584968,0.98,0.093763,0.98
30,1.0,0.504927,0.37198,0.276985,0.98,0.486927,0.34698,0.276985,0.98,0.472927,0.34398,0.276985,0.98,0.458927,0.34698,0.276985,0.98,0.522927,0.34698,0.276985,0.98,0.536927,0.34398,0.276985,0.98,0.550927,0.34698,0.276985,0.98,0.439927,0.36698,0.271985,0.98,0.569927,0.36698,0.271985,0.98,0.479927,0.40698,0.276985,0.98,0.529927,0.40698,0.276985,0.98,0.394927,0.481584,0.196061,0.98,0.614927,0.481584,0.196061,0.98,0.314927,0.571188,0.185401,0.98,0.694927,0.571188,0.185401,0.98,0.284927,0.660924,0.245401,0.98,0.724927,0.660924,0.245401,0.98,0.259927,0.675924,0.250401,0.98,0.749927,0.675924,0.250401,0.98,0.289927,0.680924,0.265401,0.98,0.719927,0.680924,0.265401,0.98,0.304927,0.665924,0.255401,0.98,0.704927,0.665924,0.255401,0.98,0.424927,0.62,0.003817,0.98,0.584927,0.62,0.003817,0.98,0.424927,0.78,0.013817,0.98,0.584927,0.78,0.013817,0.98,0.424927,0.94,0.023817,0.98,0.584927,0.94,0.023817,0.98,0.404927,0.97,0.003817,0.98,0.604927,0.97,0.003817,0.98,0.424927,0.98,0.093817,0.98,0.584927,0.98,0.093817,0.98
31,1.033333,0.504869,0.379893,0.289693,0.98,0.486869,0.354893,0.289693,0.98,0.472869,0.351893,0.289693,0.98,0.458869,0.354893,0.289693,0.98,0.522869,0.354893,0.289693,0.98,0.536869,0.351893,0.289693,0.98,0.550869,0.354893,0.289693,0.98,0.439869,0.374893,0.284693,0.98,0.569869,0.374893,0.284693,0.98,0.479869,0.414893,0.289693,0.98,0.529869,0.414893,0.289693,0.98,0.394869,0.487914,0.205076,0.98,0.614869,0.487914,0.205076,0.98,0.314869,0.575936,0.191778,0.98,0.694869,0.575936,0.191778,0.98,0.284869,0.664617,0.251778,0.98,0.724869,0.664617,0.251778,0.98,0.259869,0.679617,0.256778,0.98,0.749869,0.679617,0.256778,0.98,0.289869,0.684617,0.271778,0.98,0.719869,0.684617,0.271778,0.98,0.304869,0.669617,0.261778,0.98,0.704869,0.669617,0.261778,0.98,0.424869,0.62,0.003864,0.98,0.584869,0.62,0.003864,0.98,0.424869,0.78,0.013864,0.98,0.584869,0.78,0.013864,0.98,0.424869,0.94,0.023864,0.98,0.584869,0.94,0.023864,0.98,0.404869,0.97,0.003864,0.98,0.604869,0.97,0.003864,0.98,0.424869,0.98,0.093864,0.98,0.584869,0.98,0.093864,0.98
32,1.066667,0.504794,0.387778,0.302349,0.98,0.486794,0.362778,0.302349,0.98,0.472794,0.359778,0.302349,0.98,0.458794,0.362778,0.302349,0.98,0.522794,0.362778,0.302349,0.98,0.536794,0.359778,0.302349,0.98,0.550794,0.362778,0.302349,0.98,0.439794,0.382778,0.297349,0.98,0.569794,0.382778,0.297349,0.98,0.479794,0.422778,0.302349,0.98,0.529794,0.422778,0.302349,0.98,0.394794,0.494222,0.214053,0.98,0.614794,0.494222,0.214053,0.98,0.314794,0.580667,0.198127,0.98,0.694794,0.580667,0.198127,0.98,0.284794,0.668296,0.258127,0.98,0.724794,0.668296,0.258127,0.98,0.259794,0.683296,0.263127,0.98,0.749794,0.683296,0.263127,0.98,0.289794,0.688296,0.278127,0.98,0.719794,0.688296,0.278127,0.98,0.304794,0.673296,0.268127,0.98,0.704794,0.673296,0.268127,0.98,0.424794,0.62,0.003904,0.98,0.584794,0.62,0.003904,0.98,0.424794,0.78,0.013904,0.98,0.584794,0.78,0.013904,0.98,0.424794,0.94,0.023904,0.98,0.584794,0.94,0.023904,0.98,0.404794,0.97,0.003904,0.98,0.604794,0.97,0.003904,0.98,0.424794,0.98,0.093904,0.98,0.584794,0.98,0.093904,0.98
33,1.1,0.504704,0.395614,0.31492,0.98,0.486704,0.370614,0.31492,0.98,0.472704,0.367614,0.31492,0.98,0.458704,0.370614,0.31492,0.98,0.522704,0.370614,0.31492,0.98,0.536704,0.367614,0.31492,0.98,0.550704,0.370614,0.31492,0.98,0.439704,0.390614,0.30992,0.98,0.569704,0.390614,0.30992,0.98,0.479704,0.430614,0.31492,0.98,0.529704,0.430614,0.31492,0.98,0.394704,0.500491,0.222967,0.98,0.614704,0.500491,0.222967,0.98,0.314704,0.585368,0.204429,0.98,0.694704,0.585368,0.204429,0.98,0.284704,0.671953,0.264429,0.98,0.724704,0.671953,0.264429,0.98,0.259704,0.686953,0.269429,0.98,0.749704,0.686953,0.269429,0.98,0.289704,0.691953,0.284429,0.98,0.719704,0.691953,0.284429,0.98,0.304704,0.676953,0.274429,0.98,0.704704,0.676953,0.274429,0.98,0.424704,0.62,0.003938,0.98,0.584704,0.62,0.003938,0.98,0.424704,0.78,0.013938,0.98,0.584704,0.78,0.013938,0.98,0.424704,0.94,0.023938,0.98,0.584704,0.94,0.023938,0.98,0.404704,0.97,0.003938,0.98,0.604704,0.97,0.003938,0.98,0.424704,0.98,0.093938,0.98,0.584704,0.98,0.093938,0.98
34,1.133333,0.504598,0.403378,0.327369,0.98,0.486598,0.378378,0.327369,0.98,0.472598,0.375378,0.327369,0.98,0.458598,0.378378,0.327369,0.98,0.522598,0.378378,0.327369,0.98,0.536598,0.375378,0.327369,0.98,0.550598,0.378378,0.327369,0.98,0.439598,0.398378,0.322369,0.98,0.569598,0.398378,0.322369,0.98,0.479598,0.438378,0.327369,0.98,0.529598,0.438378,0.327369,0.98,0.394598,0.506703,0.231792,0.98,0.614598,0.506703,0.231792,0.98,0.314598,0.590027,0.210666,0.98,0.694598,0.590027,0.210666,0.98,0.284598,0.675576,0.270666,0.98,0.724598,0.675576,0.270666,0.98,0.259598,0.690576,0.275666,0.98,0.749598,0.690576,0.275666,0.98,0.289598,0.695576,0.290666,0.98,0.719598,0.695576,0.290666,0.98,0.304598,0.680576,0.280666,0.98,0.704598,0.680576,0.280666,0.98,0.424598,0.62,0.003964,0.98,0.584598,0.62,0.003964,0.98,0.424598,0.78,0.013964,0.98,0.584598,0.78,0.013964,0.98,0.424598,0.94,0.023964,0.98,0.584598,0.94,0.023964,0.98,0.404598,0.97,0.003964,0.98,0.604598,0.97,0.003964,0.98,0.424598,0.98,0.093964,0.98,0.584598,0.98,0.093964,0.98
35,1.166667,0.504476,0.411049,0.339662,0.98,0.486476,0.386049,0.339662,0.98,0.472476,0.383049,0.339662,0.98,0.458476,0.386049,0.339662,0.98,0.522476,0.386049,0.339662,0.98,0.536476,0.383049,0.339662,0.98,0.550476,0.386049,0.339662,0.98,0.439476,0.406049,0.334662,0.98,0.569476,0.406049,0.334662,0.98,0.479476,0.446049,0.339662,0.98,0.529476,0.446049,0.339662,0.98,0.394476,0.51284,0.240506,0.98,0.614476,0.51284,0.240506,0.98,0.314476,0.59463,0.216822,0.98,0.694476,0.59463,0.216822,0.98,0.284476,0.679156,0.276822,0.98,0.724476,0.679156,0.276822,0.98,0.259476,0.694156,0.281822,0.98,0.749476,0.694156,0.281822,0.98,0.289476,0.699156,0.296822,0.98,0.719476,0.699156,0.296822,0.98,0.304476,0.684156,0.286822,0.98,0.704476,0.684156,0.286822,0.98,0.424476,0.62,0.003983,0.98,0.584476,0.62,0.003983,0.98,0.424476,0.78,0.013983,0.98,0.584476,0.78,0.013983,0.98,0.424476,0.94,0.023983,0.98,0.584476,0.94,0.023983,0.98,0.404476,0.97,0.003983,0.98,0.604476,0.97,0.003983,0.98,0.424476,0.98,0.093983,0.98,0.584476,0.98,0.093983,0.98
36,1.2,0.504339,0.418606,0.351765,0.98,0.486339,0.393606,0.351765,0.98,0.472339,0.390606,0.351765,0.98,0.458339,0.393606,0.351765,0.98,0.522339,0.393606,0.351765,0.98,0.536339,0.390606,0.351765,0.98,0.550339,0.393606,0.351765,0.98,0.439339,0.413606,0.346765,0.98,0.569339,0.413606,0.346765,0.98,0.479339,0.453606,0.351765,0.98,0.529339,0.453606,0.351765,0.98,0.394339,0.518885,0.249082,0.98,0.614339,0.518885,0.249082,0.98,0.314339,0.599164,0.22288,0.98,0.694339,0.599164,0.22288,0.98,0.284339,0.682683,0.28288,0.98,0.724339,0.682683,0.28288,0.98,0.259339,0.697683,0.28788,0.98,0.749339,0.697683,0.28788,0.98,0.289339,0.702683,0.30288,0.98,0.719339,0.702683,0.30288,0.98,0.304339,0.687683,0.29288,0.98,0.704339,0.687683,0.29288,0.98,0.424339,0.62,0.003995,0.98,0.584339,0.62,0.003995,0.98,0.424339,0.78,0.013995,0.98,0.584339,0.78,0.013995,0.98,0.424339,0.94,0.023995,0.98,0.584339,0.94,0.023995,0.98,0.404339,0.97,0.003995,0.98,0.604339,0.97,0.003995,0.98,0.424339,0.98,0.093995,0.98,0.584339,0.98,0.093995,0.98
37,1.233333,0.504187,0.426028,0.363644,0.98,0.486187,0.401028,0.363644,0.98,0.472187,0.398028,0.363644,0.98,0.458187,0.401028,0.363644,0.98,0.522187,0.401028,0.363644,0.98,0.536187,0.398028,0.363644,0.98,0.550187,0.401028,0.363644,0.98,0.439187,0.421028,0.358644,0.98,0.569187,0.421028,0.358644,0.98,0.479187,0.461028,0.363644,0.98,0.529187,0.461028,0.363644,0.98,0.394187,0.524822,0.257498,0.98,0.614187,0.524822,0.257498,0.98,0.314187,0.603617,0.228822,0.98,0.694187,0.603617,0.228822,0.98,0.284187,0.686146,0.288822,0.98,0.724187,0.686146,0.288822,0.98,0.259187,0.701146,0.293822,0.98,0.749187,0.701146,0.293822,0.98,0.289187,0.706146,0.308822,0.98,0.719187,0.706146,0.308822,0.98,0.304187,0.691146,0.298822,0.98,0.704187,0.691146,0.298822,0.98,0.424187,0.62,0.004,0.98,0.584187,0.62,0.004,0.98,0.424187,0.78,0.014,0.98,0.584187,0.78,0.014,0.98,0.424187,0.94,0.024,0.98,0.584187,0.94,0.024,0.98,0.404187,0.97,0.004,0.98,0.604187,0.97,0.004,0.98,0.424187,0.98,0.094,0.98,0.584187,0.98,0.094,0.98
38,1.266667,0.504022,0.433293,0.375266,0.98,0.486022,0.408293,0.375266,0.98,0.472022,0.405293,0.375266,0.98,0.458022,0.408293,0.375266,0.98,0.522022,0.408293,0.375266,0.98,0.536022,0.405293,0.375266,0.98,0.550022,0.408293,0.375266,0.98,0.439022,0.428293,0.370266,0.98,0.569022,0.428293,0.370266,0.98,0.479022,0.468293,0.375266,0.98,0.529022,0.468293,0.375266,0.98,0.394022,0.530634,0.26573,0.98,0.614022,0.530634,0.26573,0.98,0.314022,0.607976,0.234632,0.98,0.694022,0.607976,0.234632,0.98,0.284022,0.689537,0.294632,0.98,0.724022,0.689537,0.294632,0.98,0.259022,0.704537,0.299632,0.98,0.749022,0.704537,0.299632,0.98,0.289022,0.709537,0.314632,0.98,0.719022,0.709537,0.314632,0.98,0.304022,0.694537,0.304632,0.98,0.704022,0.694537,0.304632,0.98,0.424022,0.62,0.003998,0.98,0.584022,0.62,0.003998,0.98,0.424022,0.78,0.013998,0.98,0.584022,0.78,0.013998,0.98,0.424022,0.94,0.023998,0.98,0.584022,0.94,0.023998,0.98,0.404022,0.97,0.003998,0.98,0.604022,0.97,0.003998,0.98,0.424022,0.98,0.093998,0.98,0.584022,0.98,0.093998,0.98
39,1.3,0.503842,0.440382,0.386599,0.98,0.485842,0.415382,0.386599,0.98,0.471842,0.412382,0.386599,0.98,0.457842,0.415382,0.386599,0.98,0.521842,0.415382,0.386599,0.98,0.535842,0.412382,0.386599,0.98,0.549842,0.415382,0.386599,0.98,0.438842,0.435382,0.381599,0.98,0.568842,0.435382,0.381599,0.98,0.478842,0.475382,0.386599,0.98,0.528842,0.475382,0.386599,0.98,0.393842,0.536306,0.273754,0.98,0.613842,0.536306,0.273754,0.98,0.313842,0.612229,0.240294,0.98,0.693842,0.612229,0.240294,0.98,0.283842,0.692845,0.300294,0.98,0.723842,0.692845,0.300294,0.98,0.258842,0.707845,0.305294,0.98,0.748842,0.707845,0.305294,0.98,0.288842,0.712845,0.320294,0.98,0.718842,0.712845,0.320294,0.98,0.303842,0.697845,0.310294,0.98,0.703842,0.697845,0.310294,0.98,0.423842,0.62,0.003988,0.98,0.583842,0.62,0.003988,0.98,0.423842,0.78,0.013988,0.98,0.583842,0.78,0.013988,0.98,0.423842,0.94,0.023988,0.98,0.583842,0.94,0.023988,0.98,0.403842,0.97,0.003988,0.98,0.603842,0.97,0.003988,0.98,0.423842,0.98,0.093988,0.98,0.583842,0.98,0.093988,0.98
40,1.333333,0.50365,0.447275,0.397611,0.98,0.48565,0.422275,0.397611,0.98,0.47165,0.419275,0.397611,0.98,0.45765,0.422275,0.397611,0.98,0.52165,0.422275,0.397611,0.98,0.53565,0.419275,0.397611,0.98,0.54965,0.422275,0.397611,0.98,0.43865,0.442275,0.392611,0.98,0.56865,0.442275,0.392611,0.98,0.47865,0.482275,0.397611,0.98,0.52865,0.482275,0.397611,0.98,0.39365,0.54182,0.28155,0.98,0.61365,0.54182,0.28155,0.98,0.31365,0.616365,0.245791,0.98,0.69365,0.616365,0.245791,0.98,0.28365,0.696061,0.305791,0.98,0.72365,0.696061,0.305791,0.98,0.25865,0.711061,0.310791,0.98,0.74865,0.711061,0.310791,0.98,0.28865,0.716061,0.325791,0.98,0.71865,0.716061,0.325791,0.98,0.30365,0.701061,0.315791,0.98,0.70365,0.701061,0.315791,0.98,0.42365,0.62,0.003972,0.98,0.58365,0.62,0.003972,0.98,0.42365,0.78,0.013972,0.98,0.58365,0.78,0.013972,0.98,0.42365,0.94,0.023972,0.98,0.58365,0.94,0.023972,0.98,0.40365,0.97,0.003972,0.98,0.60365,0.97,0.003972,0.98,0.42365,0.98,0.093972,0.98,0.58365,0.98,0.093972,0.98
41,1.366667,0.503446,0.453952,0.408271,0.98,0.485446,0.428952,0.408271,0.98,0.471446,0.425952,0.408271,0.98,0.457446,0.428952,0.408271,0.98,0.521446,0.428952,0.408271,0.98,0.535446,0.425952,0.408271,0.98,0.549446,0.428952,0.408271,0.98,0.438446,0.448952,0.403271,0.98,0.568446,0.448952,0.403271,0.98,0.478446,0.488952,0.408271,0.98,0.528446,0.488952,0.408271,0.98,0.393446,0.547162,0.289094,0.98,0.613446,0.547162,0.289094,0.98,0.313446,0.620371,0.25111,0.98,0.693446,0.620371,0.25111,0.98,0.283446,0.699178,0.31111,0.98,0.723446,0.699178,0.31111,0.98,0.258446,0.714178,0.31611,0.98,0.748446,0.714178,0.31611,0.98,0.288446,0.719178,0.33111,0.98,0.718446,0.719178,0.33111,0.98,0.303446,0.704178,0.32111,0.98,0.703446,0.704178,0.32111,0.98,0.423446,0.62,0.003948,0.98,0.583446,0.62,0.003948,0.98,0.423446,0.78,0.013948,0.98,0.583446,0.78,0.013948,0.98,0.423446,0.94,0.023948,0.98,0.583446,0.94,0.023948,0.98,0.403446,0.97,0.003948,0.98,0.603446,0.97,0.003948,0.98,0.423446,0.98,0.093948,0.98,0.583446,0.98,0.093948,0.98
42,1.4,0.50323,0.460395,0.41855,0.98,0.48523,0.435395,0.41855,0.98,0.47123,0.432395,0.41855,0.98,0.45723,0.435395,0.41855,0.98,0.52123,0.435395,0.41855,0.98,0.53523,0.432395,0.41855,0.98,0.54923,0.435395,0.41855,0.98,0.43823,0.455395,0.41355,0.98,0.56823,0.455395,0.41355,0.98,0.47823,0.495395,0.41855,0.98,0.52823,0.495395,0.41855,0.98,0.39323,0.552316,0.296366,0.98,0.61323,0.552316,0.296366,0.98,0.31323,0.624237,0.256234,0.98,0.69323,0.624237,0.256234,0.98,0.28323,0.702184,0.316234,0.98,0.72323,0.702184,0.316234,0.98,0.25823,0.717184,0.321234,0.98,0.74823,0.717184,0.321234,0.98,0.28823,0.722184,0.336234,0.98,0.71823,0.722184,0.336234,0.98,0.30323,0.707184,0.326234,0.98,0.70323,0.707184,0.326234,0.98,0.42323,0.62,0.003918,0.98,0.58323,0.62,0.003918,0.98,0.42323,0.78,0.013918,0.98,0.58323,0.78,0.013918,0.98,0.42323,0.94,0.023918,0.98,0.58323,0.94,0.023918,0.98,0.40323,0.97,0.003918,0.98,0.60323,0.97,0.003918,0.98,0.42323,0.98,0.093918,0.98,0.58323,0.98,0.093918,0.98
43,1.433333,0.503003,0.466587,0.428419,0.98,0.485003,0.441587,0.428419,0.98,0.471003,0.438587,0.428419,0.98,0.457003,0.441587,0.428419,0.98,0.521003,0.441587,0.428419,0.98,0.535003,0.438587,0.428419,0.98,0.549003,0.441587,0.428419,0.98,0.438003,0.461587,0.423419,0.98,0.568003,0.461587,0.423419,0.98,0.478003,0.501587,0.428419,0.98,0.528003,0.501587,0.428419,0.98,0.393003,0.557269,0.303345,0.98,0.613003,0.557269,0.303345,0.98,0.313003,0.627952,0.261149,0.98,0.693003,0.627952,0.261149,0.98,0.283003,0.705074,0.321149,0.98,0.723003,0.705074,0.321149,0.98,0.258003,0.720074,0.326149,0.98,0.748003,0.720074,0.326149,0.98,0.288003,0.725074,0.341149,0.98,0.718003,0.725074,0.341149,0.98,0.303003,0.710074,0.331149,0.98,0.703003,0.710074,0.331149,0.98,0.423003,0.62,0.00388,0.98,0.583003,0.62,0.00388,0.98,0.423003,0.78,0.01388,0.98,0.583003,0.78,0.01388,0.98,0.423003,0.94,0.02388,0.98,0.583003,0.94,0.02388,0.98,0.403003,0.97,0.00388,0.98,0.603003,0.97,0.00388,0.98,0.423003,0.98,0.09388,0.98,0.583003,0.98,0.09388,0.98
44,1.466667,0.502765,0.472509,0.43785,0.98,0.484765,0.447509,0.43785,0.98,0.470765,0.444509,0.43785,0.98,0.456765,0.447509,0.43785,0.98,0.520765,0.447509,0.43785,0.98,0.534765,0.444509,0.43785,0.98,0.548765,0.447509,0.43785,0.98,0.437765,0.467509,0.43285,0.98,0.567765,0.467509,0.43285,0.98,0.477765,0.507509,0.43785,0.98,0.527765,0.507509,0.43785,0.98,0.392765,0.562007,0.310012,0.98,0.612765,0.562007,0.310012,0.98,0.312765,0.631505,0.265843,0.98,0.692765,0.631505,0.265843,0.98,0.282765,0.707837,0.325843,0.98,0.722765,0.707837,0.325843,0.98,0.257765,0.722837,0.330843,0.98,0.747765,0.722837,0.330843,0.98,0.287765,0.727837,0.345843,0.98,0.717765,0.727837,0.345843,0.98,0.302765,0.712837,0.335843,0.98,0.702765,0.712837,0.335843,0.98,0.422765,0.62,0.003836,0.98,0.582765,0.62,0.003836,0.98,0.422765,0.78,0.013836,0.98,0.582765,0.78,0.013836,0.98,0.422765,0.94,0.023836,0.98,0.582765,0.94,0.023836,0.98,0.402765,0.97,0.003836,0.98,0.602765,0.97,0.003836,0.98,0.422765,0.98,0.093836,0.98,0.582765,0.98,0.093836,0.98
45,1.5,0.502519,0.478145,0.446816,0.98,0.484519,0.453145,0.446816,0.98,0.470519,0.450145,0.446816,0.98,0.456519,0.453145,0.446816,0.98,0.520519,0.453145,0.446816,0.98,0.534519,0.450145,0.446816,0.98,0.548519,0.453145,0.446816,0.98,0.437519,0.473145,0.441816,0.98,0.567519,0.473145,0.441816,0.98,0.477519,0.513145,0.446816,0.98,0.527519,0.513145,0.446816,0.98,0.392519,0.566516,0.316349,0.98,0.612519,0.566516,0.316349,0.98,0.312519,0.634887,0.2703,0.98,0.692519,0.634887,0.2703,0.98,0.282519,0.710468,0.3303,0.98,0.722519,0.710468,0.3303,0.98,0.257519,0.725468,0.3353,0.98,0.747519,0.725468,0.3353,0.98,0.287519,0.730468,0.3503,0.98,0.717519,0.730468,0.3503,0.98,0.302519,0.715468,0.3403,0.98,0.702519,0.715468,0.3403,0.98,0.422519,0.62,0.003784,0.98,0.582519,0.62,0.003784,0.98,0.422519,0.78,0.013784,0.98,0.582519,0.78,0.013784,0.98,0.422519,0.94,0.023784,0.98,0.582519,0.94,0.023784,0.98,0.402519,0.97,0.003784,0.98,0.602519,0.97,0.003784,0.98,0.422519,0.98,0.093784,0.98,0.582519,0.98,0.093784,0.98
46,1.533333,0.502264,0.48348,0.455294,0.98,0.484264,0.45848,0.455294,0.98,0.470264,0.45548,0.455294,0.98,0.456264,0.45848,0.455294,0.98,0.520264,0.45848,0.455294,0.98,0.534264,0.45548,0.455294,0.98,0.548264,0.45848,0.455294,0.98,0.437264,0.47848,0.450294,0.98,0.567264,0.47848,0.450294,0.98,0.477264,0.51848,0.455294,0.98,0.527264,0.51848,0.455294,0.98,0.392264,0.570784,0.322337,0.98,0.612264,0.570784,0.322337,0.98,0.312264,0.638088,0.27451,0.98,0.692264,0.638088,0.27451,0.98,0.282264,0.712957,0.33451,0.98,0.722264,0.712957,0.33451,0.98,0.257264,0.727957,0.33951,0.98,0.747264,0.727957,0.33951,0.98,0.287264,0.732957,0.35451,0.98,0.717264,0.732957,0.35451,0.98,0.302264,0.717957,0.34451,0.98,0.702264,0.717957,0.34451,0.98,0.422264,0.62,0.003726,0.98,0.582264,0.62,0.003726,0.98,0.422264,0.78,0.013726,0.98,0.582264,0.78,0.013726,0.98,0.422264,0.94,0.023726,0.98,0.582264,0.94,0.023726,0.98,0.402264,0.97,0.003726,0.98,0.602264,0.97,0.003726,0.98,0.422264,0.98,0.093726,0.98,0.582264,0.98,0.093726,0.98
47,1.566667,0.502001,0.488499,0.46326,0.98,0.484001,0.463499,0.46326,0.98,0.470001,0.460499,0.46326,0.98,0.456001,0.463499,0.46326,0.98,0.520001,0.463499,0.46326,0.98,0.534001,0.460499,0.46326,0.98,0.548001,0.463499,0.46326,0.98,0.437001,0.483499,0.45826,0.98,0.567001,0.483499,0.45826,0.98,0.477001,0.523499,0.46326,0.98,0.527001,0.523499,0.46326,0.98,0.392001,0.574799,0.32796,0.98,0.612001,0.574799,0.32796,0.98,0.312001,0.641099,0.27846,0.98,0.692001,0.641099,0.27846,0.98,0.282001,0.7153,0.33846,0.98,0.722001,0.7153,0.33846,0.98,0.257001,0.7303,0.34346,0.98,0.747001,0.7303,0.34346,0.98,0.287001,0.7353,0.35846,0.98,0.717001,0.7353,0.35846,0.98,0.302001,0.7203,0.34846,0.98,0.702001,0.7203,0.34846,0.98,0.422001,0.62,0.003661,0.98,0.582001,0.62,0.003661,0.98,0.422001,0.78,0.013661,0.98,0.582001,0.78,0.013661,0.98,0.422001,0.94,0.023661,0.98,0.582001,0.94,0.023661,0.98,0.402001,0.97,0.003661,0.98,0.602001,0.97,0.003661,0.98,0.422001,0.98,0.093661,0.98,0.582001,0.98,0.093661,0.98
48,1.6,0.501732,0.493187,0.47069,0.98,0.483732,0.468187,0.47069,0.98,0.469732,0.465187,0.47069,0.98,0.455732,0.468187,0.47069,0.98,0.519732,0.468187,0.47069,0.98,0.533732,0.465187,0.47069,0.98,0.547732,0.468187,0.47069,0.98,0.436732,0.488187,0.46569,0.98,0.566732,0.488187,0.46569,0.98,0.476732,0.528187,0.47069,0.98,0.526732,0.528187,0.47069,0.98,0.391732,0.57855,0.333202,0.98,0.611732,0.57855,0.333202,0.98,0.311732,0.643912,0.28214,0.98,0.691732,0.643912,0.28214,0.98,0.281732,0.717487,0.34214,0.98,0.721732,0.717487,0.34214,0.98,0.256732,0.732487,0.34714,0.98,0.746732,0.732487,0.34714,0.98,0.286732,0.737487,0.36214,0.98,0.716732,0.737487,0.36214,0.98,0.301732,0.722487,0.35214,0.98,0.701732,0.722487,0.35214,0.98,0.421732,0.62,0.00359,0.98,0.581732,0.62,0.00359,0.98,0.421732,0.78,0.01359,0.98,0.581732,0.78,0.01359,0.98,0.421732,0.94,0.02359,0.98,0.581732,0.94,0.02359,0.98,0.401732,0.97,0.00359,0.98,0.601732,0.97,0.00359,0.98,0.421732,0.98,0.09359,0.98,0.581732,0.98,0.09359,0.98
49,1.633333,0.501457,0.497533,0.477564,0.98,0.483457,0.472533,0.477564,0.98,0.469457,0.469533,0.477564,0.98,0.455457,0.472533,0.477564,0.98,0.519457,0.472533,0.477564,0.98,0.533457,0.469533,0.477564,0.98,0.547457,0.472533,0.477564,0.98,0.436457,0.492533,0.472564,0.98,0.566457,0.492533,0.472564,0.98,0.476457,0.532533,0.477564,0.98,0.526457,0.532533,0.477564,0.98,0.391457,0.582026,0.338049,0.98,0.611457,0.582026,0.338049,0.98,0.311457,0.64652,0.285538,0.98,0.691457,0.64652,0.285538,0.98,0.281457,0.719515,0.345538,0.98,0.721457,0.719515,0.345538,0.98,0.256457,0.734515,0.350538,0.98,0.746457,0.734515,0.350538,0.98,0.286457,0.739515,0.365538,0.98,0.716457,0.739515,0.365538,0.98,0.301457,0.724515,0.355538,0.98,0.701457,0.724515,0.355538,0.98,0.421457,0.62,0.003512,0.98,0.581457,0.62,0.003512,0.98,0.421457,0.78,0.013512,0.98,0.581457,0.78,0.013512,0.98,0.421457,0.94,0.023512,0.98,0.581457,0.94,0.023512,0.98,0.401457,0.97,0.003512,0.98,0.601457,0.97,0.003512,0.98,0.421457,0.98,0.093512,0.98,0.581457,0.98,0.093512,0.98
50,1.666667,0.501177,0.501522,0.483864,0.98,0.483177,0.476522,0.483864,0.98,0.469177,0.473522,0.483864,0.98,0.455177,0.476522,0.483864,0.98,0.519177,0.476522,0.483864,0.98,0.533177,0.473522,0.483864,0.98,0.547177,0.476522,0.483864,0.98,0.436177,0.496522,0.478864,0.98,0.566177,0.496522,0.478864,0.98,0.476177,0.536522,0.483864,0.98,0.526177,0.536522,0.483864,0.98,0.391177,0.585218,0.342487,0.98,0.611177,0.585218,0.342487,0.98,0.311177,0.648913,0.288646,0.98,0.691177,0.648913,0.288646,0.98,0.281177,0.721377,0.348646,0.98,0.721177,0.721377,0.348646,0.98,0.256177,0.736377,0.353646,0.98,0.746177,0.736377,0.353646,0.98,0.286177,0.741377,0.368646,0.98,0.716177,0.741377,0.368646,0.98,0.301177,0.726377,0.358646,0.98,0.701177,0.726377,0.358646,0.98,0.421177,0.62,0.003428,0.98,0.581177,0.62,0.003428,0.98,0.421177,0.78,0.013428,0.98,0.581177,0.78,0.013428,0.98,0.421177,0.94,0.023428,0.98,0.581177,0.94,0.023428,0.98,0.401177,0.97,0.003428,0.98,0.601177,0.97,0.003428,0.98,0.421177,0.98,0.093428,0.98,0.581177,0.98,0.093428,0.98
51,1.7,0.500893,0.505145,0.489571,0.98,0.482893,0.480145,0.489571,0.98,0.468893,0.477145,0.489571,0.98,0.454893,0.480145,0.489571,0.98,0.518893,0.480145,0.489571,0.98,0.532893,0.477145,0.489571,0.98,0.546893,0.480145,0.489571,0.98,0.435893,0.500145,0.484571,0.98,0.565893,0.500145,0.484571,0.98,0.475893,0.540145,0.489571,0.98,0.525893,0.540145,0.489571,0.98,0.390893,0.588116,0.346503,0.98,0.610893,0.588116,0.346503,0.98,0.310893,0.651087,0.291455,0.98,0.690893,0.651087,0.291455,0.98,0.280893,0.723068,0.351455,0.98,0.720893,0.723068,0.351455,0.98,0.255893,0.738068,0.356455,0.98,0.745893,0.738068,0.356455,0.98,0.285893,0.743068,0.371455,0.98,0.715893,0.743068,0.371455,0.98,0.300893,0.728068,0.361455,0.98,0.700893,0.728068,0.361455,0.98,0.420893,0.62,0.003338,0.98,0.580893,0.62,0.003338,0.98,0.420893,0.78,0.013338,0.98,0.580893,0.78,0.013338,0.98,0.420893,0.94,0.023338,0.98,0.580893,0.94,0.023338,0.98,0.400893,0.97,0.003338,0.98,0.600893,0.97,0.003338,0.98,0.420893,0.98,0.093338,0.98,0.580893,0.98,0.093338,0.98
52,1.733333,0.500606,0.508392,0.494669,0.98,0.482606,0.483392,0.494669,0.98,0.468606,0.480392,0.494669,0.98,0.454606,0.483392,0.494669,0.98,0.518606,0.483392,0.494669,0.98,0.532606,0.480392,0.494669,0.98,0.546606,0.483392,0.494669,0.98,0.435606,0.503392,0.489669,0.98,0.565606,0.503392,0.489669,0.98,0.475606,0.543392,0.494669,0.98,0.525606,0.543392,0.494669,0.98,0.390606,0.590713,0.350086,0.98,0.610606,0.590713,0.350086,0.98,0.310606,0.653035,0.293956,0.98,0.690606,0.653035,0.293956,0.98,0.280606,0.724583,0.353956,0.98,0.720606,0.724583,0.353956,0.98,0.255606,0.739583,0.358956,0.98,0.745606,0.739583,0.358956,0.98,0.285606,0.744583,0.373956,0.98,0.715606,0.744583,0.373956,0.98,0.300606,0.729583,0.363956,0.98,0.700606,0.729583,0.363956,0.98,0.420606,0.62,0.003242,0.98,0.580606,0.62,0.003242,0.98,0.420606,0.78,0.013242,0.98,0.580606,0.78,0.013242,0.98,0.420606,0.94,0.023242,0.98,0.580606,0.94,0.023242,0.98,0.400606,0.97,0.003242,0.98,0.600606,0.97,0.003242,0.98,0.420606,0.98,0.093242,0.98,0.580606,0.98,0.093242,0.98
53,1.766667,0.500317,0.511252,0.499144,0.98,0.482317,0.486252,0.499144,0.98,0.468317,0.483252,0.499144,0.98,0.454317,0.486252,0.499144,0.98,0.518317,0.486252,0.499144,0.98,0.532317,0.483252,0.499144,0.98,0.546317,0.486252,0.499144,0.98,0.435317,0.506252,0.494144,0.98,0.565317,0.506252,0.494144,0.98,0.475317,0.546252,0.499144,0.98,0.525317,0.546252,0.499144,0.98,0.390317,0.593002,0.353227,0.98,0.610317,0.593002,0.353227,0.98,0.310317,0.654751,0.296142,0.98,0.690317,0.654751,0.296142,0.98,0.280317,0.725918,0.356142,0.98,0.720317,0.725918,0.356142,0.98,0.255317,0.740918,0.361142,0.98,0.745317,0.740918,0.361142,0.98,0.285317,0.745918,0.376142,0.98,0.715317,0.745918,0.376142,0.98,0.300317,0.730918,0.366142,0.98,0.700317,0.730918,0.366142,0.98,0.420317,0.62,0.00314,0.98,0.580317,0.62,0.00314,0.98,0.420317,0.78,0.01314,0.98,0.580317,0.78,0.01314,0.98,0.420317,0.94,0.02314,0.98,0.580317,0.94,0.02314,0.98,0.400317,0.97,0.00314,0.98,0.600317,0.97,0.00314,0.98,0.420317,0.98,0.09314,0.98,0.580317,0.98,0.09314,0.98
54,1.8,0.500026,0.513719,0.502984,0.98,0.482026,0.488719,0.502984,0.98,0.468026,0.485719,0.502984,0.98,0.454026,0.488719,0.502984,0.98,0.518026,0.488719,0.502984,0.98,0.532026,0.485719,0.502984,0.98,0.546026,0.488719,0.502984,0.98,0.435026,0.508719,0.497984,0.98,0.565026,0.508719,0.497984,0.98,0.475026,0.548719,0.502984,0.98,0.525026,0.548719,0.502984,0.98,0.390026,0.594976,0.355915,0.98,0.610026,0.594976,0.355915,0.98,0.310026,0.656232,0.298009,0.98,0.690026,0.656232,0.298009,0.98,0.280026,0.727069,0.358009,0.98,0.720026,0.727069,0.358009,0.98,0.255026,0.742069,0.363009,0.98,0.745026,0.742069,0.363009,0.98,0.285026,0.747069,0.378009,0.98,0.715026,0.747069,0.378009,0.98,0.300026,0.732069,0.368009,0.98,0.700026,0.732069,0.368009,0.98,0.420026,0.62,0.003033,0.98,0.580026,0.62,0.003033,0.98,0.420026,0.78,0.013033,0.98,0.580026,0.78,0.013033,0.98,0.420026,0.94,0.023033,0.98,0.580026,0.94,0.023033,0.98,0.400026,0.97,0.003033,0.98,0.600026,0.97,0.003033,0.98,0.420026,0.98,0.093033,0.98,0.580026,0.98,0.093033,0.98
55,1.833333,0.499736,0.515786,0.506178,0.98,0.481736,0.490786,0.506178,0.98,0.467736,0.487786,0.506178,0.98,0.453736,0.490786,0.506178,0.98,0.517736,0.490786,0.506178,0.98,0.531736,0.487786,0.506178,0.98,0.545736,0.490786,0.506178,0.98,0.434736,0.510786,0.501178,0.98,0.564736,0.510786,0.501178,0.98,0.474736,0.550786,0.506178,0.98,0.524736,0.550786,0.506178,0.98,0.389736,0.596629,0.358144,0.98,0.609736,0.596629,0.358144,0.98,0.309736,0.657472,0.299549,0.98,0.689736,0.657472,0.299549,0.98,0.279736,0.728033,0.359549,0.98,0.719736,0.728033,0.359549,0.98,0.254736,0.743033,0.364549,0.98,0.744736,0.743033,0.364549,0.98,0.284736,0.748033,0.379549,0.98,0.714736,0.748033,0.379549,0.98,0.299736,0.733033,0.369549,0.98,0.699736,0.733033,0.369549,0.98,0.419736,0.62,0.00292,0.98,0.579736,0.62,0.00292,0.98,0.419736,0.78,0.01292,0.98,0.579736,0.78,0.01292,0.98,0.419736,0.94,0.02292,0.98,0.579736,0.94,0.02292,0.98,0.399736,0.97,0.00292,0.98,0.599736,0.97,0.00292,0.98,0.419736,0.98,0.09292,0.98,0.579736,0.98,0.09292,0.98
56,1.866667,0.499447,0.517446,0.508716,0.98,0.481447,0.492446,0.508716,0.98,0.467447,0.489446,0.508716,0.98,0.453447,0.492446,0.508716,0.98,0.517447,0.492446,0.508716,0.98,0.531447,0.489446,0.508716,0.98,0.545447,0.492446,0.508716,0.98,0.434447,0.512446,0.503716,0.98,0.564447,0.512446,0.503716,0.98,0.474447,0.552446,0.508716,0.98,0.524447,0.552446,0.508716,0.98,0.389447,0.597957,0.359908,0.98,0.609447,0.597957,0.359908,0.98,0.309447,0.658468,0.300759,0.98,0.689447,0.658468,0.300759,0.98,0.279447,0.728808,0.360759,0.98,0.719447,0.728808,0.360759,0.98,0.254447,0.743808,0.365759,0.98,0.744447,0.743808,0.365759,0.98,0.284447,0.748808,0.380759,0.98,0.714447,0.748808,0.380759,0.98,0.299447,0.733808,0.370759,0.98,0.699447,0.733808,0.370759,0.98,0.419447,0.62,0.002802,0.98,0.579447,0.62,0.002802,0.98,0.419447,0.78,0.012802,0.98,0.579447,0.78,0.012802,0.98,0.419447,0.94,0.022802,0.98,0.579447,0.94,0.022802,0.98,0.399447,0.97,0.002802,0.98,0.599447,0.97,0.002802,0.98,0.419447,0.98,0.092802,0.98,0.579447,0.98,0.092802,0.98
57,1.9,0.499159,0.518695,0.510591,0.98,0.481159,0.493695,0.510591,0.98,0.467159,0.490695,0.510591,0.98,0.453159,0.493695,0.510591,0.98,0.517159,0.493695,0.510591,0.98,0.531159,0.490695,0.510591,0.98,0.545159,0.493695,0.510591,0.98,0.434159,0.513695,0.505591,0.98,0.564159,0.513695,0.505591,0.98,0.474159,0.553695,0.510591,0.98,0.524159,0.553695,0.510591,0.98,0.389159,0.598956,0.3612,0.98,0.609159,0.598956,0.3612,0.98,0.309159,0.659217,0.301635,0.98,0.689159,0.659217,0.301635,0.98,0.279159,0.729391,0.361635,0.98,0.719159,0.729391,0.361635,0.98,0.254159,0.744391,0.366635,0.98,0.744159,0.744391,0.366635,0.98,0.284159,0.749391,0.381635,0.98,0.714159,0.749391,0.381635,0.98,0.299159,0.734391,0.371635,0.98,0.699159,0.734391,0.371635,0.98,0.419159,0.62,0.002679,0.98,0.579159,0.62,0.002679,0.98,0.419159,0.78,0.012679,0.98,0.579159,0.78,0.012679,0.98,0.419159,0.94,0.022679,0.98,0.579159,0.94,0.022679,0.98,0.399159,0.97,0.002679,0.98,0.599159,0.97,0.002679,0.98,0.419159,0.98,0.092679,0.98,0.579159,0.98,0.092679,0.98
58,1.933333,0.498875,0.51953,0.511799,0.98,0.480875,0.49453,0.511799,0.98,0.466875,0.49153,0.511799,0.98,0.452875,0.49453,0.511799,0.98,0.516875,0.49453,0.511799,0.98,0.530875,0.49153,0.511799,0.98,0.544875,0.49453,0.511799,0.98,0.433875,0.51453,0.506799,0.98,0.563875,0.51453,0.506799,0.98,0.473875,0.55453,0.511799,0.98,0.523875,0.55453,0.511799,0.98,0.388875,0.599624,0.362018,0.98,0.608875,0.599624,0.362018,0.98,0.308875,0.659718,0.302175,0.98,0.688875,0.659718,0.302175,0.98,0.278875,0.729781,0.362175,0.98,0.718875,0.729781,0.362175,0.98,0.253875,0.744781,0.367175,0.98,0.743875,0.744781,0.367175,0.98,0.283875,0.749781,0.382175,0.98,0.713875,0.749781,0.382175,0.98,0.298875,0.734781,0.372175,0.98,0.698875,0.734781,0.372175,0.98,0.418875,0.62,0.002551,0.98,0.578875,0.62,0.002551,0.98,0.418875,0.78,0.012551,0.98,0.578875,0.78,0.012551,0.98,0.418875,0.94,0.022551,0.98,0.578875,0.94,0.022551,0.98,0.398875,0.97,0.002551,0.98,0.598875,0.97,0.002551,0.98,0.418875,0.98,0.092551,0.98,0.578875,0.98,0.092551,0.98
59,1.966667,0.498594,0.519948,0.512335,0.98,0.480594,0.494948,0.512335,0.98,0.466594,0.491948,0.512335,0.98,0.452594,0.494948,0.512335,0.98,0.516594,0.494948,0.512335,0.98,0.530594,0.491948,0.512335,0.98,0.544594,0.494948,0.512335,0.98,0.433594,0.514948,0.507335,0.98,0.563594,0.514948,0.507335,0.98,0.473594,0.554948,0.512335,0.98,0.523594,0.554948,0.512335,0.98,0.388594,0.599958,0.36236,0.98,0.608594,0.599958,0.36236,0.98,0.308594,0.659969,0.302377,0.98,0.688594,0.659969,0.302377,0.98,0.278594,0.729976,0.362377,0.98,0.718594,0.729976,0.362377,0.98,0.253594,0.744976,0.367377,0.98,0.743594,0.744976,0.367377,0.98,0.283594,0.749976,0.382377,0.98,0.713594,0.749976,0.382377,0.98,0.298594,0.734976,0.372377,0.98,0.698594,0.734976,0.372377,0.98,0.418594,0.62,0.002419,0.98,0.578594,0.62,0.002419,0.98,0.418594,0.78,0.012419,0.98,0.578594,0.78,0.012419,0.98,0.418594,0.94,0.022419,0.98,0.578594,0.94,0.022419,0.98,0.398594,0.97,0.002419,0.98,0.598594,0.97,0.002419,0.98,0.418594,0.98,0.092419,0.98,0.578594,0.98,0.092419,0.98
60,2.0,0.498317,0.519948,0.512199,0.98,0.480317,0.494948,0.512199,0.98,0.466317,0.491948,0.512199,0.98,0.452317,0.494948,0.512199,0.98,0.516317,0.494948,0.512199,0.98,0.530317,0.491948,0.512199,0.98,0.544317,0.494948,0.512199,0.98,0.433317,0.514948,0.507199,0.98,0.563317,0.514948,0.507199,0.98,0.473317,0.554948,0.512199,0.98,0.523317,0.554948,0.512199,0.98,0.388317,0.599958,0.362223,0.98,0.608317,0.599958,0.362223,0.98,0.308317,0.659969,0.30224,0.98,0.688317,0.659969,0.30224,0.98,0.278317,0.729976,0.36224,0.98,0.718317,0.729976,0.36224,0.98,0.253317,0.744976,0.36724,0.98,0.743317,0.744976,0.36724,0.98,0.283317,0.749976,0.38224,0.98,0.713317,0.749976,0.38224,0.98,0.298317,0.734976,0.37224,0.98,0.698317,0.734976,0.37224,0.98,0.418317,0.62,0.002282,0.98,0.578317,0.62,0.002282,0.98,0.418317,0.78,0.012282,0.98,0.578317,0.78,0.012282,0.98,0.418317,0.94,0.022282,0.98,0.578317,0.94,0.022282,0.98,0.398317,0.97,0.002282,0.98,0.598317,0.97,0.002282,0.98,0.418317,0.98,0.092282,0.98,0.578317,0.98,0.092282,0.98
61,2.033333,0.498047,0.51953,0.511389,0.98,0.480047,0.49453,0.511389,0.98,0.466047,0.49153,0.511389,0.98,0.452047,0.49453,0.511389,0.98,0.516047,0.49453,0.511389,0.98,0.530047,0.49153,0.511389,0.98,0.544047,0.49453,0.511389,0.98,0.433047,0.51453,0.506389,0.98,0.563047,0.51453,0.506389,0.98,0.473047,0.55453,0.511389,0.98,0.523047,0.55453,0.511389,0.98,0.388047,0.599624,0.361609,0.98,0.608047,0.599624,0.361609,0.98,0.308047,0.659718,0.301765,0.98,0.688047,0.659718,0.301765,0.98,0.278047,0.729781,0.361765,0.98,0.718047,0.729781,0.361765,0.98,0.253047,0.744781,0.366765,0.98,0.743047,0.744781,0.366765,0.98,0.283047,0.749781,0.381765,0.98,0.713047,0.749781,0.381765,0.98,0.298047,0.734781,0.371765,0.98,0.698047,0.734781,0.371765,0.98,0.418047,0.62,0.002142,0.98,0.578047,0.62,0.002142,0.98,0.418047,0.78,0.012142,0.98,0.578047,0.78,0.012142,0.98,0.418047,0.94,0.022142,0.98,0.578047,0.94,0.022142,0.98,0.398047,0.97,0.002142,0.98,0.598047,0.97,0.002142,0.98,0.418047,0.98,0.092142,0.98,0.578047,0.98,0.092142,0.98
62,2.066667,0.497783,0.518695,0.509909,0.98,0.479783,0.493695,0.509909,0.98,0.465783,0.490695,0.509909,0.98,0.451783,0.493695,0.509909,0.98,0.515783,0.493695,0.509909,0.98,0.529783,0.490695,0.509909,0.98,0.543783,0.493695,0.509909,0.98,0.432783,0.513695,0.504909,0.98,0.562783,0.513695,0.504909,0.98,0.472783,0.553695,0.509909,0.98,0.522783,0.553695,0.509909,0.98,0.387783,0.598956,0.360518,0.98,0.607783,0.598956,0.360518,0.98,0.307783,0.659217,0.300953,0.98,0.687783,0.659217,0.300953,0.98,0.277783,0.729391,0.360953,0.98,0.717783,0.729391,0.360953,0.98,0.252783,0.744391,0.365953,0.98,0.742783,0.744391,0.365953,0.98,0.282783,0.749391,0.380953,0.98,0.712783,0.749391,0.380953,0.98,0.297783,0.734391,0.370953,0.98,0.697783,0.734391,0.370953,0.98,0.417783,0.62,0.001997,0.98,0.577783,0.62,0.001997,0.98,0.417783,0.78,0.011997,0.98,0.577783,0.78,0.011997,0.98,0.417783,0.94,0.021997,0.98,0.577783,0.94,0.021997,0.98,0.397783,0.97,0.001997,0.98,0.597783,0.97,0.001997,0.98,0.417783,0.98,0.091997,0.98,0.577783,0.98,0.091997,0.98
63,2.1,0.497527,0.517446,0.507762,0.98,0.479527,0.492446,0.507762,0.98,0.465527,0.489446,0.507762,0.98,0.451527,0.492446,0.507762,0.98,0.515527,0.492446,0.507762,0.98,0.529527,0.489446,0.507762,0.98,0.543527,0.492446,0.507762,0.98,0.432527,0.512446,0.502762,0.98,0.562527,0.512446,0.502762,0.98,0.472527,0.552446,0.507762,0.98,0.522527,0.552446,0.507762,0.98,0.387527,0.597957,0.358954,0.98,0.607527,0.597957,0.358954,0.98,0.307527,0.658468,0.299806,0.98,0.687527,0.658468,0.299806,0.98,0.277527,0.728808,0.359806,0.98,0.717527,0.728808,0.359806,0.98,0.252527,0.743808,0.364806,0.98,0.742527,0.743808,0.364806,0.98,0.282527,0.748808,0.379806,0.98,0.712527,0.748808,0.379806,0.98,0.297527,0.733808,0.369806,0.98,0.697527,0.733808,0.369806,0.98,0.417527,0.62,0.001849,0.98,0.577527,0.62,0.001849,0.98,0.417527,0.78,0.011849,0.98,0.577527,0.78,0.011849,0.98,0.417527,0.94,0.021849,0.98,0.577527,0.94,0.021849,0.98,0.397527,0.97,0.001849,0.98,0.597527,0.97,0.001849,0.98,0.417527,0.98,0.091849,0.98,0.577527,0.98,0.091849,0.98
64,2.133333,0.497279,0.515786,0.504955,0.98,0.479279,0.490786,0.504955,0.98,0.465279,0.487786,0.504955,0.98,0.451279,0.490786,0.504955,0.98,0.515279,0.490786,0.504955,0.98,0.529279,0.487786,0.504955,0.98,0.543279,0.490786,0.504955,0.98,0.432279,0.510786,0.499955,0.98,0.562279,0.510786,0.499955,0.98,0.472279,0.550786,0.504955,0.98,0.522279,0.550786,0.504955,0.98,0.387279,0.596629,0.356921,0.98,0.607279,0.596629,0.356921,0.98,0.307279,0.657472,0.298326,0.98,0.687279,0.657472,0.298326,0.98,0.277279,0.728033,0.358326,0.98,0.717279,0.728033,0.358326,0.98,0.252279,0.743033,0.363326,0.98,0.742279,0.743033,0.363326,0.98,0.282279,0.748033,0.378326,0.98,0.712279,0.748033,0.378326,0.98,0.297279,0.733033,0.368326,0.98,0.697279,0.733033,0.368326,0.98,0.417279,0.62,0.001697,0.98,0.577279,0.62,0.001697,0.98,0.417279,0.78,0.011697,0.98,0.577279,0.78,0.011697,0.98,0.417279,0.94,0.021697,0.98,0.577279,0.94,0.021697,0.98,0.397279,0.97,0.001697,0.98,0.597279,0.97,0.001697,0.98,0.417279,0.98,0.091697,0.98,0.577279,0.98,0.091697,0.98
65,2.166667,0.49704,0.513719,0.501494,0.98,0.47904,0.488719,0.501494,0.98,0.46504,0.485719,0.501494,0.98,0.45104,0.488719,0.501494,0.98,0.51504,0.488719,0.501494,0.98,0.52904,0.485719,0.501494,0.98,0.54304,0.488719,0.501494,0.98,0.43204,0.508719,0.496494,0.98,0.56204,0.508719,0.496494,0.98,0.47204,0.548719,0.501494,0.98,0.52204,0.548719,0.501494,0.98,0.38704,0.594976,0.354425,0.98,0.60704,0.594976,0.354425,0.98,0.30704,0.656232,0.296518,0.98,0.68704,0.656232,0.296518,0.98,0.27704,0.727069,0.356518,0.98,0.71704,0.727069,0.356518,0.98,0.25204,0.742069,0.361518,0.98,0.74204,0.742069,0.361518,0.98,0.28204,0.747069,0.376518,0.98,0.71204,0.747069,0.376518,0.98,0.29704,0.732069,0.366518,0.98,0.69704,0.732069,0.366518,0.98,0.41704,0.62,0.001543,0.98,0.57704,0.62,0.001543,0.98,0.41704,0.78,0.011543,0.98,0.57704,0.78,0.011543,0.98,0.41704,0.94,0.021543,0.98,0.57704,0.94,0.021543,0.98,0.39704,0.97,0.001543,0.98,0.59704,0.97,0.001543,0.98,0.41704,0.98,0.091543,0.98,0.57704,0.98,0.091543,0.98
66,2.2,0.496811,0.511252,0.49739,0.98,0.478811,0.486252,0.49739,0.98,0.464811,0.483252,0.49739,0.98,0.450811,0.486252,0.49739,0.98,0.514811,0.486252,0.49739,0.98,0.528811,0.483252,0.49739,0.98,0.542811,0.486252,0.49739,0.98,0.431811,0.506252,0.49239,0.98,0.561811,0.506252,0.49239,0.98,0.471811,0.546252,0.49739,0.98,0.521811,0.546252,0.49739,0.98,0.386811,0.593002,0.351472,0.98,0.606811,0.593002,0.351472,0.98,0.306811,0.654751,0.294388,0.98,0.686811,0.654751,0.294388,0.98,0.276811,0.725918,0.354388,0.98,0.716811,0.725918,0.354388,0.98,0.251811,0.740918,0.359388,0.98,0.741811,0.740918,0.359388,0.98,0.281811,0.745918,0.374388,0.98,0.711811,0.745918,0.374388,0.98,0.296811,0.730918,0.364388,0.98,0.696811,0.730918,0.364388,0.98,0.416811,0.62,0.001386,0.98,0.576811,0.62,0.001386,0.98,0.416811,0.78,0.011386,0.98,0.576811,0.78,0.011386,0.98,0.416811,0.94,0.021386,0.98,0.576811,0.94,0.021386,0.98,0.396811,0.97,0.001386,0.98,0.596811,0.97,0.001386,0.98,0.416811,0.98,0.091386,0.98,0.576811,0.98,0.091386,0.98
67,2.233333,0.496593,0.508392,0.492653,0.98,0.478593,0.483392,0.492653,0.98,0.464593,0.480392,0.492653,0.98,0.450593,0.483392,0.492653,0.98,0.514593,0.483392,0.492653,0.98,0.528593,0.480392,0.492653,0.98,0.542593,0.483392,0.492653,0.98,0.431593,0.503392,0.487653,0.98,0.561593,0.503392,0.487653,0.98,0.471593,0.543392,0.492653,0.98,0.521593,0.543392,0.492653,0.98,0.386593,0.590713,0.34807,0.98,0.606593,0.590713,0.34807,0.98,0.306593,0.653035,0.291939,0.98,0.686593,0.653035,0.291939,0.98,0.276593,0.724583,0.351939,0.98,0.716593,0.724583,0.351939,0.98,0.251593,0.739583,0.356939,0.98,0.741593,0.739583,0.356939,0.98,0.281593,0.744583,0.371939,0.98,0.711593,0.744583,0.371939,0.98,0.296593,0.729583,0.361939,0.98,0.696593,0.729583,0.361939,0.98,0.416593,0.62,0.001226,0.98,0.576593,0.62,0.001226,0.98,0.416593,0.78,0.011226,0.98,0.576593,0.78,0.011226,0.98,0.416593,0.94,0.021226,0.98,0.576593,0.94,0.021226,0.98,0.396593,0.97,0.001226,0.98,0.596593,0.97,0.001226,0.98,0.416593,0.98,0.091226,0.98,0.576593,0.98,0.091226,0.98
68,2.266667,0.496386,0.505145,0.487297,0.98,0.478386,0.480145,0.487297,0.98,0.464386,0.477145,0.487297,0.98,0.450386,0.480145,0.487297,0.98,0.514386,0.480145,0.487297,0.98,0.528386,0.477145,0.487297,0.98,0.542386,0.480145,0.487297,0.98,0.431386,0.500145,0.482297,0.98,0.561386,0.500145,0.482297,0.98,0.471386,0.540145,0.487297,0.98,0.521386,0.540145,0.487297,0.98,0.386386,0.588116,0.344229,0.98,0.606386,0.588116,0.344229,0.98,0.306386,0.651087,0.28918,0.98,0.686386,0.651087,0.28918,0.98,0.276386,0.723068,0.34918,0.98,0.716386,0.723068,0.34918,0.98,0.251386,0.738068,0.35418,0.98,0.741386,0.738068,0.35418,0.98,0.281386,0.743068,0.36918,0.98,0.711386,0.743068,0.36918,0.98,0.296386,0.728068,0.35918,0.98,0.696386,0.728068,0.35918,0.98,0.416386,0.62,0.001064,0.98,0.576386,0.62,0.001064,0.98,0.416386,0.78,0.011064,0.98,0.576386,0.78,0.011064,0.98,0.416386,0.94,0.021064,0.98,0.576386,0.94,0.021064,0.98,0.396386,0.97,0.001064,0.98,0.596386,0.97,0.001064,0.98,0.416386,0.98,0.091064,0.98,0.576386,0.98,0.091064,0.98
69,2.3,0.496192,0.501522,0.481336,0.98,0.478192,0.476522,0.481336,0.98,0.464192,0.473522,0.481336,0.98,0.450192,0.476522,0.481336,0.98,0.514192,0.476522,0.481336,0.98,0.528192,0.473522,0.481336,0.98,0.542192,0.476522,0.481336,0.98,0.431192,0.496522,0.476336,0.98,0.561192,0.496522,0.476336,0.98,0.471192,0.536522,0.481336,0.98,0.521192,0.536522,0.481336,0.98,0.386192,0.585218,0.339959,0.98,0.606192,0.585218,0.339959,0.98,0.306192,0.648913,0.286118,0.98,0.686192,0.648913,0.286118,0.98,0.276192,0.721377,0.346118,0.98,0.716192,0.721377,0.346118,0.98,0.251192,0.736377,0.351118,0.98,0.741192,0.736377,0.351118,0.98,0.281192,0.741377,0.366118,0.98,0.711192,0.741377,0.366118,0.98,0.296192,0.726377,0.356118,0.98,0.696192,0.726377,0.356118,0.98,0.416192,0.62,0.0009,0.98,0.576192,0.62,0.0009,0.98,0.416192,0.78,0.0109,0.98,0.576192,0.78,0.0109,0.98,0.416192,0.94,0.0209,0.98,0.576192,0.94,0.0209,0.98,0.396192,0.97,0.0009,0.98,0.596192,0.97,0.0009,0.98,0.416192,0.98,0.0909,0.98,0.576192,0.98,0.0909,0.98
70,2.333333,0.49601,0.497533,0.474787,0.98,0.47801,0.472533,0.474787,0.98,0.46401,0.469533,0.474787,0.98,0.45001,0.472533,0.474787,0.98,0.51401,0.472533,0.474787,0.98,0.52801,0.469533,0.474787,0.98,0.54201,0.472533,0.474787,0.98,0.43101,0.492533,0.469787,0.98,0.56101,0.492533,0.469787,0.98,0.47101,0.532533,0.474787,0.98,0.52101,0.532533,0.474787,0.98,0.38601,0.582026,0.335272,0.98,0.60601,0.582026,0.335272,0.98,0.30601,0.64652,0.282761,0.98,0.68601,0.64652,0.282761,0.98,0.27601,0.719515,0.342761,0.98,0.71601,0.719515,0.342761,0.98,0.25101,0.734515,0.347761,0.98,0.74101,0.734515,0.347761,0.98,0.28101,0.739515,0.362761,0.98,0.71101,0.739515,0.362761,0.98,0.29601,0.724515,0.352761,0.98,0.69601,0.724515,0.352761,0.98,0.41601,0.62,0.000735,0.98,0.57601,0.62,0.000735,0.98,0.41601,0.78,0.010735,0.98,0.57601,0.78,0.010735,0.98,0.41601,0.94,0.020735,0.98,0.57601,0.94,0.020735,0.98,0.39601,0.97,0.000735,0.98,0.59601,0.97,0.000735,0.98,0.41601,0.98,0.090735,0.98,0.57601,0.98,0.090735,0.98
71,2.366667,0.495842,0.493187,0.467668,0.98,0.477842,0.468187,0.467668,0.98,0.463842,0.465187,0.467668,0.98,0.449842,0.468187,0.467668,0.98,0.513842,0.468187,0.467668,0.98,0.527842,0.465187,0.467668,0.98,0.541842,0.468187,0.467668,0.98,0.430842,0.488187,0.462668,0.98,0.560842,0.488187,0.462668,0.98,0.470842,0.528187,0.467668,0.98,0.520842,0.528187,0.467668,0.98,0.385842,0.57855,0.330181,0.98,0.605842,0.57855,0.330181,0.98,0.305842,0.643912,0.279118,0.98,0.685842,0.643912,0.279118,0.98,0.275842,0.717487,0.339118,0.98,0.715842,0.717487,0.339118,0.98,0.250842,0.732487,0.344118,0.98,0.740842,0.732487,0.344118,0.98,0.280842,0.737487,0.359118,0.98,0.710842,0.737487,0.359118,0.98,0.295842,0.722487,0.349118,0.98,0.695842,0.722487,0.349118,0.98,0.415842,0.62,0.000568,0.98,0.575842,0.62,0.000568,0.98,0.415842,0.78,0.010568,0.98,0.575842,0.78,0.010568,0.98,0.415842,0.94,0.020568,0.98,0.575842,0.94,0.020568,0.98,0.395842,0.97,0.000568,0.98,0.595842,0.97,0.000568,0.98,0.415842,0.98,0.090568,0.98,0.575842,0.98,0.090568,0.98
72,2.4,0.495688,0.488499,0.459999,0.98,0.477688,0.463499,0.459999,0.98,0.463688,0.460499,0.459999,0.98,0.449688,0.463499,0.459999,0.98,0.513688,0.463499,0.459999,0.98,0.527688,0.460499,0.459999,0.98,0.541688,0.463499,0.459999,0.98,0.430688,0.483499,0.454999,0.98,0.560688,0.483499,0.454999,0.98,0.470688,0.523499,0.459999,0.98,0.520688,0.523499,0.459999,0.98,0.385688,0.574799,0.324699,0.98,0.605688,0.574799,0.324699,0.98,0.305688,0.641099,0.2752,0.98,0.685688,0.641099,0.2752,0.98,0.275688,0.7153,0.3352,0.98,0.715688,0.7153,0.3352,0.98,0.250688,0.7303,0.3402,0.98,0.740688,0.7303,0.3402,0.98,0.280688,0.7353,0.3552,0.98,0.710688,0.7353,0.3552,0.98,0.295688,0.7203,0.3452,0.98,0.695688,0.7203,0.3452,0.98,0.415688,0.62,0.000401,0.98,0.575688,0.62,0.000401,0.98,0.415688,0.78,0.010401,0.98,0.575688,0.78,0.010401,0.98,0.415688,0.94,0.020401,0.98,0.575688,0.94,0.020401,0.98,0.395688,0.97,0.000401,0.98,0.595688,0.97,0.000401,0.98,0.415688,0.98,0.090401,0.98,0.575688,0.98,0.090401,0.98
73,2.433333,0.495548,0.48348,0.451801,0.98,0.477548,0.45848,0.451801,0.98,0.463548,0.45548,0.451801,0.98,0.449548,0.45848,0.451801,0.98,0.513548,0.45848,0.451801,0.98,0.527548,0.45548,0.451801,0.98,0.541548,0.45848,0.451801,0.98,0.430548,0.47848,0.446801,0.98,0.560548,0.47848,0.446801,0.98,0.470548,0.51848,0.451801,0.98,0.520548,0.51848,0.451801,0.98,0.385548,0.570784,0.318843,0.98,0.605548,0.570784,0.318843,0.98,0.305548,0.638088,0.271016,0.98,0.685548,0.638088,0.271016,0.98,0.275548,0.712957,0.331016,0.98,0.715548,0.712957,0.331016,0.98,0.250548,0.727957,0.336016,0.98,0.740548,0.727957,0.336016,0.98,0.280548,0.732957,0.351016,0.98,0.710548,0.732957,0.351016,0.98,0.295548,0.717957,0.341016,0.98,0.695548,0.717957,0.341016,0.98,0.415548,0.62,0.000232,0.98,0.575548,0.62,0.000232,0.98,0.415548,0.78,0.010232,0.98,0.575548,0.78,0.010232,0.98,0.415548,0.94,0.020232,0.98,0.575548,0.94,0.020232,0.98,0.395548,0.97,0.000232,0.98,0.595548,0.97,0.000232,0.98,0.415548,0.98,0.090232,0.98,0.575548,0.98,0.090232,0.98
74,2.466667,0.495423,0.478145,0.443096,0.98,0.477423,0.453145,0.443096,0.98,0.463423,0.450145,0.443096,0.98,0.449423,0.453145,0.443096,0.98,0.513423,0.453145,0.443096,0.98,0.527423,0.450145,0.443096,0.98,0.541423,0.453145,0.443096,0.98,0.430423,0.473145,0.438096,0.98,0.560423,0.473145,0.438096,0.98,0.470423,0.513145,0.443096,0.98,0.520423,0.513145,0.443096,0.98,0.385423,0.566516,0.312628,0.98,0.605423,0.566516,0.312628,0.98,0.305423,0.634887,0.26658,0.98,0.685423,0.634887,0.26658,0.98,0.275423,0.710468,0.32658,0.98,0.715423,0.710468,0.32658,0.98,0.250423,0.725468,0.33158,0.98,0.740423,0.725468,0.33158,0.98,0.280423,0.730468,0.34658,0.98,0.710423,0.730468,0.34658,0.98,0.295423,0.715468,0.33658,0.98,0.695423,0.715468,0.33658,0.98,0.415423,0.62,6.3e-05,0.98,0.575423,0.62,6.3e-05,0.98,0.415423,0.78,0.010063,0.98,0.575423,0.78,0.010063,0.98,0.415423,0.94,0.020063,0.98,0.575423,0.94,0.020063,0.98,0.395423,0.97,6.3e-05,0.98,0.595423,0.97,6.3e-05,0.98,0.415423,0.98,0.090063,0.98,0.575423,0.98,0.090063,0.98
75,2.5,0.495314,0.472509,0.433908,0.98,0.477314,0.447509,0.433908,0.98,0.463314,0.444509,0.433908,0.98,0.449314,0.447509,0.433908,0.98,0.513314,0.447509,0.433908,0.98,0.527314,0.444509,0.433908,0.98,0.541314,0.447509,0.433908,0.98,0.430314,0.467509,0.428908,0.98,0.560314,0.467509,0.428908,0.98,0.470314,0.507509,0.433908,0.98,0.520314,0.507509,0.433908,0.98,0.385314,0.562007,0.306071,0.98,0.605314,0.562007,0.306071,0.98,0.305314,0.631505,0.261901,0.98,0.685314,0.631505,0.261901,0.98,0.275314,0.707837,0.321901,0.98,0.715314,0.707837,0.321901,0.98,0.250314,0.722837,0.326901,0.98,0.740314,0.722837,0.326901,0.98,0.280314,0.727837,0.341901,0.98,0.710314,0.727837,0.341901,0.98,0.295314,0.712837,0.331901,0.98,0.695314,0.712837,0.331901,0.98,0.415314,0.62,-0.000106,0.98,0.575314,0.62,-0.000106,0.98,0.415314,0.78,0.009894,0.98,0.575314,0.78,0.009894,0.98,0.415314,0.94,0.019894,0.98,0.575314,0.94,0.019894,0.98,0.395314,0.97,-0.000106,0.98,0.595314,0.97,-0.000106,0.98,0.415314,0.98,0.089894,0.98,0.575314,0.98,0.089894,0.98
76,2.533333,0.495221,0.466587,0.424264,0.98,0.477221,0.441587,0.424264,0.98,0.463221,0.438587,0.424264,0.98,0.449221,0.441587,0.424264,0.98,0.513221,0.441587,0.424264,0.98,0.527221,0.438587,0.424264,0.98,0.541221,0.441587,0.424264,0.98,0.430221,0.461587,0.419264,0.98,0.560221,0.461587,0.419264,0.98,0.470221,0.501587,0.424264,0.98,0.520221,0.501587,0.424264,0.98,0.385221,0.557269,0.29919,0.98,0.605221,0.557269,0.29919,0.98,0.305221,0.627952,0.256995,0.98,0.685221,0.627952,0.256995,0.98,0.275221,0.705074,0.316995,0.98,0.715221,0.705074,0.316995,0.98,0.250221,0.720074,0.321995,0.98,0.740221,0.720074,0.321995,0.98,0.280221,0.725074,0.336995,0.98,0.710221,0.725074,0.336995,0.98,0.295221,0.710074,0.326995,0.98,0.695221,0.710074,0.326995,0.98,0.415221,0.62,-0.000274,0.98,0.575221,0.62,-0.000274,0.98,0.415221,0.78,0.009726,0.98,0.575221,0.78,0.009726,0.98,0.415221,0.94,0.019726,0.98,0.575221,0.94,0.019726,0.98,0.395221,0.97,-0.000274,0.98,0.595221,0.97,-0.000274,0.98,0.415221,0.98,0.089726,0.98,0.575221,0.98,0.089726,0.98
77,2.566667,0.495144,0.460395,0.41419,0.98,0.477144,0.435395,0.41419,0.98,0.463144,0.432395,0.41419,0.98,0.449144,0.435395,0.41419,0.98,0.513144,0.435395,0.41419,0.98,0.527144,0.432395,0.41419,0.98,0.541144,0.435395,0.41419,0.98,0.430144,0.455395,0.40919,0.98,0.560144,0.455395,0.40919,0.98,0.470144,0.495395,0.41419,0.98,0.520144,0.495395,0.41419,0.98,0.385144,0.552316,0.292005,0.98,0.605144,0.552316,0.292005,0.98,0.305144,0.624237,0.251874,0.98,0.685144,0.624237,0.251874,0.98,0.275144,0.702184,0.311874,0.98,0.715144,0.702184,0.311874,0.98,0.250144,0.717184,0.316874,0.98,0.740144,0.717184,0.316874,0.98,0.280144,0.722184,0.331874,0.98,0.710144,0.722184,0.331874,0.98,0.295144,0.707184,0.321874,0.98,0.695144,0.707184,0.321874,0.98,0.415144,0.62,-0.000443,0.98,0.575144,0.62,-0.000443,0.98,0.415144,0.78,0.009557,0.98,0.575144,0.78,0.009557,0.98,0.415144,0.94,0.019557,0.98,0.575144,0.94,0.019557,0.98,0.395144,0.97,-0.000443,0.98,0.595144,0.97,-0.000443,0.98,0.415144,0.98,0.089557,0.98,0.575144,0.98,0.089557,0.98
78,2.6,0.495083,0.453952,0.403713,0.98,0.477083,0.428952,0.403713,0.98,0.463083,0.425952,0.403713,0.98,0.449083,0.428952,0.403713,0.98,0.513083,0.428952,0.403713,0.98,0.527083,0.425952,0.403713,0.98,0.541083,0.428952,0.403713,0.98,0.430083,0.448952,0.398713,0.98,0.560083,0.448952,0.398713,0.98,0.470083,0.488952,0.403713,0.98,0.520083,0.488952,0.403713,0.98,0.385083,0.547162,0.284535,0.98,0.605083,0.547162,0.284535,0.98,0.305083,0.620371,0.246551,0.98,0.685083,0.620371,0.246551,0.98,0.275083,0.699178,0.306551,0.98,0.715083,0.699178,0.306551,0.98,0.250083,0.714178,0.311551,0.98,0.740083,0.714178,0.311551,0.98,0.280083,0.719178,0.326551,0.98,0.710083,0.719178,0.326551,0.98,0.295083,0.704178,0.316551,0.98,0.695083,0.704178,0.316551,0.98,0.415083,0.62,-0.00061,0.98,0.575083,0.62,-0.00061,0.98,0.415083,0.78,0.00939,0.98,0.575083,0.78,0.00939,0.98,0.415083,0.94,0.01939,0.98,0.575083,0.94,0.01939,0.98,0.395083,0.97,-0.00061,0.98,0.595083,0.97,-0.00061,0.98,0.415083,0.98,0.08939,0.98,0.575083,0.98,0.08939,0.98
79,2.633333,0.495038,0.447275,0.392863,0.98,0.477038,0.422275,0.392863,0.98,0.463038,0.419275,0.392863,0.98,0.449038,0.422275,0.392863,0.98,0.513038,0.422275,0.392863,0.98,0.527038,0.419275,0.392863,0.98,0.541038,0.422275,0.392863,0.98,0.430038,0.442275,0.387863,0.98,0.560038,0.442275,0.387863,0.98,0.470038,0.482275,0.392863,0.98,0.520038,0.482275,0.392863,0.98,0.385038,0.54182,0.276801,0.98,0.605038,0.54182,0.276801,0.98,0.305038,0.616365,0.241043,0.98,0.685038,0.616365,0.241043,0.98,0.275038,0.696061,0.301043,0.98,0.715038,0.696061,0.301043,0.98,0.250038,0.711061,0.306043,0.98,0.740038,0.711061,0.306043,0.98,0.280038,0.716061,0.321043,0.98,0.710038,0.716061,0.321043,0.98,0.295038,0.701061,0.311043,0.98,0.695038,0.701061,0.311043,0.98,0.415038,0.62,-0.000776,0.98,0.575038,0.62,-0.000776,0.98,0.415038,0.78,0.009224,0.98,0.575038,0.78,0.009224,0.98,0.415038,0.94,0.019224,0.98,0.575038,0.94,0.019224,0.98,0.395038,0.97,-0.000776,0.98,0.595038,0.97,-0.000776,0.98,0.415038,0.98,0.089224,0.98,0.575038,0.98,0.089224,0.98
80,2.666667,0.495011,0.440382,0.38167,0.98,0.477011,0.415382,0.38167,0.98,0.463011,0.412382,0.38167,0.98,0.449011,0.415382,0.38167,0.98,0.513011,0.415382,0.38167,0.98,0.527011,0.412382,0.38167,0.98,0.541011,0.415382,0.38167,0.98,0.430011,0.435382,0.37667,0.98,0.560011,0.435382,0.37667,0.98,0.470011,0.475382,0.38167,0.98,0.520011,0.475382,0.38167,0.98,0.385011,0.536306,0.268825,0.98,0.605011,0.536306,0.268825,0.98,0.305011,0.612229,0.235364,0.98,0.685011,0.612229,0.235364,0.98,0.275011,0.692845,0.295364,0.98,0.715011,0.692845,0.295364,0.98,0.250011,0.707845,0.300364,0.98,0.740011,0.707845,0.300364,0.98,0.280011,0.712845,0.315364,0.98,0.710011,0.712845,0.315364,0.98,0.295011,0.697845,0.305364,0.98,0.695011,0.697845,0.305364,0.98,0.415011,0.62,-0.000941,0.98,0.575011,0.62,-0.000941,0.98,0.415011,0.78,0.009059,0.98,0.575011,0.78,0.009059,0.98,0.415011,0.94,0.019059,0.98,0.575011,0.94,0.019059,0.98,0.395011,0.97,-0.000941,0.98,0.595011,0.97,-0.000941,0.98,0.415011,0.98,0.089059,0.98,0.575011,0.98,0.089059,0.98
81,2.7,0.495,0.433293,0.370164,0.98,0.477,0.408293,0.370164,0.98,0.463,0.405293,0.370164,0.98,0.449,0.408293,0.370164,0.98,0.513,0.408293,0.370164,0.98,0.527,0.405293,0.370164,0.98,0.541,0.408293,0.370164,0.98,0.43,0.428293,0.365164,0.98,0.56,0.428293,0.365164,0.98,0.47,0.468293,0.370164,0.98,0.52,0.468293,0.370164,0.98,0.385,0.530634,0.260627,0.98,0.605,0.530634,0.260627,0.98,0.305,0.607976,0.22953,0.98,0.685,0.607976,0.22953,0.98,0.275,0.689537,0.28953,0.98,0.715,0.689537,0.28953,0.98,0.25,0.704537,0.29453,0.98,0.74,0.704537,0.29453,0.98,0.28,0.709537,0.30953,0.98,0.71,0.709537,0.30953,0.98,0.295,0.694537,0.29953,0.98,0.695,0.694537,0.29953,0.98,0.415,0.62,-0.001105,0.98,0.575,0.62,-0.001105,0.98,0.415,0.78,0.008895,0.98,0.575,0.78,0.008895,0.98,0.415,0.94,0.018895,0.98,0.575,0.94,0.018895,0.98,0.395,0.97,-0.001105,0.98,0.595,0.97,-0.001105,0.98,0.415,0.98,0.088895,0.98,0.575,0.98,0.088895,0.98
82,2.733333,0.495006,0.426028,0.358378,0.98,0.477006,0.401028,0.358378,0.98,0.463006,0.398028,0.358378,0.98,0.449006,0.401028,0.358378,0.98,0.513006,0.401028,0.358378,0.98,0.527006,0.398028,0.358378,0.98,0.541006,0.401028,0.358378,0.98,0.430006,0.421028,0.353378,0.98,0.560006,0.421028,0.353378,0.98,0.470006,0.461028,0.358378,0.98,0.520006,0.461028,0.358378,0.98,0.385006,0.524822,0.252232,0.98,0.605006,0.524822,0.252232,0.98,0.305006,0.603617,0.223556,0.98,0.685006,0.603617,0.223556,0.98,0.275006,0.686146,0.283556,0.98,0.715006,0.686146,0.283556,0.98,0.250006,0.701146,0.288556,0.98,0.740006,0.701146,0.288556,0.98,0.280006,0.706146,0.303556,0.98,0.710006,0.706146,0.303556,0.98,0.295006,0.691146,0.293556,0.98,0.695006,0.691146,0.293556,0.98,0.415006,0.62,-0.001266,0.98,0.575006,0.62,-0.001266,0.98,0.415006,0.78,0.008734,0.98,0.575006,0.78,0.008734,0.98,0.415006,0.94,0.018734,0.98,0.575006,0.94,0.018734,0.98,0.395006,0.97,-0.001266,0.98,0.595006,0.97,-0.001266,0.98,0.415006,0.98,0.088734,0.98,0.575006,0.98,0.088734,0.98
83,2.766667,0.495029,0.418606,0.346345,0.98,0.477029,0.393606,0.346345,0.98,0.463029,0.390606,0.346345,0.98,0.449029,0.393606,0.346345,0.98,0.513029,0.393606,0.346345,0.98,0.527029,0.390606,0.346345,0.98,0.541029,0.393606,0.346345,0.98,0.430029,0.413606,0.341345,0.98,0.560029,0.413606,0.341345,0.98,0.470029,0.453606,0.346345,0.98,0.520029,0.453606,0.346345,0.98,0.385029,0.518885,0.243662,0.98,0.605029,0.518885,0.243662,0.98,0.305029,0.599164,0.21746,0.98,0.685029,0.599164,0.21746,0.98,0.275029,0.682683,0.27746,0.98,0.715029,0.682683,0.27746,0.98,0.250029,0.697683,0.28246,0.98,0.740029,0.697683,0.28246,0.98,0.280029,0.702683,0.29746,0.98,0.710029,0.702683,0.29746,0.98,0.295029,0.687683,0.28746,0.98,0.695029,0.687683,0.28746,0.98,0.415029,0.62,-0.001425,0.98,0.575029,0.62,-0.001425,0.98,0.415029,0.78,0.008575,0.98,0.575029,0.78,0.008575,0.98,0.415029,0.94,0.018575,0.98,0.575029,0.94,0.018575,0.98,0.395029,0.97,-0.001425,0.98,0.595029,0.97,-0.001425,0.98,0.415029,0.98,0.088575,0.98,0.575029,0.98,0.088575,0.98
84,2.8,0.495069,0.411049,0.334097,0.98,0.477069,0.386049,0.334097,0.98,0.463069,0.383049,0.334097,0.98,0.449069,0.386049,0.334097,0.98,0.513069,0.386049,0.334097,0.98,0.527069,0.383049,0.334097,0.98,0.541069,0.386049,0.334097,0.98,0.430069,0.406049,0.329097,0.98,0.560069,0.406049,0.329097,0.98,0.470069,0.446049,0.334097,0.98,0.520069,0.446049,0.334097,0.98,0.385069,0.51284,0.234941,0.98,0.605069,0.51284,0.234941,0.98,0.305069,0.59463,0.211258,0.98,0.685069,0.59463,0.211258,0.98,0.275069,0.679156,0.271258,0.98,0.715069,0.679156,0.271258,0.98,0.250069,0.694156,0.276258,0.98,0.740069,0.694156,0.276258,0.98,0.280069,0.699156,0.291258,0.98,0.710069,0.699156,0.291258,0.98,0.295069,0.684156,0.281258,0.98,0.695069,0.684156,0.281258,0.98,0.415069,0.62,-0.001582,0.98,0.575069,0.62,-0.001582,0.98,0.415069,0.78,0.008418,0.98,0.575069,0.78,0.008418,0.98,0.415069,0.94,0.018418,0.98,0.575069,0.94,0.018418,0.98,0.395069,0.97,-0.001582,0.98,0.595069,0.97,-0.001582,0.98,0.415069,0.98,0.088418,0.98,0.575069,0.98,0.088418,0.98
85,2.833333,0.495125,0.403378,0.321669,0.98,0.477125,0.378378,0.321669,0.98,0.463125,0.375378,0.321669,0.98,0.449125,0.378378,0.321669,0.98,0.513125,0.378378,0.321669,0.98,0.527125,0.375378,0.321669,0.98,0.541125,0.378378,0.321669,0.98,0.430125,0.398378,0.316669,0.98,0.560125,0.398378,0.316669,0.98,0.470125,0.438378,0.321669,0.98,0.520125,0.438378,0.321669,0.98,0.385125,0.506703,0.226093,0.98,0.605125,0.506703,0.226093,0.98,0.305125,0.590027,0.204967,0.98,0.685125,0.590027,0.204967,0.98,0.275125,0.675576,0.264967,0.98,0.715125,0.675576,0.264967,0.98,0.250125,0.690576,0.269967,0.98,0.740125,0.690576,0.269967,0.98,0.280125,0.695576,0.284967,0.98,0.710125,0.695576,0.284967,0.98,0.295125,0.680576,0.274967,0.98,0.695125,0.680576,0.274967,0.98,0.415125,0.62,-0.001736,0.98,0.575125,0.62,-0.001736,0.98,0.415125,0.78,0.008264,0.98,0.575125,0.78,0.008264,0.98,0.415125,0.94,0.018264,0.98,0.575125,0.94,0.018264,0.98,0.395125,0.97,-0.001736,0.98,0.595125,0.97,-0.001736,0.98,0.415125,0.98,0.088264,0.98,0.575125,0.98,0.088264,0.98
86,2.866667,0.495198,0.395614,0.309096,0.98,0.477198,0.370614,0.309096,0.98,0.463198,0.367614,0.309096,0.98,0.449198,0.370614,0.309096,0.98,0.513198,0.370614,0.309096,0.98,0.527198,0.367614,0.309096,0.98,0.541198,0.370614,0.309096,0.98,0.430198,0.390614,0.304096,0.98,0.560198,0.390614,0.304096,0.98,0.470198,0.430614,0.309096,0.98,0.520198,0.430614,0.309096,0.98,0.385198,0.500491,0.217143,0.98,0.605198,0.500491,0.217143,0.98,0.305198,0.585368,0.198605,0.98,0.685198,0.585368,0.198605,0.98,0.275198,0.671953,0.258605,0.98,0.715198,0.671953,0.258605,0.98,0.250198,0.686953,0.263605,0.98,0.740198,0.686953,0.263605,0.98,0.280198,0.691953,0.278605,0.98,0.710198,0.691953,0.278605,0.98,0.295198,0.676953,0.268605,0.98,0.695198,0.676953,0.268605,0.98,0.415198,0.62,-0.001886,0.98,0.575198,0.62,-0.001886,0.98,0.415198,0.78,0.008114,0.98,0.575198,0.78,0.008114,0.98,0.415198,0.94,0.018114,0.98,0.575198,0.94,0.018114,0.98,0.395198,0.97,-0.001886,0.98,0.595198,0.97,-0.001886,0.98,0.415198,0.98,0.088114,0.98,0.575198,0.98,0.088114,0.98
87,2.9,0.495287,0.387778,0.296411,0.98,0.477287,0.362778,0.296411,0.98,0.463287,0.359778,0.296411,0.98,0.449287,0.362778,0.296411,0.98,0.513287,0.362778,0.296411,0.98,0.527287,0.359778,0.296411,0.98,0.541287,0.362778,0.296411,0.98,0.430287,0.382778,0.291411,0.98,0.560287,0.382778,0.291411,0.98,0.470287,0.422778,0.296411,0.98,0.520287,0.422778,0.296411,0.98,0.385287,0.494222,0.208115,0.98,0.605287,0.494222,0.208115,0.98,0.305287,0.580667,0.192189,0.98,0.685287,0.580667,0.192189,0.98,0.275287,0.668296,0.252189,0.98,0.715287,0.668296,0.252189,0.98,0.250287,0.683296,0.257189,0.98,0.740287,0.683296,0.257189,0.98,0.280287,0.688296,0.272189,0.98,0.710287,0.688296,0.272189,0.98,0.295287,0.673296,0.262189,0.98,0.695287,0.673296,0.262189,0.98,0.415287,0.62,-0.002033,0.98,0.575287,0.62,-0.002033,0.98,0.415287,0.78,0.007967,0.98,0.575287,0.78,0.007967,0.98,0.415287,0.94,0.017967,0.98,0.575287,0.94,0.017967,0.98,0.395287,0.97,-0.002033,0.98,0.595287,0.97,-0.002033,0.98,0.415287,0.98,0.087967,0.98,0.575287,0.98,0.087967,0.98
88,2.933333,0.495392,0.379893,0.283651,0.98,0.477392,0.354893,0.283651,0.98,0.463392,0.351893,0.283651,0.98,0.449392,0.354893,0.283651,0.98,0.513392,0.354893,0.283651,0.98,0.527392,0.351893,0.283651,0.98,0.541392,0.354893,0.283651,0.98,0.430392,0.374893,0.278651,0.98,0.560392,0.374893,0.278651,0.98,0.470392,0.414893,0.283651,0.98,0.520392,0.414893,0.283651,0.98,0.385392,0.487914,0.199035,0.98,0.605392,0.487914,0.199035,0.98,0.305392,0.575936,0.185737,0.98,0.685392,0.575936,0.185737,0.98,0.275392,0.664617,0.245737,0.98,0.715392,0.664617,0.245737,0.98,0.250392,0.679617,0.250737,0.98,0.740392,0.679617,0.250737,0.98,0.280392,0.684617,0.265737,0.98,0.710392,0.684617,0.265737,0.98,0.295392,0.669617,0.255737,0.98,0.695392,0.669617,0.255737,0.98,0.415392,0.62,-0.002177,0.98,0.575392,0.62,-0.002177,0.98,0.415392,0.78,0.007823,0.98,0.575392,0.78,0.007823,0.98,0.415392,0.94,0.017823,0.98,0.575392,0.94,0.017823,0.98,0.395392,0.97,-0.002177,0.98,0.595392,0.97,-0.002177,0.98,0.415392,0.98,0.087823,0.98,0.575392,0.98,0.087823,0.98
89,2.966667,0.495512,0.37198,0.270851,0.98,0.477512,0.34698,0.270851,0.98,0.463512,0.34398,0.270851,0.98,0.449512,0.34698,0.270851,0.98,0.513512,0.34698,0.270851,0.98,0.527512,0.34398,0.270851,0.98,0.541512,0.34698,0.270851,0.98,0.430512,0.36698,0.265851,0.98,0.560512,0.36698,0.265851,0.98,0.470512,0.40698,0.270851,0.98,0.520512,0.40698,0.270851,0.98,0.385512,0.481584,0.189927,0.98,0.605512,0.481584,0.189927,0.98,0.305512,0.571188,0.179267,0.98,0.685512,0.571188,0.179267,0.98,0.275512,0.660924,0.239267,0.98,0.715512,0.660924,0.239267,0.98,0.250512,0.675924,0.244267,0.98,0.740512,0.675924,0.244267,0.98,0.280512,0.680924,0.259267,0.98,0.710512,0.680924,0.259267,0.98,0.295512,0.665924,0.249267,0.98,0.695512,0.665924,0.249267,0.98,0.415512,0.62,-0.002317,0.98,0.575512,0.62,-0.002317,0.98,0.415512,0.78,0.007683,0.98,0.575512,0.78,0.007683,0.98,0.415512,0.94,0.017683,0.98,0.575512,0.94,0.017683,0.98,0.395512,0.97,-0.002317,0.98,0.595512,0.97,-0.002317,0.98,0.415512,0.98,0.087683,0.98,0.575512,0.98,0.087683,0.98
90,3.0,0.495648,0.364062,0.258046,0.98,0.477648,0.339062,0.258046,0.98,0.463648,0.336062,0.258046,0.98,0.449648,0.339062,0.258046,0.98,0.513648,0.339062,0.258046,0.98,0.527648,0.336062,0.258046,0.98,0.541648,0.339062,0.258046,0.98,0.430648,0.359062,0.253046,0.98,0.560648,0.359062,0.253046,0.98,0.470648,0.399062,0.258046,0.98,0.520648,0.399062,0.258046,0.98,0.385648,0.475249,0.180817,0.98,0.605648,0.475249,0.180817,0.98,0.305648,0.566437,0.172797,0.98,0.685648,0.566437,0.172797,0.98,0.275648,0.657229,0.232797,0.98,0.715648,0.657229,0.232797,0.98,0.250648,0.672229,0.237797,0.98,0.740648,0.672229,0.237797,0.98,0.280648,0.677229,0.252797,0.98,0.710648,0.677229,0.252797,0.98,0.295648,0.662229,0.242797,0.98,0.695648,0.662229,0.242797,0.98,0.415648,0.62,-0.002452,0.98,0.575648,0.62,-0.002452,0.98,0.415648,0.78,0.007548,0.98,0.575648,0.78,0.007548,0.98,0.415648,0.94,0.017548,0.98,0.575648,0.94,0.017548,0.98,0.395648,0.97,-0.002452,0.98,0.595648,0.97,-0.002452,0.98,0.415648,0.98,0.087548,0.98,0.575648,0.98,0.087548,0.98
91,3.033333,0.495798,0.35616,0.245272,0.98,0.477798,0.33116,0.245272,0.98,0.463798,0.32816,0.245272,0.98,0.449798,0.33116,0.245272,0.98,0.513798,0.33116,0.245272,0.98,0.527798,0.32816,0.245272,0.98,0.541798,0.33116,0.245272,0.98,0.430798,0.35116,0.240272,0.98,0.560798,0.35116,0.240272,0.98,0.470798,0.39116,0.245272,0.98,0.520798,0.39116,0.245272,0.98,0.385798,0.468928,0.171731,0.98,0.605798,0.468928,0.171731,0.98,0.305798,0.561696,0.166344,0.98,0.685798,0.561696,0.166344,0.98,0.275798,0.653541,0.226344,0.98,0.715798,0.653541,0.226344,0.98,0.250798,0.668541,0.231344,0.98,0.740798,0.668541,0.231344,0.98,0.280798,0.673541,0.246344,0.98,0.710798,0.673541,0.246344,0.98,0.295798,0.658541,0.236344,0.98,0.695798,0.658541,0.236344,0.98,0.415798,0.62,-0.002584,0.98,0.575798,0.62,-0.002584,0.98,0.415798,0.78,0.007416,0.98,0.575798,0.78,0.007416,0.98,0.415798,0.94,0.017416,0.98,0.575798,0.94,0.017416,0.98,0.395798,0.97,-0.002584,0.98,0.595798,0.97,-0.002584,0.98,0.415798,0.98,0.087416,0.98,0.575798,0.98,0.087416,0.98
92,3.066667,0.495963,0.348297,0.232564,0.98,0.477963,0.323297,0.232564,0.98,0.463963,0.320297,0.232564,0.98,0.449963,0.323297,0.232564,0.98,0.513963,0.323297,0.232564,0.98,0.527963,0.320297,0.232564,0.98,0.541963,0.323297,0.232564,0.98,0.430963,0.343297,0.227564,0.98,0.560963,0.343297,0.227564,0.98,0.470963,0.383297,0.232564,0.98,0.520963,0.383297,0.232564,0.98,0.385963,0.462637,0.162692,0.98,0.605963,0.462637,0.162692,0.98,0.305963,0.556978,0.159927,0.98,0.685963,0.556978,0.159927,0.98,0.275963,0.649872,0.219927,0.98,0.715963,0.649872,0.219927,0.98,0.250963,0.664872,0.224927,0.98,0.740963,0.664872,0.224927,0.98,0.280963,0.669872,0.239927,0.98,0.710963,0.669872,0.239927,0.98,0.295963,0.654872,0.229927,0.98,0.695963,0.654872,0.229927,0.98,0.415963,0.62,-0.00271,0.98,0.575963,0.62,-0.00271,0.98,0.415963,0.78,0.00729,0.98,0.575963,0.78,0.00729,0.98,0.415963,0.94,0.01729,0.98,0.575963,0.94,0.01729,0.98,0.395963,0.97,-0.00271,0.98,0.595963,0.97,-0.00271,0.98,0.415963,0.98,0.08729,0.98,0.575963,0.98,0.08729,0.98
93,3.1,0.496141,0.340494,0.219958,0.98,0.478141,0.315494,0.219958,0.98,0.464141,0.312494,0.219958,0.98,0.450141,0.315494,0.219958,0.98,0.514141,0.315494,0.219958,0.98,0.528141,0.312494,0.219958,0.98,0.542141,0.315494,0.219958,0.98,0.431141,0.335494,0.214958,0.98,0.561141,0.335494,0.214958,0.98,0.471141,0.375494,0.219958,0.98,0.521141,0.375494,0.219958,0.98,0.386141,0.456395,0.153727,0.98,0.606141,0.456395,0.153727,0.98,0.306141,0.552296,0.153563,0.98,0.686141,0.552296,0.153563,0.98,0.276141,0.64623,0.213563,0.98,0.716141,0.64623,0.213563,0.98,0.251141,0.66123,0.218563,0.98,0.741141,0.66123,0.218563,0.98,0.281141,0.66623,0.233563,0.98,0.711141,0.66623,0.233563,0.98,0.296141,0.65123,0.223563,0.98,0.696141,0.65123,0.223563,0.98,0.416141,0.62,-0.002832,0.98,0.576141,0.62,-0.002832,0.98,0.416141,0.78,0.007168,0.98,0.576141,0.78,0.007168,0.98,0.416141,0.94,0.017168,0.98,0.576141,0.94,0.017168,0.98,0.396141,0.97,-0.002832,0.98,0.596141,0.97,-0.002832,0.98,0.416141,0.98,0.087168,0.98,0.576141,0.98,0.087168,0.98
94,3.133333,0.496332,0.332773,0.207488,0.98,0.478332,0.307773,0.207488,0.98,0.464332,0.304773,0.207488,0.98,0.450332,0.307773,0.207488,0.98,0.514332,0.307773,0.207488,0.98,0.528332,0.304773,0.207488,0.98,0.542332,0.307773,0.207488,0.98,0.431332,0.327773,0.202488,0.98,0.561332,0.327773,0.202488,0.98,0.471332,0.367773,0.207488,0.98,0.521332,0.367773,0.207488,0.98,0.386332,0.450219,0.144861,0.98,0.606332,0.450219,0.144861,0.98,0.306332,0.547664,0.14727,0.98,0.686332,0.547664,0.14727,0.98,0.276332,0.642628,0.20727,0.98,0.716332,0.642628,0.20727,0.98,0.251332,0.657628,0.21227,0.98,0.741332,0.657628,0.21227,0.98,0.281332,0.662628,0.22727,0.98,0.711332,0.662628,0.22727,0.98,0.296332,0.647628,0.21727,0.98,0.696332,0.647628,0.21727,0.98,0.416332,0.62,-0.002949,0.98,0.576332,0.62,-0.002949,0.98,0.416332,0.78,0.007051,0.98,0.576332,0.78,0.007051,0.98,0.416332,0.94,0.017051,0.98,0.576332,0.94,0.017051,0.98,0.396332,0.97,-0.002949,0.98,0.596332,0.97,-0.002949,0.98,0.416332,0.98,0.087051,0.98,0.576332,0.98,0.087051,0.98
95,3.166667,0.496535,0.325156,0.19519,0.98,0.478535,0.300156,0.19519,0.98,0.464535,0.297156,0.19519,0.98,0.450535,0.300156,0.19519,0.98,0.514535,0.300156,0.19519,0.98,0.528535,0.297156,0.19519,0.98,0.542535,0.300156,0.19519,0.98,0.431535,0.320156,0.19019,0.98,0.561535,0.320156,0.19019,0.98,0.471535,0.360156,0.19519,0.98,0.521535,0.360156,0.19519,0.98,0.386535,0.444125,0.136117,0.98,0.606535,0.444125,0.136117,0.98,0.306535,0.543094,0.141065,0.98,0.686535,0.543094,0.141065,0.98,0.276535,0.639073,0.201065,0.98,0.716535,0.639073,0.201065,0.98,0.251535,0.654073,0.206065,0.98,0.741535,0.654073,0.206065,0.98,0.281535,0.659073,0.221065,0.98,0.711535,0.659073,0.221065,0.98,0.296535,0.644073,0.211065,0.98,0.696535,0.644073,0.211065,0.98,0.416535,0.62,-0.00306,0.98,0.576535,0.62,-0.00306,0.98,0.416535,0.78,0.00694,0.98,0.576535,0.78,0.00694,0.98,0.416535,0.94,0.01694,0.98,0.576535,0.94,0.01694,0.98,0.396535,0.97,-0.00306,0.98,0.596535,0.97,-0.00306,0.98,0.416535,0.98,0.08694,0.98,0.576535,0.98,0.08694,0.98
96,3.2,0.49675,0.317665,0.183097,0.98,0.47875,0.292665,0.183097,0.98,0.46475,0.289665,0.183097,0.98,0.45075,0.292665,0.183097,0.98,0.51475,0.292665,0.183097,0.98,0.52875,0.289665,0.183097,0.98,0.54275,0.292665,0.183097,0.98,0.43175,0.312665,0.178097,0.98,0.56175,0.312665,0.178097,0.98,0.47175,0.352665,0.183097,0.98,0.52175,0.352665,0.183097,0.98,0.38675,0.438132,0.12752,0.98,0.60675,0.438132,0.12752,0.98,0.30675,0.538599,0.134965,0.98,0.68675,0.538599,0.134965,0.98,0.27675,0.635577,0.194965,0.98,0.71675,0.635577,0.194965,0.98,0.25175,0.650577,0.199965,0.98,0.74175,0.650577,0.199965,0.98,0.28175,0.655577,0.214965,0.98,0.71175,0.655577,0.214965,0.98,0.29675,0.640577,0.204965,0.98,0.69675,0.640577,0.204965,0.98,0.41675,0.62,-0.003166,0.98,0.57675,0.62,-0.003166,0.98,0.41675,0.78,0.006834,0.98,0.57675,0.78,0.006834,0.98,0.41675,0.94,0.016834,0.98,0.57675,0.94,0.016834,0.98,0.39675,0.97,-0.003166,0.98,0.59675,0.97,-0.003166,0.98,0.41675,0.98,0.086834,0.98,0.57675,0.98,0.086834,0.98
97,3.233333,0.496976,0.310319,0.171243,0.98,0.478976,0.285319,0.171243,0.98,0.464976,0.282319,0.171243,0.98,0.450976,0.285319,0.171243,0.98,0.514976,0.285319,0.171243,0.98,0.528976,0.282319,0.171243,0.98,0.542976,0.285319,0.171243,0.98,0.431976,0.305319,0.166243,0.98,0.561976,0.305319,0.166243,0.98,0.471976,0.345319,0.171243,0.98,0.521976,0.345319,0.171243,0.98,0.386976,0.432255,0.119094,0.98,0.606976,0.432255,0.119094,0.98,0.306976,0.534191,0.128988,0.98,0.686976,0.534191,0.128988,0.98,0.276976,0.632149,0.188988,0.98,0.716976,0.632149,0.188988,0.98,0.251976,0.647149,0.193988,0.98,0.741976,0.647149,0.193988,0.98,0.281976,0.652149,0.208988,0.98,0.711976,0.652149,0.208988,0.98,0.296976,0.637149,0.198988,0.98,0.696976,0.637149,0.198988,0.98,0.416976,0.62,-0.003267,0.98,0.576976,0.62,-0.003267,0.98,0.416976,0.78,0.006733,0.98,0.576976,0.78,0.006733,0.98,0.416976,0.94,0.016733,0.98,0.576976,0.94,0.016733,0.98,0.396976,0.97,-0.003267,0.98,0.596976,0.97,-0.003267,0.98,0.416976,0.98,0.086733,0.98,0.576976,0.98,0.086733,0.98
98,3.266667,0.497213,0.303139,0.159661,0.98,0.479213,0.278139,0.159661,0.98,0.465213,0.275139,0.159661,0.98,0.451213,0.278139,0.159661,0.98,0.515213,0.278139,0.159661,0.98,0.529213,0.275139,0.159661,0.98,0.543213,0.278139,0.159661,0.98,0.432213,0.298139,0.154661,0.98,0.562213,0.298139,0.154661,0.98,0.472213,0.338139,0.159661,0.98,0.522213,0.338139,0.159661,0.98,0.387213,0.426511,0.110863,0.98,0.607213,0.426511,0.110863,0.98,0.307213,0.529884,0.12315,0.98,0.687213,0.529884,0.12315,0.98,0.277213,0.628798,0.18315,0.98,0.717213,0.628798,0.18315,0.98,0.252213,0.643798,0.18815,0.98,0.742213,0.643798,0.18815,0.98,0.282213,0.648798,0.20315,0.98,0.712213,0.648798,0.20315,0.98,0.297213,0.633798,0.19315,0.98,0.697213,0.633798,0.19315,0.98,0.417213,0.62,-0.003361,0.98,0.577213,0.62,-0.003361,0.98,0.417213,0.78,0.006639,0.98,0.577213,0.78,0.006639,0.98,0.417213,0.94,0.016639,0.98,0.577213,0.94,0.016639,0.98,0.397213,0.97,-0.003361,0.98,0.597213,0.97,-0.003361,0.98,0.417213,0.98,0.086639,0.98,0.577213,0.98,0.086639,0.98
99,3.3,0.497458,0.296146,0.148384,0.98,0.479458,0.271146,0.148384,0.98,0.465458,0.268146,0.148384,0.98,0.451458,0.271146,0.148384,0.98,0.515458,0.271146,0.148384,0.98,0.529458,0.268146,0.148384,0.98,0.543458,0.271146,0.148384,0.98,0.432458,0.291146,0.143384,0.98,0.562458,0.291146,0.143384,0.98,0.472458,0.331146,0.148384,0.98,0.522458,0.331146,0.148384,0.98,0.387458,0.420917,0.102849,0.98,0.607458,0.420917,0.102849,0.98,0.307458,0.525688,0.117467,0.98,0.687458,0.525688,0.117467,0.98,0.277458,0.625535,0.177467,0.98,0.717458,0.625535,0.177467,0.98,0.252458,0.640535,0.182467,0.98,0.742458,0.640535,0.182467,0.98,0.282458,0.645535,0.197467,0.98,0.712458,0.645535,0.197467,0.98,0.297458,0.630535,0.187467,0.98,0.697458,0.630535,0.187467,0.98,0.417458,0.62,-0.00345,0.98,0.577458,0.62,-0.00345,0.98,0.417458,0.78,0.00655,0.98,0.577458,0.78,0.00655,0.98,0.417458,0.94,0.01655,0.98,0.577458,0.94,0.01655,0.98,0.397458,0.97,-0.00345,0.98,0.597458,0.97,-0.00345,0.98,0.417458,0.98,0.08655,0.98,0.577458,0.98,0.08655,0.98
100,3.333333,0.497712,0.289359,0.137442,0.98,0.479712,0.264359,0.137442,0.98,0.465712,0.261359,0.137442,0.98,0.451712,0.264359,0.137442,0.98,0.515712,0.264359,0.137442,0.98,0.529712,0.261359,0.137442,0.98,0.543712,0.264359,0.137442,0.98,0.432712,0.284359,0.132442,0.98,0.562712,0.284359,0.132442,0.98,0.472712,0.324359,0.137442,0.98,0.522712,0.324359,0.137442,0.98,0.387712,0.415487,0.095074,0.98,0.607712,0.415487,0.095074,0.98,0.307712,0.521615,0.111955,0.98,0.687712,0.521615,0.111955,0.98,0.277712,0.622367,0.171955,0.98,0.717712,0.622367,0.171955,0.98,0.252712,0.637367,0.176955,0.98,0.742712,0.637367,0.176955,0.98,0.282712,0.642367,0.191955,0.98,0.712712,0.642367,0.191955,0.98,0.297712,0.627367,0.181955,0.98,0.697712,0.627367,0.181955,0.98,0.417712,0.62,-0.003532,0.98,0.577712,0.62,-0.003532,0.98,0.417712,0.78,0.006468,0.98,0.577712,0.78,0.006468,0.98,0.417712,0.94,0.016468,0.98,0.577712,0.94,0.016468,0.98,0.397712,0.97,-0.003532,0.98,0.597712,0.97,-0.003532,0.98,0.417712,0.98,0.086468,0.98,0.577712,0.98,0.086468,0.98
101,3.366667,0.497974,0.282796,0.126865,0.98,0.479974,0.257796,0.126865,0.98,0.465974,0.254796,0.126865,0.98,0.451974,0.257796,0.126865,0.98,0.515974,0.257796,0.126865,0.98,0.529974,0.254796,0.126865,0.98,0.543974,0.257796,0.126865,0.98,0.432974,0.277796,0.121865,0.98,0.562974,0.277796,0.121865,0.98,0.472974,0.317796,0.126865,0.98,0.522974,0.317796,0.126865,0.98,0.387974,0.410237,0.08756,0.98,0.607974,0.410237,0.08756,0.98,0.307974,0.517678,0.106628,0.98,0.687974,0.517678,0.106628,0.98,0.277974,0.619305,0.166628,0.98,0.717974,0.619305,0.166628,0.98,0.252974,0.634305,0.171628,0.98,0.742974,0.634305,0.171628,0.98,0.282974,0.639305,0.186628,0.98,0.712974,0.639305,0.186628,0.98,0.297974,0.624305,0.176628,0.98,0.697974,0.624305,0.176628,0.98,0.417974,0.62,-0.003608,0.98,0.577974,0.62,-0.003608,0.98,0.417974,0.78,0.006392,0.98,0.577974,0.78,0.006392,0.98,0.417974,0.94,0.016392,0.98,0.577974,0.94,0.016392,0.98,0.397974,0.97,-0.003608,0.98,0.597974,0.97,-0.003608,0.98,0.417974,0.98,0.086392,0.98,0.577974,0.98,0.086392,0.98
102,3.4,0.498243,0.276477,0.116684,0.98,0.480243,0.251477,0.116684,0.98,0.466243,0.248477,0.116684,0.98,0.452243,0.251477,0.116684,0.98,0.516243,0.251477,0.116684,0.98,0.530243,0.248477,0.116684,0.98,0.544243,0.251477,0.116684,0.98,0.433243,0.271477,0.111684,0.98,0.563243,0.271477,0.111684,0.98,0.473243,0.311477,0.116684,0.98,0.523243,0.311477,0.116684,0.98,0.388243,0.405181,0.080329,0.98,0.608243,0.405181,0.080329,0.98,0.308243,0.513886,0.101503,0.98,0.688243,0.513886,0.101503,0.98,0.278243,0.616356,0.161503,0.98,0.718243,0.616356,0.161503,0.98,0.253243,0.631356,0.166503,0.98,0.743243,0.631356,0.166503,0.98,0.283243,0.636356,0.181503,0.98,0.713243,0.636356,0.181503,0.98,0.298243,0.621356,0.171503,0.98,0.698243,0.621356,0.171503,0.98,0.418243,0.62,-0.003678,0.98,0.578243,0.62,-0.003678,0.98,0.418243,0.78,0.006322,0.98,0.578243,0.78,0.006322,0.98,0.418243,0.94,0.016322,0.98,0.578243,0.94,0.016322,0.98,0.398243,0.97,-0.003678,0.98,0.598243,0.97,-0.003678,0.98,0.418243,0.98,0.086322,0.98,0.578243,0.98,0.086322,0.98
103,3.433333,0.498518,0.270418,0.106927,0.98,0.480518,0.245418,0.106927,0.98,0.466518,0.242418,0.106927,0.98,0.452518,0.245418,0.106927,0.98,0.516518,0.245418,0.106927,0.98,0.530518,0.242418,0.106927,0.98,0.544518,0.245418,0.106927,0.98,0.433518,0.265418,0.101927,0.98,0.563518,0.265418,0.101927,0.98,0.473518,0.305418,0.106927,0.98,0.523518,0.305418,0.106927,0.98,0.388518,0.400334,0.073399,0.98,0.608518,0.400334,0.073399,0.98,0.308518,0.510251,0.096593,0.98,0.688518,0.510251,0.096593,0.98,0.278518,0.613528,0.156593,0.98,0.718518,0.613528,0.156593,0.98,0.253518,0.628528,0.161593,0.98,0.743518,0.628528,0.161593,0.98,0.283518,0.633528,0.176593,0.98,0.713518,0.633528,0.176593,0.98,0.298518,0.618528,0.166593,0.98,0.698518,0.618528,0.166593,0.98,0.418518,0.62,-0.003741,0.98,0.578518,0.62,-0.003741,0.98,0.418518,0.78,0.006259,0.98,0.578518,0.78,0.006259,0.98,0.418518,0.94,0.016259,0.98,0.578518,0.94,0.016259,0.98,0.398518,0.97,-0.003741,0.98,0.598518,0.97,-0.003741,0.98,0.418518,0.98,0.086259,0.98,0.578518,0.98,0.086259,0.98
104,3.466667,0.498798,0.264636,0.09762,0.98,0.480798,0.239636,0.09762,0.98,0.466798,0.236636,0.09762,0.98,0.452798,0.239636,0.09762,0.98,0.516798,0.239636,0.09762,0.98,0.530798,0.236636,0.09762,0.98,0.544798,0.239636,0.09762,0.98,0.433798,0.259636,0.09262,0.98,0.563798,0.259636,0.09262,0.98,0.473798,0.299636,0.09762,0.98,0.523798,0.299636,0.09762,0.98,0.388798,0.395709,0.06679,0.98,0.608798,0.395709,0.06679,0.98,0.308798,0.506782,0.091911,0.98,0.688798,0.506782,0.091911,0.98,0.278798,0.61083,0.151911,0.98,0.718798,0.61083,0.151911,0.98,0.253798,0.62583,0.156911,0.98,0.743798,0.62583,0.156911,0.98,0.283798,0.63083,0.171911,0.98,0.713798,0.63083,0.171911,0.98,0.298798,0.61583,0.161911,0.98,0.698798,0.61583,0.161911,0.98,0.418798,0.62,-0.003798,0.98,0.578798,0.62,-0.003798,0.98,0.418798,0.78,0.006202,0.98,0.578798,0.78,0.006202,0.98,0.418798,0.94,0.016202,0.98,0.578798,0.94,0.016202,0.98,0.398798,0.97,-0.003798,0.98,0.598798,0.97,-0.003798,0.98,0.418798,0.98,0.086202,0.98,0.578798,0.98,0.086202,0.98
105,3.5,0.499081,0.259149,0.088791,0.98,0.481081,0.234149,0.088791,0.98,0.467081,0.231149,0.088791,0.98,0.453081,0.234149,0.088791,0.98,0.517081,0.234149,0.088791,0.98,0.531081,0.231149,0.088791,0.98,0.545081,0.234149,0.088791,0.98,0.434081,0.254149,0.083791,0.98,0.564081,0.254149,0.083791,0.98,0.474081,0.294149,0.088791,0.98,0.524081,0.294149,0.088791,0.98,0.389081,0.391319,0.060521,0.98,0.609081,0.391319,0.060521,0.98,0.309081,0.503489,0.087472,0.98,0.689081,0.503489,0.087472,0.98,0.279081,0.608269,0.147472,0.98,0.719081,0.608269,0.147472,0.98,0.254081,0.623269,0.152472,0.98,0.744081,0.623269,0.152472,0.98,0.284081,0.628269,0.167472,0.98,0.714081,0.628269,0.167472,0.98,0.299081,0.613269,0.157472,0.98,0.699081,0.613269,0.157472,0.98,0.419081,0.62,-0.003847,0.98,0.579081,0.62,-0.003847,0.98,0.419081,0.78,0.006153,0.98,0.579081,0.78,0.006153,0.98,0.419081,0.94,0.016153,0.98,0.579081,0.94,0.016153,0.98,0.399081,0.97,-0.003847,0.98,0.599081,0.97,-0.003847,0.98,0.419081,0.98,0.086153,0.98,0.579081,0.98,0.086153,0.98
106,3.533333,0.499368,0.25397,0.080462,0.98,0.481368,0.22897,0.080462,0.98,0.467368,0.22597,0.080462,0.98,0.453368,0.22897,0.080462,0.98,0.517368,0.22897,0.080462,0.98,0.531368,0.22597,0.080462,0.98,0.545368,0.22897,0.080462,0.98,0.434368,0.24897,0.075462,0.98,0.564368,0.24897,0.075462,0.98,0.474368,0.28897,0.080462,0.98,0.524368,0.28897,0.080462,0.98,0.389368,0.387176,0.054609,0.98,0.609368,0.387176,0.054609,0.98,0.309368,0.500382,0.083286,0.98,0.689368,0.500382,0.083286,0.98,0.279368,0.605853,0.143286,0.98,0.719368,0.605853,0.143286,0.98,0.254368,0.620853,0.148286,0.98,0.744368,0.620853,0.148286,0.98,0.284368,0.625853,0.163286,0.98,0.714368,0.625853,0.163286,0.98,0.299368,0.610853,0.153286,0.98,0.699368,0.610853,0.153286,0.98,0.419368,0.62,-0.00389,0.98,0.579368,0.62,-0.00389,0.98,0.419368,0.78,0.00611,0.98,0.579368,0.78,0.00611,0.98,0.419368,0.94,0.01611,0.98,0.579368,0.94,0.01611,0.98,0.399368,0.97,-0.00389,0.98,0.599368,0.97,-0.00389,0.98,0.419368,0.98,0.08611,0.98,0.579368,0.98,0.08611,0.98
107,3.566667,0.499657,0.249115,0.072658,0.98,0.481657,0.224115,0.072658,0.98,0.467657,0.221115,0.072658,0.98,0.453657,0.224115,0.072658,0.98,0.517657,0.224115,0.072658,0.98,0.531657,0.221115,0.072658,0.98,0.545657,0.224115,0.072658,0.98,0.434657,0.244115,0.067658,0.98,0.564657,0.244115,0.067658,0.98,0.474657,0.284115,0.072658,0.98,0.524657,0.284115,0.072658,0.98,0.389657,0.383292,0.049071,0.98,0.609657,0.383292,0.049071,0.98,0.309657,0.497469,0.079366,0.98,0.689657,0.497469,0.079366,0.98,0.279657,0.603587,0.139366,0.98,0.719657,0.603587,0.139366,0.98,0.254657,0.618587,0.144366,0.98,0.744657,0.618587,0.144366,0.98,0.284657,0.623587,0.159366,0.98,0.714657,0.623587,0.159366,0.98,0.299657,0.608587,0.149366,0.98,0.699657,0.608587,0.149366,0.98,0.419657,0.62,-0.003926,0.98,0.579657,0.62,-0.003926,0.98,0.419657,0.78,0.006074,0.98,0.579657,0.78,0.006074,0.98,0.419657,0.94,0.016074,0.98,0.579657,0.94,0.016074,0.98,0.399657,0.97,-0.003926,0.98,0.599657,0.97,-0.003926,0.98,0.419657,0.98,0.086074,0.98,0.579657,0.98,0.086074,0.98
108,3.6,0.499947,0.244596,0.065399,0.98,0.481947,0.219596,0.065399,0.98,0.467947,0.216596,0.065399,0.98,0.453947,0.219596,0.065399,0.98,0.517947,0.219596,0.065399,0.98,0.531947,0.216596,0.065399,0.98,0.545947,0.219596,0.065399,0.98,0.434947,0.239596,0.060399,0.98,0.564947,0.239596,0.060399,0.98,0.474947,0.279596,0.065399,0.98,0.524947,0.279596,0.065399,0.98,0.389947,0.379677,0.043921,0.98,0.609947,0.379677,0.043921,0.98,0.309947,0.494758,0.075722,0.98,0.689947,0.494758,0.075722,0.98,0.279947,0.601478,0.135722,0.98,0.719947,0.601478,0.135722,0.98,0.254947,0.616478,0.140722,0.98,0.744947,0.616478,0.140722,0.98,0.284947,0.621478,0.155722,0.98,0.714947,0.621478,0.155722,0.98,0.299947,0.606478,0.145722,0.98,0.699947,0.606478,0.145722,0.98,0.419947,0.62,-0.003955,0.98,0.579947,0.62,-0.003955,0.98,0.419947,0.78,0.006045,0.98,0.579947,0.78,0.006045,0.98,0.419947,0.94,0.016045,0.98,0.579947,0.94,0.016045,0.98,0.399947,0.97,-0.003955,0.98,0.599947,0.97,-0.003955,0.98,0.419947,0.98,0.086045,0.98,0.579947,0.98,0.086045,0.98
109,3.633333,0.500238,0.240427,0.058707,0.98,0.482238,0.215427,0.058707,0.98,0.468238,0.212427,0.058707,0.98,0.454238,0.215427,0.058707,0.98,0.518238,0.215427,0.058707,0.98,0.532238,0.212427,0.058707,0.98,0.546238,0.215427,0.058707,0.98,0.435238,0.235427,0.053707,0.98,0.565238,0.235427,0.053707,0.98,0.475238,0.275427,0.058707,0.98,0.525238,0.275427,0.058707,0.98,0.390238,0.376342,0.039175,0.98,0.610238,0.376342,0.039175,0.98,0.310238,0.492256,0.072365,0.98,0.690238,0.492256,0.072365,0.98,0.280238,0.599533,0.132365,0.98,0.720238,0.599533,0.132365,0.98,0.255238,0.614533,0.137365,0.98,0.745238,0.614533,0.137365,0.98,0.285238,0.619533,0.152365,0.98,0.715238,0.619533,0.152365,0.98,0.300238,0.604533,0.142365,0.98,0.700238,0.604533,0.142365,0.98,0.420238,0.62,-0.003977,0.98,0.580238,0.62,-0.003977,0.98,0.420238,0.78,0.006023,0.98,0.580238,0.78,0.006023,0.98,0.420238,0.94,0.016023,0.98,0.580238,0.94,0.016023,0.98,0.400238,0.97,-0.003977,0.98,0.600238,0.97,-0.003977,0.98,0.420238,0.98,0.086023,0.98,0.580238,0.98,0.086023,0.98
110,3.666667,0.500527,0.23662,0.0526,0.98,0.482527,0.21162,0.0526,0.98,0.468527,0.20862,0.0526,0.98,0.454527,0.21162,0.0526,0.98,0.518527,0.21162,0.0526,0.98,0.532527,0.20862,0.0526,0.98,0.546527,0.21162,0.0526,0.98,0.435527,0.23162,0.0476,0.98,0.565527,0.23162,0.0476,0.98,0.475527,0.27162,0.0526,0.98,0.525527,0.27162,0.0526,0.98,0.390527,0.373296,0.034844,0.98,0.610527,0.373296,0.034844,0.98,0.310527,0.489972,0.069304,0.98,0.690527,0.489972,0.069304,0.98,0.280527,0.597756,0.129304,0.98,0.720527,0.597756,0.129304,0.98,0.255527,0.612756,0.134304,0.98,0.745527,0.612756,0.134304,0.98,0.285527,0.617756,0.149304,0.98,0.715527,0.617756,0.149304,0.98,0.300527,0.602756,0.139304,0.98,0.700527,0.602756,0.139304,0.98,0.420527,0.62,-0.003991,0.98,0.580527,0.62,-0.003991,0.98,0.420527,0.78,0.006009,0.98,0.580527,0.78,0.006009,0.98,0.420527,0.94,0.016009,0.98,0.580527,0.94,0.016009,0.98,0.400527,0.97,-0.003991,0.98,0.600527,0.97,-0.003991,0.98,0.420527,0.98,0.086009,0.98,0.580527,0.98,0.086009,0.98
111,3.7,0.500815,0.233184,0.047095,0.98,0.482815,0.208184,0.047095,0.98,0.468815,0.205184,0.047095,0.98,0.454815,0.208184,0.047095,0.98,0.518815,0.208184,0.047095,0.98,0.532815,0.205184,0.047095,0.98,0.546815,0.208184,0.047095,0.98,0.435815,0.228184,0.042095,0.98,0.565815,0.228184,0.042095,0.98,0.475815,0.268184,0.047095,0.98,0.525815,0.268184,0.047095,0.98,0.390815,0.370547,0.030943,0.98,0.610815,0.370547,0.030943,0.98,0.310815,0.48791,0.066548,0.98,0.690815,0.48791,0.066548,0.98,0.280815,0.596152,0.126548,0.98,0.720815,0.596152,0.126548,0.98,0.255815,0.611152,0.131548,0.98,0.745815,0.611152,0.131548,0.98,0.285815,0.616152,0.146548,0.98,0.715815,0.616152,0.146548,0.98,0.300815,0.601152,0.136548,0.98,0.700815,0.601152,0.136548,0.98,0.420815,0.62,-0.003999,0.98,0.580815,0.62,-0.003999,0.98,0.420815,0.78,0.006001,0.98,0.580815,0.78,0.006001,0.98,0.420815,0.94,0.016001,0.98,0.580815,0.94,0.016001,0.98,0.400815,0.97,-0.003999,0.98,0.600815,0.97,-0.003999,0.98,0.420815,0.98,0.086001,0.98,0.580815,0.98,0.086001,0.98
112,3.733333,0.5011,0.230129,0.042207,0.98,0.4831,0.205129,0.042207,0.98,0.4691,0.202129,0.042207,0.98,0.4551,0.205129,0.042207,0.98,0.5191,0.205129,0.042207,0.98,0.5331,0.202129,0.042207,0.98,0.5471,0.205129,0.042207,0.98,0.4361,0.225129,0.037207,0.98,0.5661,0.225129,0.037207,0.98,0.4761,0.265129,0.042207,0.98,0.5261,0.265129,0.042207,0.98,0.3911,0.368103,0.02748,0.98,0.6111,0.368103,0.02748,0.98,0.3111,0.486077,0.064104,0.98,0.6911,0.486077,0.064104,0.98,0.2811,0.594727,0.124104,0.98,0.7211,0.594727,0.124104,0.98,0.2561,0.609727,0.129104,0.98,0.7461,0.609727,0.129104,0.98,0.2861,0.614727,0.144104,0.98,0.7161,0.614727,0.144104,0.98,0.3011,0.599727,0.134104,0.98,0.7011,0.599727,0.134104,0.98,0.4211,0.62,-0.003999,0.98,0.5811,0.62,-0.003999,0.98,0.4211,0.78,0.006001,0.98,0.5811,0.78,0.006001,0.98,0.4211,0.94,0.016001,0.98,0.5811,0.94,0.016001,0.98,0.4011,0.97,-0.003999,0.98,0.6011,0.97,-0.003999,0.98,0.4211,0.98,0.086001,0.98,0.5811,0.98,0.086001,0.98
113,3.766667,0.501381,0.227464,0.03795,0.98,0.483381,0.202464,0.03795,0.98,0.469381,0.199464,0.03795,0.98,0.455381,0.202464,0.03795,0.98,0.519381,0.202464,0.03795,0.98,0.533381,0.199464,0.03795,0.98,0.547381,0.202464,0.03795,0.98,0.436381,0.222464,0.03295,0.98,0.566381,0.222464,0.03295,0.98,0.476381,0.262464,0.03795,0.98,0.526381,0.262464,0.03795,0.98,0.391381,0.365972,0.024467,0.98,0.611381,0.365972,0.024467,0.98,0.311381,0.484479,0.061979,0.98,0.691381,0.484479,0.061979,0.98,0.281381,0.593483,0.121979,0.98,0.721381,0.593483,0.121979,0.98,0.256381,0.608483,0.126979,0.98,0.746381,0.608483,0.126979,0.98,0.286381,0.613483,0.141979,0.98,0.716381,0.613483,0.141979,0.98,0.301381,0.598483,0.131979,0.98,0.701381,0.598483,0.131979,0.98,0.421381,0.62,-0.003993,0.98,0.581381,0.62,-0.003993,0.98,0.421381,0.78,0.006007,0.98,0.581381,0.78,0.006007,0.98,0.421381,0.94,0.016007,0.98,0.581381,0.94,0.016007,0.98,0.401381,0.97,-0.003993,0.98,0.601381,0.97,-0.003993,0.98,0.421381,0.98,0.086007,0.98,0.581381,0.98,0.086007,0.98
114,3.8,0.501658,0.225197,0.034336,0.98,0.483658,0.200197,0.034336,0.98,0.469658,0.197197,0.034336,0.98,0.455658,0.200197,0.034336,0.98,0.519658,0.200197,0.034336,0.98,0.533658,0.197197,0.034336,0.98,0.547658,0.200197,0.034336,0.98,0.436658,0.220197,0.029336,0.98,0.566658,0.220197,0.029336,0.98,0.476658,0.260197,0.034336,0.98,0.526658,0.260197,0.034336,0.98,0.391658,0.364158,0.021911,0.98,0.611658,0.364158,0.021911,0.98,0.311658,0.483118,0.060179,0.98,0.691658,0.483118,0.060179,0.98,0.281658,0.592425,0.120179,0.98,0.721658,0.592425,0.120179,0.98,0.256658,0.607425,0.125179,0.98,0.746658,0.607425,0.125179,0.98,0.286658,0.612425,0.140179,0.98,0.716658,0.612425,0.140179,0.98,0.301658,0.597425,0.130179,0.98,0.701658,0.597425,0.130179,0.98,0.421658,0.62,-0.003979,0.98,0.581658,0.62,-0.003979,0.98,0.421658,0.78,0.006021,0.98,0.581658,0.78,0.006021,0.98,0.421658,0.94,0.016021,0.98,0.581658,0.94,0.016021,0.98,0.401658,0.97,-0.003979,0.98,0.601658,0.97,-0.003979,0.98,0.421658,0.98,0.086021,0.98,0.581658,0.98,0.086021,0.98
115,3.833333,0.501929,0.223333,0.031375,0.98,0.483929,0.198333,0.031375,0.98,0.469929,0.195333,0.031375,0.98,0.455929,0.198333,0.031375,0.98,0.519929,0.198333,0.031375,0.98,0.533929,0.195333,0.031375,0.98,0.547929,0.198333,0.031375,0.98,0.436929,0.218333,0.026375,0.98,0.566929,0.218333,0.026375,0.98,0.476929,0.258333,0.031375,0.98,0.526929,0.258333,0.031375,0.98,0.391929,0.362666,0.019819,0.98,0.611929,0.362666,0.019819,0.98,0.311929,0.482,0.058708,0.98,0.691929,0.482,0.058708,0.98,0.281929,0.591555,0.118708,0.98,0.721929,0.591555,0.118708,0.98,0.256929,0.606555,0.123708,0.98,0.746929,0.606555,0.123708,0.98,0.286929,0.611555,0.138708,0.98,0.716929,0.611555,0.138708,0.98,0.301929,0.596555,0.128708,0.98,0.701929,0.596555,0.128708,0.98,0.421929,0.62,-0.003958,0.98,0.581929,0.62,-0.003958,0.98,0.421929,0.78,0.006042,0.98,0.581929,0.78,0.006042,0.98,0.421929,0.94,0.016042,0.98,0.581929,0.94,0.016042,0.98,0.401929,0.97,-0.003958,0.98,0.601929,0.97,-0.003958,0.98,0.421929,0.98,0.086042,0.98,0.581929,0.98,0.086042,0.98
116,3.866667,0.502193,0.221878,0.029075,0.98,0.484193,0.196878,0.029075,0.98,0.470193,0.193878,0.029075,0.98,0.456193,0.196878,0.029075,0.98,0.520193,0.196878,0.029075,0.98,0.534193,0.193878,0.029075,0.98,0.548193,0.196878,0.029075,0.98,0.437193,0.216878,0.024075,0.98,0.567193,0.216878,0.024075,0.98,0.477193,0.256878,0.029075,0.98,0.527193,0.256878,0.029075,0.98,0.392193,0.361502,0.018198,0.98,0.612193,0.361502,0.018198,0.98,0.312193,0.481127,0.057572,0.98,0.692193,0.481127,0.057572,0.98,0.282193,0.590876,0.117572,0.98,0.722193,0.590876,0.117572,0.98,0.257193,0.605876,0.122572,0.98,0.747193,0.605876,0.122572,0.98,0.287193,0.610876,0.137572,0.98,0.717193,0.610876,0.137572,0.98,0.302193,0.595876,0.127572,0.98,0.702193,0.595876,0.127572,0.98,0.422193,0.62,-0.00393,0.98,0.582193,0.62,-0.00393,0.98,0.422193,0.78,0.00607,0.98,0.582193,0.78,0.00607,0.98,0.422193,0.94,0.01607,0.98,0.582193,0.94,0.01607,0.98,0.402193,0.97,-0.00393,0.98,0.602193,0.97,-0.00393,0.98,0.422193,0.98,0.08607,0.98,0.582193,0.98,0.08607,0.98
117,3.9,0.50245,0.220836,0.027442,0.98,0.48445,0.195836,0.027442,0.98,0.47045,0.192836,0.027442,0.98,0.45645,0.195836,0.027442,0.98,0.52045,0.195836,0.027442,0.98,0.53445,0.192836,0.027442,0.98,0.54845,0.195836,0.027442,0.98,0.43745,0.215836,0.022442,0.98,0.56745,0.215836,0.022442,0.98,0.47745,0.255836,0.027442,0.98,0.52745,0.255836,0.027442,0.98,0.39245,0.360668,0.017052,0.98,0.61245,0.360668,0.017052,0.98,0.31245,0.480501,0.056773,0.98,0.69245,0.480501,0.056773,0.98,0.28245,0.59039,0.116773,0.98,0.72245,0.59039,0.116773,0.98,0.25745,0.60539,0.121773,0.98,0.74745,0.60539,0.121773,0.98,0.28745,0.61039,0.136773,0.98,0.71745,0.61039,0.136773,0.98,0.30245,0.59539,0.126773,0.98,0.70245,0.59539,0.126773,0.98,0.42245,0.62,-0.003895,0.98,0.58245,0.62,-0.003895,0.98,0.42245,0.78,0.006105,0.98,0.58245,0.78,0.006105,0.98,0.42245,0.94,0.016105,0.98,0.58245,0.94,0.016105,0.98,0.40245,0.97,-0.003895,0.98,0.60245,0.97,-0.003895,0.98,0.42245,0.98,0.086105,0.98,0.58245,0.98,0.086105,0.98
118,3.933333,0.502699,0.220209,0.026481,0.98,0.484699,0.195209,0.026481,0.98,0.470699,0.192209,0.026481,0.98,0.456699,0.195209,0.026481,0.98,0.520699,0.195209,0.026481,0.98,0.534699,0.192209,0.026481,0.98,0.548699,0.195209,0.026481,0.98,0.437699,0.215209,0.021481,0.98,0.567699,0.215209,0.021481,0.98,0.477699,0.255209,0.026481,0.98,0.527699,0.255209,0.026481,0.98,0.392699,0.360167,0.016384,0.98,0.612699,0.360167,0.016384,0.98,0.312699,0.480125,0.056314,0.98,0.692699,0.480125,0.056314,0.98,0.282699,0.590098,0.116314,0.98,0.722699,0.590098,0.116314,0.98,0.257699,0.605098,0.121314,0.98,0.747699,0.605098,0.121314,0.98,0.287699,0.610098,0.136314,0.98,0.717699,0.610098,0.136314,0.98,0.302699,0.595098,0.126314,0.98,0.702699,0.595098,0.126314,0.98,0.422699,0.62,-0.003853,0.98,0.582699,0.62,-0.003853,0.98,0.422699,0.78,0.006147,0.98,0.582699,0.78,0.006147,0.98,0.422699,0.94,0.016147,0.98,0.582699,0.94,0.016147,0.98,0.402699,0.97,-0.003853,0.98,0.602699,0.97,-0.003853,0.98,0.422699,0.98,0.086147,0.98,0.582699,0.98,0.086147,0.98
119,3.966667,0.502939,0.22,0.026196,0.98,0.484939,0.195,0.026196,0.98,0.470939,0.192,0.026196,0.98,0.456939,0.195,0.026196,0.98,0.520939,0.195,0.026196,0.98,0.534939,0.192,0.026196,0.98,0.548939,0.195,0.026196,0.98,0.437939,0.215,0.021196,0.98,0.567939,0.215,0.021196,0.98,0.477939,0.255,0.026196,0.98,0.527939,0.255,0.026196,0.98,0.392939,0.36,0.016196,0.98,0.612939,0.36,0.016196,0.98,0.312939,0.48,0.056196,0.98,0.692939,0.48,0.056196,0.98,0.282939,0.59,0.116196,0.98,0.722939,0.59,0.116196,0.98,0.257939,0.605,0.121196,0.98,0.747939,0.605,0.121196,0.98,0.287939,0.61,0.136196,0.98,0.717939,0.61,0.136196,0.98,0.302939,0.595,0.126196,0.98,0.702939,0.595,0.126196,0.98,0.422939,0.62,-0.003804,0.98,0.582939,0.62,-0.003804,0.98,0.422939,0.78,0.006196,0.98,0.582939,0.78,0.006196,0.98,0.422939,0.94,0.016196,0.98,0.582939,0.94,0.016196,0.98,0.402939,0.97,-0.003804,0.98,0.602939,0.97,-0.003804,0.98,0.422939,0.98,0.086196,0.98,0.582939,0.98,0.086196,0.98
