frame,timestamp,nose_x,nose_y,nose_z,nose_visibility,left_eye_inner_x,left_eye_inner_y,left_eye_inner_z,left_eye_inner_visibility,left_eye_x,left_eye_y,left_eye_z,left_eye_visibility,left_eye_outer_x,left_eye_outer_y,left_eye_outer_z,left_eye_outer_visibility,right_eye_inner_x,right_eye_inner_y,right_eye_inner_z,right_eye_inner_visibility,right_eye_x,right_eye_y,right_eye_z,right_eye_visibility,right_eye_outer_x,right_eye_outer_y,right_eye_outer_z,right_eye_outer_visibility,left_ear_x,left_ear_y,left_ear_z,left_ear_visibility,right_ear_x,right_ear_y,right_ear_z,right_ear_visibility,mouth_left_x,mouth_left_y,mouth_left_z,mouth_left_visibility,mouth_right_x,mouth_right_y,mouth_right_z,mouth_right_visibility,left_shoulder_x,left_shoulder_y,left_shoulder_z,left_shoulder_visibility,right_shoulder_x,right_shoulder_y,right_shoulder_z,right_shoulder_visibility,left_elbow_x,left_elbow_y,left_elbow_z,left_elbow_visibility,right_elbow_x,right_elbow_y,right_elbow_z,right_elbow_visibility,left_wrist_x,left_wrist_y,left_wrist_z,left_wrist_visibility,right_wrist_x,right_wrist_y,right_wrist_z,right_wrist_visibility,left_pinky_x,left_pinky_y,left_pinky_z,left_pinky_visibility,right_pinky_x,right_pinky_y,right_pinky_z,right_pinky_visibility,left_index_x,left_index_y,left_index_z,left_index_visibility,right_index_x,right_index_y,right_index_z,right_index_visibility,left_thumb_x,left_thumb_y,left_thumb_z,left_thumb_visibility,right_thumb_x,right_thumb_y,right_thumb_z,right_thumb_visibility,left_hip_x,left_hip_y,left_hip_z,left_hip_visibility,right_hip_x,right_hip_y,right_hip_z,right_hip_visibility,left_knee_x,left_knee_y,left_knee_z,left_knee_visibility,right_knee_x,right_knee_y,right_knee_z,right_knee_visibility,left_ankle_x,left_ankle_y,left_ankle_z,left_ankle_visibility,right_ankle_x,right_ankle_y,right_ankle_z,right_ankle_visibility,left_heel_x,left_heel_y,left_heel_z,left_heel_visibility,right_heel_x,right_heel_y,right_heel_z,right_heel_visibility,left_foot_index_x,left_foot_index_y,left_foot_index_z,left_foot_index_visibility,right_foot_index_x,right_foot_index_y,right_foot_index_z,right_foot_index_visibility
0,0.0,0.510695,0.645041,0.104735,0.999886,0.495433,0.626472,0.082007,0.999838,0.494682,0.621461,0.081761,0.999786,0.494053,0.61669,0.081878,0.99983,0.497011,0.628183,0.11707,0.999939,0.497362,0.624922,0.116653,0.999955,0.49763,0.622086,0.116613,0.999976,0.497914,0.585266,0.020392,0.999826,0.501535,0.592336,0.178573,0.999958,0.52211,0.62948,0.086764,0.99971,0.525001,0.631559,0.130791,0.999824,0.5405,0.562954,-0.066137,0.99987,0.58674,0.545979,0.259037,0.999858,0.541833,0.753728,-0.113664,0.92573,0.62003,0.699537,0.29898,0.185292,0.552226,0.905912,-0.059275,0.829638,0.621328,0.878103,0.241524,0.59553,0.549518,0.924887,-0.086755,0.840194,0.601223,0.899756,0.238657,0.637554,0.549543,0.916419,-0.069034,0.822813,0.594742,0.901548,0.20547,0.653532,0.553266,0.912578,-0.050669,0.773703,0.604369,0.896836,0.223618,0.622098,0.717081,0.452775,-0.090656,0.999887,0.740421,0.450973,0.090191,0.99993,0.684941,0.716546,-0.013743,0.965291,0.742164,0.706043,0.131769,0.303685,0.798179,0.848614,0.052183,0.982124,0.876364,0.800517,0.138522,0.637168,0.821117,0.851361,0.058922,0.989042,0.901351,0.804988,0.139018,0.752472,0.792628,0.951243,0.033716,0.985234,0.882075,0.902849,0.09255,0.789359
1,0.033333,0.511102,0.646867,0.089966,0.999861,0.496104,0.627047,0.067264,0.9998,0.49535,0.622151,0.067025,0.999737,0.494777,0.617654,0.067114,0.999793,0.49774,0.628835,0.103963,0.999925,0.498087,0.625524,0.103549,0.999944,0.498359,0.622592,0.103473,0.999971,0.498559,0.585597,0.00346,0.999785,0.502006,0.592632,0.169563,0.999948,0.522312,0.631821,0.070785,0.999651,0.525017,0.634864,0.117164,0.999787,0.541674,0.559085,-0.086166,0.999856,0.589036,0.54996,0.251885,0.999849,0.541231,0.750799,-0.14389,0.918561,0.620704,0.703332,0.290004,0.180362,0.552082,0.902863,-0.096265,0.812838,0.621781,0.882585,0.220386,0.582631,0.54977,0.920138,-0.125427,0.824663,0.601156,0.899717,0.216966,0.624031,0.549906,0.913827,-0.108222,0.806445,0.594691,0.901548,0.18308,0.640206,0.553501,0.909592,-0.088194,0.755328,0.604357,0.898053,0.201781,0.60821,0.717312,0.451425,-0.091825,0.999883,0.741257,0.450966,0.091382,0.999927,0.685401,0.715566,-0.061675,0.956864,0.742499,0.704184,0.120393,0.286329,0.796929,0.847301,-0.00992,0.976721,0.875268,0.801177,0.115811,0.606092,0.821249,0.850183,-0.005033,0.986644,0.901407,0.804707,0.11506,0.728212,0.792666,0.950814,-0.038947,0.981059,0.881646,0.902689,0.066466,0.761518
2,0.066667,0.509913,0.645776,0.081345,0.999833,0.495354,0.625626,0.05743,0.999751,0.494815,0.621105,0.057191,0.999673,0.494425,0.616959,0.057279,0.999744,0.496615,0.627161,0.093959,0.999907,0.496982,0.623943,0.093544,0.999932,0.497326,0.621181,0.093468,0.999965,0.498463,0.58544,-0.008257,0.999744,0.501447,0.592016,0.156839,0.999939,0.521599,0.6317,0.061815,0.999604,0.524,0.6348,0.107897,0.999759,0.541515,0.555792,-0.092199,0.999847,0.588998,0.549716,0.242335,0.999845,0.541089,0.748752,-0.140586,0.915797,0.620868,0.705298,0.278549,0.176362,0.551857,0.90277,-0.086425,0.806725,0.621614,0.883272,0.203465,0.574995,0.548726,0.92023,-0.11496,0.818404,0.601186,0.899491,0.198521,0.616946,0.548098,0.913809,-0.097431,0.799762,0.594761,0.901519,0.163807,0.63353,0.552394,0.909629,-0.078112,0.747157,0.603832,0.898525,0.184507,0.600446,0.717321,0.451415,-0.09192,0.999872,0.741359,0.450803,0.091485,0.999921,0.685833,0.715706,-0.047192,0.949975,0.741573,0.703694,0.117686,0.269837,0.795955,0.845657,-0.007012,0.973087,0.874502,0.801519,0.120204,0.57821,0.820903,0.848665,-0.003299,0.985135,0.902161,0.804792,0.119589,0.706835,0.791406,0.949956,-0.029998,0.978312,0.88065,0.90275,0.072077,0.739108
3,0.1,0.506148,0.645807,0.068471,0.999709,0.491896,0.62562,0.042056,0.999516,0.491699,0.621091,0.041814,0.999359,0.491682,0.616955,0.0419,0.999504,0.492753,0.627158,0.078311,0.999824,0.493305,0.62387,0.077882,0.999878,0.493935,0.620919,0.077805,0.99994,0.497438,0.585445,-0.028675,0.999509,0.499936,0.591082,0.134568,0.999897,0.518377,0.631828,0.0483,0.999358,0.520094,0.634894,0.093899,0.999633,0.545273,0.557301,-0.102932,0.999801,0.585486,0.549652,0.225023,0.999822,0.541094,0.747512,-0.139574,0.901045,0.618641,0.70538,0.263992,0.170306,0.544266,0.90123,-0.083337,0.790177,0.617311,0.882468,0.185613,0.566159,0.539794,0.920292,-0.113402,0.804343,0.598815,0.89732,0.179912,0.608429,0.538476,0.914321,-0.095131,0.785381,0.59257,0.899903,0.143486,0.626131,0.544022,0.910068,-0.075035,0.731001,0.599151,0.897591,0.166186,0.590562,0.724938,0.45247,-0.092302,0.999827,0.742608,0.451468,0.09188,0.999894,0.685923,0.712665,-0.037031,0.919078,0.741913,0.70508,0.14114,0.244926,0.797791,0.843853,0.087201,0.956171,0.863526,0.818798,0.225398,0.527938,0.825279,0.848501,0.098707,0.978049,0.886283,0.832129,0.233776,0.65312,0.791769,0.945256,0.065081,0.964675,0.84511,0.910044,0.187655,0.682593
4,0.133333,0.504247,0.647135,0.063583,0.999636,0.490347,0.62605,0.036712,0.999382,0.49052,0.621257,0.036471,0.999179,0.490779,0.61701,0.036555,0.999373,0.490784,0.627378,0.072953,0.999776,0.491475,0.623855,0.072525,0.999846,0.492213,0.620486,0.072453,0.999925,0.497273,0.585447,-0.036044,0.9994,0.499305,0.589652,0.126803,0.999874,0.517241,0.632728,0.042479,0.999253,0.518609,0.63529,0.087946,0.999579,0.551279,0.560138,-0.108677,0.999769,0.584207,0.55002,0.214728,0.999794,0.545159,0.747191,-0.136731,0.892718,0.613655,0.709899,0.24567,0.161647,0.53574,0.891154,-0.07271,0.779954,0.611532,0.882411,0.162679,0.537708,0.522436,0.907574,-0.102909,0.79586,0.595896,0.897316,0.156679,0.581992,0.520008,0.901557,-0.087124,0.777012,0.590257,0.899919,0.121122,0.600907,0.530079,0.897889,-0.065666,0.722307,0.595682,0.897625,0.143445,0.565191,0.727826,0.452933,-0.092298,0.999779,0.743178,0.451542,0.091875,0.999862,0.686431,0.710386,-0.028536,0.902716,0.735535,0.705454,0.139557,0.222725,0.799575,0.845081,0.098851,0.947998,0.844262,0.834704,0.217469,0.483184,0.829593,0.853386,0.10988,0.974887,0.867606,0.853027,0.225505,0.605162,0.78472,0.94458,0.069829,0.958256,0.840674,0.922492,0.175981,0.633198
5,0.166667,0.502299,0.64717,0.040075,0.999402,0.489633,0.626267,0.014294,0.998987,0.489992,0.621753,0.014066,0.998686,0.490352,0.617869,0.014107,0.999079,0.489554,0.627401,0.046237,0.999572,0.490134,0.623871,0.045813,0.99968,0.490653,0.620498,0.045712,0.999842,0.497271,0.586656,-0.053759,0.999112,0.498727,0.589635,0.089213,0.999709,0.515782,0.633061,0.021197,0.998848,0.516483,0.635288,0.060854,0.999279,0.558707,0.564535,-0.128061,0.999725,0.576744,0.549584,0.179071,0.999614,0.570836,0.741726,-0.154952,0.882876,0.58914,0.709655,0.192521,0.148115,0.55074,0.879404,-0.097458,0.776141,0.54087,0.859108,0.10845,0.490225,0.527336,0.895576,-0.127486,0.791687,0.524414,0.869572,0.0994,0.532512,0.524937,0.887247,-0.114189,0.773166,0.522597,0.87446,0.074009,0.550126,0.531621,0.886829,-0.091293,0.71786,0.529706,0.873693,0.092922,0.516994,0.734466,0.452326,-0.092051,0.999702,0.743393,0.450704,0.091671,0.999784,0.689454,0.706352,-0.032313,0.852455,0.72985,0.703337,0.109037,0.200867,0.80171,0.848084,0.094306,0.909131,0.825445,0.84645,0.199121,0.436085,0.833037,0.860256,0.105552,0.956884,0.85084,0.866904,0.207647,0.548396,0.782125,0.943034,0.068354,0.924179,0.798213,0.92794,0.166922,0.573103
6,0.2,0.499852,0.650801,0.033425,0.999403,0.488141,0.629918,0.008101,0.998985,0.488651,0.625161,0.007892,0.998685,0.489121,0.621173,0.007932,0.99908,0.488003,0.630205,0.041737,0.999571,0.488607,0.62572,0.041314,0.999678,0.48923,0.621533,0.041214,0.99984,0.497194,0.587707,-0.060882,0.999119,0.498049,0.589642,0.09032,0.999708,0.51479,0.635474,0.013477,0.998869,0.515319,0.636922,0.055386,0.999289,0.563201,0.564495,-0.13746,0.999713,0.5774,0.54925,0.181388,0.999592,0.576733,0.733902,-0.180384,0.881852,0.592131,0.709581,0.199393,0.139003,0.534521,0.861091,-0.13946,0.78672,0.56837,0.861658,0.113134,0.45867,0.506485,0.875071,-0.171597,0.800555,0.545387,0.873357,0.106075,0.499869,0.503209,0.866512,-0.157768,0.782663,0.542787,0.877769,0.077945,0.516647,0.511712,0.866628,-0.133712,0.728762,0.544859,0.875952,0.09652,0.484748,0.739299,0.448853,-0.092311,0.999679,0.7434,0.448201,0.09198,0.999762,0.690916,0.70147,-0.05692,0.830789,0.712271,0.697677,0.099215,0.181707,0.800698,0.852845,0.085952,0.889969,0.80773,0.850882,0.190324,0.394696,0.832163,0.868007,0.097797,0.947812,0.833332,0.867993,0.198682,0.499192,0.77731,0.943143,0.062995,0.907436,0.786392,0.927888,0.160203,0.520911
7,0.233333,0.499026,0.651828,0.014301,0.999418,0.488007,0.630942,-0.010411,0.999002,0.48859,0.626205,-0.010611,0.998706,0.489093,0.622239,-0.010584,0.9991,0.487761,0.630712,0.024974,0.99958,0.488438,0.625998,0.024554,0.999682,0.489113,0.621645,0.024452,0.999842,0.498018,0.587922,-0.079344,0.999143,0.49839,0.58964,0.079968,0.999712,0.514436,0.636762,-0.00603,0.998923,0.51502,0.637552,0.038232,0.999322,0.568606,0.562907,-0.153527,0.999716,0.575977,0.550028,0.176307,0.999595,0.583709,0.728945,-0.21362,0.888646,0.586395,0.712709,0.202739,0.131179,0.508201,0.852444,-0.195132,0.804909,0.578829,0.867896,0.118005,0.435167,0.48594,0.866077,-0.23309,0.81638,0.549237,0.883456,0.11364,0.475075,0.483499,0.857553,-0.218404,0.799651,0.544212,0.888646,0.080072,0.490888,0.491759,0.856114,-0.1902,0.74897,0.552053,0.885941,0.099438,0.459977,0.745508,0.443522,-0.093717,0.999673,0.741369,0.443676,0.093468,0.999753,0.69102,0.686362,-0.094,0.83214,0.69657,0.687307,0.088439,0.164942,0.793664,0.86368,0.060076,0.88256,0.785874,0.862157,0.185524,0.358,0.820932,0.888005,0.074789,0.942922,0.8112,0.88725,0.193782,0.454994,0.756872,0.943425,0.034103,0.89965,0.746847,0.931364,0.155406,0.474828
8,0.266667,0.499272,0.650271,-0.019751,0.999329,0.489519,0.629737,-0.044875,0.998884,0.490276,0.625474,-0.045105,0.998586,0.490864,0.621858,-0.045075,0.999023,0.488856,0.62943,-0.008825,0.999503,0.48951,0.625099,-0.009255,0.999624,0.490018,0.621011,-0.009373,0.999802,0.500332,0.587851,-0.119259,0.999089,0.500224,0.589418,0.044069,0.999654,0.514491,0.636565,-0.041376,0.998775,0.515293,0.637038,0.004024,0.999212,0.575372,0.562356,-0.190333,0.999656,0.569965,0.551949,0.132855,0.999452,0.583549,0.728703,-0.254848,0.894463,0.573551,0.713758,0.150129,0.12302,0.51136,0.859115,-0.234797,0.819401,0.515615,0.846014,0.065587,0.414757,0.500804,0.874849,-0.275656,0.829132,0.490415,0.859331,0.055164,0.459125,0.48952,0.865494,-0.263766,0.813442,0.489271,0.863038,0.030658,0.474249,0.500774,0.863309,-0.23109,0.764606,0.498146,0.860967,0.05052,0.444455,0.748653,0.439082,-0.095086,0.99963,0.733261,0.439752,0.094885,0.999697,0.690908,0.673969,-0.103213,0.840761,0.671267,0.66363,0.09775,0.150374,0.788043,0.866615,0.009941,0.887675,0.757975,0.855742,0.204424,0.328633,0.812867,0.894422,0.018587,0.94423,0.789082,0.86312,0.213435,0.421172,0.752114,0.943294,-0.037605,0.902924,0.728841,0.927684,0.180946,0.439986
9,0.3,0.499579,0.650218,-0.007462,0.999355,0.489587,0.629386,-0.032051,0.998928,0.490298,0.62514,-0.032273,0.998648,0.490978,0.621584,-0.032236,0.999063,0.489003,0.629087,0.004369,0.999524,0.489661,0.624712,0.003936,0.99964,0.490171,0.620659,0.003842,0.999809,0.500673,0.587603,-0.103153,0.999133,0.500498,0.589083,0.061634,0.99967,0.514601,0.636494,-0.028433,0.998841,0.51538,0.637012,0.017444,0.999254,0.574713,0.560318,-0.172966,0.999663,0.569256,0.552253,0.152116,0.999469,0.580423,0.72822,-0.240164,0.902016,0.577068,0.715209,0.17941,0.119471,0.499076,0.855378,-0.23995,0.836228,0.524134,0.862597,0.098081,0.41376,0.476879,0.871398,-0.283141,0.84464,0.520904,0.876653,0.092835,0.458328,0.472014,0.861972,-0.269331,0.830272,0.517455,0.881885,0.058098,0.473322,0.481543,0.859058,-0.236436,0.785338,0.519565,0.879014,0.079252,0.444308,0.749266,0.437336,-0.095552,0.999628,0.731338,0.440045,0.095355,0.999689,0.69072,0.67143,-0.107602,0.852189,0.675199,0.665546,0.102567,0.13842,0.785325,0.869661,0.014783,0.893164,0.760603,0.850989,0.20396,0.302056,0.809419,0.89652,0.025587,0.94629,0.786184,0.869169,0.213702,0.391217,0.746674,0.943323,-0.014889,0.907091,0.731627,0.927989,0.188221,0.409721
10,0.333333,0.499706,0.650183,-0.005783,0.99938,0.49014,0.629542,-0.030886,0.998974,0.490947,0.625279,-0.031113,0.998711,0.491699,0.621654,-0.031063,0.999103,0.489506,0.629354,0.005583,0.999547,0.490194,0.624973,0.005138,0.999658,0.490727,0.620845,0.005049,0.999817,0.501336,0.587596,-0.104274,0.999177,0.501065,0.588853,0.060975,0.999688,0.514896,0.636495,-0.027361,0.9989,0.515422,0.637054,0.018674,0.999293,0.574739,0.561439,-0.169373,0.999661,0.567257,0.552196,0.145734,0.999479,0.576923,0.728439,-0.227315,0.908079,0.579164,0.717613,0.16867,0.117184,0.492568,0.857221,-0.221117,0.850918,0.538194,0.874579,0.079563,0.414693,0.472797,0.874068,-0.263355,0.858238,0.54444,0.88942,0.074669,0.461421,0.467376,0.864128,-0.250711,0.845026,0.543325,0.893718,0.035999,0.476584,0.476579,0.860582,-0.217942,0.803446,0.541743,0.891259,0.059328,0.448657,0.749743,0.435828,-0.095263,0.999622,0.728468,0.438299,0.095056,0.999677,0.690666,0.670686,-0.096252,0.864838,0.668258,0.657956,0.137199,0.130295,0.780467,0.873301,0.014404,0.901172,0.749579,0.849101,0.25359,0.283985,0.805358,0.903884,0.024236,0.94975,0.76968,0.865152,0.265588,0.372313,0.740945,0.943367,-0.01741,0.913817,0.714746,0.922749,0.246134,0.393858
11,0.366667,0.499813,0.647655,0.007226,0.999418,0.491281,0.627844,-0.016993,0.999043,0.49223,0.623955,-0.017222,0.998799,0.493095,0.620593,-0.017165,0.999162,0.490705,0.627345,0.018914,0.999578,0.491579,0.623267,0.018476,0.999681,0.492319,0.619338,0.018393,0.999829,0.502757,0.587071,-0.088223,0.99923,0.502058,0.588392,0.07462,0.999706,0.51502,0.635918,-0.013415,0.998962,0.515561,0.635698,0.031704,0.999333,0.575221,0.565181,-0.158358,0.999672,0.566557,0.552172,0.160845,0.999489,0.57495,0.729179,-0.21301,0.913974,0.576862,0.718646,0.185745,0.110843,0.496361,0.858331,-0.19906,0.863522,0.54692,0.875453,0.092958,0.398112,0.475528,0.874544,-0.240166,0.86963,0.553845,0.890056,0.087733,0.447955,0.470544,0.865345,-0.227977,0.857301,0.555137,0.894724,0.048483,0.463032,0.479141,0.861946,-0.195532,0.818284,0.551531,0.891739,0.072114,0.436993,0.749385,0.435723,-0.095719,0.999633,0.728606,0.434742,0.095487,0.999681,0.690535,0.66918,-0.099911,0.876756,0.667624,0.654277,0.139459,0.123139,0.778823,0.873358,0.004999,0.908195,0.750259,0.848055,0.259322,0.266418,0.802622,0.903728,0.014469,0.952517,0.768594,0.862341,0.271867,0.354131,0.741512,0.942552,-0.027045,0.91984,0.715137,0.917036,0.25411,0.378318
12,0.4,0.507297,0.649547,-0.049611,0.999433,0.49784,0.630123,-0.073355,0.999082,0.498787,0.626327,-0.07359,0.998846,0.499794,0.622896,-0.073511,0.999189,0.496629,0.630406,-0.038054,0.999597,0.497012,0.627006,-0.03852,0.999697,0.497428,0.623875,-0.038636,0.999835,0.508658,0.587996,-0.140943,0.999256,0.505498,0.591295,0.018835,0.99972,0.521562,0.636924,-0.06847,0.998995,0.521307,0.637731,-0.024,0.999358,0.580095,0.565191,-0.19201,0.999618,0.562292,0.554991,0.099434,0.999479,0.574631,0.72985,-0.248565,0.918627,0.570402,0.721175,0.116264,0.112425,0.49908,0.870876,-0.245611,0.874137,0.558111,0.884981,0.014871,0.410016,0.478934,0.89292,-0.289828,0.879179,0.552224,0.897345,0.007134,0.461456,0.473131,0.88382,-0.279074,0.867636,0.550877,0.902978,-0.032349,0.476282,0.483643,0.88081,-0.243751,0.830365,0.548653,0.898707,-0.00568,0.451364,0.747911,0.422225,-0.093802,0.999634,0.714669,0.427888,0.093572,0.999682,0.695912,0.66228,-0.090792,0.888178,0.661638,0.64769,0.144377,0.127069,0.773543,0.888116,0.001583,0.916365,0.728605,0.847165,0.2759,0.26728,0.795814,0.920525,0.008105,0.956307,0.746446,0.873157,0.289497,0.351871,0.745707,0.958246,-0.052089,0.926766,0.684845,0.916183,0.264499,0.382632
13,0.433333,0.510668,0.649484,-0.031853,0.999441,0.500946,0.630514,-0.054681,0.999114,0.502107,0.626693,-0.054908,0.998879,0.5033,0.623182,-0.054828,0.999211,0.499493,0.63132,-0.019764,0.999613,0.499847,0.628311,-0.02022,0.999708,0.500208,0.625416,-0.020324,0.999841,0.511838,0.589397,-0.12167,0.999272,0.507674,0.59328,0.03645,0.999729,0.524448,0.636883,-0.050942,0.999013,0.523623,0.637727,-0.007039,0.99937,0.579935,0.569739,-0.182694,0.999583,0.55776,0.557102,0.117499,0.999451,0.571308,0.73096,-0.241903,0.922083,0.564693,0.723964,0.134961,0.107599,0.499462,0.884857,-0.237138,0.882557,0.557181,0.886856,0.033967,0.401698,0.479023,0.911291,-0.281205,0.886532,0.548907,0.899525,0.025753,0.457282,0.473863,0.904678,-0.26995,0.875514,0.550781,0.907149,-0.013141,0.471492,0.482737,0.899991,-0.234842,0.839327,0.551049,0.902434,0.013352,0.447891,0.74729,0.416552,-0.093966,0.999639,0.708518,0.420557,0.093743,0.999686,0.697391,0.656006,-0.087556,0.898317,0.665367,0.650668,0.138595,0.126822,0.769802,0.888233,-0.005226,0.92358,0.722327,0.855863,0.254519,0.262681,0.787259,0.920851,0.000307,0.959488,0.737006,0.887915,0.267052,0.34619,0.748535,0.959071,-0.064902,0.93291,0.679526,0.916922,0.239621,0.381046
14,0.466667,0.511923,0.650186,-0.030301,0.999388,0.502324,0.631959,-0.052001,0.999075,0.503374,0.628427,-0.052235,0.998812,0.50443,0.625215,-0.052154,0.999165,0.501014,0.63317,-0.017001,0.999597,0.501488,0.630617,-0.017464,0.999695,0.501839,0.628304,-0.01757,0.999831,0.513254,0.594268,-0.116299,0.999207,0.509336,0.59817,0.042064,0.999709,0.525785,0.6391,-0.048584,0.998931,0.524867,0.640063,-0.004692,0.999319,0.57931,0.577922,-0.179554,0.999473,0.555764,0.563373,0.123015,0.999364,0.566625,0.735482,-0.238792,0.923305,0.556789,0.728196,0.136395,0.104361,0.502524,0.893507,-0.23327,0.886737,0.541538,0.887418,0.026196,0.399885,0.482729,0.920523,-0.278516,0.889639,0.511861,0.905117,0.013389,0.459019,0.477658,0.916611,-0.268203,0.878657,0.514575,0.910639,-0.022784,0.472706,0.486533,0.910182,-0.231245,0.841493,0.528556,0.905353,0.006055,0.44846,0.745814,0.412084,-0.094885,0.999631,0.705833,0.416911,0.094684,0.999682,0.698806,0.653863,-0.088726,0.906844,0.666484,0.653526,0.11591,0.123856,0.767481,0.891792,-0.016493,0.929559,0.720455,0.866874,0.233132,0.256024,0.784779,0.92184,-0.012586,0.96209,0.735826,0.903531,0.245308,0.338999,0.750153,0.960903,-0.091974,0.938021,0.676438,0.917988,0.198156,0.375045
15,0.5,0.513524,0.654143,-0.033435,0.999266,0.503637,0.637341,-0.05535,0.998969,0.504639,0.634266,-0.055584,0.998634,0.505621,0.631603,-0.055507,0.999058,0.502194,0.638111,-0.020165,0.999548,0.502515,0.635861,-0.02064,0.99965,0.502844,0.633821,-0.020763,0.999807,0.514179,0.602099,-0.120702,0.999044,0.510347,0.605106,0.038436,0.999649,0.526842,0.643868,-0.05217,0.998735,0.525737,0.644133,-0.008022,0.999192,0.57898,0.585855,-0.181459,0.9993,0.553817,0.566236,0.113066,0.999243,0.560416,0.741279,-0.233895,0.918622,0.554714,0.731004,0.115254,0.099398,0.502977,0.900141,-0.222676,0.884776,0.532213,0.88822,-0.010051,0.386662,0.484694,0.926578,-0.267263,0.886997,0.506591,0.908178,-0.028282,0.447782,0.478874,0.919504,-0.259482,0.875765,0.505773,0.912121,-0.063289,0.460844,0.487169,0.913075,-0.221492,0.835752,0.516916,0.906768,-0.030388,0.436495,0.744021,0.412733,-0.094892,0.999626,0.701264,0.4168,0.09469,0.999682,0.700641,0.655388,-0.085195,0.912351,0.663223,0.655441,0.102798,0.118305,0.75986,0.897298,-0.00675,0.933017,0.715102,0.871732,0.223175,0.242835,0.776814,0.929615,0.000134,0.962666,0.731294,0.91112,0.236238,0.323668,0.748616,0.963857,-0.07039,0.940774,0.674736,0.920484,0.186102,0.359591
16,0.533333,0.514322,0.655483,-0.032637,0.999233,0.504318,0.639527,-0.054446,0.998951,0.505298,0.63658,-0.054676,0.998592,0.506246,0.634067,-0.054598,0.999035,0.502894,0.640324,-0.019173,0.999541,0.503201,0.638141,-0.019643,0.999642,0.503487,0.636311,-0.019762,0.999802,0.514819,0.604923,-0.119811,0.998992,0.511094,0.607623,0.03985,0.999633,0.527635,0.645681,-0.051436,0.998681,0.526517,0.645926,-0.00712,0.99916,0.578609,0.589296,-0.179357,0.999197,0.55317,0.567142,0.112941,0.99918,0.557204,0.744884,-0.230875,0.918624,0.553082,0.732005,0.117246,0.097477,0.503517,0.903049,-0.218536,0.887817,0.532363,0.888299,-0.003146,0.385867,0.485862,0.928077,-0.262744,0.889296,0.508762,0.910643,-0.02014,0.449241,0.480048,0.92152,-0.255262,0.878202,0.507898,0.913834,-0.05544,0.461846,0.488256,0.915099,-0.2175,0.837444,0.518661,0.908419,-0.023389,0.436937,0.743089,0.413112,-0.094877,0.999628,0.701026,0.415979,0.094678,0.999687,0.700948,0.655655,-0.084076,0.918826,0.665652,0.656649,0.09698,0.11546,0.756103,0.8989,-0.001762,0.937588,0.71713,0.874789,0.213937,0.2356,0.773535,0.932796,0.004203,0.964464,0.732455,0.913186,0.226444,0.315442,0.744118,0.964715,-0.073172,0.944672,0.672444,0.921525,0.177447,0.352992
17,0.566667,0.516721,0.658875,-0.066226,0.999197,0.507169,0.643186,-0.089619,0.998929,0.507964,0.640388,-0.089848,0.998538,0.508805,0.637987,-0.089776,0.999005,0.505392,0.643828,-0.054575,0.999531,0.505292,0.641674,-0.055047,0.999632,0.505183,0.639749,-0.05519,0.999796,0.516282,0.610018,-0.156504,0.998931,0.511806,0.611929,0.00224,0.999611,0.528863,0.648377,-0.084834,0.998609,0.527638,0.648481,-0.040775,0.999108,0.578221,0.592753,-0.210906,0.999033,0.551665,0.569062,0.079615,0.999088,0.552669,0.75247,-0.2637,0.91697,0.549251,0.735967,0.074246,0.094948,0.502514,0.913083,-0.256595,0.887355,0.525668,0.893059,-0.063089,0.380762,0.484285,0.935501,-0.304112,0.887917,0.50648,0.913128,-0.083638,0.446249,0.477332,0.92723,-0.29771,0.876883,0.502907,0.915424,-0.119436,0.458321,0.484793,0.921529,-0.256677,0.83386,0.510119,0.911717,-0.083936,0.432807,0.738894,0.413977,-0.095104,0.999609,0.695591,0.415044,0.094918,0.999679,0.700916,0.65697,-0.080829,0.923158,0.666304,0.656592,0.090639,0.113133,0.753315,0.901315,-0.00038,0.940145,0.716791,0.878832,0.205675,0.225675,0.771157,0.935102,0.004125,0.964643,0.730486,0.917333,0.217619,0.304508,0.728396,0.960355,-0.081601,0.946505,0.670197,0.922304,0.167229,0.341149
18,0.6,0.517201,0.661682,-0.053581,0.99916,0.50729,0.646787,-0.077106,0.998899,0.508012,0.644301,-0.077333,0.99848,0.508824,0.642041,-0.077265,0.998974,0.505586,0.646915,-0.041723,0.999517,0.505431,0.644767,-0.042189,0.999616,0.50529,0.642812,-0.042313,0.999787,0.516448,0.614394,-0.145774,0.998866,0.512125,0.615328,0.014594,0.999583,0.529137,0.651957,-0.072951,0.99855,0.527938,0.651607,-0.028454,0.999065,0.577888,0.598327,-0.205456,0.99896,0.549462,0.570643,0.093507,0.99904,0.549761,0.756567,-0.259246,0.916552,0.545879,0.73688,0.097112,0.092733,0.500191,0.917247,-0.250242,0.888602,0.527519,0.893414,-0.031443,0.374624,0.48176,0.93891,-0.297053,0.887923,0.506666,0.912545,-0.049968,0.440808,0.474235,0.929555,-0.289702,0.876935,0.506806,0.914926,-0.086287,0.452385,0.481682,0.924406,-0.249619,0.832352,0.512056,0.911226,-0.052311,0.426513,0.735638,0.414719,-0.096216,0.9996,0.693598,0.415815,0.096042,0.999676,0.70069,0.657924,-0.078787,0.926364,0.667899,0.657062,0.09343,0.108702,0.750884,0.902309,0.007658,0.941216,0.717782,0.884091,0.207477,0.213487,0.769937,0.935788,0.011934,0.963997,0.732468,0.924318,0.220366,0.290165,0.718132,0.959387,-0.070046,0.947214,0.670818,0.924209,0.171799,0.325747
19,0.633333,0.517615,0.662207,-0.049353,0.999122,0.5076,0.647245,-0.072387,0.998871,0.508281,0.644761,-0.072613,0.998422,0.50907,0.642439,-0.072544,0.998944,0.505915,0.647414,-0.036704,0.999502,0.505687,0.645333,-0.037167,0.9996,0.505505,0.643393,-0.037286,0.999779,0.516747,0.614681,-0.13967,0.998801,0.512373,0.616136,0.021701,0.999556,0.529397,0.653581,-0.068326,0.998472,0.528222,0.653382,-0.023509,0.999009,0.577659,0.599967,-0.200143,0.998882,0.548473,0.573347,0.101183,0.99898,0.549177,0.757363,-0.253506,0.916176,0.544129,0.738314,0.105434,0.090473,0.49995,0.921218,-0.242777,0.890038,0.525148,0.894882,-0.021423,0.369272,0.480759,0.941343,-0.288978,0.888416,0.503032,0.912961,-0.039972,0.436247,0.473302,0.931936,-0.281047,0.877489,0.501685,0.915185,-0.075176,0.447401,0.480735,0.927021,-0.241783,0.831647,0.509265,0.912009,-0.041919,0.420893,0.73367,0.415354,-0.096785,0.999583,0.693777,0.416264,0.096619,0.999667,0.700574,0.658202,-0.080373,0.928883,0.668609,0.658068,0.089132,0.103893,0.749273,0.903249,0.007504,0.942022,0.719004,0.888403,0.204682,0.201954,0.767954,0.937088,0.012132,0.963738,0.734,0.928198,0.216995,0.277255,0.712043,0.954492,-0.069727,0.947872,0.672245,0.925748,0.16782,0.311079
20,0.666667,0.517355,0.66378,-0.047638,0.999034,0.507239,0.648842,-0.070214,0.998783,0.507918,0.646451,-0.070445,0.998282,0.508698,0.644154,-0.070376,0.99886,0.505637,0.648756,-0.035085,0.999462,0.505465,0.646579,-0.03555,0.999564,0.505328,0.644548,-0.03567,0.999758,0.516463,0.616402,-0.136624,0.998667,0.512233,0.617146,0.022327,0.999501,0.529232,0.655569,-0.066395,0.998317,0.528111,0.655226,-0.022331,0.998899,0.577483,0.602365,-0.198263,0.998786,0.547651,0.574777,0.100753,0.998893,0.547367,0.759573,-0.253435,0.912885,0.542593,0.739621,0.103499,0.086138,0.498668,0.92367,-0.246002,0.886544,0.523057,0.895257,-0.024301,0.35301,0.478763,0.943597,-0.293111,0.884133,0.500328,0.913228,-0.042666,0.420341,0.471536,0.934143,-0.284772,0.872813,0.499615,0.915096,-0.07827,0.430986,0.479369,0.929233,-0.244997,0.823949,0.508068,0.912153,-0.04494,0.405001,0.731098,0.415809,-0.096783,0.999574,0.691341,0.416657,0.096615,0.999663,0.700359,0.659436,-0.078347,0.930633,0.668655,0.659323,0.090246,0.099412,0.7484,0.904605,0.011461,0.941709,0.717673,0.890664,0.204369,0.191285,0.766799,0.937705,0.016385,0.962544,0.732647,0.930612,0.216241,0.264605,0.71241,0.952598,-0.066735,0.947549,0.672056,0.927386,0.167393,0.297198
21,0.7,0.51741,0.666248,-0.044471,0.999023,0.507194,0.650531,-0.06728,0.998779,0.507798,0.648024,-0.067511,0.998271,0.508527,0.645619,-0.067442,0.998856,0.505689,0.650534,-0.031837,0.999458,0.50547,0.648283,-0.032298,0.999559,0.505297,0.646139,-0.032414,0.999754,0.51647,0.617489,-0.135017,0.998643,0.512348,0.618423,0.025692,0.999485,0.529368,0.658614,-0.063653,0.998295,0.528351,0.658511,-0.019131,0.998878,0.577134,0.603075,-0.197796,0.998772,0.548078,0.57885,0.104526,0.998874,0.546527,0.76001,-0.256085,0.912938,0.542955,0.741303,0.1093,0.083513,0.497792,0.924487,-0.250538,0.888067,0.524799,0.896618,-0.016263,0.345498,0.477795,0.944297,-0.2978,0.884674,0.501482,0.914071,-0.033923,0.413854,0.470721,0.934938,-0.288547,0.873298,0.501076,0.915848,-0.069644,0.424143,0.478711,0.930285,-0.249024,0.823194,0.509667,0.913217,-0.036935,0.397802,0.729706,0.416153,-0.097257,0.999566,0.691774,0.416892,0.097092,0.99966,0.700197,0.65957,-0.078816,0.931752,0.668733,0.662093,0.091141,0.094371,0.747279,0.90516,0.011489,0.940629,0.718068,0.892146,0.204691,0.180185,0.765927,0.938003,0.016482,0.961444,0.733433,0.931963,0.216308,0.252129,0.708061,0.95165,-0.065428,0.9471,0.672651,0.92831,0.16699,0.283229
22,0.733333,0.509642,0.666451,-0.072489,0.998932,0.500893,0.650883,-0.093726,0.998696,0.501682,0.648622,-0.093962,0.998128,0.502602,0.646511,-0.093878,0.998769,0.499044,0.650785,-0.061781,0.999418,0.499025,0.648484,-0.062241,0.999521,0.498787,0.646369,-0.062377,0.999732,0.511713,0.618683,-0.154282,0.998475,0.50669,0.619234,-0.009621,0.999413,0.52261,0.658814,-0.088945,0.998075,0.521135,0.658558,-0.048985,0.998712,0.574901,0.608105,-0.211995,0.998583,0.53388,0.57873,0.066969,0.998704,0.540965,0.768277,-0.263738,0.906251,0.533458,0.74249,0.067251,0.078119,0.496851,0.928305,-0.260707,0.878872,0.515681,0.896282,-0.057708,0.32187,0.476523,0.94652,-0.308923,0.874978,0.498314,0.897721,-0.076354,0.388358,0.469234,0.936301,-0.302542,0.863263,0.501449,0.900109,-0.113886,0.398081,0.477201,0.932001,-0.260819,0.808591,0.506618,0.907776,-0.0789,0.37375,0.721496,0.416398,-0.096271,0.999557,0.680806,0.417093,0.096082,0.999655,0.696908,0.659698,-0.053494,0.93213,0.666323,0.662004,0.099444,0.09266,0.746491,0.904943,0.039319,0.940182,0.713725,0.88989,0.232658,0.173213,0.764974,0.936929,0.045024,0.95871,0.728855,0.928652,0.246151,0.242927,0.713036,0.953461,-0.041585,0.945601,0.671537,0.929276,0.196166,0.273008
23,0.766667,0.505124,0.668535,-0.095256,0.998936,0.496057,0.652788,-0.117699,0.998718,0.497031,0.650712,-0.117927,0.998148,0.498137,0.648747,-0.117865,0.99879,0.494023,0.652548,-0.084937,0.999425,0.494153,0.650154,-0.085392,0.99952,0.494042,0.647994,-0.085532,0.999731,0.507838,0.620807,-0.181657,0.998483,0.502739,0.62089,-0.032855,0.999397,0.518448,0.661261,-0.112874,0.99806,0.516861,0.660921,-0.071666,0.998685,0.572639,0.608191,-0.234612,0.998507,0.526882,0.578725,0.040827,0.998606,0.537827,0.773537,-0.28344,0.905762,0.52871,0.744709,0.032504,0.073693,0.495892,0.930619,-0.27535,0.877405,0.509678,0.89753,-0.097003,0.300488,0.475236,0.947848,-0.323216,0.872453,0.492338,0.901336,-0.118213,0.364874,0.467464,0.936627,-0.318253,0.860911,0.498308,0.900649,-0.153752,0.374172,0.475379,0.932449,-0.276174,0.804474,0.500206,0.907647,-0.117735,0.351777,0.717622,0.418087,-0.095816,0.999565,0.676273,0.418917,0.095629,0.999659,0.694427,0.664825,-0.057428,0.93408,0.664978,0.664597,0.105608,0.090623,0.744045,0.904449,0.044894,0.941358,0.712183,0.888476,0.240998,0.166368,0.763071,0.936315,0.051793,0.957365,0.726852,0.926566,0.254725,0.233568,0.710962,0.953493,-0.032118,0.945535,0.671071,0.931904,0.207327,0.263742
24,0.8,0.500944,0.668543,-0.153834,0.998969,0.492452,0.653098,-0.178082,0.998769,0.493559,0.650897,-0.17832,0.998216,0.494649,0.648908,-0.178269,0.998834,0.490406,0.653007,-0.146705,0.999444,0.490214,0.650725,-0.147156,0.999534,0.489932,0.648788,-0.147299,0.999736,0.504093,0.621079,-0.241973,0.99854,0.49826,0.621266,-0.099023,0.999404,0.513941,0.661566,-0.17055,0.998105,0.512232,0.66146,-0.130955,0.998703,0.570299,0.60713,-0.283379,0.998438,0.518447,0.578579,-0.022332,0.998522,0.537338,0.772396,-0.346977,0.907665,0.523394,0.744307,-0.039424,0.071886,0.496144,0.929925,-0.357087,0.879887,0.501912,0.905965,-0.182866,0.289574,0.475215,0.947421,-0.408911,0.874111,0.478886,0.923235,-0.207301,0.35486,0.467791,0.935749,-0.405188,0.863089,0.478815,0.918596,-0.242399,0.364539,0.475828,0.931428,-0.359249,0.806104,0.487848,0.915694,-0.203664,0.343185,0.709652,0.418205,-0.093462,0.999568,0.666758,0.421056,0.093269,0.999659,0.693424,0.667627,-0.058431,0.937426,0.662889,0.665519,0.10608,0.093159,0.74465,0.903244,0.042086,0.944285,0.711213,0.887568,0.235497,0.167887,0.761658,0.935106,0.04905,0.957651,0.725641,0.925159,0.248385,0.23101,0.711663,0.952532,-0.034677,0.947303,0.669333,0.932487,0.20219,0.265751
25,0.833333,0.498654,0.670531,-0.145964,0.999012,0.490429,0.654726,-0.171531,0.99883,0.491506,0.652556,-0.171765,0.998301,0.49265,0.650522,-0.171724,0.998894,0.488102,0.654623,-0.137959,0.999469,0.488191,0.652194,-0.138414,0.999553,0.488017,0.650246,-0.138559,0.999746,0.502589,0.622941,-0.240723,0.998614,0.496815,0.622632,-0.087746,0.999419,0.512914,0.66416,-0.16465,0.998172,0.510422,0.66495,-0.122184,0.998738,0.568364,0.60664,-0.281613,0.99841,0.516999,0.578492,-0.009347,0.998446,0.53698,0.775449,-0.329991,0.908794,0.519962,0.744446,-0.022824,0.069012,0.496136,0.930504,-0.32018,0.881032,0.50005,0.912791,-0.163725,0.27457,0.474869,0.94787,-0.368164,0.874467,0.474259,0.934304,-0.187047,0.339227,0.467731,0.935353,-0.364266,0.86379,0.473238,0.928633,-0.221755,0.34882,0.476027,0.930892,-0.321548,0.806525,0.484318,0.922223,-0.184441,0.328755,0.709253,0.420066,-0.092941,0.999582,0.666591,0.421352,0.092761,0.999667,0.691446,0.668737,-0.060989,0.940202,0.65961,0.665897,0.105434,0.092793,0.745078,0.903033,0.039115,0.947072,0.711966,0.889025,0.227378,0.166678,0.759312,0.935911,0.045824,0.95833,0.726796,0.927882,0.239291,0.226379,0.715559,0.962693,-0.035284,0.949105,0.668342,0.932408,0.185794,0.264499
26,0.866667,0.493645,0.670547,-0.169159,0.999075,0.48522,0.654814,-0.195457,0.998908,0.486326,0.652427,-0.195679,0.99841,0.487661,0.650232,-0.195642,0.998965,0.483371,0.654872,-0.162511,0.999504,0.483453,0.652309,-0.162968,0.999581,0.483553,0.650155,-0.163105,0.999762,0.498383,0.622565,-0.262535,0.998706,0.493228,0.622377,-0.112212,0.999451,0.507873,0.664221,-0.186424,0.998278,0.506051,0.665034,-0.144681,0.99881,0.565984,0.605816,-0.298742,0.998403,0.515052,0.578044,-0.030305,0.998466,0.535126,0.774633,-0.355297,0.913018,0.517422,0.744377,-0.043977,0.071884,0.495778,0.930588,-0.355932,0.885747,0.495697,0.914097,-0.1927,0.279544,0.474378,0.948479,-0.407288,0.878487,0.471549,0.937,-0.218956,0.346173,0.467518,0.935235,-0.404511,0.868451,0.470792,0.93004,-0.254502,0.356487,0.476011,0.930485,-0.358261,0.812386,0.480801,0.923129,-0.213736,0.336197,0.706982,0.420551,-0.092695,0.999594,0.664471,0.423412,0.092523,0.999675,0.688654,0.670051,-0.08026,0.94412,0.65048,0.667113,0.104029,0.098025,0.745323,0.90282,0.030738,0.950588,0.711911,0.888681,0.226803,0.173483,0.758007,0.935674,0.037246,0.959824,0.726597,0.927022,0.238675,0.228555,0.717431,0.968344,-0.05576,0.951925,0.669126,0.934867,0.181121,0.273732
27,0.9,0.486271,0.664776,-0.135893,0.999126,0.480345,0.650911,-0.160736,0.99897,0.48176,0.647988,-0.160963,0.998503,0.483258,0.645549,-0.16091,0.999022,0.477945,0.650659,-0.127496,0.999531,0.477535,0.647033,-0.12795,0.999604,0.477244,0.643566,-0.128078,0.999773,0.492861,0.618382,-0.22796,0.998768,0.484572,0.615174,-0.07838,0.999476,0.499503,0.654791,-0.153714,0.998364,0.497646,0.654957,-0.111626,0.998865,0.563011,0.602129,-0.273138,0.998456,0.49733,0.559529,0.003536,0.99853,0.535993,0.770363,-0.337182,0.916377,0.49503,0.706355,0.007759,0.075054,0.496013,0.930937,-0.358211,0.893581,0.474598,0.828728,-0.083177,0.306254,0.474784,0.94981,-0.412745,0.88659,0.467228,0.877115,-0.10343,0.374187,0.46832,0.936509,-0.406688,0.877389,0.468159,0.877954,-0.143786,0.385159,0.476318,0.930346,-0.359316,0.823903,0.47419,0.868938,-0.104339,0.362534,0.700021,0.420589,-0.092941,0.999575,0.660049,0.419904,0.092775,0.999659,0.686464,0.671795,-0.076205,0.943391,0.652592,0.66569,0.108699,0.094898,0.744253,0.901284,0.027204,0.951509,0.71186,0.888341,0.22811,0.166389,0.758113,0.934266,0.031986,0.960225,0.727573,0.926553,0.239492,0.220085,0.71502,0.962603,-0.061257,0.952429,0.668588,0.933197,0.181304,0.264817
28,0.933333,0.480793,0.660717,-0.149007,0.999157,0.475484,0.646023,-0.175163,0.999005,0.476826,0.642394,-0.175397,0.998556,0.478417,0.638916,-0.175349,0.999057,0.472997,0.645868,-0.145545,0.999543,0.4726,0.64161,-0.145978,0.999614,0.472072,0.637478,-0.146083,0.999777,0.488196,0.612109,-0.241871,0.998807,0.479283,0.608605,-0.107019,0.999479,0.49398,0.649312,-0.165573,0.998416,0.492482,0.650011,-0.128055,0.99889,0.561226,0.593726,-0.282308,0.998496,0.496397,0.553655,-0.018864,0.998559,0.53641,0.766974,-0.351487,0.918929,0.490163,0.69683,0.008661,0.076618,0.496231,0.932405,-0.379072,0.9002,0.471087,0.825302,-0.083444,0.321449,0.474854,0.951226,-0.434624,0.893432,0.465036,0.871495,-0.103839,0.39117,0.469105,0.937332,-0.428535,0.884989,0.467179,0.87189,-0.143999,0.403137,0.476826,0.930413,-0.380446,0.833544,0.472677,0.861711,-0.104468,0.379279,0.69891,0.420903,-0.092738,0.999554,0.657599,0.420533,0.092567,0.999638,0.683025,0.671845,-0.072525,0.942087,0.64753,0.665711,0.110242,0.090613,0.744274,0.899486,0.017002,0.952776,0.710957,0.88737,0.223566,0.159955,0.758401,0.933534,0.019628,0.960607,0.727333,0.922907,0.23322,0.211572,0.712674,0.959597,-0.075142,0.952809,0.667465,0.93336,0.172673,0.255578
29,0.966667,0.476123,0.655326,-0.139279,0.999185,0.471369,0.6428,-0.167487,0.999043,0.472937,0.638759,-0.167727,0.998619,0.474598,0.635061,-0.167678,0.999099,0.468757,0.642749,-0.135762,0.999553,0.468453,0.63805,-0.136191,0.999622,0.468136,0.633481,-0.136291,0.999778,0.484299,0.608448,-0.242812,0.998861,0.474922,0.603871,-0.097111,0.999477,0.488906,0.640333,-0.158077,0.998483,0.486977,0.641125,-0.117907,0.998911,0.556146,0.584162,-0.288443,0.99858,0.488094,0.544916,-0.004541,0.99859,0.535673,0.764683,-0.364377,0.924214,0.478277,0.685603,0.018354,0.0782,0.496339,0.931954,-0.390836,0.908643,0.455618,0.80572,-0.066835,0.342589,0.476051,0.953599,-0.446405,0.902219,0.446622,0.84115,-0.084079,0.415738,0.469204,0.940704,-0.437426,0.894554,0.450794,0.847223,-0.124898,0.428395,0.476761,0.931994,-0.390592,0.846595,0.456758,0.837756,-0.088024,0.403136,0.694488,0.421471,-0.095667,0.999528,0.654893,0.420115,0.095534,0.999605,0.682327,0.672618,-0.072263,0.939735,0.649645,0.664457,0.120122,0.086133,0.744468,0.899455,0.004292,0.953737,0.711323,0.887181,0.224918,0.153864,0.758392,0.933439,0.005188,0.961447,0.727651,0.921487,0.233877,0.204891,0.707851,0.959098,-0.091088,0.953328,0.668172,0.933362,0.173593,0.247428
30,1.0,0.468546,0.648051,-0.136793,0.999209,0.464548,0.636516,-0.16537,0.999071,0.466798,0.632578,-0.165612,0.99867,0.469023,0.629029,-0.165562,0.99913,0.461137,0.635918,-0.134983,0.999559,0.461002,0.631105,-0.135404,0.999629,0.460881,0.626363,-0.135497,0.999778,0.480285,0.603672,-0.242904,0.998904,0.469273,0.597589,-0.104624,0.99948,0.482456,0.632556,-0.156431,0.998542,0.479891,0.63292,-0.117893,0.998936,0.554106,0.581304,-0.286084,0.998643,0.484587,0.539332,-0.021339,0.99862,0.535485,0.763324,-0.362368,0.929467,0.465582,0.673972,0.00856,0.087226,0.496553,0.931623,-0.393466,0.916583,0.435328,0.803881,-0.06702,0.382513,0.476347,0.953513,-0.44985,0.910586,0.427792,0.838614,-0.086531,0.454057,0.469312,0.940667,-0.441332,0.90363,0.433033,0.845157,-0.125328,0.46688,0.476805,0.932172,-0.393865,0.859184,0.43883,0.832926,-0.088795,0.440921,0.691284,0.422643,-0.095318,0.999483,0.651625,0.42014,0.095197,0.999554,0.678222,0.673571,-0.068894,0.939798,0.650892,0.662916,0.118143,0.082007,0.743169,0.899801,0.001036,0.956032,0.711523,0.886183,0.221032,0.148706,0.756278,0.933418,0.001298,0.963406,0.727489,0.918506,0.229269,0.199322,0.696503,0.95727,-0.096341,0.955151,0.665697,0.932435,0.166162,0.240685
31,1.033333,0.463345,0.64487,-0.138467,0.999244,0.458994,0.6335,-0.168137,0.999112,0.461525,0.629426,-0.168382,0.99874,0.464013,0.625545,-0.168342,0.999173,0.455714,0.633092,-0.136607,0.999572,0.455923,0.628451,-0.137029,0.999641,0.45607,0.623658,-0.137124,0.999783,0.475786,0.599092,-0.248473,0.998966,0.465005,0.593663,-0.103599,0.999497,0.477758,0.62989,-0.158916,0.99862,0.475405,0.630403,-0.118884,0.998979,0.55035,0.576799,-0.292667,0.998721,0.47745,0.534999,-0.018445,0.998678,0.534929,0.757811,-0.372537,0.935119,0.458016,0.671315,0.012977,0.10302,0.496768,0.931487,-0.399984,0.92426,0.420483,0.800705,-0.070228,0.428243,0.477084,0.954537,-0.45616,0.91873,0.411773,0.834535,-0.088982,0.496566,0.469325,0.941523,-0.446708,0.912439,0.416635,0.842842,-0.12758,0.509068,0.476863,0.933206,-0.399925,0.871717,0.423381,0.831612,-0.091346,0.483578,0.687974,0.424403,-0.095868,0.99944,0.649348,0.420439,0.095772,0.999505,0.675052,0.675802,-0.078726,0.941832,0.651517,0.662968,0.117106,0.079583,0.741678,0.899913,-0.012243,0.958696,0.711685,0.884382,0.215219,0.146212,0.75447,0.933322,-0.01161,0.965729,0.727401,0.915455,0.223097,0.196783,0.692191,0.955778,-0.103615,0.957519,0.665109,0.931359,0.162297,0.237892
32,1.066667,0.463341,0.642958,-0.134604,0.999268,0.458459,0.6315,-0.163188,0.999145,0.46052,0.627477,-0.16343,0.998795,0.46262,0.623661,-0.163385,0.999208,0.455054,0.630833,-0.131442,0.999581,0.454687,0.626062,-0.131869,0.999648,0.454262,0.621184,-0.131968,0.999784,0.472896,0.5973,-0.241108,0.999012,0.462359,0.591009,-0.09606,0.999501,0.476933,0.626939,-0.154464,0.998668,0.474884,0.627094,-0.11421,0.998992,0.548235,0.576812,-0.287786,0.998781,0.475605,0.530822,-0.011493,0.9987,0.534826,0.755853,-0.367038,0.93954,0.453869,0.666145,0.014716,0.110073,0.496788,0.932092,-0.392147,0.93082,0.417409,0.795265,-0.060489,0.460497,0.476928,0.955168,-0.446512,0.925629,0.407438,0.829589,-0.077837,0.527122,0.469041,0.942412,-0.437238,0.919924,0.412939,0.838474,-0.115136,0.539818,0.476615,0.934437,-0.391672,0.882154,0.420148,0.825597,-0.08062,0.51392,0.687741,0.426968,-0.096015,0.999365,0.650146,0.420139,0.09592,0.999432,0.672658,0.681599,-0.062448,0.934283,0.652119,0.664774,0.12065,0.075027,0.741115,0.899876,0.003828,0.956341,0.711722,0.883112,0.213658,0.138209,0.754471,0.93328,0.003659,0.964928,0.729538,0.914919,0.221041,0.188044,0.696065,0.958262,-0.080428,0.954365,0.670476,0.932323,0.161448,0.225636
33,1.1,0.45247,0.63834,-0.153524,0.999278,0.448423,0.626711,-0.181432,0.999161,0.450949,0.622897,-0.181695,0.998829,0.453482,0.619413,-0.181663,0.99923,0.445337,0.625548,-0.152582,0.999575,0.44562,0.62062,-0.153008,0.999643,0.445794,0.6158,-0.153112,0.999775,0.46565,0.591599,-0.254847,0.999044,0.455135,0.585329,-0.12224,0.999485,0.467928,0.6237,-0.1715,0.998682,0.465736,0.623598,-0.134898,0.998965,0.544878,0.575478,-0.296043,0.998822,0.468973,0.528403,-0.040381,0.998653,0.533121,0.753777,-0.372327,0.942692,0.432516,0.669003,-0.011984,0.11261,0.496951,0.931973,-0.39641,0.9359,0.39233,0.800706,-0.08106,0.474133,0.477806,0.955085,-0.451321,0.93098,0.376742,0.833816,-0.097782,0.542902,0.469085,0.942265,-0.443148,0.925792,0.382865,0.842093,-0.133698,0.55627,0.476504,0.934371,-0.396849,0.89012,0.390642,0.83106,-0.100119,0.529899,0.681395,0.427112,-0.094027,0.999296,0.64176,0.420245,0.093942,0.999352,0.669685,0.683825,-0.063578,0.931932,0.649759,0.665097,0.11545,0.071185,0.736836,0.898492,-0.00073,0.956212,0.711568,0.879173,0.192287,0.132139,0.751482,0.932115,-0.000267,0.965489,0.729491,0.911418,0.198781,0.180417,0.69141,0.95682,-0.080348,0.953394,0.668953,0.930816,0.144146,0.215756
34,1.133333,0.444457,0.639253,-0.200413,0.999184,0.439016,0.627102,-0.226598,0.999063,0.441219,0.623275,-0.226887,0.998748,0.443354,0.619667,-0.226854,0.999151,0.435576,0.626132,-0.197291,0.9995,0.435634,0.621326,-0.197741,0.999592,0.435328,0.616496,-0.197886,0.999726,0.454884,0.591285,-0.288382,0.998998,0.444091,0.585301,-0.153722,0.999417,0.45945,0.624702,-0.213594,0.998509,0.45726,0.624651,-0.176485,0.998788,0.534579,0.572704,-0.322246,0.998801,0.456211,0.528496,-0.066993,0.998635,0.530672,0.752207,-0.406624,0.944471,0.413994,0.673812,-0.044314,0.122146,0.497057,0.933084,-0.431373,0.9404,0.367967,0.808143,-0.134155,0.51403,0.478674,0.955854,-0.487681,0.936321,0.351117,0.839846,-0.157765,0.580973,0.46911,0.944166,-0.48189,0.931705,0.357416,0.846569,-0.191492,0.593758,0.476566,0.936589,-0.432845,0.898378,0.36587,0.836895,-0.153255,0.569028,0.673231,0.423779,-0.093552,0.999132,0.633271,0.419311,0.093449,0.999205,0.658572,0.68263,-0.07083,0.926173,0.647416,0.665075,0.130709,0.068156,0.732046,0.884545,-0.009756,0.957276,0.709943,0.849108,0.217073,0.130676,0.750037,0.910466,-0.008864,0.966944,0.729559,0.875531,0.224757,0.1802,0.684934,0.949329,-0.08939,0.954771,0.670365,0.918663,0.17425,0.213776
35,1.166667,0.44313,0.639637,-0.196529,0.999106,0.438497,0.627865,-0.225694,0.999003,0.440714,0.624106,-0.225994,0.998701,0.443012,0.620561,-0.225947,0.9991,0.434596,0.627,-0.192302,0.999447,0.434159,0.622328,-0.192763,0.999558,0.43344,0.617686,-0.192912,0.999694,0.454044,0.592237,-0.301376,0.998972,0.441799,0.586703,-0.148632,0.999382,0.457996,0.625882,-0.214875,0.998426,0.455186,0.625623,-0.172727,0.998705,0.532468,0.571121,-0.343342,0.998828,0.453575,0.530414,-0.066338,0.998691,0.529527,0.747634,-0.429463,0.947952,0.411848,0.676804,-0.043539,0.139259,0.498049,0.932983,-0.445831,0.945313,0.363981,0.811487,-0.137626,0.555305,0.480191,0.955883,-0.5002,0.9417,0.346708,0.842488,-0.161437,0.618015,0.469214,0.944151,-0.494641,0.937541,0.351723,0.848874,-0.193556,0.62998,0.476715,0.936596,-0.446408,0.906629,0.361185,0.840336,-0.156404,0.606966,0.673097,0.421652,-0.094851,0.999049,0.632009,0.419357,0.09474,0.999137,0.655062,0.677808,-0.080623,0.923265,0.648196,0.667091,0.130562,0.068037,0.731244,0.871473,-0.008476,0.956475,0.710154,0.848382,0.221348,0.131155,0.748906,0.895538,-0.004244,0.967101,0.729509,0.875363,0.22986,0.183418,0.687306,0.945464,-0.070943,0.954613,0.671684,0.917304,0.185488,0.215573
36,1.2,0.441649,0.640029,-0.207461,0.998875,0.436318,0.628477,-0.236501,0.998779,0.438539,0.624743,-0.236815,0.998473,0.440885,0.621198,-0.236754,0.998902,0.432365,0.627683,-0.205501,0.999289,0.431795,0.623103,-0.205968,0.999447,0.43101,0.618525,-0.20613,0.999599,0.452346,0.592909,-0.309725,0.998812,0.439741,0.587609,-0.1678,0.999252,0.456753,0.626282,-0.22452,0.998084,0.45388,0.625738,-0.18535,0.998401,0.528306,0.571682,-0.346988,0.99878,0.450903,0.531964,-0.08496,0.998678,0.528383,0.742555,-0.433261,0.947126,0.408668,0.678435,-0.063474,0.144635,0.50008,0.932895,-0.463887,0.948194,0.35396,0.813869,-0.165461,0.590089,0.482381,0.955791,-0.522056,0.945374,0.335059,0.849085,-0.193635,0.650277,0.470491,0.944179,-0.519276,0.941686,0.34069,0.857544,-0.225124,0.661619,0.477843,0.936694,-0.466237,0.911984,0.350179,0.84647,-0.184345,0.640123,0.670063,0.418101,-0.095051,0.998857,0.62966,0.415561,0.09491,0.998975,0.652027,0.67164,-0.075455,0.908137,0.643407,0.665392,0.163606,0.064853,0.72427,0.861493,0.03045,0.951939,0.710537,0.79078,0.293175,0.127384,0.742959,0.886726,0.037288,0.963334,0.725369,0.834092,0.305776,0.178673,0.685158,0.939478,-0.036064,0.950206,0.67525,0.892881,0.260996,0.209166
37,1.233333,0.436145,0.640823,-0.220326,0.998795,0.43012,0.628796,-0.247432,0.998722,0.431925,0.625141,-0.247753,0.998426,0.433967,0.621603,-0.247718,0.998853,0.42655,0.628033,-0.216612,0.999237,0.42567,0.623608,-0.217103,0.999412,0.424524,0.619092,-0.217272,0.999565,0.444563,0.59259,-0.313401,0.998794,0.431756,0.588079,-0.173186,0.999207,0.450501,0.627205,-0.234958,0.998021,0.447806,0.626731,-0.196427,0.998338,0.521479,0.570238,-0.351138,0.998752,0.443949,0.532274,-0.089878,0.998664,0.526645,0.74324,-0.429211,0.949618,0.403267,0.684177,-0.080678,0.175294,0.502416,0.933497,-0.453941,0.951775,0.341176,0.849141,-0.202146,0.624276,0.485952,0.955917,-0.512796,0.949274,0.31775,0.879419,-0.235049,0.680324,0.472967,0.945062,-0.510412,0.945997,0.321835,0.890114,-0.266142,0.691056,0.479149,0.937904,-0.456605,0.918088,0.332555,0.883044,-0.221886,0.67091,0.665492,0.406227,-0.094283,0.998796,0.625369,0.410031,0.09413,0.99894,0.646006,0.658391,-0.0759,0.902045,0.644758,0.663428,0.154042,0.066333,0.711561,0.858021,0.05514,0.949125,0.705357,0.810741,0.267167,0.129538,0.728511,0.885011,0.064918,0.961739,0.720254,0.85095,0.278853,0.179715,0.678436,0.934295,-0.014379,0.94838,0.675141,0.898086,0.227473,0.211905
38,1.266667,0.432215,0.640982,-0.200804,0.998783,0.426236,0.629061,-0.229182,0.99874,0.428462,0.625425,-0.229501,0.998458,0.43064,0.621905,-0.229443,0.998865,0.422551,0.628348,-0.199908,0.999236,0.421974,0.623956,-0.200391,0.999411,0.421138,0.619479,-0.200539,0.999559,0.441081,0.592886,-0.301385,0.998809,0.429144,0.588521,-0.170928,0.999197,0.44697,0.627638,-0.217241,0.997986,0.444304,0.62702,-0.180525,0.99829,0.519861,0.570599,-0.342433,0.998755,0.443514,0.53314,-0.09142,0.998643,0.525978,0.743811,-0.418048,0.950143,0.401618,0.68858,-0.085111,0.196105,0.503211,0.935528,-0.455483,0.954815,0.337817,0.86143,-0.206631,0.654727,0.486715,0.956138,-0.51638,0.952733,0.313141,0.886467,-0.24038,0.707412,0.473483,0.945723,-0.516536,0.949809,0.3174,0.896544,-0.272969,0.717434,0.479244,0.939543,-0.459424,0.923352,0.329609,0.89038,-0.226863,0.698513,0.666977,0.403625,-0.094313,0.998745,0.625608,0.404743,0.094152,0.998887,0.646449,0.655904,-0.07142,0.897298,0.644805,0.660715,0.158956,0.06714,0.708924,0.860081,0.059417,0.946361,0.687795,0.78137,0.310063,0.128121,0.724359,0.887206,0.068414,0.95849,0.703804,0.787514,0.325675,0.178922,0.675402,0.933438,-0.008364,0.945478,0.664656,0.860102,0.281444,0.208923
39,1.3,0.431136,0.641127,-0.192292,0.998743,0.424931,0.629256,-0.226531,0.998727,0.426999,0.625657,-0.226898,0.998441,0.429121,0.622158,-0.226748,0.998842,0.421441,0.628423,-0.199335,0.999217,0.421058,0.624084,-0.199936,0.999396,0.420405,0.619685,-0.2001,0.999547,0.439759,0.593127,-0.291763,0.998768,0.427561,0.588654,-0.156098,0.999165,0.444596,0.62818,-0.213037,0.997893,0.442257,0.627207,-0.179968,0.998208,0.517081,0.571142,-0.335238,0.99873,0.441083,0.533876,-0.075744,0.99863,0.526141,0.744079,-0.414079,0.948786,0.400412,0.690275,-0.0659,0.220417,0.504114,0.93764,-0.446571,0.955761,0.338069,0.867587,-0.185346,0.6809,0.489896,0.956644,-0.505983,0.953847,0.312584,0.896169,-0.215717,0.729852,0.475562,0.946648,-0.503817,0.951143,0.317835,0.906661,-0.24977,0.739281,0.480411,0.940843,-0.449294,0.924338,0.329991,0.899039,-0.205939,0.720497,0.66345,0.398841,-0.09549,0.998681,0.624522,0.396838,0.095331,0.998842,0.643206,0.647272,-0.074165,0.896837,0.64661,0.655677,0.151415,0.070289,0.703117,0.85554,0.05191,0.944801,0.689059,0.792314,0.290847,0.128262,0.718934,0.885967,0.058876,0.957162,0.703995,0.801221,0.305157,0.178869,0.670043,0.932344,-0.010101,0.944102,0.65377,0.871387,0.254,0.208623
40,1.333333,0.429274,0.64159,-0.186658,0.998786,0.422481,0.629393,-0.218842,0.998779,0.424477,0.625731,-0.219184,0.998503,0.426537,0.622158,-0.21907,0.998881,0.41874,0.628699,-0.194087,0.999245,0.418232,0.624391,-0.194604,0.999419,0.417484,0.619987,-0.194767,0.999563,0.436778,0.591627,-0.286991,0.998803,0.424234,0.588961,-0.143215,0.999192,0.442649,0.628455,-0.206392,0.997952,0.440151,0.627366,-0.175378,0.998268,0.51506,0.569754,-0.33227,0.998749,0.437651,0.536178,-0.065114,0.998698,0.525932,0.744222,-0.413225,0.951114,0.399622,0.699128,-0.056283,0.25743,0.506936,0.938649,-0.440282,0.958174,0.33991,0.883765,-0.177549,0.706855,0.49271,0.956646,-0.498676,0.956294,0.314776,0.913686,-0.208285,0.751705,0.477217,0.947075,-0.495173,0.953764,0.320079,0.923971,-0.241015,0.760505,0.482023,0.941806,-0.44215,0.927742,0.332542,0.91552,-0.198041,0.742271,0.654175,0.390275,-0.09574,0.998699,0.622293,0.394745,0.0956,0.998881,0.636247,0.64069,-0.108958,0.901449,0.654559,0.654162,0.071782,0.089639,0.690342,0.853355,0.023721,0.94509,0.690982,0.834219,0.1863,0.144489,0.706978,0.881465,0.032749,0.958192,0.706607,0.859439,0.1982,0.197403,0.650298,0.930678,-0.051421,0.945518,0.649597,0.913088,0.128601,0.230748
41,1.366667,0.428982,0.643452,-0.146135,0.998853,0.422417,0.630028,-0.178837,0.99885,0.424518,0.626095,-0.179119,0.998587,0.426649,0.622299,-0.179022,0.99894,0.418788,0.629845,-0.146086,0.999287,0.418377,0.625662,-0.146588,0.99945,0.41776,0.621334,-0.146717,0.999588,0.437067,0.591806,-0.264677,0.998855,0.424079,0.589418,-0.109519,0.999232,0.442272,0.629423,-0.168723,0.998044,0.439997,0.630138,-0.128256,0.99835,0.516175,0.568785,-0.325725,0.998798,0.434554,0.536857,-0.031946,0.99877,0.525987,0.74449,-0.407759,0.951336,0.398625,0.70214,-0.036476,0.28229,0.508013,0.93876,-0.417335,0.959282,0.34023,0.887196,-0.171472,0.728876,0.494544,0.95663,-0.471221,0.957362,0.314285,0.918627,-0.19847,0.770102,0.478978,0.947244,-0.467916,0.954933,0.320543,0.928955,-0.234219,0.778303,0.483292,0.942066,-0.41791,0.928787,0.33346,0.919418,-0.192044,0.760292,0.653689,0.38798,-0.098601,0.998713,0.622579,0.393246,0.098494,0.998916,0.631511,0.635484,-0.108095,0.901471,0.659283,0.652441,0.087529,0.098409,0.686556,0.848816,0.041689,0.942342,0.692539,0.847319,0.207448,0.150814,0.704476,0.875951,0.050571,0.956463,0.706751,0.87147,0.219354,0.203761,0.646085,0.931279,-0.033684,0.943672,0.651197,0.922348,0.156963,0.238429
42,1.4,0.42498,0.643626,-0.153193,0.998898,0.418412,0.630168,-0.18337,0.998899,0.420741,0.626229,-0.183648,0.998647,0.42313,0.622404,-0.183529,0.998978,0.413896,0.630009,-0.14875,0.999314,0.413263,0.62585,-0.149268,0.999472,0.412481,0.621505,-0.149391,0.999603,0.433912,0.591886,-0.265428,0.998885,0.420007,0.589603,-0.112439,0.999259,0.438853,0.630759,-0.173943,0.998088,0.436065,0.631167,-0.131665,0.998394,0.513563,0.56894,-0.325105,0.998803,0.43178,0.540077,-0.033831,0.998799,0.526106,0.744624,-0.408496,0.953369,0.396494,0.705921,-0.038661,0.310899,0.510151,0.93881,-0.431844,0.96138,0.340637,0.899783,-0.172161,0.748281,0.496631,0.956506,-0.49057,0.95948,0.314785,0.925606,-0.202055,0.786533,0.480885,0.947407,-0.48693,0.957195,0.31996,0.934919,-0.235676,0.794297,0.485312,0.942522,-0.433179,0.931818,0.333259,0.927307,-0.192789,0.776573,0.64495,0.383476,-0.099343,0.998718,0.61495,0.390998,0.099257,0.998933,0.630587,0.634907,-0.101297,0.905791,0.659178,0.652591,0.071286,0.111946,0.680891,0.849393,0.028501,0.944035,0.686293,0.859294,0.192667,0.165353,0.698586,0.876543,0.035955,0.958035,0.702879,0.888563,0.204984,0.220065,0.640477,0.931519,-0.060679,0.946048,0.642319,0.934386,0.135954,0.259207
43,1.433333,0.422859,0.643993,-0.123467,0.998988,0.416626,0.630222,-0.153277,0.99899,0.41868,0.626273,-0.153527,0.998758,0.420906,0.622449,-0.153435,0.99906,0.412729,0.630059,-0.118585,0.999371,0.412096,0.625926,-0.119059,0.999516,0.411456,0.621557,-0.119151,0.999636,0.432262,0.591762,-0.238906,0.998972,0.418977,0.589787,-0.083329,0.99932,0.436409,0.631637,-0.145787,0.998235,0.433923,0.631887,-0.103099,0.99852,0.512369,0.568897,-0.30931,0.998878,0.432233,0.541544,-0.009212,0.998877,0.526302,0.744751,-0.393162,0.95645,0.39695,0.708804,-0.015958,0.346639,0.511878,0.938773,-0.413629,0.964012,0.342884,0.900105,-0.149503,0.768448,0.499031,0.956417,-0.470792,0.962115,0.316016,0.925098,-0.182279,0.803387,0.483194,0.947454,-0.466696,0.959965,0.321309,0.933291,-0.211415,0.810556,0.487856,0.942637,-0.414372,0.935887,0.335341,0.926242,-0.169385,0.793405,0.644079,0.381541,-0.100983,0.99877,0.616124,0.389014,0.100954,0.998987,0.622946,0.631156,-0.09949,0.912491,0.660245,0.652655,0.070368,0.133184,0.677153,0.849,0.027625,0.946807,0.687577,0.869953,0.193119,0.185991,0.695858,0.875736,0.03565,0.960343,0.703483,0.898673,0.205714,0.243285,0.637208,0.931228,-0.060252,0.949205,0.644874,0.943408,0.140066,0.286363
44,1.466667,0.419628,0.644586,-0.137777,0.999043,0.413201,0.630293,-0.166207,0.999048,0.415444,0.626326,-0.16646,0.99883,0.417738,0.622499,-0.166347,0.99911,0.409091,0.630172,-0.131376,0.999405,0.408482,0.626057,-0.131861,0.999544,0.407952,0.621712,-0.131939,0.999656,0.42915,0.591797,-0.249366,0.999023,0.41645,0.589873,-0.094087,0.999356,0.434034,0.633393,-0.159481,0.998321,0.431359,0.633635,-0.117175,0.998596,0.510517,0.568911,-0.317223,0.998914,0.430578,0.542826,-0.020165,0.998921,0.526632,0.744878,-0.40326,0.958698,0.393658,0.713576,-0.033507,0.372113,0.512869,0.93874,-0.435296,0.966155,0.342779,0.904849,-0.16815,0.784757,0.500389,0.956333,-0.495427,0.964267,0.315995,0.927907,-0.20029,0.817248,0.484847,0.947467,-0.491501,0.962244,0.321038,0.936272,-0.230967,0.824009,0.489144,0.942766,-0.436733,0.939085,0.334959,0.929475,-0.188219,0.807129,0.640852,0.378719,-0.101183,0.998795,0.611929,0.386368,0.101152,0.999013,0.624282,0.629583,-0.110402,0.918037,0.657593,0.652343,0.064073,0.150362,0.679001,0.848787,0.010993,0.949115,0.684726,0.869182,0.181584,0.203916,0.698404,0.874676,0.018619,0.962136,0.702927,0.903318,0.193592,0.261935,0.640316,0.930394,-0.075143,0.951809,0.644518,0.947577,0.12585,0.310049
45,1.5,0.417074,0.644642,-0.176806,0.999022,0.411326,0.629709,-0.203886,0.999032,0.413572,0.62579,-0.20419,0.998815,0.415944,0.622049,-0.2041,0.999088,0.407206,0.629525,-0.172573,0.999388,0.406644,0.625416,-0.173066,0.999533,0.40614,0.621223,-0.173185,0.999645,0.427428,0.591576,-0.276382,0.998988,0.414632,0.589788,-0.134984,0.99933,0.431364,0.633381,-0.194091,0.998245,0.428559,0.63377,-0.155584,0.998533,0.510248,0.569029,-0.33041,0.998873,0.4298,0.542836,-0.054002,0.998874,0.52743,0.744482,-0.416339,0.960735,0.394361,0.713828,-0.057378,0.391151,0.515351,0.938713,-0.460216,0.967879,0.345086,0.904619,-0.190393,0.798022,0.503738,0.956307,-0.525181,0.966061,0.318697,0.927339,-0.223718,0.82905,0.488034,0.947472,-0.522056,0.964185,0.324011,0.93489,-0.258802,0.835585,0.492352,0.942821,-0.463165,0.941878,0.337593,0.928432,-0.211834,0.818985,0.640397,0.37826,-0.101246,0.998797,0.604531,0.384004,0.101213,0.99901,0.62659,0.630483,-0.095562,0.922334,0.645245,0.649334,0.075882,0.15286,0.680598,0.849238,0.000767,0.952319,0.672406,0.869013,0.196056,0.214585,0.698951,0.875189,0.003705,0.964579,0.689522,0.901777,0.207665,0.276231,0.640501,0.931049,-0.101566,0.95516,0.630837,0.946429,0.129929,0.328241
46,1.533333,0.413509,0.644898,-0.215473,0.998965,0.407769,0.62977,-0.24138,0.998967,0.410109,0.625929,-0.241696,0.998753,0.412517,0.622311,-0.24164,0.999023,0.403723,0.629567,-0.210509,0.99934,0.403139,0.625474,-0.211018,0.999505,0.402571,0.621341,-0.21117,0.999617,0.424098,0.591872,-0.304955,0.998929,0.41195,0.590044,-0.165083,0.999285,0.428408,0.633955,-0.229535,0.998141,0.425544,0.634449,-0.191263,0.99846,0.509433,0.568031,-0.348884,0.998789,0.42663,0.547107,-0.074539,0.998847,0.528517,0.743427,-0.425801,0.963443,0.393246,0.715828,-0.064438,0.421063,0.518252,0.937956,-0.458519,0.969907,0.346834,0.907356,-0.19546,0.814826,0.506793,0.955237,-0.522791,0.968189,0.320358,0.930324,-0.229339,0.843449,0.4918,0.947293,-0.520488,0.966503,0.325267,0.936506,-0.26599,0.849577,0.495581,0.942748,-0.461763,0.945479,0.3392,0.930384,-0.217463,0.834042,0.637625,0.375405,-0.101222,0.998787,0.597403,0.384657,0.101191,0.999011,0.627534,0.631425,-0.08848,0.926908,0.638428,0.647924,0.089804,0.160641,0.682973,0.849715,0.013225,0.955547,0.671929,0.858819,0.208608,0.233656,0.700591,0.875644,0.017016,0.967015,0.688948,0.891126,0.220107,0.29663,0.642923,0.931795,-0.085874,0.958393,0.631275,0.944676,0.146313,0.352223
47,1.566667,0.407821,0.645036,-0.242689,0.99885,0.401991,0.630044,-0.267935,0.998834,0.403981,0.626457,-0.268269,0.998617,0.406138,0.62312,-0.268222,0.998907,0.398182,0.629624,-0.236642,0.999252,0.397386,0.625531,-0.237164,0.999447,0.39676,0.621393,-0.237349,0.999569,0.418287,0.593022,-0.325734,0.998804,0.406689,0.590168,-0.183596,0.999199,0.422502,0.634179,-0.254658,0.997954,0.419992,0.634554,-0.215567,0.99833,0.507141,0.565424,-0.355544,0.998629,0.421779,0.549372,-0.084913,0.998813,0.532995,0.740996,-0.421991,0.964722,0.392888,0.717227,-0.063952,0.434227,0.522742,0.936961,-0.420215,0.971155,0.349479,0.910318,-0.191463,0.829514,0.508364,0.954768,-0.479726,0.969562,0.321161,0.932124,-0.223719,0.856163,0.493958,0.947293,-0.480828,0.968042,0.325951,0.937653,-0.260922,0.861979,0.498427,0.94277,-0.423993,0.947679,0.340873,0.931828,-0.213254,0.847328,0.632271,0.375303,-0.100895,0.998728,0.58754,0.385589,0.100841,0.998983,0.633001,0.632064,-0.08101,0.929578,0.610111,0.650775,0.106619,0.16124,0.683372,0.85116,0.013599,0.957967,0.673717,0.846459,0.225664,0.242137,0.701921,0.878452,0.017724,0.968704,0.690355,0.874041,0.237116,0.304484,0.643452,0.935164,-0.081538,0.960677,0.633106,0.938051,0.171692,0.362101
48,1.6,0.403346,0.646461,-0.227596,0.998856,0.39768,0.631083,-0.253836,0.99883,0.399463,0.627664,-0.254165,0.998632,0.401459,0.624496,-0.254086,0.998902,0.394162,0.630179,-0.222912,0.999255,0.39342,0.626002,-0.223423,0.999457,0.392876,0.6218,-0.223593,0.999571,0.413622,0.593953,-0.316535,0.9988,0.40292,0.590364,-0.175455,0.999214,0.418119,0.635666,-0.241195,0.997922,0.415977,0.635517,-0.202277,0.998329,0.504911,0.559384,-0.349601,0.998487,0.417558,0.549546,-0.082422,0.998816,0.537529,0.736082,-0.403354,0.960749,0.3923,0.717401,-0.061857,0.432385,0.526981,0.93294,-0.405179,0.97132,0.353931,0.912375,-0.188149,0.844434,0.511168,0.954054,-0.464423,0.970715,0.323827,0.933447,-0.21974,0.869252,0.497195,0.946908,-0.465396,0.969447,0.329248,0.938332,-0.257148,0.874635,0.503174,0.942002,-0.409061,0.949532,0.344651,0.932696,-0.209793,0.861161,0.629961,0.375731,-0.100859,0.998608,0.583089,0.385775,0.100775,0.998888,0.640096,0.632239,-0.081453,0.928845,0.588842,0.631395,0.199913,0.150783,0.683807,0.851904,-0.031605,0.960257,0.649432,0.730624,0.422452,0.232257,0.702918,0.880039,-0.033233,0.969944,0.648951,0.717833,0.445021,0.294098,0.644385,0.935445,-0.137135,0.962928,0.624891,0.805806,0.411097,0.34987
49,1.633333,0.402518,0.649773,-0.250374,0.998799,0.396087,0.63273,-0.27494,0.998749,0.397492,0.629388,-0.275281,0.998567,0.399154,0.626223,-0.275226,0.998837,0.392914,0.631737,-0.243795,0.999203,0.392021,0.627547,-0.244324,0.99943,0.391119,0.623319,-0.244522,0.999544,0.411002,0.595617,-0.329398,0.99875,0.400657,0.59126,-0.187579,0.999179,0.416473,0.638876,-0.260951,0.997819,0.414764,0.638825,-0.221784,0.998262,0.502943,0.552017,-0.353178,0.998393,0.416201,0.550387,-0.091685,0.99881,0.53913,0.728147,-0.410462,0.960368,0.392231,0.719407,-0.066609,0.427253,0.529911,0.928522,-0.415911,0.971916,0.355546,0.914751,-0.186023,0.855799,0.514517,0.953111,-0.477027,0.971864,0.325177,0.936184,-0.217152,0.879664,0.501035,0.946637,-0.477651,0.970818,0.330479,0.93998,-0.254098,0.884834,0.507217,0.941186,-0.420329,0.951531,0.346131,0.933246,-0.207442,0.872198,0.628157,0.376042,-0.098111,0.998592,0.582044,0.388926,0.097952,0.998881,0.643071,0.632439,-0.075248,0.926178,0.601153,0.633036,0.164345,0.142853,0.685151,0.852558,-0.017526,0.961734,0.656829,0.769097,0.326249,0.22947,0.704693,0.880556,-0.016145,0.971237,0.680124,0.775045,0.343512,0.291908,0.645197,0.935733,-0.114505,0.964541,0.631306,0.847536,0.291919,0.347624
50,1.666667,0.400488,0.651231,-0.249496,0.998731,0.393725,0.633723,-0.275327,0.998656,0.395041,0.630375,-0.27567,0.998478,0.396677,0.627149,-0.275621,0.998767,0.390612,0.632863,-0.243167,0.999137,0.389902,0.628595,-0.2437,0.999385,0.389044,0.62435,-0.2439,0.999507,0.408069,0.596262,-0.334469,0.998667,0.39774,0.592174,-0.188477,0.999113,0.414276,0.640058,-0.261811,0.997732,0.412614,0.640352,-0.221501,0.998196,0.500985,0.551511,-0.358751,0.998333,0.413015,0.552023,-0.090575,0.998814,0.54509,0.725215,-0.414897,0.961003,0.392371,0.722671,-0.064232,0.432276,0.529881,0.924422,-0.416717,0.973112,0.359244,0.915617,-0.176487,0.866384,0.515227,0.951928,-0.47815,0.973198,0.329793,0.938266,-0.204172,0.888751,0.500893,0.946476,-0.478302,0.972301,0.334733,0.941207,-0.243701,0.893754,0.5067,0.940036,-0.421054,0.953679,0.34948,0.93375,-0.198133,0.881689,0.626502,0.376369,-0.097551,0.998544,0.580968,0.389696,0.09738,0.998857,0.648828,0.632505,-0.051246,0.916864,0.612917,0.634621,0.150866,0.134447,0.68688,0.852846,0.018169,0.959966,0.667024,0.789527,0.316935,0.219621,0.706485,0.881198,0.018099,0.970651,0.689403,0.815902,0.323639,0.282229,0.645412,0.936666,-0.075185,0.963207,0.637842,0.879861,0.278263,0.335012
51,1.7,0.399458,0.651243,-0.236996,0.998724,0.393012,0.633795,-0.263272,0.998627,0.394261,0.630479,-0.263605,0.998469,0.395872,0.627283,-0.263545,0.998743,0.390018,0.632965,-0.231331,0.999122,0.389192,0.628788,-0.231853,0.999383,0.388277,0.624668,-0.232039,0.999502,0.406515,0.596435,-0.325549,0.998642,0.396325,0.592568,-0.180376,0.999117,0.412817,0.640058,-0.250488,0.997679,0.411038,0.640363,-0.210452,0.998176,0.499743,0.551382,-0.355461,0.998192,0.410119,0.55208,-0.085868,0.998827,0.550832,0.725986,-0.401119,0.955792,0.39282,0.72232,-0.06054,0.429293,0.528968,0.920362,-0.398351,0.972934,0.36499,0.914348,-0.173233,0.877549,0.515151,0.949166,-0.456431,0.97395,0.337127,0.937746,-0.200345,0.898488,0.500419,0.945632,-0.454843,0.973265,0.342778,0.940574,-0.2401,0.903156,0.505655,0.938118,-0.40127,0.954901,0.357134,0.933204,-0.194697,0.892013,0.625688,0.376636,-0.097555,0.998374,0.578798,0.389809,0.097381,0.998735,0.652488,0.632765,-0.058037,0.905257,0.610533,0.622858,0.215513,0.123483,0.690425,0.852983,-0.030726,0.959787,0.666167,0.73141,0.429645,0.204234,0.708414,0.881439,-0.035238,0.970592,0.687095,0.736555,0.450547,0.265362,0.646957,0.936627,-0.136939,0.963426,0.639565,0.801617,0.416565,0.313263
52,1.733333,0.398385,0.650989,-0.258421,0.998756,0.391469,0.633642,-0.284309,0.998637,0.3926,0.63028,-0.284672,0.998511,0.393974,0.62709,-0.284608,0.998758,0.388498,0.632856,-0.2537,0.999134,0.387463,0.628721,-0.254217,0.999401,0.386355,0.624648,-0.254437,0.99951,0.403422,0.595891,-0.340506,0.998671,0.393325,0.592523,-0.200611,0.999142,0.411502,0.63958,-0.269213,0.997717,0.409438,0.639992,-0.230411,0.998217,0.499145,0.545666,-0.356637,0.998141,0.403779,0.551944,-0.102444,0.998878,0.558051,0.712435,-0.401413,0.938741,0.392979,0.725004,-0.077922,0.412697,0.522814,0.88914,-0.403945,0.970608,0.374011,0.91392,-0.210236,0.887528,0.51566,0.929527,-0.462151,0.973911,0.346308,0.937458,-0.239731,0.907482,0.501353,0.933157,-0.460787,0.973596,0.350874,0.940276,-0.278559,0.911835,0.504987,0.920787,-0.406854,0.954997,0.36488,0.932642,-0.231655,0.901633,0.623367,0.376449,-0.097371,0.998129,0.575267,0.391658,0.097143,0.998553,0.657453,0.632888,-0.083464,0.880254,0.606709,0.61287,0.294045,0.112019,0.696044,0.853566,-0.069409,0.955671,0.659926,0.670668,0.565152,0.186453,0.712155,0.883566,-0.073379,0.96778,0.678303,0.66979,0.593013,0.243961,0.652287,0.936519,-0.171701,0.961249,0.639827,0.72709,0.575484,0.286848
53,1.766667,0.397045,0.650604,-0.25669,0.998665,0.389607,0.632695,-0.28328,0.998489,0.390829,0.629324,-0.283655,0.998411,0.392283,0.626136,-0.283597,0.998644,0.386209,0.632044,-0.252389,0.999047,0.385063,0.628065,-0.252903,0.999361,0.383897,0.624177,-0.25313,0.999467,0.401943,0.59541,-0.342663,0.998584,0.391273,0.592387,-0.201786,0.99909,0.41035,0.639349,-0.268785,0.997587,0.407906,0.639893,-0.229621,0.998129,0.498461,0.54499,-0.357759,0.998053,0.403517,0.551224,-0.104168,0.998911,0.56246,0.709036,-0.401736,0.917231,0.393173,0.72495,-0.08054,0.391242,0.520536,0.871977,-0.404935,0.965274,0.377517,0.912524,-0.213906,0.895286,0.517404,0.918095,-0.46226,0.972025,0.350619,0.937168,-0.24332,0.914952,0.503705,0.922702,-0.461505,0.972177,0.354523,0.939858,-0.281507,0.919111,0.505005,0.908594,-0.40797,0.951987,0.368371,0.931729,-0.23527,0.909663,0.622947,0.376487,-0.096998,0.997932,0.575336,0.391773,0.096709,0.998424,0.657364,0.633502,-0.083228,0.845905,0.606288,0.601792,0.304392,0.101528,0.698537,0.853756,-0.045645,0.947104,0.662295,0.661851,0.559931,0.170356,0.71364,0.885259,-0.047018,0.962444,0.679573,0.659748,0.585677,0.224269,0.656151,0.936493,-0.143004,0.955346,0.648417,0.722234,0.560469,0.262631
54,1.8,0.393486,0.650612,-0.25512,0.998726,0.385483,0.632217,-0.282067,0.99854,0.386914,0.628757,-0.282427,0.99847,0.388608,0.625452,-0.282361,0.998689,0.381734,0.631361,-0.252089,0.999087,0.380678,0.627269,-0.252607,0.999391,0.379679,0.623345,-0.252827,0.999491,0.399293,0.594676,-0.341315,0.998612,0.388128,0.591903,-0.20495,0.999124,0.407281,0.639387,-0.267123,0.997663,0.404748,0.639907,-0.229142,0.998201,0.496139,0.542396,-0.356382,0.998068,0.401865,0.548998,-0.106096,0.998981,0.5597,0.692583,-0.380426,0.885561,0.394557,0.730084,-0.08097,0.371494,0.49973,0.836024,-0.36096,0.953495,0.382754,0.911985,-0.219987,0.902084,0.509036,0.880485,-0.410047,0.965947,0.356164,0.936689,-0.249193,0.921347,0.497708,0.887213,-0.414072,0.966838,0.360461,0.939625,-0.28707,0.925337,0.494676,0.872263,-0.364841,0.942852,0.374034,0.931508,-0.241357,0.916542,0.622124,0.37658,-0.096039,0.997849,0.573059,0.39254,0.095677,0.998406,0.658675,0.633608,-0.04344,0.804053,0.606789,0.60714,0.281592,0.092278,0.704108,0.854217,-0.017453,0.935623,0.652583,0.666865,0.517238,0.155839,0.71851,0.885296,-0.021222,0.95368,0.672953,0.676436,0.541137,0.206451,0.66433,0.936112,-0.113293,0.946741,0.654631,0.745518,0.514086,0.240844
55,1.833333,0.392853,0.651045,-0.257831,0.998661,0.384984,0.632266,-0.284318,0.998407,0.386444,0.628767,-0.284675,0.998347,0.388249,0.625361,-0.284611,0.998568,0.380897,0.631433,-0.255713,0.999025,0.379648,0.627282,-0.256242,0.999357,0.378566,0.623365,-0.256475,0.999463,0.398643,0.594198,-0.339204,0.998453,0.386671,0.591838,-0.208444,0.999067,0.406592,0.639428,-0.267704,0.997457,0.403851,0.64011,-0.231469,0.998093,0.49498,0.541012,-0.346028,0.997959,0.40029,0.548047,-0.11069,0.999022,0.557831,0.691606,-0.372568,0.840389,0.39492,0.73183,-0.086872,0.346791,0.494051,0.830143,-0.366869,0.933654,0.383907,0.911836,-0.230433,0.905848,0.503791,0.875388,-0.417791,0.955483,0.357789,0.936579,-0.261587,0.925933,0.493381,0.881501,-0.422521,0.957709,0.361634,0.939147,-0.297872,0.929951,0.489313,0.86504,-0.371585,0.928157,0.375479,0.930764,-0.25119,0.92151,0.621057,0.37662,-0.091569,0.997748,0.571543,0.393123,0.091112,0.998373,0.658834,0.636372,-0.026734,0.745495,0.608834,0.610013,0.270315,0.083535,0.706796,0.85647,0.017817,0.911438,0.650417,0.672764,0.485971,0.141968,0.722009,0.886188,0.016138,0.93758,0.672785,0.688399,0.507421,0.189039,0.666549,0.936095,-0.07625,0.928677,0.657755,0.764055,0.472555,0.21993
56,1.866667,0.392611,0.65101,-0.241541,0.998747,0.384621,0.63177,-0.268429,0.998495,0.386035,0.628079,-0.268762,0.998441,0.38781,0.624411,-0.268668,0.998639,0.380418,0.630798,-0.240717,0.999086,0.379086,0.626419,-0.241235,0.999401,0.377929,0.622351,-0.241447,0.999498,0.398253,0.592421,-0.323751,0.998522,0.386068,0.59051,-0.197045,0.999127,0.406517,0.639398,-0.251535,0.997568,0.403804,0.640114,-0.216013,0.998198,0.493228,0.541508,-0.326175,0.997969,0.40078,0.545795,-0.100686,0.999088,0.553638,0.691491,-0.356466,0.809249,0.395775,0.732544,-0.078161,0.330192,0.482325,0.821612,-0.34887,0.924129,0.386925,0.910184,-0.22334,0.912532,0.488659,0.863512,-0.39784,0.951669,0.361973,0.936263,-0.255913,0.931863,0.478073,0.862493,-0.403579,0.954532,0.367023,0.937888,-0.292039,0.935638,0.474539,0.849182,-0.353899,0.922784,0.380227,0.929016,-0.244294,0.927856,0.620741,0.376698,-0.091642,0.997743,0.570285,0.393743,0.091181,0.998401,0.658908,0.637002,-0.031804,0.721878,0.599808,0.590139,0.297212,0.076307,0.709065,0.856564,0.012826,0.909204,0.639449,0.67225,0.533774,0.131859,0.724123,0.886198,0.011371,0.935044,0.661362,0.689028,0.557227,0.177187,0.667695,0.93608,-0.082115,0.927324,0.648749,0.763193,0.529676,0.204909
57,1.9,0.39331,0.65097,-0.259103,0.998858,0.385277,0.631716,-0.286309,0.998627,0.386619,0.627729,-0.286653,0.99858,0.388312,0.623528,-0.286579,0.998757,0.38135,0.630825,-0.252774,0.999167,0.380114,0.626436,-0.253269,0.999454,0.379037,0.622332,-0.253452,0.999541,0.398558,0.589224,-0.342906,0.998652,0.387137,0.589731,-0.194929,0.999204,0.407142,0.639056,-0.270375,0.997769,0.404639,0.640063,-0.227347,0.998348,0.490791,0.541666,-0.351933,0.998073,0.401639,0.541948,-0.099094,0.999152,0.527924,0.693427,-0.426154,0.810085,0.397849,0.730736,-0.095728,0.31491,0.441801,0.831278,-0.44282,0.927297,0.392825,0.904032,-0.253272,0.91593,0.435811,0.86694,-0.498285,0.954416,0.366583,0.934282,-0.282065,0.936118,0.426768,0.863691,-0.50098,0.95724,0.372289,0.934742,-0.320338,0.939796,0.428733,0.854933,-0.447912,0.927251,0.385622,0.923196,-0.275729,0.932852,0.621336,0.379247,-0.095127,0.997847,0.571701,0.398202,0.094614,0.998471,0.660808,0.63702,-0.107523,0.735759,0.595928,0.591004,0.334057,0.070737,0.714297,0.857345,-0.098881,0.915709,0.637652,0.683579,0.566695,0.129371,0.728646,0.886268,-0.104269,0.939233,0.66187,0.70047,0.588806,0.175633,0.668613,0.936173,-0.210556,0.932824,0.643756,0.772438,0.561194,0.202422
58,1.933333,0.393348,0.649931,-0.250859,0.998967,0.385164,0.63087,-0.279231,0.998756,0.386541,0.626197,-0.279546,0.998714,0.388133,0.621327,-0.279457,0.998873,0.381393,0.63056,-0.243494,0.999246,0.380303,0.625993,-0.243966,0.999506,0.379353,0.621545,-0.244111,0.999585,0.398089,0.586025,-0.340456,0.998779,0.387405,0.588061,-0.181723,0.99928,0.407108,0.637589,-0.264085,0.997973,0.40489,0.63902,-0.218039,0.9985,0.488331,0.541668,-0.347591,0.998196,0.402136,0.539223,-0.090435,0.999222,0.521124,0.694905,-0.41791,0.812787,0.398983,0.728934,-0.091023,0.309449,0.436862,0.831791,-0.438412,0.931492,0.392548,0.899628,-0.241927,0.922129,0.429901,0.867826,-0.490541,0.957527,0.366946,0.93351,-0.268969,0.941421,0.420562,0.863997,-0.496929,0.960246,0.372338,0.933506,-0.307396,0.944846,0.423011,0.854729,-0.441344,0.932294,0.385271,0.920256,-0.26414,0.938613,0.621702,0.380658,-0.096965,0.997955,0.572644,0.398974,0.096425,0.998546,0.661552,0.63593,-0.124757,0.752737,0.598536,0.581328,0.346735,0.065869,0.71598,0.858181,-0.136342,0.922526,0.633063,0.688978,0.590495,0.127963,0.730975,0.886325,-0.143776,0.943758,0.654876,0.70203,0.614038,0.175674,0.670102,0.936183,-0.247771,0.93846,0.634853,0.777758,0.597535,0.202627
59,1.966667,0.392809,0.649944,-0.255645,0.999042,0.384546,0.630902,-0.282648,0.998845,0.386041,0.626099,-0.282972,0.998806,0.387642,0.620688,-0.282902,0.998952,0.381017,0.631147,-0.248394,0.999302,0.38009,0.626703,-0.248879,0.999542,0.379255,0.62222,-0.249038,0.999614,0.397541,0.584444,-0.339837,0.998868,0.387548,0.588009,-0.183486,0.99933,0.406715,0.637539,-0.267141,0.998094,0.404789,0.639215,-0.22308,0.99859,0.487856,0.542898,-0.349784,0.998196,0.40249,0.53878,-0.091674,0.999227,0.503106,0.71474,-0.429445,0.810146,0.399825,0.730143,-0.095333,0.290941,0.415998,0.836875,-0.454507,0.930204,0.392362,0.893917,-0.246633,0.912088,0.405487,0.873626,-0.511773,0.956808,0.36733,0.930418,-0.273675,0.9371,0.399023,0.870686,-0.513366,0.959685,0.371702,0.932326,-0.313021,0.941286,0.405316,0.86108,-0.459154,0.931427,0.385056,0.918721,-0.269329,0.935661,0.621952,0.384599,-0.096441,0.998067,0.573823,0.399659,0.095897,0.998614,0.663036,0.636308,-0.110767,0.758183,0.59292,0.582166,0.325187,0.060798,0.718448,0.858214,-0.0914,0.925063,0.62961,0.690908,0.560133,0.121915,0.73311,0.886375,-0.098602,0.944723,0.654115,0.706406,0.582493,0.168054,0.672703,0.936225,-0.196093,0.940581,0.629388,0.780137,0.553326,0.194394
60,2.0,0.392444,0.648587,-0.25376,0.999079,0.384128,0.629903,-0.280449,0.998885,0.385652,0.624477,-0.280778,0.998842,0.387231,0.618449,-0.280708,0.998983,0.380619,0.630904,-0.246932,0.999333,0.379717,0.626588,-0.247424,0.999562,0.378866,0.622181,-0.247591,0.999631,0.397127,0.582255,-0.333757,0.998891,0.387285,0.587467,-0.181401,0.999352,0.406374,0.635708,-0.265332,0.998117,0.40463,0.638592,-0.222129,0.998621,0.486089,0.544151,-0.3392,0.998077,0.402777,0.534358,-0.087438,0.999215,0.488792,0.722789,-0.422156,0.801577,0.403164,0.716067,-0.084821,0.276423,0.405907,0.840716,-0.447821,0.927341,0.392414,0.865975,-0.245335,0.904692,0.394191,0.878931,-0.506708,0.954423,0.376549,0.916346,-0.272841,0.932743,0.388843,0.874412,-0.506749,0.957421,0.377614,0.914921,-0.309075,0.937676,0.395823,0.862368,-0.452248,0.9274,0.386187,0.896394,-0.266339,0.931718,0.62249,0.389431,-0.094203,0.998151,0.575958,0.399656,0.093654,0.99867,0.669107,0.638768,-0.070124,0.744044,0.601283,0.585692,0.32092,0.055935,0.722573,0.860228,0.000724,0.920761,0.631687,0.693455,0.567037,0.114235,0.736232,0.886828,0.001924,0.940496,0.655448,0.70775,0.590334,0.158402,0.676565,0.936397,-0.098742,0.937606,0.630829,0.780721,0.55387,0.183663
61,2.033333,0.390337,0.647681,-0.236659,0.999108,0.382715,0.629265,-0.263176,0.99893,0.384385,0.623415,-0.263502,0.998878,0.386071,0.61687,-0.26345,0.999027,0.379303,0.630782,-0.228742,0.999362,0.378486,0.62659,-0.229247,0.999575,0.377671,0.622233,-0.22941,0.999645,0.396027,0.580673,-0.320222,0.998929,0.386704,0.587204,-0.164571,0.999362,0.404985,0.6344,-0.249222,0.998186,0.403327,0.638166,-0.205411,0.998664,0.481267,0.544755,-0.337577,0.998128,0.403369,0.532407,-0.062627,0.99921,0.47447,0.728967,-0.418113,0.80282,0.406546,0.712969,-0.040449,0.257332,0.396649,0.84278,-0.439995,0.92819,0.391745,0.86123,-0.18404,0.88039,0.385407,0.879287,-0.497106,0.95371,0.375246,0.906335,-0.207908,0.915146,0.377312,0.876745,-0.496609,0.956566,0.375958,0.904986,-0.247412,0.921568,0.38458,0.862784,-0.44364,0.925645,0.385157,0.889027,-0.206564,0.914547,0.62365,0.393524,-0.094242,0.998234,0.580598,0.39964,0.093701,0.998729,0.674128,0.639117,-0.030423,0.703827,0.635811,0.586987,0.294822,0.051116,0.724796,0.861461,0.07107,0.895506,0.691363,0.719581,0.471922,0.105027,0.739186,0.889163,0.075569,0.924054,0.687835,0.727154,0.48768,0.146656,0.678309,0.937462,-0.015235,0.917065,0.667332,0.79813,0.433333,0.169749
62,2.066667,0.390327,0.647695,-0.195525,0.999097,0.382086,0.629345,-0.221146,0.998936,0.383421,0.623488,-0.221446,0.998865,0.384831,0.616928,-0.22137,0.99903,0.378962,0.630985,-0.184353,0.999378,0.378171,0.627034,-0.184893,0.999579,0.377397,0.622931,-0.185077,0.999655,0.395025,0.579771,-0.285857,0.998939,0.386637,0.587092,-0.118387,0.999381,0.404967,0.634458,-0.211527,0.998231,0.403409,0.638248,-0.164647,0.9987,0.477867,0.545045,-0.313368,0.998095,0.41091,0.526929,-0.025509,0.999184,0.440727,0.748374,-0.397346,0.808443,0.41766,0.708041,0.008694,0.241673,0.370027,0.865491,-0.435758,0.929484,0.398542,0.856063,-0.113047,0.85198,0.345744,0.898003,-0.491784,0.953088,0.383141,0.893525,-0.13333,0.891386,0.342276,0.892769,-0.493727,0.95557,0.386754,0.896067,-0.174904,0.898797,0.348972,0.883877,-0.44065,0.924009,0.392753,0.885036,-0.135382,0.889317,0.625715,0.393996,-0.094475,0.998337,0.584364,0.397358,0.093957,0.998799,0.674426,0.637959,-0.031582,0.712214,0.63178,0.587814,0.293586,0.048623,0.726597,0.859158,0.079332,0.893769,0.677784,0.717162,0.478572,0.1003,0.743171,0.884552,0.086212,0.922531,0.687543,0.726863,0.49635,0.141123,0.68978,0.937441,0.003568,0.914044,0.662881,0.807807,0.452808,0.163779
63,2.1,0.390117,0.647326,-0.19558,0.999154,0.380872,0.628642,-0.219362,0.999011,0.382126,0.622811,-0.21966,0.998937,0.383615,0.616389,-0.219581,0.999097,0.377762,0.630405,-0.184504,0.999425,0.377023,0.626642,-0.185043,0.999608,0.376363,0.622735,-0.185211,0.999681,0.394108,0.579005,-0.279488,0.999008,0.385962,0.58651,-0.12043,0.999425,0.405097,0.634123,-0.210201,0.998348,0.403423,0.637984,-0.165863,0.998786,0.475737,0.545107,-0.31318,0.998133,0.413512,0.525909,-0.027295,0.999182,0.437013,0.757834,-0.397899,0.814958,0.417923,0.708817,0.006149,0.228673,0.363968,0.876776,-0.44182,0.930177,0.399439,0.859365,-0.103123,0.821486,0.339573,0.908056,-0.500777,0.951645,0.383751,0.892312,-0.120067,0.863801,0.334471,0.902285,-0.496637,0.953705,0.386297,0.897028,-0.161862,0.87201,0.343869,0.892934,-0.44489,0.921251,0.393733,0.886658,-0.125221,0.860545,0.626447,0.393704,-0.095528,0.998436,0.585053,0.397302,0.095043,0.998865,0.674671,0.637002,-0.047296,0.727376,0.62852,0.588031,0.293454,0.046573,0.727996,0.859214,0.067281,0.894514,0.671989,0.716735,0.46642,0.095931,0.744059,0.884576,0.063086,0.922951,0.684801,0.729823,0.483301,0.136433,0.690855,0.937831,-0.04656,0.913522,0.65288,0.834214,0.451693,0.15789
64,2.133333,0.391799,0.647281,-0.192684,0.998958,0.381172,0.628115,-0.215592,0.998838,0.382393,0.622424,-0.215902,0.998655,0.383804,0.616275,-0.21582,0.998927,0.377917,0.630009,-0.180873,0.999364,0.377131,0.626404,-0.181432,0.999544,0.376436,0.62267,-0.181636,0.999652,0.393927,0.579111,-0.272018,0.998762,0.386163,0.586384,-0.113801,0.999354,0.406224,0.634142,-0.206254,0.998147,0.404794,0.637834,-0.162273,0.998648,0.471264,0.545147,-0.301223,0.998011,0.421292,0.525779,-0.023725,0.999121,0.423037,0.757246,-0.382547,0.80803,0.423355,0.703557,0.015743,0.213137,0.354206,0.89085,-0.431416,0.918697,0.409868,0.861299,-0.089853,0.779064,0.334078,0.91941,-0.49072,0.939811,0.402327,0.891402,-0.108629,0.82372,0.33046,0.913951,-0.481663,0.941152,0.403877,0.898211,-0.150733,0.83291,0.339247,0.905748,-0.432577,0.903913,0.406429,0.888365,-0.112096,0.818693,0.626937,0.393287,-0.092962,0.998529,0.585584,0.397303,0.092534,0.998933,0.674951,0.637108,-0.032155,0.710905,0.649208,0.623506,0.216412,0.044003,0.730753,0.85831,0.069431,0.873651,0.70297,0.77467,0.343925,0.089648,0.745833,0.882424,0.073867,0.911922,0.717074,0.792638,0.356114,0.12889,0.694383,0.937783,-0.007726,0.893739,0.683546,0.882504,0.30566,0.148114
65,2.166667,0.392059,0.646979,-0.196979,0.998727,0.381089,0.627062,-0.221167,0.998616,0.382202,0.62151,-0.221479,0.998314,0.383527,0.615636,-0.221392,0.998702,0.378127,0.62901,-0.1865,0.999282,0.377363,0.625536,-0.187062,0.999469,0.376612,0.621972,-0.187275,0.999615,0.393543,0.578577,-0.279888,0.998474,0.386247,0.585318,-0.122151,0.999281,0.406347,0.63389,-0.210882,0.99788,0.405203,0.637162,-0.166972,0.99848,0.464781,0.548015,-0.305736,0.997807,0.423801,0.526851,-0.033422,0.999043,0.421673,0.755477,-0.383062,0.805823,0.422857,0.708966,-0.001464,0.201465,0.355657,0.902428,-0.426321,0.910717,0.418182,0.877676,-0.115806,0.74723,0.335843,0.934182,-0.485328,0.931133,0.408594,0.893973,-0.136246,0.793595,0.331288,0.929378,-0.47588,0.931867,0.409452,0.902033,-0.178173,0.803806,0.340133,0.920293,-0.427229,0.890775,0.411685,0.896655,-0.138189,0.787337,0.627336,0.389473,-0.090801,0.998625,0.585478,0.397303,0.090402,0.999003,0.676765,0.633795,-0.019709,0.714635,0.644204,0.624398,0.224885,0.043592,0.7328,0.855415,0.084053,0.871379,0.696536,0.777438,0.371687,0.087814,0.747045,0.879487,0.09015,0.909773,0.711505,0.78863,0.385953,0.126897,0.69624,0.937738,0.008738,0.889572,0.678465,0.891999,0.338791,0.145228
66,2.2,0.392129,0.646912,-0.171816,0.998701,0.380927,0.626434,-0.197787,0.998605,0.381917,0.621215,-0.198085,0.998266,0.38311,0.615609,-0.197986,0.998675,0.378256,0.627919,-0.160777,0.999292,0.377541,0.624487,-0.161326,0.999472,0.376768,0.620932,-0.161524,0.999623,0.393276,0.578674,-0.267501,0.998434,0.38668,0.584261,-0.099153,0.999297,0.406381,0.63392,-0.190056,0.997868,0.405525,0.636942,-0.143088,0.998483,0.462953,0.552922,-0.303417,0.99771,0.427557,0.527099,-0.012297,0.999003,0.421372,0.758269,-0.378222,0.81157,0.423162,0.709202,0.017607,0.193058,0.360637,0.914689,-0.407913,0.908212,0.422883,0.884203,-0.100578,0.726273,0.338812,0.944512,-0.465862,0.926758,0.411732,0.895035,-0.119788,0.773772,0.333966,0.938876,-0.457828,0.926759,0.413197,0.902722,-0.163393,0.784394,0.343854,0.930466,-0.40891,0.883497,0.414958,0.900356,-0.123721,0.766052,0.62798,0.383751,-0.093224,0.998719,0.585761,0.391382,0.092887,0.999072,0.677653,0.630062,-0.01286,0.730473,0.641652,0.622462,0.228784,0.045163,0.733084,0.850529,0.099703,0.876243,0.692306,0.781359,0.385966,0.088394,0.747582,0.874513,0.10648,0.912121,0.708182,0.790989,0.400991,0.128166,0.696175,0.935956,0.020487,0.891571,0.672793,0.889847,0.351571,0.145754
67,2.233333,0.392784,0.646966,-0.142151,0.998746,0.380999,0.6265,-0.172805,0.998663,0.382031,0.621434,-0.173102,0.998315,0.383256,0.616103,-0.172988,0.998722,0.378473,0.627927,-0.132096,0.999328,0.37794,0.624488,-0.132634,0.999494,0.377419,0.620919,-0.13282,0.999643,0.393294,0.579166,-0.259122,0.99848,0.387118,0.58402,-0.075297,0.999334,0.407074,0.633929,-0.166357,0.997955,0.406432,0.636546,-0.114836,0.998545,0.461196,0.557014,-0.306916,0.997767,0.428723,0.527154,0.018026,0.998988,0.424818,0.761766,-0.386428,0.820083,0.425357,0.709558,0.043523,0.184788,0.369391,0.924563,-0.408996,0.910388,0.42832,0.887905,-0.088006,0.710556,0.347293,0.951482,-0.466153,0.926455,0.418263,0.896034,-0.107766,0.758551,0.341252,0.942951,-0.45798,0.926025,0.419278,0.902838,-0.151379,0.769576,0.35111,0.935668,-0.409584,0.882437,0.420908,0.90291,-0.11195,0.749275,0.630789,0.37084,-0.104203,0.998804,0.586766,0.373322,0.103962,0.999134,0.682931,0.621401,0.045733,0.738655,0.640547,0.622326,0.211442,0.046382,0.735091,0.842291,0.165104,0.881411,0.683935,0.807851,0.364468,0.090187,0.750205,0.862761,0.171437,0.914012,0.694908,0.835018,0.378869,0.131214,0.710742,0.936159,0.070289,0.894354,0.637127,0.889885,0.320147,0.149903
68,2.266667,0.394898,0.646513,-0.063362,0.998579,0.381659,0.626356,-0.092297,0.998521,0.382434,0.621408,-0.092579,0.998026,0.383439,0.616126,-0.092457,0.998562,0.379631,0.627638,-0.051269,0.99927,0.379186,0.624245,-0.051791,0.999425,0.378778,0.620706,-0.05195,0.999616,0.393269,0.579366,-0.177823,0.99816,0.38757,0.58372,0.006946,0.999256,0.408716,0.633247,-0.087528,0.9977,0.408242,0.635089,-0.036093,0.998349,0.458988,0.55923,-0.253974,0.997775,0.431652,0.527182,0.101793,0.998931,0.42469,0.763992,-0.33785,0.80617,0.427664,0.710447,0.123249,0.170223,0.371451,0.927504,-0.348326,0.900215,0.430207,0.889945,-0.010296,0.67291,0.349488,0.953176,-0.399862,0.914094,0.419033,0.896385,-0.0287,0.720903,0.343394,0.944671,-0.388095,0.912526,0.420257,0.904102,-0.069278,0.731564,0.353371,0.938086,-0.345713,0.863615,0.421914,0.905935,-0.033745,0.708967,0.631846,0.367732,-0.110651,0.998842,0.592842,0.361779,0.11039,0.999173,0.673373,0.619568,0.070642,0.687424,0.656483,0.625154,0.197546,0.043113,0.728723,0.836254,0.210067,0.835212,0.692222,0.825384,0.336556,0.083298,0.750887,0.810667,0.21947,0.877935,0.701252,0.852139,0.349652,0.122787,0.709382,0.934631,0.130977,0.849724,0.654979,0.904844,0.28505,0.138878
69,2.3,0.396212,0.646525,-0.068923,0.998393,0.382266,0.626411,-0.099708,0.998334,0.382831,0.621628,-0.10001,0.997698,0.38364,0.616679,-0.099861,0.998348,0.380512,0.627641,-0.062073,0.999201,0.380083,0.624254,-0.062616,0.999361,0.379698,0.620727,-0.062791,0.999586,0.393149,0.580626,-0.189016,0.997813,0.387788,0.583739,-0.018894,0.999194,0.409801,0.633297,-0.093568,0.997365,0.409295,0.635021,-0.046333,0.998136,0.459931,0.56261,-0.255204,0.997715,0.430655,0.524174,0.070799,0.99883,0.427068,0.768681,-0.339224,0.792267,0.428079,0.711545,0.089678,0.156478,0.375182,0.931225,-0.361578,0.890771,0.432944,0.893008,-0.043427,0.639095,0.3526,0.955055,-0.415877,0.903204,0.421627,0.899052,-0.063489,0.689065,0.346538,0.946787,-0.40719,0.900628,0.423136,0.90692,-0.103465,0.699663,0.356753,0.940324,-0.361082,0.846425,0.424463,0.909243,-0.066097,0.674671,0.633801,0.363881,-0.109365,0.998885,0.592441,0.359095,0.109068,0.999201,0.682972,0.619549,0.084959,0.6665,0.624721,0.628643,0.20735,0.040618,0.735289,0.837378,0.208152,0.825359,0.664047,0.821526,0.363591,0.078083,0.75543,0.825463,0.21617,0.867723,0.681664,0.84726,0.378868,0.117355,0.721782,0.936604,0.126774,0.836995,0.625522,0.903252,0.328769,0.131425
70,2.333333,0.396268,0.646336,-0.083424,0.998179,0.382411,0.626419,-0.113725,0.998108,0.382917,0.621741,-0.114022,0.997299,0.383683,0.617094,-0.113878,0.998095,0.380728,0.627603,-0.076626,0.999109,0.3803,0.624251,-0.077164,0.999271,0.379883,0.620735,-0.077337,0.99954,0.393098,0.582175,-0.199896,0.997395,0.387834,0.583771,-0.032374,0.999094,0.409831,0.63337,-0.106744,0.996901,0.409263,0.635041,-0.060222,0.997846,0.460625,0.56651,-0.263254,0.997505,0.429922,0.52258,0.05949,0.998618,0.430527,0.771339,-0.348507,0.783053,0.430585,0.712373,0.079002,0.14391,0.377011,0.933213,-0.373085,0.881729,0.435816,0.895571,-0.052222,0.60244,0.355658,0.956123,-0.428584,0.892125,0.425473,0.900404,-0.072783,0.653192,0.349371,0.947388,-0.421189,0.888542,0.42684,0.907913,-0.112787,0.663732,0.359322,0.941048,-0.373417,0.829066,0.428322,0.91071,-0.074839,0.637558,0.637239,0.362932,-0.108679,0.998917,0.59215,0.357765,0.10836,0.999222,0.688225,0.619758,0.082821,0.659873,0.598655,0.629758,0.21294,0.038973,0.739926,0.838741,0.215363,0.825512,0.638054,0.828177,0.37781,0.074997,0.756489,0.832242,0.224102,0.862798,0.652352,0.860205,0.392838,0.114445,0.727661,0.938484,0.126032,0.832981,0.599073,0.90388,0.344893,0.127009
71,2.366667,0.396783,0.646165,-0.086597,0.998068,0.383271,0.626434,-0.116508,0.997978,0.383735,0.621871,-0.116803,0.997061,0.384401,0.617469,-0.116662,0.997938,0.381639,0.627605,-0.080201,0.999062,0.381306,0.624258,-0.080743,0.999227,0.380874,0.620753,-0.080923,0.999519,0.393113,0.583483,-0.201146,0.997132,0.388229,0.583874,-0.036813,0.999043,0.410131,0.633356,-0.109437,0.996564,0.40936,0.634984,-0.063849,0.997643,0.461032,0.567856,-0.260771,0.997277,0.429554,0.519603,0.05017,0.998445,0.432747,0.771748,-0.347032,0.768459,0.433634,0.714826,0.064383,0.133052,0.381211,0.93277,-0.374033,0.867057,0.438525,0.897951,-0.066228,0.568511,0.356079,0.955239,-0.429836,0.876461,0.42766,0.90357,-0.086969,0.619476,0.350316,0.946621,-0.422582,0.871664,0.429139,0.910116,-0.126768,0.629728,0.361387,0.939938,-0.374695,0.807007,0.43114,0.912526,-0.08866,0.602916,0.638593,0.359538,-0.107792,0.998963,0.591894,0.356252,0.107468,0.999254,0.691747,0.617619,0.070966,0.661982,0.584976,0.629106,0.200936,0.038148,0.742416,0.840255,0.180473,0.828976,0.620469,0.838054,0.346898,0.073358,0.75888,0.842258,0.186828,0.86182,0.635148,0.872457,0.36099,0.113851,0.73101,0.939159,0.089396,0.833252,0.573154,0.903531,0.314238,0.125139
72,2.4,0.398129,0.641147,-0.098591,0.997916,0.385339,0.623655,-0.126788,0.997819,0.385858,0.619922,-0.1271,0.996811,0.386501,0.616209,-0.12697,0.997771,0.383505,0.624504,-0.09204,0.999001,0.383004,0.621707,-0.092587,0.999178,0.382411,0.618752,-0.092778,0.999492,0.394563,0.583413,-0.204667,0.99689,0.389366,0.583466,-0.046992,0.998981,0.411117,0.630718,-0.119347,0.99615,0.410106,0.631812,-0.07564,0.997396,0.461411,0.567422,-0.256035,0.997065,0.42941,0.517462,0.040561,0.998211,0.433106,0.771077,-0.322498,0.761952,0.434559,0.714285,0.045428,0.122862,0.39274,0.93093,-0.339893,0.860169,0.436439,0.899173,-0.086053,0.530902,0.365674,0.954383,-0.393201,0.868394,0.426166,0.906354,-0.107375,0.581831,0.358812,0.945662,-0.389189,0.862888,0.429186,0.91157,-0.146013,0.592084,0.372884,0.93836,-0.342079,0.795198,0.431917,0.913302,-0.108102,0.566302,0.64124,0.356252,-0.101888,0.999026,0.592304,0.35555,0.101583,0.999292,0.69928,0.614488,0.057929,0.677617,0.541361,0.641751,0.168377,0.039316,0.748673,0.837655,0.165053,0.836549,0.590108,0.860473,0.27769,0.074461,0.765945,0.841914,0.171604,0.863457,0.605269,0.900015,0.289088,0.117455,0.74121,0.939156,0.079085,0.837846,0.542412,0.909785,0.250205,0.129286
73,2.433333,0.398107,0.640412,-0.100299,0.99779,0.385347,0.623014,-0.129718,0.997674,0.385906,0.619303,-0.13003,0.99658,0.386627,0.615528,-0.1299,0.997617,0.383505,0.623934,-0.093055,0.998943,0.383018,0.621204,-0.093599,0.99913,0.382466,0.61824,-0.093789,0.999466,0.394609,0.582761,-0.210566,0.996658,0.38975,0.582415,-0.045083,0.998915,0.411143,0.629834,-0.122316,0.995796,0.410104,0.630944,-0.076178,0.997175,0.461561,0.565312,-0.262723,0.996887,0.429242,0.514657,0.044886,0.998045,0.433554,0.769863,-0.333774,0.754337,0.435024,0.712931,0.053103,0.113697,0.397988,0.931376,-0.347969,0.852295,0.437525,0.90008,-0.083312,0.50103,0.371199,0.955062,-0.402417,0.859356,0.426724,0.907652,-0.104462,0.552433,0.364441,0.946294,-0.396714,0.852953,0.431143,0.912676,-0.145017,0.562702,0.3794,0.938646,-0.349221,0.78189,0.433209,0.914402,-0.106337,0.537207,0.643768,0.356442,-0.102218,0.999081,0.592847,0.355166,0.101915,0.999328,0.701454,0.614616,0.065784,0.688533,0.536053,0.645924,0.180624,0.040194,0.751198,0.838265,0.192688,0.843052,0.585889,0.867765,0.312753,0.075845,0.768331,0.843261,0.201526,0.863809,0.602079,0.908234,0.326494,0.120851,0.74254,0.939184,0.106792,0.841502,0.537507,0.912307,0.284303,0.133532
74,2.466667,0.398059,0.638689,-0.136076,0.997687,0.385389,0.621848,-0.166951,0.997565,0.386035,0.61811,-0.167267,0.996422,0.386808,0.614404,-0.167142,0.997506,0.383492,0.622937,-0.128451,0.998902,0.38301,0.620358,-0.129,0.9991,0.382466,0.61754,-0.129201,0.999451,0.394741,0.581382,-0.249579,0.996532,0.389927,0.58139,-0.075195,0.99887,0.411149,0.6285,-0.15848,0.995558,0.410094,0.629846,-0.109822,0.99703,0.463905,0.56126,-0.300353,0.996763,0.429049,0.514325,0.027636,0.997953,0.43523,0.768101,-0.343421,0.752848,0.436604,0.710056,0.044623,0.105823,0.403135,0.930312,-0.349311,0.847243,0.437675,0.899327,-0.104128,0.479481,0.375936,0.954221,-0.402594,0.85262,0.426977,0.907682,-0.125621,0.533201,0.371262,0.94562,-0.398357,0.845466,0.431605,0.912657,-0.169572,0.543824,0.386031,0.938045,-0.350587,0.771212,0.435393,0.914062,-0.128514,0.517837,0.645437,0.35617,-0.102724,0.999136,0.592849,0.356345,0.102424,0.999364,0.703553,0.61492,0.065115,0.707273,0.546953,0.644836,0.175704,0.045222,0.752225,0.834119,0.182874,0.852537,0.578103,0.874342,0.311111,0.083779,0.76866,0.841156,0.192479,0.866947,0.590141,0.913806,0.325563,0.130676,0.746597,0.939189,0.09761,0.848812,0.526217,0.913772,0.283482,0.147473
75,2.5,0.398125,0.636438,-0.166974,0.997709,0.385746,0.620094,-0.197341,0.997574,0.386521,0.616162,-0.197647,0.996438,0.387451,0.612213,-0.197528,0.997505,0.383645,0.62154,-0.158708,0.998919,0.38318,0.619038,-0.15925,0.999119,0.38268,0.616335,-0.159451,0.999465,0.39504,0.578755,-0.276961,0.996563,0.390322,0.579599,-0.101533,0.998894,0.411405,0.625482,-0.1883,0.995544,0.410282,0.627193,-0.139399,0.99705,0.466945,0.553993,-0.323651,0.99671,0.428932,0.513388,0.000682,0.997967,0.437934,0.766104,-0.370396,0.756418,0.438461,0.708206,0.020055,0.10047,0.406741,0.929654,-0.351551,0.843815,0.439807,0.899256,-0.125928,0.46928,0.379978,0.953589,-0.405154,0.847309,0.427495,0.90781,-0.146618,0.524578,0.375751,0.945315,-0.399234,0.839292,0.431821,0.912784,-0.190996,0.535519,0.389477,0.938105,-0.352334,0.762953,0.437421,0.914098,-0.150173,0.508777,0.646106,0.353723,-0.102685,0.999197,0.592784,0.356761,0.102388,0.999406,0.705002,0.613722,0.026522,0.730276,0.546077,0.643466,0.155875,0.055517,0.75509,0.828244,0.174048,0.863387,0.57613,0.876829,0.281162,0.099151,0.769871,0.836663,0.183047,0.873287,0.590816,0.917592,0.294954,0.147396,0.7531,0.939001,0.091129,0.858571,0.522725,0.914972,0.25472,0.172227
76,2.533333,0.398302,0.634686,-0.17786,0.997776,0.386418,0.618865,-0.207554,0.997626,0.387477,0.614649,-0.20785,0.996521,0.388505,0.610587,-0.207738,0.997546,0.383844,0.620687,-0.169643,0.998954,0.383374,0.618222,-0.170191,0.999154,0.382902,0.615569,-0.170395,0.999488,0.39598,0.576402,-0.28442,0.996665,0.390759,0.578589,-0.112075,0.998946,0.411877,0.624032,-0.198212,0.995644,0.410487,0.625994,-0.150207,0.99715,0.469934,0.548587,-0.32172,0.99669,0.428852,0.512867,-0.020617,0.998022,0.442785,0.763273,-0.369807,0.766109,0.440879,0.70514,-0.004795,0.098463,0.411133,0.929498,-0.354478,0.846037,0.44135,0.898992,-0.140838,0.470052,0.384992,0.953223,-0.406248,0.84795,0.426804,0.908106,-0.161037,0.525569,0.380132,0.945515,-0.40162,0.8394,0.43211,0.913028,-0.203556,0.53687,0.393735,0.938439,-0.355557,0.763107,0.437739,0.914499,-0.163864,0.509738,0.646522,0.351421,-0.098699,0.99926,0.592802,0.357308,0.098429,0.999451,0.706048,0.611512,-0.004978,0.754666,0.546445,0.64263,0.133459,0.072644,0.758578,0.826033,0.148853,0.875272,0.577739,0.876463,0.251425,0.123748,0.771572,0.833521,0.161235,0.882486,0.592533,0.917125,0.264732,0.171405,0.755817,0.938911,0.080036,0.870164,0.529008,0.918344,0.228202,0.207934
77,2.566667,0.398333,0.629409,-0.178826,0.997865,0.387145,0.614158,-0.209892,0.997711,0.388445,0.609989,-0.210191,0.996647,0.389738,0.605886,-0.21008,0.99763,0.384123,0.616458,-0.171385,0.998998,0.383636,0.614204,-0.171933,0.999194,0.383146,0.611854,-0.172132,0.999513,0.3968,0.572385,-0.288498,0.996798,0.390978,0.575989,-0.113747,0.998995,0.412062,0.619719,-0.199241,0.995798,0.410528,0.622037,-0.150584,0.997266,0.470718,0.545572,-0.329403,0.996771,0.427374,0.512442,-0.014162,0.998105,0.447543,0.762186,-0.371667,0.774413,0.443482,0.699814,0.004848,0.096765,0.414293,0.929205,-0.353165,0.847989,0.446632,0.894225,-0.131866,0.472611,0.390653,0.952951,-0.403842,0.848076,0.433319,0.906106,-0.152039,0.528608,0.385575,0.945235,-0.399494,0.839171,0.437031,0.911281,-0.19533,0.540284,0.397586,0.938119,-0.353836,0.762445,0.442357,0.911823,-0.15531,0.512348,0.646571,0.350912,-0.098922,0.999316,0.592802,0.358455,0.098656,0.999491,0.707358,0.610586,-0.008426,0.775344,0.553081,0.64801,0.141956,0.086779,0.76436,0.825818,0.13639,0.885057,0.583569,0.879686,0.265517,0.141934,0.776321,0.834768,0.14794,0.888832,0.597978,0.917039,0.279202,0.189768,0.760404,0.938902,0.062399,0.879417,0.532075,0.921434,0.240565,0.234813
78,2.6,0.396933,0.628191,-0.189154,0.997908,0.386659,0.613199,-0.220224,0.997736,0.388256,0.608745,-0.220522,0.996684,0.389696,0.604388,-0.220409,0.997641,0.383246,0.615386,-0.182852,0.999024,0.383064,0.612736,-0.183407,0.999221,0.382735,0.610132,-0.183621,0.999532,0.39697,0.569846,-0.298032,0.996843,0.390987,0.57419,-0.128095,0.999036,0.411636,0.618398,-0.20929,0.995849,0.409814,0.620937,-0.161932,0.99734,0.472895,0.541726,-0.333085,0.996751,0.426451,0.511486,-0.031481,0.998162,0.449486,0.761341,-0.371878,0.778918,0.44652,0.699428,-0.007008,0.094403,0.413939,0.929458,-0.353392,0.8454,0.449073,0.889669,-0.13621,0.469148,0.391506,0.952791,-0.40339,0.844523,0.437086,0.903025,-0.155232,0.525545,0.386279,0.945044,-0.399572,0.835068,0.4403,0.908231,-0.199292,0.537692,0.396981,0.938026,-0.3543,0.757477,0.445091,0.908052,-0.159423,0.509302,0.646416,0.350519,-0.097986,0.99937,0.592488,0.359464,0.097725,0.99953,0.707806,0.608398,-0.003007,0.794867,0.555659,0.648946,0.131406,0.099022,0.764478,0.824792,0.137753,0.894633,0.584719,0.87996,0.248994,0.157603,0.776079,0.834433,0.148849,0.895674,0.599199,0.916865,0.262652,0.20503,0.764448,0.939069,0.062844,0.888542,0.526648,0.924277,0.227649,0.259606
79,2.633333,0.396468,0.625838,-0.187294,0.997952,0.386596,0.611185,-0.218451,0.997768,0.388256,0.606497,-0.218747,0.996734,0.389745,0.602042,-0.218638,0.99767,0.383022,0.613354,-0.181914,0.99905,0.382882,0.610621,-0.182468,0.999246,0.382612,0.607974,-0.182679,0.999549,0.397304,0.567369,-0.295112,0.996902,0.391003,0.572193,-0.129121,0.99907,0.411621,0.616553,-0.206814,0.995884,0.409716,0.619352,-0.160564,0.997393,0.473587,0.541255,-0.328608,0.996798,0.425971,0.510737,-0.032253,0.998207,0.450866,0.76091,-0.359226,0.780398,0.447607,0.699456,-0.007082,0.090042,0.415315,0.930111,-0.326,0.839193,0.450492,0.883682,-0.133578,0.451295,0.393935,0.953144,-0.37259,0.837227,0.440336,0.897502,-0.152057,0.508202,0.388519,0.945028,-0.36971,0.826986,0.443878,0.900073,-0.195659,0.520552,0.398331,0.938115,-0.326821,0.747441,0.446755,0.900936,-0.156523,0.492517,0.646327,0.350712,-0.095859,0.999423,0.592454,0.362185,0.09559,0.999567,0.70764,0.607164,-0.011677,0.812566,0.553743,0.648214,0.125587,0.110714,0.765615,0.824396,0.127212,0.903068,0.586557,0.879088,0.239166,0.172527,0.778715,0.833817,0.138547,0.901213,0.600221,0.914861,0.252591,0.21901,0.767013,0.938985,0.057313,0.896625,0.532871,0.926223,0.220139,0.283535
80,2.666667,0.396075,0.624715,-0.193654,0.998025,0.386469,0.609773,-0.224199,0.997829,0.388231,0.604712,-0.224496,0.996839,0.389742,0.600016,-0.22439,0.997736,0.38285,0.612087,-0.18966,0.99908,0.382757,0.609201,-0.190205,0.999274,0.382538,0.606462,-0.190405,0.999566,0.397565,0.564616,-0.296193,0.997018,0.39101,0.569937,-0.139058,0.999105,0.41162,0.615476,-0.211136,0.995971,0.409688,0.618581,-0.167488,0.997459,0.475045,0.541292,-0.32529,0.9969,0.424098,0.508973,-0.044123,0.998233,0.452362,0.760283,-0.350437,0.789033,0.447317,0.694761,-0.029067,0.085957,0.418603,0.930476,-0.318687,0.84153,0.449448,0.88195,-0.150377,0.430258,0.39687,0.953004,-0.365425,0.838649,0.43847,0.89289,-0.16837,0.487918,0.39082,0.94495,-0.362029,0.828052,0.443619,0.895794,-0.208965,0.500257,0.401387,0.937995,-0.319467,0.748532,0.445414,0.896789,-0.171768,0.473314,0.646214,0.350914,-0.09224,0.999471,0.592406,0.363625,0.091978,0.9996,0.708398,0.605693,-0.026511,0.829715,0.555531,0.647946,0.112264,0.124375,0.766556,0.821434,0.098273,0.911654,0.588666,0.87698,0.215295,0.195957,0.780583,0.830313,0.1081,0.908401,0.602551,0.912683,0.227553,0.241022,0.769818,0.938858,0.028183,0.905311,0.536354,0.926255,0.194863,0.316391
81,2.7,0.395066,0.621238,-0.188868,0.998126,0.386197,0.607146,-0.216936,0.99793,0.388056,0.601935,-0.217238,0.997,0.389655,0.597037,-0.217129,0.997845,0.38262,0.609429,-0.182152,0.999124,0.382553,0.606398,-0.182702,0.999313,0.382356,0.603482,-0.182909,0.999589,0.397573,0.560513,-0.292948,0.997175,0.39084,0.566508,-0.129409,0.999152,0.410729,0.610319,-0.20527,0.996159,0.408668,0.613948,-0.161816,0.997577,0.475834,0.533513,-0.329184,0.997065,0.419148,0.502178,-0.037155,0.998308,0.454125,0.756085,-0.365898,0.799905,0.445823,0.68384,-0.004802,0.083603,0.422653,0.930399,-0.332364,0.849196,0.448492,0.857227,-0.107657,0.420541,0.399723,0.952921,-0.378219,0.845806,0.438396,0.871212,-0.121009,0.479326,0.393954,0.944847,-0.368667,0.835513,0.441971,0.875139,-0.165114,0.49191,0.405805,0.937894,-0.330378,0.758281,0.444424,0.87989,-0.130118,0.465654,0.645947,0.350091,-0.094101,0.999515,0.592391,0.363697,0.093879,0.999631,0.708233,0.603066,-0.019171,0.844471,0.565919,0.638533,0.12578,0.135509,0.767479,0.820446,0.104282,0.919325,0.590761,0.875196,0.229741,0.217465,0.782192,0.828847,0.113284,0.915197,0.605768,0.912518,0.241224,0.262529,0.772406,0.938883,0.027854,0.913252,0.537593,0.925094,0.200894,0.347921
82,2.733333,0.389932,0.620544,-0.206852,0.998111,0.381651,0.604993,-0.239792,0.997849,0.383795,0.599455,-0.240095,0.996936,0.386073,0.593575,-0.240025,0.997784,0.377698,0.607289,-0.207732,0.999078,0.377403,0.604004,-0.208262,0.999286,0.377153,0.600805,-0.208466,0.999568,0.39618,0.554564,-0.318758,0.997145,0.387143,0.561806,-0.171885,0.999121,0.405615,0.608244,-0.225249,0.996092,0.403193,0.613138,-0.184709,0.997514,0.477322,0.525288,-0.344945,0.997133,0.407983,0.493746,-0.084578,0.998316,0.467239,0.745393,-0.399638,0.804686,0.428593,0.682477,-0.075726,0.083338,0.43133,0.930244,-0.395475,0.854646,0.438661,0.860482,-0.186469,0.409628,0.410851,0.953097,-0.448084,0.851485,0.42232,0.879428,-0.202911,0.468779,0.405125,0.944811,-0.443058,0.841766,0.425668,0.879204,-0.246792,0.482201,0.415245,0.937799,-0.3974,0.766598,0.432659,0.882976,-0.209231,0.457893,0.642281,0.346089,-0.091672,0.999551,0.586806,0.363317,0.091447,0.999655,0.70791,0.597864,-0.030105,0.856332,0.581264,0.635421,0.130871,0.137823,0.771158,0.82033,0.091949,0.925944,0.597613,0.873996,0.222178,0.234679,0.784209,0.826892,0.100566,0.920957,0.613166,0.911102,0.232049,0.275772,0.774195,0.938686,0.018974,0.919948,0.550076,0.926125,0.188559,0.37297
83,2.766667,0.38638,0.62087,-0.219538,0.998139,0.378587,0.605199,-0.254238,0.997848,0.380994,0.599723,-0.254541,0.996958,0.383423,0.593872,-0.254473,0.997803,0.374807,0.607227,-0.220729,0.99907,0.374757,0.603785,-0.221253,0.999283,0.374687,0.600288,-0.221449,0.999563,0.395018,0.554667,-0.339634,0.997196,0.3853,0.561536,-0.18634,0.999111,0.40218,0.60877,-0.240658,0.996149,0.400635,0.613442,-0.19818,0.997529,0.47881,0.526621,-0.363276,0.997223,0.406002,0.494966,-0.098345,0.998325,0.469703,0.744469,-0.404249,0.811536,0.424856,0.68287,-0.097102,0.081761,0.431412,0.928822,-0.385985,0.859423,0.432303,0.862162,-0.216878,0.395633,0.411839,0.953041,-0.437116,0.855806,0.412802,0.897245,-0.235339,0.455122,0.405335,0.944552,-0.43307,0.846356,0.415001,0.888828,-0.277519,0.469018,0.415054,0.936408,-0.387689,0.77243,0.424614,0.883172,-0.239397,0.446286,0.641263,0.344644,-0.091002,0.999585,0.585054,0.363268,0.090764,0.999678,0.707589,0.596975,-0.040172,0.867831,0.583483,0.631152,0.125011,0.142063,0.772278,0.820232,0.098088,0.932039,0.601037,0.873479,0.226165,0.253129,0.784706,0.822261,0.107934,0.926042,0.61648,0.91023,0.237509,0.288831,0.774129,0.93844,0.024241,0.926006,0.553442,0.926012,0.192772,0.39749
84,2.8,0.383496,0.614933,-0.214697,0.998221,0.376601,0.600305,-0.252009,0.997926,0.378979,0.594887,-0.252307,0.997087,0.381358,0.589462,-0.252235,0.997888,0.372927,0.602157,-0.207291,0.999103,0.37284,0.5982,-0.207834,0.999312,0.372579,0.594266,-0.208058,0.999579,0.39308,0.551691,-0.319507,0.997293,0.382879,0.556015,-0.167173,0.999143,0.399813,0.601146,-0.23474,0.996288,0.397446,0.605302,-0.185456,0.99762,0.479904,0.526208,-0.333452,0.997349,0.402297,0.488116,-0.075751,0.998374,0.473102,0.744461,-0.37471,0.822622,0.41206,0.657299,-0.077721,0.089133,0.434232,0.927834,-0.384462,0.8707,0.420342,0.817716,-0.122964,0.421383,0.415413,0.952497,-0.432805,0.867209,0.411286,0.850078,-0.135812,0.479208,0.408876,0.941997,-0.428833,0.858506,0.415102,0.850169,-0.178816,0.49344,0.417943,0.931028,-0.385263,0.789429,0.422535,0.84452,-0.143828,0.470187,0.63927,0.342673,-0.089061,0.99961,0.583119,0.36035,0.088835,0.999694,0.707455,0.591677,-0.016194,0.877151,0.585967,0.627655,0.112728,0.150833,0.773355,0.813419,0.099798,0.937672,0.604383,0.872928,0.21598,0.271364,0.786382,0.81407,0.111684,0.931385,0.620448,0.909965,0.227328,0.305998,0.777071,0.936655,0.025333,0.931886,0.559028,0.928658,0.182269,0.422323
85,2.833333,0.380498,0.611774,-0.206457,0.998298,0.373572,0.59633,-0.241868,0.998002,0.376233,0.590426,-0.24217,0.997209,0.378833,0.584499,-0.242075,0.997974,0.369707,0.597486,-0.200196,0.999131,0.369662,0.592869,-0.200728,0.999336,0.369453,0.588177,-0.200926,0.999591,0.391003,0.548023,-0.313933,0.99739,0.380034,0.550172,-0.167607,0.999167,0.397807,0.59717,-0.227499,0.996415,0.395124,0.600712,-0.178773,0.99769,0.480447,0.522574,-0.332834,0.997456,0.399219,0.483469,-0.079476,0.998408,0.473288,0.742073,-0.374658,0.832859,0.399677,0.642053,-0.057536,0.095467,0.436309,0.92747,-0.380867,0.880503,0.40014,0.799697,-0.105241,0.441006,0.416973,0.952535,-0.432352,0.877038,0.394843,0.834104,-0.117418,0.497794,0.410615,0.942004,-0.428076,0.869022,0.39995,0.836042,-0.160961,0.512451,0.419331,0.930194,-0.382253,0.804115,0.407881,0.827785,-0.126215,0.48906,0.6371,0.341194,-0.088932,0.99963,0.580623,0.359194,0.088708,0.999705,0.706229,0.591367,-0.020188,0.884916,0.587088,0.627498,0.119137,0.150407,0.774196,0.812633,0.08582,0.942374,0.60745,0.872455,0.22505,0.275671,0.787071,0.81095,0.093174,0.935761,0.623342,0.910063,0.236513,0.310414,0.775747,0.93635,0.007543,0.936762,0.561697,0.928168,0.192818,0.432912
86,2.866667,0.379319,0.607425,-0.185968,0.998366,0.37218,0.591882,-0.221799,0.998071,0.375262,0.585206,-0.222096,0.997328,0.378039,0.578768,-0.222025,0.998055,0.367334,0.593254,-0.187231,0.999153,0.367363,0.588059,-0.187718,0.999356,0.367207,0.583054,-0.187858,0.9996,0.389113,0.545401,-0.308561,0.997504,0.377807,0.54558,-0.160813,0.999193,0.396219,0.590496,-0.209212,0.996575,0.393164,0.593565,-0.167262,0.997772,0.480851,0.520164,-0.332666,0.99759,0.398628,0.476834,-0.072072,0.998456,0.472757,0.738255,-0.379106,0.843444,0.387401,0.632183,-0.053522,0.104953,0.43862,0.927435,-0.387264,0.890349,0.374484,0.788867,-0.101332,0.472566,0.419026,0.952503,-0.441082,0.887117,0.371043,0.828032,-0.115253,0.527709,0.410625,0.942074,-0.435386,0.879776,0.37779,0.83253,-0.157864,0.542156,0.419752,0.930618,-0.388489,0.819536,0.383538,0.820077,-0.122398,0.5186,0.63725,0.341235,-0.089179,0.999646,0.581071,0.359224,0.088979,0.999711,0.706088,0.591937,-0.03163,0.892772,0.592151,0.627662,0.130152,0.148599,0.775614,0.812184,0.076943,0.946948,0.611596,0.872049,0.238552,0.278705,0.788544,0.811927,0.083756,0.940483,0.629092,0.910168,0.249663,0.314588,0.774448,0.935709,-0.000364,0.941586,0.565033,0.927757,0.205319,0.44135
87,2.9,0.377906,0.601575,-0.204544,0.998044,0.371675,0.585962,-0.237388,0.997707,0.374906,0.57983,-0.237708,0.996911,0.377751,0.573958,-0.23763,0.99778,0.366609,0.585424,-0.209924,0.99888,0.366625,0.579773,-0.210438,0.999136,0.366531,0.574567,-0.210603,0.999429,0.389028,0.540592,-0.314027,0.997182,0.376941,0.539442,-0.189917,0.998874,0.39382,0.583932,-0.221491,0.99596,0.390807,0.585477,-0.187313,0.997072,0.482654,0.518225,-0.339645,0.997544,0.397127,0.470777,-0.100736,0.998012,0.474086,0.731669,-0.396881,0.847306,0.367074,0.630747,-0.081541,0.102045,0.443102,0.926521,-0.422348,0.897041,0.336341,0.792867,-0.157683,0.469068,0.428724,0.952213,-0.482055,0.894223,0.322977,0.833417,-0.180254,0.528481,0.415185,0.941882,-0.479444,0.887705,0.330656,0.839027,-0.21818,0.544392,0.422497,0.930514,-0.425793,0.830239,0.340144,0.825673,-0.177894,0.519287,0.637376,0.341442,-0.089414,0.999619,0.581335,0.358676,0.089208,0.999659,0.70414,0.592381,0.006849,0.880363,0.601121,0.627734,0.146829,0.137201,0.776156,0.810612,0.124259,0.946316,0.618504,0.87145,0.289101,0.260182,0.789566,0.812985,0.130933,0.939427,0.636609,0.909842,0.304182,0.296754,0.770721,0.93058,0.044056,0.939917,0.57442,0.928364,0.264908,0.416565
88,2.933333,0.378734,0.595637,-0.222904,0.997988,0.371931,0.580853,-0.253695,0.997635,0.375265,0.575476,-0.254027,0.996854,0.378048,0.57059,-0.253952,0.997738,0.366892,0.580854,-0.224802,0.998811,0.367222,0.575652,-0.225341,0.999087,0.3672,0.570938,-0.225521,0.999387,0.38819,0.539905,-0.323571,0.997143,0.376075,0.537972,-0.191616,0.998795,0.393924,0.577695,-0.237241,0.995804,0.391236,0.578518,-0.20104,0.996888,0.48246,0.510318,-0.346313,0.997498,0.395916,0.470195,-0.102402,0.997943,0.476028,0.727347,-0.402156,0.850303,0.365342,0.626756,-0.079175,0.107841,0.44409,0.925603,-0.41569,0.901992,0.334247,0.79403,-0.169955,0.489927,0.429705,0.952166,-0.47461,0.899599,0.318977,0.835129,-0.193544,0.5492,0.416832,0.941648,-0.471372,0.893759,0.326756,0.84097,-0.232913,0.565759,0.423708,0.930385,-0.418553,0.838187,0.335763,0.828064,-0.19097,0.539403,0.637471,0.34082,-0.089583,0.999592,0.581499,0.358534,0.089372,0.999622,0.70332,0.592629,-0.044298,0.880364,0.599674,0.626018,0.152196,0.128338,0.77622,0.808538,0.055176,0.946628,0.620766,0.865553,0.290753,0.24516,0.790436,0.813544,0.060681,0.939934,0.637331,0.905118,0.305202,0.281599,0.768147,0.923378,-0.026117,0.940075,0.575007,0.924571,0.266455,0.396589
89,2.966667,0.379296,0.593952,-0.217644,0.997796,0.372293,0.579534,-0.249544,0.997442,0.375568,0.574224,-0.249876,0.996642,0.378238,0.569463,-0.249792,0.997585,0.367328,0.580105,-0.219074,0.998659,0.367721,0.575219,-0.219619,0.998975,0.367646,0.570651,-0.219807,0.999302,0.387935,0.53904,-0.324595,0.996962,0.375891,0.537502,-0.185691,0.998644,0.394198,0.576131,-0.233939,0.995468,0.391674,0.57647,-0.195767,0.996548,0.481677,0.504802,-0.349159,0.997424,0.394204,0.467878,-0.101441,0.997821,0.478405,0.723662,-0.418407,0.854838,0.357894,0.625364,-0.081779,0.113299,0.448141,0.924931,-0.439664,0.907986,0.318909,0.785779,-0.178727,0.51311,0.433264,0.95206,-0.500125,0.905946,0.301693,0.828981,-0.204205,0.571625,0.419782,0.941519,-0.496024,0.900724,0.308964,0.834213,-0.240994,0.588574,0.427376,0.930311,-0.44226,0.847677,0.320198,0.818403,-0.199035,0.560822,0.637526,0.340448,-0.08968,0.999566,0.581648,0.357218,0.089468,0.999587,0.702225,0.592851,-0.024334,0.869126,0.605928,0.626174,0.153743,0.119168,0.775791,0.808872,0.06847,0.945191,0.623869,0.862252,0.284562,0.229504,0.789928,0.816259,0.077861,0.939578,0.639238,0.903863,0.29805,0.266395,0.758011,0.918962,-0.006452,0.938592,0.576294,0.924546,0.256234,0.375475
90,3.0,0.379296,0.594484,-0.237169,0.997783,0.372542,0.580149,-0.268285,0.997452,0.375492,0.57493,-0.268623,0.996688,0.377936,0.570125,-0.268542,0.99761,0.367827,0.580847,-0.234682,0.998625,0.367995,0.576231,-0.235237,0.998955,0.367709,0.571827,-0.235433,0.99928,0.387753,0.538014,-0.339928,0.997032,0.375836,0.537592,-0.187983,0.998613,0.393888,0.577834,-0.252434,0.995479,0.391543,0.578514,-0.210158,0.996483,0.483641,0.500185,-0.362838,0.997419,0.39198,0.467811,-0.102733,0.997784,0.479875,0.721801,-0.434877,0.862694,0.349461,0.627968,-0.087301,0.12394,0.453094,0.924363,-0.453884,0.914114,0.305661,0.784124,-0.194908,0.538245,0.439074,0.952037,-0.515858,0.912383,0.287536,0.824218,-0.221987,0.59602,0.423529,0.941465,-0.511576,0.907684,0.294441,0.83101,-0.258742,0.612887,0.431325,0.930316,-0.45635,0.857522,0.305102,0.815574,-0.215628,0.584939,0.637296,0.338109,-0.089993,0.999556,0.581578,0.356883,0.089784,0.999566,0.700405,0.593029,-0.059268,0.875687,0.606866,0.621869,0.165923,0.116071,0.773706,0.808853,0.046027,0.947957,0.62712,0.858439,0.308975,0.226279,0.789706,0.818698,0.052611,0.942816,0.641971,0.8952,0.323846,0.262866,0.746686,0.916627,-0.038345,0.941828,0.575999,0.924896,0.281237,0.372881
91,3.033333,0.378609,0.595042,-0.232962,0.997491,0.372028,0.580196,-0.263647,0.997196,0.374621,0.575191,-0.263986,0.996438,0.376869,0.570499,-0.263905,0.997407,0.367694,0.580537,-0.231731,0.998411,0.367702,0.575877,-0.232299,0.99881,0.367352,0.571296,-0.232505,0.999156,0.387137,0.538036,-0.335342,0.996902,0.375553,0.537078,-0.190408,0.998439,0.393422,0.579233,-0.248194,0.995071,0.391259,0.579714,-0.20815,0.996071,0.487107,0.495332,-0.357947,0.99733,0.390504,0.46741,-0.114179,0.997621,0.482035,0.719823,-0.425858,0.870054,0.342419,0.630246,-0.100322,0.136154,0.457701,0.924309,-0.444997,0.919408,0.293958,0.783401,-0.201025,0.563176,0.442544,0.952012,-0.505798,0.918088,0.272425,0.823535,-0.230239,0.620258,0.427254,0.941456,-0.50356,0.913923,0.279045,0.83003,-0.264053,0.636996,0.434932,0.930407,-0.448238,0.86639,0.289893,0.815068,-0.220766,0.609207,0.636879,0.33539,-0.08692,0.999539,0.580866,0.356825,0.086702,0.999538,0.695715,0.591977,-0.051888,0.879109,0.61028,0.613343,0.166811,0.113418,0.765905,0.808647,0.053939,0.949781,0.629989,0.847834,0.319334,0.223461,0.785028,0.821949,0.060303,0.945073,0.642809,0.883401,0.335498,0.258279,0.73687,0.914065,-0.027834,0.944169,0.580093,0.924234,0.296004,0.368872
92,3.066667,0.378705,0.595859,-0.230193,0.996897,0.372084,0.580898,-0.261007,0.996542,0.374489,0.575896,-0.261355,0.995854,0.376605,0.571186,-0.261277,0.996867,0.367934,0.581192,-0.229855,0.997928,0.367859,0.576599,-0.23044,0.998532,0.36743,0.572149,-0.230665,0.998874,0.38631,0.538472,-0.332787,0.996664,0.37467,0.537821,-0.191417,0.998181,0.393366,0.57974,-0.244953,0.994339,0.391247,0.580567,-0.205862,0.995392,0.488052,0.488191,-0.355898,0.99716,0.386031,0.467937,-0.122731,0.997427,0.487315,0.714907,-0.425537,0.878088,0.337481,0.632443,-0.118264,0.15376,0.463985,0.924397,-0.459073,0.925084,0.279744,0.788695,-0.222675,0.596794,0.450581,0.952082,-0.524258,0.924514,0.25459,0.827308,-0.258129,0.651985,0.434901,0.941752,-0.522949,0.920918,0.260226,0.831809,-0.288753,0.667764,0.441463,0.931223,-0.463515,0.876906,0.272025,0.81734,-0.241668,0.641925,0.634795,0.325204,-0.083703,0.999455,0.578753,0.348874,0.083445,0.999437,0.687224,0.586709,-0.051837,0.876177,0.608038,0.592508,0.183807,0.107762,0.751928,0.81148,0.039288,0.951461,0.635457,0.829282,0.366564,0.219283,0.768955,0.836569,0.043351,0.947913,0.647487,0.862368,0.385642,0.254323,0.713383,0.914333,-0.056467,0.946913,0.589964,0.919338,0.342854,0.362202
93,3.1,0.378803,0.594197,-0.205832,0.996531,0.372144,0.579722,-0.238672,0.996259,0.374504,0.574651,-0.239045,0.995571,0.376606,0.569898,-0.238942,0.996629,0.368062,0.580974,-0.207145,0.997667,0.36793,0.576757,-0.207741,0.998349,0.367479,0.572549,-0.207949,0.998701,0.386118,0.537031,-0.322734,0.996498,0.374399,0.538316,-0.179844,0.997962,0.393501,0.576015,-0.22438,0.993939,0.391383,0.579022,-0.185078,0.994939,0.487676,0.48867,-0.355035,0.997125,0.387466,0.468285,-0.113247,0.997231,0.489088,0.706817,-0.440981,0.887392,0.338223,0.633757,-0.101123,0.179684,0.465196,0.924174,-0.50397,0.931387,0.279691,0.792224,-0.204055,0.628065,0.452528,0.951837,-0.574607,0.930961,0.253426,0.829175,-0.233393,0.680018,0.437036,0.941625,-0.571752,0.927763,0.25862,0.834468,-0.267816,0.694894,0.442991,0.931216,-0.508327,0.887189,0.271228,0.821101,-0.224053,0.670296,0.634493,0.322575,-0.085231,0.999402,0.578923,0.335941,0.084998,0.999367,0.685412,0.584031,-0.050953,0.879038,0.60663,0.587313,0.176837,0.106392,0.747821,0.814825,0.05671,0.953647,0.635703,0.823964,0.339727,0.219957,0.763636,0.844537,0.060755,0.950567,0.651818,0.858082,0.356574,0.256077,0.71095,0.914041,-0.043183,0.949364,0.591584,0.918886,0.310439,0.360683
94,3.133333,0.378981,0.591618,-0.213912,0.996535,0.372188,0.578228,-0.246975,0.996269,0.374571,0.573403,-0.247349,0.99565,0.376709,0.56877,-0.247248,0.996641,0.368113,0.579906,-0.214334,0.997638,0.367995,0.57618,-0.214927,0.99835,0.367552,0.572371,-0.215124,0.99867,0.386173,0.535672,-0.331525,0.996623,0.374484,0.538442,-0.183418,0.997993,0.393712,0.573413,-0.232679,0.994044,0.391451,0.577443,-0.191894,0.994983,0.487458,0.483882,-0.363097,0.997184,0.388221,0.469148,-0.116857,0.997219,0.490498,0.698863,-0.468679,0.897421,0.338806,0.634704,-0.110533,0.218843,0.468981,0.923876,-0.540363,0.93774,0.27477,0.798845,-0.214184,0.66089,0.456121,0.95106,-0.616709,0.937436,0.246361,0.83481,-0.250412,0.709175,0.441214,0.941342,-0.615036,0.934585,0.250726,0.8449,-0.284082,0.722895,0.446958,0.931219,-0.546076,0.897722,0.263508,0.831635,-0.234699,0.700398,0.633406,0.312289,-0.086681,0.999362,0.578503,0.328218,0.08647,0.999314,0.675853,0.578218,-0.054476,0.886518,0.605581,0.58464,0.172768,0.111255,0.742684,0.817447,0.061481,0.957131,0.636784,0.813632,0.340687,0.239063,0.759587,0.849448,0.064953,0.954406,0.654495,0.85051,0.358262,0.275053,0.698571,0.912638,-0.031346,0.953344,0.597219,0.915955,0.309986,0.38215
95,3.166667,0.379033,0.592195,-0.21382,0.996622,0.371626,0.578675,-0.246834,0.996383,0.374011,0.573825,-0.247194,0.995827,0.37619,0.569153,-0.2471,0.996752,0.367633,0.580325,-0.212928,0.997683,0.367503,0.576487,-0.213528,0.998394,0.367102,0.572465,-0.213717,0.998685,0.385887,0.535943,-0.329825,0.996794,0.374032,0.539083,-0.176325,0.998055,0.393881,0.573983,-0.232287,0.994282,0.39158,0.577997,-0.190801,0.995134,0.487315,0.480535,-0.362111,0.997303,0.387733,0.470958,-0.114465,0.997277,0.493936,0.693424,-0.465685,0.905972,0.338217,0.63672,-0.102327,0.249285,0.472006,0.92322,-0.532937,0.94331,0.27117,0.814294,-0.204536,0.690146,0.461854,0.949323,-0.607792,0.943148,0.243147,0.850673,-0.238136,0.735261,0.446032,0.94099,-0.605922,0.940606,0.248019,0.860952,-0.273167,0.74792,0.450701,0.931138,-0.537984,0.906952,0.260611,0.848514,-0.225264,0.727159,0.632211,0.304803,-0.09033,0.999313,0.577982,0.322491,0.090117,0.999255,0.669115,0.576795,-0.064368,0.893303,0.604875,0.584112,0.171158,0.114839,0.7332,0.822811,0.048921,0.959955,0.63766,0.811989,0.332806,0.251314,0.750187,0.857758,0.054265,0.957757,0.657382,0.84961,0.349316,0.289892,0.686164,0.913035,-0.041233,0.956744,0.602156,0.913347,0.303325,0.397124
96,3.2,0.37854,0.592602,-0.213235,0.996171,0.370792,0.578996,-0.245707,0.995936,0.373299,0.574149,-0.24609,0.995412,0.375684,0.569459,-0.245982,0.996354,0.366485,0.58063,-0.212153,0.997324,0.366222,0.576833,-0.212764,0.998177,0.365753,0.572805,-0.212953,0.99847,0.385834,0.53614,-0.328949,0.996511,0.373293,0.539384,-0.176258,0.997805,0.393861,0.57459,-0.231625,0.99368,0.39132,0.57846,-0.190499,0.994552,0.48749,0.482772,-0.359892,0.997245,0.387844,0.476194,-0.110363,0.997147,0.494837,0.694951,-0.454556,0.913086,0.33796,0.644845,-0.101516,0.280085,0.475509,0.923205,-0.512487,0.947594,0.271618,0.831978,-0.205645,0.713856,0.467016,0.94847,-0.585502,0.947604,0.243554,0.863546,-0.241988,0.756474,0.451924,0.94098,-0.584265,0.945338,0.247373,0.874126,-0.276506,0.768405,0.455872,0.931272,-0.517494,0.913998,0.260386,0.863464,-0.22667,0.748751,0.630925,0.303309,-0.090593,0.999271,0.576868,0.318268,0.090384,0.999215,0.662911,0.577462,-0.041233,0.899361,0.604486,0.586073,0.172725,0.121203,0.715468,0.823906,0.104491,0.962312,0.638972,0.810278,0.346318,0.267282,0.735867,0.860281,0.114005,0.960386,0.657028,0.839777,0.363864,0.304286,0.665885,0.913672,0.025347,0.959505,0.600479,0.910275,0.31594,0.413409
97,3.233333,0.378468,0.59545,-0.2003,0.995995,0.370342,0.581257,-0.229787,0.995746,0.37284,0.576584,-0.230147,0.995268,0.375293,0.572019,-0.230039,0.996178,0.365846,0.582965,-0.196771,0.997194,0.36544,0.579572,-0.197389,0.998117,0.364882,0.575997,-0.197569,0.998403,0.385194,0.537792,-0.307047,0.996381,0.372288,0.542478,-0.157482,0.997706,0.393889,0.578506,-0.217485,0.993396,0.391275,0.582618,-0.176858,0.994367,0.486693,0.483522,-0.341364,0.997137,0.38658,0.487064,-0.086349,0.997124,0.500534,0.696122,-0.420944,0.919645,0.340444,0.660031,-0.08312,0.300365,0.483589,0.92318,-0.462323,0.951035,0.27748,0.85683,-0.193449,0.734248,0.4757,0.948276,-0.534395,0.95124,0.249038,0.88375,-0.233716,0.774974,0.461136,0.940972,-0.532139,0.949201,0.252082,0.893478,-0.266003,0.786164,0.464177,0.93129,-0.466587,0.91967,0.265573,0.885392,-0.214254,0.767132,0.62547,0.294215,-0.090591,0.999222,0.574278,0.311602,0.090385,0.999185,0.653419,0.575147,-0.071798,0.906348,0.603013,0.583014,0.143313,0.127808,0.69058,0.841051,0.030693,0.964732,0.640676,0.810794,0.281785,0.279863,0.711276,0.881842,0.035303,0.963439,0.661697,0.844677,0.295747,0.32153,0.640305,0.914582,-0.059337,0.962534,0.599661,0.908244,0.240501,0.429946
98,3.266667,0.377221,0.596458,-0.193285,0.996159,0.369231,0.582263,-0.221792,0.995927,0.371781,0.577648,-0.22214,0.995494,0.374344,0.573141,-0.222048,0.996339,0.364592,0.583918,-0.18963,0.997313,0.364097,0.580498,-0.190244,0.998204,0.363488,0.576925,-0.190406,0.998471,0.38463,0.538218,-0.295697,0.996546,0.371354,0.543302,-0.150318,0.997797,0.393083,0.580799,-0.209521,0.993654,0.390203,0.584384,-0.169945,0.994608,0.486624,0.484495,-0.330768,0.997196,0.38594,0.491631,-0.075428,0.997186,0.502036,0.703081,-0.402313,0.926638,0.342032,0.667867,-0.067908,0.330112,0.485432,0.923741,-0.438218,0.955055,0.281598,0.866281,-0.176647,0.754619,0.476568,0.948486,-0.509015,0.955299,0.253291,0.892188,-0.216063,0.793047,0.461267,0.941617,-0.507002,0.953463,0.256451,0.900682,-0.250282,0.803471,0.464931,0.932459,-0.442638,0.926241,0.269946,0.893137,-0.198118,0.785388,0.623992,0.291065,-0.090549,0.999225,0.572962,0.309196,0.090353,0.999198,0.648575,0.575044,-0.083881,0.914193,0.606603,0.58318,0.124733,0.140411,0.687837,0.849786,0.001219,0.967635,0.645693,0.812978,0.246647,0.30373,0.707603,0.889187,0.004217,0.966685,0.670098,0.848239,0.259046,0.349252,0.639639,0.920032,-0.091842,0.965858,0.601418,0.907548,0.200677,0.458473
99,3.3,0.376521,0.597496,-0.194438,0.995828,0.368618,0.58316,-0.223909,0.9955,0.371261,0.578608,-0.224257,0.995116,0.373945,0.574185,-0.224164,0.995954,0.363736,0.584735,-0.191558,0.997024,0.363167,0.581382,-0.192157,0.998048,0.362503,0.577899,-0.192323,0.998322,0.384431,0.539169,-0.296673,0.996184,0.370714,0.54442,-0.152956,0.997561,0.39253,0.581923,-0.211252,0.992932,0.389519,0.585632,-0.171443,0.994134,0.486098,0.486848,-0.328523,0.997033,0.383935,0.493554,-0.075311,0.997073,0.504878,0.703824,-0.394559,0.931685,0.343164,0.671737,-0.064648,0.349591,0.489734,0.923721,-0.424687,0.957664,0.283428,0.871094,-0.172304,0.771116,0.481395,0.948375,-0.493786,0.958101,0.254588,0.895021,-0.211172,0.807907,0.465932,0.941591,-0.492265,0.956469,0.257435,0.903735,-0.244873,0.817814,0.469215,0.93246,-0.428916,0.930692,0.271395,0.896866,-0.193329,0.800178,0.62128,0.288331,-0.090451,0.99916,0.569189,0.303754,0.090261,0.99915,0.639381,0.570354,-0.075194,0.917994,0.604601,0.582166,0.127463,0.14035,0.681517,0.85384,0.022584,0.969146,0.646948,0.810913,0.259072,0.307852,0.700833,0.893084,0.026923,0.968969,0.667931,0.844842,0.272656,0.356849,0.63471,0.925495,-0.068382,0.968103,0.602994,0.906995,0.215221,0.466517
100,3.333333,0.376578,0.59891,-0.193815,0.995291,0.368602,0.584748,-0.222404,0.994902,0.371219,0.580316,-0.222748,0.994471,0.373894,0.576036,-0.222655,0.995426,0.363725,0.586191,-0.191606,0.996598,0.363129,0.582868,-0.192214,0.997761,0.362438,0.579424,-0.192395,0.998095,0.384263,0.540849,-0.289086,0.995593,0.3705,0.545987,-0.153134,0.997133,0.392581,0.583492,-0.207842,0.991727,0.389551,0.58695,-0.170426,0.993266,0.485231,0.488647,-0.312981,0.996696,0.38349,0.494592,-0.074046,0.99679,0.506298,0.704506,-0.367104,0.933157,0.344045,0.674421,-0.062284,0.361873,0.492347,0.923666,-0.390078,0.957975,0.285663,0.877329,-0.17023,0.781987,0.485213,0.948178,-0.456486,0.958756,0.256951,0.899935,-0.2092,0.817855,0.469789,0.941527,-0.457966,0.957363,0.259866,0.908672,-0.24311,0.82763,0.47304,0.932438,-0.395372,0.931892,0.273826,0.902543,-0.191215,0.809743,0.620477,0.288946,-0.089808,0.999099,0.567185,0.297721,0.089606,0.999102,0.631103,0.56928,-0.068659,0.915323,0.583013,0.565135,0.137993,0.13315,0.673154,0.856728,0.030886,0.96887,0.640381,0.778696,0.294803,0.297451,0.694075,0.89498,0.036264,0.969876,0.666475,0.799911,0.310991,0.347061,0.624292,0.926749,-0.059498,0.968959,0.602455,0.904358,0.248115,0.456325
101,3.366667,0.376511,0.601096,-0.184368,0.994779,0.368443,0.586537,-0.210928,0.994409,0.371001,0.582117,-0.211269,0.993919,0.373609,0.577832,-0.21116,0.994989,0.363558,0.587924,-0.183004,0.996264,0.362944,0.584587,-0.183633,0.997528,0.362229,0.581176,-0.183837,0.997922,0.383683,0.543007,-0.270435,0.995032,0.370198,0.54787,-0.145737,0.996773,0.392486,0.584981,-0.194827,0.990505,0.389449,0.588438,-0.160981,0.992412,0.483528,0.491732,-0.288444,0.99611,0.382171,0.494424,-0.069293,0.996422,0.508937,0.704801,-0.334214,0.931389,0.344506,0.675125,-0.058013,0.36806,0.496306,0.923749,-0.355194,0.955696,0.287171,0.882584,-0.163005,0.789847,0.489316,0.948127,-0.420055,0.957004,0.258217,0.903314,-0.201399,0.824827,0.473204,0.94158,-0.421443,0.955853,0.260874,0.911187,-0.235439,0.834532,0.476427,0.932724,-0.360408,0.92915,0.275106,0.905749,-0.183589,0.815768,0.620074,0.289469,-0.088563,0.999031,0.56653,0.294513,0.088323,0.999045,0.626845,0.568105,-0.065989,0.913092,0.558673,0.540608,0.173097,0.124759,0.66482,0.856704,0.017117,0.968455,0.610247,0.731763,0.380646,0.280561,0.6848,0.897947,0.019309,0.97033,0.607331,0.748044,0.402089,0.330187,0.615641,0.927113,-0.090331,0.969549,0.569045,0.833359,0.350488,0.436272
102,3.4,0.37723,0.602228,-0.18944,0.994603,0.368592,0.587608,-0.212582,0.994269,0.371061,0.582966,-0.212937,0.993791,0.373623,0.578523,-0.212831,0.994873,0.363735,0.589387,-0.187183,0.996177,0.363024,0.586087,-0.187827,0.997471,0.362252,0.582852,-0.188042,0.997875,0.383122,0.544065,-0.277252,0.994863,0.369837,0.549826,-0.146302,0.996609,0.392593,0.585137,-0.195722,0.990053,0.389537,0.588923,-0.164216,0.992114,0.48108,0.492012,-0.298277,0.995702,0.381468,0.494362,-0.069643,0.996259,0.510939,0.702838,-0.354599,0.931392,0.344776,0.674264,-0.061423,0.375411,0.503663,0.923716,-0.382476,0.953681,0.291307,0.883395,-0.166291,0.798385,0.494354,0.948119,-0.448935,0.955361,0.259835,0.904319,-0.205673,0.832205,0.478333,0.941911,-0.44868,0.95439,0.263159,0.911152,-0.240222,0.841688,0.482709,0.933185,-0.387173,0.926194,0.278295,0.905322,-0.186903,0.822101,0.619817,0.290365,-0.087985,0.998989,0.566302,0.294822,0.087719,0.999015,0.624044,0.567461,-0.111333,0.916641,0.549269,0.523143,0.199607,0.120379,0.658096,0.861529,-0.040556,0.969085,0.594601,0.710258,0.414542,0.270704,0.675513,0.899338,-0.039417,0.971501,0.581035,0.724144,0.436383,0.32226,0.604327,0.931241,-0.152768,0.970839,0.548002,0.805664,0.388023,0.425654
103,3.433333,0.377336,0.603739,-0.193828,0.994413,0.368611,0.58871,-0.21542,0.994089,0.371086,0.583963,-0.215771,0.993593,0.373605,0.579468,-0.215661,0.994701,0.36377,0.590557,-0.192263,0.996079,0.363074,0.587125,-0.192906,0.997406,0.362277,0.583786,-0.193136,0.997829,0.382769,0.545281,-0.280075,0.994645,0.369549,0.550534,-0.151152,0.996496,0.392615,0.585358,-0.196142,0.989582,0.389557,0.589319,-0.168446,0.99183,0.479719,0.492357,-0.298201,0.995201,0.380954,0.494262,-0.077973,0.996115,0.511769,0.701329,-0.353688,0.926935,0.344908,0.673745,-0.075879,0.382773,0.505724,0.923383,-0.38422,0.949512,0.294781,0.883641,-0.185478,0.808553,0.497647,0.947995,-0.450777,0.952266,0.262078,0.906495,-0.225057,0.841124,0.480481,0.941785,-0.451369,0.951635,0.265673,0.91326,-0.259862,0.85037,0.484253,0.933158,-0.389448,0.921537,0.281294,0.906128,-0.205995,0.830579,0.619417,0.290282,-0.086704,0.998924,0.566135,0.294317,0.086397,0.998965,0.623753,0.564715,-0.108871,0.916115,0.545194,0.516633,0.209274,0.113576,0.657055,0.860974,-0.039206,0.968838,0.590443,0.694602,0.445839,0.256517,0.675188,0.897661,-0.037893,0.971843,0.575497,0.713378,0.470579,0.307361,0.605928,0.936731,-0.152435,0.971389,0.547407,0.783594,0.425691,0.407811
104,3.466667,0.376644,0.603753,-0.199897,0.993805,0.367837,0.588724,-0.220965,0.993382,0.370165,0.583982,-0.221318,0.992866,0.372493,0.57948,-0.221203,0.994058,0.362991,0.590534,-0.197663,0.995651,0.362189,0.587085,-0.198311,0.997148,0.361285,0.583745,-0.198558,0.997631,0.381329,0.545966,-0.281927,0.993899,0.368204,0.550675,-0.15402,0.99614,0.391395,0.585343,-0.201134,0.988234,0.38832,0.589307,-0.17387,0.991,0.477309,0.492431,-0.299924,0.994703,0.379813,0.494042,-0.079893,0.99592,0.513469,0.699721,-0.350874,0.926664,0.345077,0.674572,-0.075797,0.394442,0.510786,0.92385,-0.373495,0.94751,0.300913,0.884955,-0.182333,0.817799,0.500356,0.948229,-0.438654,0.950742,0.266032,0.907732,-0.222223,0.848915,0.48333,0.942435,-0.439504,0.95028,0.26971,0.913606,-0.257017,0.858022,0.488241,0.934224,-0.37843,0.919112,0.286191,0.906187,-0.202709,0.838004,0.619064,0.290786,-0.085402,0.998893,0.565881,0.295538,0.085106,0.998948,0.624153,0.56493,-0.099326,0.917511,0.552165,0.525459,0.198679,0.110345,0.65911,0.860523,-0.01789,0.969295,0.595849,0.711184,0.401608,0.249527,0.676504,0.89726,-0.015471,0.972856,0.605971,0.729432,0.422514,0.300147,0.609233,0.941065,-0.123239,0.972365,0.554026,0.786577,0.374335,0.400354
105,3.5,0.37363,0.603765,-0.174399,0.993972,0.3649,0.588877,-0.196948,0.993625,0.367005,0.58421,-0.197294,0.993132,0.369183,0.579789,-0.197167,0.994278,0.360197,0.590587,-0.171683,0.995841,0.359081,0.587138,-0.17231,0.997271,0.357872,0.583786,-0.172554,0.997744,0.378151,0.547112,-0.253331,0.994077,0.364741,0.550968,-0.132373,0.996314,0.388166,0.585163,-0.181825,0.988524,0.384805,0.589052,-0.150968,0.991291,0.474359,0.492036,-0.27626,0.994468,0.378568,0.492405,-0.063141,0.995923,0.514925,0.697331,-0.318524,0.911588,0.34579,0.675061,-0.057743,0.384703,0.514381,0.922803,-0.322174,0.937916,0.308916,0.887382,-0.156312,0.824823,0.504364,0.948216,-0.37882,0.943885,0.275563,0.910363,-0.188703,0.855302,0.487215,0.942549,-0.377445,0.943635,0.279265,0.915294,-0.221023,0.864127,0.49284,0.934288,-0.325046,0.908318,0.295335,0.907826,-0.174904,0.843403,0.618665,0.290975,-0.085504,0.998838,0.565846,0.295721,0.085188,0.998903,0.625978,0.563258,-0.140427,0.919055,0.551113,0.509942,0.224811,0.102679,0.663188,0.861466,-0.109694,0.969514,0.564779,0.664927,0.490096,0.2311,0.681894,0.899782,-0.111343,0.973467,0.579966,0.687367,0.518898,0.281243,0.612454,0.946828,-0.219133,0.973002,0.539542,0.73427,0.496882,0.374314
106,3.533333,0.369259,0.60318,-0.18163,0.994168,0.361029,0.588433,-0.20122,0.993856,0.362731,0.583937,-0.201574,0.9934,0.364683,0.579635,-0.201431,0.994492,0.357079,0.589656,-0.176079,0.996011,0.355921,0.586112,-0.176692,0.997387,0.354674,0.582657,-0.17696,0.997842,0.374905,0.547073,-0.26032,0.994293,0.361878,0.550153,-0.136121,0.996489,0.384019,0.584182,-0.187433,0.988948,0.381108,0.587701,-0.156097,0.99164,0.47271,0.491487,-0.282427,0.994383,0.377147,0.491751,-0.065917,0.995992,0.519493,0.697675,-0.334749,0.906029,0.346337,0.674803,-0.059041,0.379652,0.516259,0.921321,-0.346859,0.937172,0.316314,0.888269,-0.159495,0.835753,0.508458,0.948139,-0.407181,0.94415,0.283794,0.910794,-0.192369,0.865039,0.49142,0.942697,-0.405562,0.9441,0.28788,0.915677,-0.225837,0.873457,0.4966,0.934454,-0.350033,0.90825,0.303806,0.90839,-0.178688,0.853279,0.618027,0.290769,-0.087143,0.998747,0.565882,0.296335,0.086802,0.998825,0.627081,0.563471,-0.148508,0.91989,0.554298,0.515366,0.216673,0.096109,0.666032,0.861937,-0.118859,0.96992,0.575195,0.660221,0.472447,0.215481,0.684604,0.900479,-0.120759,0.974208,0.585413,0.676392,0.500315,0.265564,0.614368,0.946317,-0.230754,0.973764,0.546049,0.731697,0.473422,0.352669
107,3.566667,0.363375,0.601607,-0.183728,0.99423,0.3551,0.587073,-0.205369,0.993925,0.356122,0.582919,-0.20573,0.99355,0.357424,0.578975,-0.205605,0.994601,0.352021,0.587571,-0.178802,0.996059,0.350903,0.58378,-0.179414,0.997431,0.349695,0.580284,-0.179661,0.99787,0.367855,0.546622,-0.263156,0.994481,0.356922,0.54799,-0.136611,0.99657,0.377672,0.583428,-0.191491,0.989254,0.375322,0.585963,-0.158544,0.991835,0.471205,0.49066,-0.287657,0.994377,0.374245,0.491455,-0.061635,0.996026,0.527556,0.693529,-0.341392,0.902978,0.350466,0.682175,-0.056589,0.364193,0.517437,0.91529,-0.357476,0.937362,0.322075,0.89257,-0.159304,0.842641,0.514902,0.943891,-0.419314,0.945363,0.290627,0.913918,-0.190797,0.872238,0.496024,0.941398,-0.416074,0.945532,0.293897,0.917872,-0.224399,0.880422,0.499579,0.933187,-0.360273,0.909745,0.308849,0.911193,-0.178546,0.860573,0.617814,0.290838,-0.087459,0.998667,0.565662,0.297676,0.087089,0.998737,0.63223,0.565491,-0.141735,0.919291,0.555704,0.510401,0.278426,0.08864,0.669428,0.862395,-0.099635,0.969477,0.577756,0.66446,0.574374,0.199474,0.687919,0.903117,-0.10049,0.974265,0.591683,0.663293,0.605647,0.249697,0.617252,0.946022,-0.205783,0.973944,0.558258,0.730853,0.591814,0.329281
108,3.6,0.360322,0.601566,-0.169373,0.994373,0.351396,0.58628,-0.1939,0.994025,0.352405,0.582221,-0.194258,0.993723,0.353574,0.578462,-0.194142,0.994718,0.348589,0.586629,-0.165121,0.99615,0.347544,0.582842,-0.165726,0.99751,0.346406,0.579401,-0.165963,0.997936,0.364371,0.546286,-0.257449,0.994654,0.353718,0.547192,-0.124511,0.99672,0.374393,0.583443,-0.181477,0.989603,0.372216,0.585974,-0.145457,0.992146,0.47021,0.490732,-0.285456,0.99437,0.370318,0.491351,-0.048838,0.996146,0.530305,0.694205,-0.337292,0.893599,0.352549,0.690177,-0.038857,0.354209,0.516876,0.914622,-0.34106,0.934126,0.325852,0.894929,-0.134719,0.850092,0.515501,0.943862,-0.399547,0.944365,0.295494,0.915244,-0.161266,0.879421,0.496857,0.941029,-0.394168,0.944771,0.298386,0.919164,-0.195074,0.887269,0.499582,0.932915,-0.3424,0.90794,0.312968,0.912529,-0.153352,0.868028,0.6177,0.291194,-0.089498,0.998632,0.56561,0.298344,0.089083,0.998701,0.634081,0.568068,-0.14229,0.919417,0.557032,0.508246,0.305974,0.081619,0.670839,0.864775,-0.113345,0.969965,0.579194,0.673105,0.611502,0.185365,0.688695,0.906819,-0.116004,0.974948,0.595331,0.663254,0.643536,0.235047,0.618229,0.945653,-0.223543,0.974719,0.559309,0.735104,0.631407,0.308536
109,3.633333,0.356078,0.601086,-0.172696,0.994793,0.346432,0.584896,-0.19775,0.994462,0.347267,0.580885,-0.19811,0.994202,0.348263,0.577192,-0.198001,0.995114,0.344057,0.584943,-0.168215,0.996435,0.34308,0.581028,-0.168811,0.997697,0.342052,0.577468,-0.169035,0.998088,0.359241,0.545217,-0.261137,0.995066,0.350022,0.545404,-0.125018,0.996972,0.370183,0.583386,-0.185162,0.990391,0.368485,0.585619,-0.148233,0.992737,0.468892,0.490303,-0.28589,0.9946,0.369648,0.490331,-0.043151,0.996354,0.535158,0.68819,-0.33908,0.88882,0.35518,0.697928,-0.030072,0.3487,0.515369,0.904199,-0.349747,0.935638,0.328498,0.897011,-0.131976,0.859829,0.51412,0.939319,-0.409636,0.946619,0.298087,0.916696,-0.157304,0.888171,0.496204,0.938696,-0.405,0.947183,0.300501,0.92,-0.194098,0.895544,0.498575,0.929688,-0.351621,0.911471,0.314486,0.913361,-0.151891,0.877551,0.61749,0.291369,-0.097091,0.998586,0.565567,0.298738,0.096657,0.998659,0.63873,0.570924,-0.153208,0.91993,0.562642,0.507157,0.310886,0.075472,0.674005,0.866823,-0.139037,0.970882,0.582777,0.662091,0.6122,0.173432,0.691224,0.911577,-0.1438,0.975745,0.60173,0.654015,0.643658,0.223158,0.618968,0.945316,-0.254738,0.975659,0.562943,0.72965,0.632064,0.290655
110,3.666667,0.354897,0.60111,-0.165552,0.995266,0.345039,0.584429,-0.191666,0.994963,0.345915,0.580414,-0.192024,0.99473,0.346904,0.576722,-0.191917,0.995557,0.342431,0.584421,-0.160465,0.996759,0.341364,0.580506,-0.16105,0.997907,0.340236,0.576946,-0.161257,0.998262,0.357688,0.544403,-0.258618,0.995516,0.347846,0.544804,-0.11538,0.997249,0.369035,0.583431,-0.179946,0.991261,0.367298,0.58563,-0.140586,0.993393,0.466922,0.487147,-0.288468,0.994948,0.368329,0.489195,-0.030343,0.99662,0.53477,0.674644,-0.341206,0.890385,0.358993,0.69717,-0.01482,0.357478,0.513097,0.876917,-0.348143,0.938323,0.33542,0.896226,-0.115323,0.8702,0.514978,0.917525,-0.405148,0.949179,0.305571,0.916865,-0.137217,0.896696,0.497818,0.921335,-0.400017,0.949784,0.308309,0.920121,-0.175939,0.903524,0.497621,0.911072,-0.34939,0.915552,0.322909,0.91301,-0.136007,0.8868,0.617527,0.291518,-0.101955,0.998614,0.565485,0.301603,0.101537,0.998689,0.642869,0.571314,-0.169213,0.925334,0.567339,0.5088,0.306591,0.073152,0.679653,0.866588,-0.17318,0.972911,0.619619,0.659557,0.591338,0.171349,0.697725,0.912475,-0.180175,0.97742,0.614865,0.669372,0.620364,0.224305,0.626308,0.945084,-0.292917,0.97742,0.598668,0.741142,0.606063,0.288779
111,3.7,0.354016,0.601235,-0.198543,0.995686,0.343818,0.583681,-0.227161,0.9954,0.344876,0.579318,-0.227537,0.995195,0.346028,0.575297,-0.227471,0.995948,0.341281,0.583744,-0.193845,0.997043,0.340503,0.579484,-0.194411,0.998091,0.339642,0.575614,-0.194616,0.998413,0.356661,0.542334,-0.297343,0.995916,0.347452,0.542838,-0.143787,0.997491,0.369101,0.583601,-0.213718,0.992039,0.367577,0.585832,-0.171265,0.993975,0.464685,0.486747,-0.330009,0.995283,0.368558,0.487585,-0.030709,0.996868,0.535457,0.66901,-0.389494,0.889528,0.364182,0.698636,-0.024037,0.359039,0.502459,0.855445,-0.392347,0.940383,0.342835,0.89543,-0.119844,0.879557,0.513405,0.906387,-0.451083,0.951555,0.313426,0.916375,-0.149762,0.904742,0.496341,0.909874,-0.446062,0.952293,0.315224,0.919933,-0.179579,0.911105,0.495661,0.897714,-0.393646,0.91948,0.330462,0.912731,-0.137099,0.895631,0.617547,0.291642,-0.107383,0.998572,0.565689,0.304561,0.106983,0.998667,0.645135,0.573353,-0.156235,0.923433,0.591641,0.527687,0.312169,0.06811,0.688767,0.866713,-0.16383,0.973339,0.649472,0.646342,0.568077,0.161806,0.705486,0.912555,-0.172323,0.978148,0.63767,0.662609,0.593953,0.216291,0.631773,0.944865,-0.286153,0.978074,0.62739,0.733735,0.573931,0.27425
112,3.733333,0.352159,0.604564,-0.107504,0.996101,0.340647,0.584859,-0.137043,0.995842,0.341641,0.579867,-0.137393,0.995656,0.342789,0.575438,-0.137291,0.996337,0.338741,0.584799,-0.098773,0.997327,0.338527,0.579851,-0.099335,0.998274,0.338404,0.575644,-0.099505,0.998565,0.353797,0.541302,-0.225216,0.996306,0.347272,0.541702,-0.049698,0.997732,0.368969,0.58676,-0.13107,0.992799,0.367899,0.588317,-0.082257,0.994546,0.457259,0.486777,-0.284518,0.995673,0.371089,0.486169,0.03576,0.997136,0.521902,0.660034,-0.348438,0.878435,0.370029,0.699449,0.041785,0.347018,0.472077,0.819058,-0.323884,0.933022,0.35263,0.895046,-0.070703,0.880087,0.484495,0.856254,-0.371144,0.947278,0.322409,0.915819,-0.088745,0.906433,0.470298,0.849656,-0.366051,0.947985,0.32556,0.918471,-0.126485,0.912483,0.463935,0.839325,-0.323744,0.913416,0.341539,0.910825,-0.091928,0.897766,0.618728,0.293331,-0.112577,0.998666,0.568358,0.308558,0.112185,0.998764,0.652217,0.576534,-0.137172,0.927088,0.59335,0.535494,0.303129,0.066959,0.699536,0.866172,-0.13866,0.97484,0.639579,0.668084,0.554196,0.163196,0.715795,0.912417,-0.144179,0.979388,0.650032,0.692195,0.590183,0.220584,0.640643,0.944687,-0.255895,0.979261,0.631071,0.77338,0.557339,0.274258
113,3.766667,0.351479,0.605553,-0.103002,0.996454,0.339131,0.585481,-0.131449,0.99621,0.340311,0.580178,-0.131793,0.996041,0.341551,0.575502,-0.131698,0.996662,0.337203,0.585345,-0.093832,0.997568,0.337276,0.580088,-0.094408,0.998429,0.337464,0.575659,-0.0946,0.998695,0.352574,0.539713,-0.212581,0.996636,0.346819,0.540891,-0.040467,0.997939,0.368983,0.587466,-0.123882,0.993448,0.36807,0.588997,-0.07607,0.995035,0.453353,0.48434,-0.265857,0.995977,0.371966,0.486143,0.043507,0.997365,0.516724,0.653804,-0.319309,0.86584,0.373029,0.699615,0.053393,0.336328,0.466855,0.808704,-0.280883,0.923279,0.355648,0.894541,-0.062699,0.881365,0.477381,0.847567,-0.324556,0.941535,0.323553,0.915533,-0.080658,0.90867,0.464471,0.84117,-0.320134,0.942469,0.32726,0.91835,-0.118762,0.914524,0.458943,0.828437,-0.28063,0.906111,0.343997,0.910776,-0.08422,0.900631,0.61931,0.294438,-0.111493,0.99873,0.569693,0.312668,0.111117,0.998839,0.653633,0.57693,-0.12138,0.928238,0.60064,0.558878,0.294483,0.065067,0.704326,0.863538,-0.123832,0.975684,0.644499,0.698115,0.51388,0.161873,0.720616,0.910039,-0.132,0.980148,0.661498,0.722971,0.537327,0.220211,0.645212,0.94454,-0.236009,0.980014,0.634935,0.803832,0.506369,0.271343
114,3.8,0.350749,0.606765,-0.118558,0.996783,0.33779,0.58672,-0.149174,0.99656,0.338974,0.581182,-0.14952,0.996404,0.340197,0.576155,-0.149387,0.996971,0.335981,0.586624,-0.117162,0.997795,0.336139,0.581092,-0.11775,0.998575,0.33644,0.576217,-0.117952,0.998816,0.351552,0.53855,-0.228345,0.996945,0.34616,0.540502,-0.067718,0.998129,0.368608,0.588881,-0.137545,0.994056,0.367843,0.590341,-0.097859,0.995493,0.451153,0.484416,-0.273339,0.996268,0.373818,0.48532,0.018323,0.997571,0.506287,0.655538,-0.321904,0.863506,0.375426,0.699206,0.028841,0.32593,0.443992,0.815228,-0.305891,0.920991,0.360625,0.894327,-0.084611,0.878667,0.447833,0.848397,-0.36016,0.939915,0.329482,0.915445,-0.108034,0.907474,0.431795,0.843612,-0.355594,0.940955,0.334136,0.918183,-0.142963,0.913486,0.429486,0.838318,-0.30645,0.90446,0.349998,0.910631,-0.103393,0.900164,0.619587,0.294498,-0.110315,0.998793,0.570282,0.316163,0.109934,0.998912,0.65671,0.577997,-0.097033,0.927398,0.610289,0.565997,0.257389,0.063281,0.708839,0.864028,-0.066941,0.975508,0.675821,0.711692,0.424799,0.157697,0.726347,0.911099,-0.070838,0.980475,0.670201,0.727165,0.440524,0.216314,0.65129,0.944427,-0.171642,0.979956,0.650532,0.810232,0.395161,0.264945
115,3.833333,0.35068,0.607468,-0.132144,0.997017,0.337855,0.587406,-0.161062,0.996814,0.339027,0.581592,-0.161402,0.996654,0.34022,0.57629,-0.161374,0.997202,0.33617,0.587242,-0.11965,0.997963,0.336383,0.581417,-0.120255,0.998673,0.336697,0.576275,-0.12047,0.998904,0.351662,0.537985,-0.234645,0.997167,0.346368,0.540302,-0.07851,0.998252,0.368499,0.589623,-0.151398,0.994524,0.367857,0.590957,-0.099638,0.995834,0.451459,0.487015,-0.282671,0.996449,0.376509,0.484016,0.009901,0.997612,0.487354,0.666407,-0.364002,0.867285,0.378673,0.698907,0.019167,0.303457,0.405048,0.831157,-0.373468,0.921066,0.372791,0.8892,-0.0928,0.824614,0.380291,0.849918,-0.430456,0.938327,0.339633,0.914774,-0.118954,0.857513,0.369663,0.853642,-0.424236,0.939108,0.342896,0.917385,-0.150926,0.864804,0.383291,0.850745,-0.375052,0.902055,0.360295,0.909001,-0.10778,0.851623,0.621426,0.296423,-0.110115,0.998877,0.573233,0.316576,0.109774,0.998991,0.660179,0.580691,-0.070941,0.926148,0.617673,0.575351,0.224569,0.061391,0.713108,0.864466,0.021764,0.974366,0.684922,0.742776,0.364176,0.15333,0.732144,0.912304,0.024247,0.979824,0.683965,0.746459,0.376113,0.209875,0.657069,0.94173,-0.08092,0.978181,0.652745,0.843951,0.309806,0.256838
116,3.866667,0.351579,0.607284,-0.139177,0.997229,0.338174,0.587407,-0.166999,0.997044,0.339103,0.581569,-0.167342,0.996877,0.340517,0.576188,-0.167293,0.997408,0.336942,0.587248,-0.128639,0.998117,0.337156,0.581433,-0.129234,0.998763,0.337438,0.576264,-0.12944,0.998985,0.352291,0.53684,-0.238204,0.997359,0.346451,0.539687,-0.073662,0.998363,0.369099,0.588349,-0.15688,0.994933,0.368786,0.589993,-0.10861,0.996131,0.450061,0.488862,-0.284257,0.996615,0.377558,0.481262,0.014698,0.997666,0.471802,0.674842,-0.373427,0.868565,0.380609,0.68807,0.021087,0.282371,0.385444,0.836777,-0.391097,0.91881,0.374162,0.865164,-0.098796,0.772037,0.362463,0.857017,-0.448701,0.935061,0.349005,0.905918,-0.121712,0.808576,0.359795,0.854991,-0.442994,0.93561,0.353281,0.909454,-0.159558,0.81677,0.373155,0.85734,-0.393105,0.897354,0.367126,0.895353,-0.117589,0.804181,0.622814,0.297064,-0.109725,0.998957,0.575288,0.315786,0.109413,0.999068,0.664197,0.581946,-0.066711,0.925628,0.623064,0.578257,0.215509,0.061204,0.716166,0.863331,0.023604,0.973502,0.687451,0.754183,0.354771,0.150955,0.735635,0.912136,0.025615,0.979236,0.708785,0.759971,0.366353,0.206417,0.662086,0.94117,-0.080978,0.976808,0.655996,0.886308,0.299308,0.251855
117,3.9,0.351826,0.60425,-0.082776,0.997476,0.338824,0.585723,-0.112413,0.997311,0.339813,0.580245,-0.112713,0.997149,0.341206,0.575059,-0.112625,0.997642,0.337387,0.585834,-0.069033,0.998291,0.33749,0.580663,-0.069609,0.998874,0.337666,0.575824,-0.069764,0.999078,0.352484,0.535053,-0.200359,0.997595,0.34669,0.538262,-0.003978,0.998512,0.369196,0.58664,-0.107376,0.9954,0.368923,0.588695,-0.052296,0.996483,0.443657,0.489994,-0.266828,0.996881,0.38954,0.480193,0.085289,0.997814,0.420584,0.701895,-0.36386,0.872869,0.394013,0.672652,0.112704,0.262789,0.346937,0.844512,-0.381366,0.920716,0.374297,0.842292,0.003463,0.727524,0.326869,0.863672,-0.437695,0.935368,0.354789,0.867893,-0.010907,0.768571,0.323167,0.856694,-0.433404,0.935489,0.355703,0.870981,-0.055475,0.77655,0.333185,0.860048,-0.38371,0.897685,0.36568,0.86701,-0.020371,0.763785,0.628035,0.29795,-0.112547,0.999044,0.581825,0.315026,0.112253,0.999146,0.670761,0.584247,-0.060167,0.92819,0.631865,0.585938,0.226608,0.064477,0.72252,0.863312,0.039772,0.973287,0.685072,0.790729,0.373312,0.153416,0.740085,0.910544,0.043902,0.97881,0.705313,0.811938,0.385855,0.207854,0.666792,0.940295,-0.059493,0.976154,0.652829,0.896367,0.324406,0.253885
118,3.933333,0.352686,0.60279,-0.080545,0.997645,0.339135,0.585083,-0.107527,0.997498,0.34013,0.579736,-0.107842,0.997324,0.34151,0.574619,-0.107735,0.997805,0.337615,0.585456,-0.065984,0.998422,0.33763,0.580585,-0.066574,0.998953,0.337713,0.575838,-0.066741,0.99915,0.352783,0.534341,-0.187735,0.997751,0.34675,0.538159,0.00167,0.998622,0.369724,0.585957,-0.102441,0.995746,0.369409,0.588292,-0.049752,0.996738,0.44264,0.492365,-0.248917,0.997023,0.39099,0.480093,0.088087,0.997883,0.419527,0.708235,-0.325719,0.872016,0.394955,0.668977,0.114783,0.243309,0.348627,0.856279,-0.33087,0.916734,0.372084,0.831195,0.005946,0.684464,0.327538,0.872741,-0.386468,0.930873,0.354812,0.854432,-0.008911,0.730206,0.322637,0.861861,-0.378868,0.930361,0.354514,0.857023,-0.053574,0.738218,0.332209,0.863817,-0.331239,0.890831,0.363101,0.854067,-0.017897,0.724592,0.629215,0.298316,-0.111652,0.999105,0.583531,0.310614,0.11135,0.999205,0.673861,0.58417,-0.054349,0.928628,0.629557,0.581936,0.230758,0.064894,0.72539,0.863296,0.042409,0.971721,0.68202,0.784923,0.384312,0.15095,0.742709,0.909116,0.046196,0.977815,0.69812,0.80289,0.397729,0.205158,0.665467,0.936647,-0.055937,0.974303,0.649518,0.89373,0.338541,0.248932
119,3.966667,0.354105,0.602806,-0.070906,0.997821,0.339424,0.585211,-0.100041,0.997692,0.340487,0.579876,-0.100361,0.997512,0.341883,0.574749,-0.100262,0.997976,0.337663,0.585658,-0.05707,0.998552,0.337824,0.580981,-0.057656,0.999032,0.33809,0.576424,-0.057813,0.999219,0.352799,0.534352,-0.187772,0.997922,0.346856,0.538172,0.007514,0.99873,0.370665,0.585956,-0.09552,0.996097,0.370508,0.588305,-0.04104,0.996996,0.434616,0.495853,-0.250459,0.997226,0.395418,0.480909,0.093106,0.997972,0.404777,0.719931,-0.332195,0.875079,0.398247,0.670632,0.117906,0.226629,0.312811,0.856752,-0.338893,0.920203,0.381676,0.838822,-0.002159,0.654004,0.296675,0.879663,-0.398221,0.932566,0.368494,0.863038,-0.017185,0.703103,0.288324,0.864246,-0.387176,0.931702,0.365988,0.864055,-0.065041,0.711122,0.2949,0.866302,-0.338737,0.892999,0.372167,0.85918,-0.02784,0.696307,0.630823,0.299898,-0.111482,0.999168,0.586842,0.309539,0.111169,0.999261,0.677258,0.584995,-0.030767,0.92636,0.624502,0.579342,0.232241,0.064527,0.726213,0.862909,0.103655,0.968737,0.676828,0.78748,0.402893,0.147839,0.743963,0.907882,0.111925,0.975459,0.693108,0.809992,0.418801,0.200985,0.665331,0.935573,0.020751,0.971052,0.64622,0.897258,0.36678,0.244105
120,4.0,0.354513,0.606093,-0.077731,0.997862,0.339733,0.586358,-0.104516,0.997746,0.340815,0.580991,-0.104851,0.997512,0.342178,0.575905,-0.104739,0.998012,0.337908,0.587463,-0.064753,0.99862,0.338048,0.583225,-0.065373,0.999064,0.33828,0.579079,-0.065558,0.999259,0.352823,0.535542,-0.185515,0.997955,0.346941,0.539284,-0.004174,0.998794,0.371066,0.588249,-0.099991,0.996272,0.370874,0.590629,-0.049636,0.99713,0.432165,0.501184,-0.237331,0.997285,0.394566,0.482433,0.071546,0.998021,0.39213,0.728863,-0.322809,0.868852,0.395826,0.673546,0.091177,0.211036,0.299113,0.860609,-0.342405,0.916668,0.391261,0.853832,-0.024623,0.632445,0.277594,0.891934,-0.400696,0.928678,0.379733,0.875632,-0.040271,0.684701,0.271449,0.870106,-0.3914,0.927096,0.377662,0.881808,-0.087259,0.692882,0.28034,0.867648,-0.342747,0.886689,0.382521,0.877052,-0.049552,0.675826,0.633274,0.301614,-0.104653,0.999213,0.586541,0.307862,0.104242,0.999303,0.680104,0.586839,-0.039868,0.925735,0.622278,0.578815,0.227097,0.064681,0.727936,0.865352,0.076249,0.96606,0.672757,0.786799,0.393199,0.14414,0.74628,0.908634,0.083562,0.973726,0.691791,0.811867,0.408986,0.196805,0.663953,0.935578,0.004193,0.96838,0.634261,0.895102,0.367066,0.238767
121,4.033333,0.355008,0.606358,-0.066569,0.997362,0.33998,0.586415,-0.093994,0.997247,0.340871,0.581291,-0.094362,0.996692,0.342349,0.576564,-0.094222,0.997532,0.338418,0.587517,-0.055778,0.998456,0.338441,0.583549,-0.056422,0.998905,0.338544,0.579821,-0.05663,0.999192,0.352834,0.538116,-0.176507,0.997324,0.347102,0.541207,-0.002728,0.998661,0.371114,0.589609,-0.089078,0.995792,0.370913,0.591726,-0.041089,0.996785,0.42707,0.507904,-0.228596,0.997143,0.396586,0.48232,0.070868,0.997947,0.384177,0.725749,-0.301279,0.836713,0.395403,0.674065,0.093938,0.193166,0.291354,0.868099,-0.319341,0.892438,0.398203,0.856322,-0.01801,0.592345,0.268549,0.905369,-0.374114,0.906312,0.38268,0.878306,-0.032958,0.646526,0.26319,0.887859,-0.366179,0.903324,0.38136,0.888406,-0.081287,0.654939,0.273077,0.880957,-0.319898,0.856773,0.385483,0.880294,-0.043309,0.636321,0.634183,0.301249,-0.101626,0.999188,0.587197,0.30366,0.101156,0.99929,0.685468,0.586862,0.003386,0.885487,0.620602,0.577085,0.225322,0.059707,0.733958,0.865344,0.118861,0.931048,0.667376,0.790237,0.389956,0.132038,0.753176,0.906632,0.126603,0.952586,0.690737,0.827039,0.405639,0.182112,0.667899,0.937885,0.051262,0.937664,0.6268,0.900547,0.366046,0.219551
122,4.066667,0.355023,0.6139,-0.052538,0.996851,0.339436,0.590541,-0.080625,0.99657,0.340185,0.585314,-0.081,0.995647,0.341303,0.580562,-0.080856,0.996842,0.33801,0.591858,-0.042422,0.99822,0.338052,0.588004,-0.043082,0.998707,0.338144,0.584306,-0.043276,0.999098,0.350353,0.543082,-0.161537,0.996513,0.346561,0.545139,0.011764,0.998514,0.370352,0.596036,-0.073777,0.994915,0.370283,0.59763,-0.025947,0.996203,0.419693,0.520871,-0.221897,0.997036,0.397379,0.48676,0.095573,0.997881,0.381046,0.727344,-0.301408,0.809945,0.394836,0.67992,0.123866,0.177826,0.294685,0.90794,-0.319486,0.872845,0.40723,0.876383,0.025078,0.560948,0.269729,0.941245,-0.374947,0.887529,0.388136,0.895683,0.014661,0.615803,0.263807,0.928291,-0.363367,0.882627,0.386144,0.906718,-0.033054,0.623773,0.273688,0.921624,-0.318596,0.831791,0.390888,0.901444,0.00064,0.603909,0.633993,0.300468,-0.101776,0.999189,0.586633,0.303767,0.101285,0.999295,0.692227,0.586843,0.021279,0.863699,0.61775,0.587901,0.227563,0.055769,0.746205,0.86683,0.1245,0.911808,0.649855,0.824158,0.37968,0.122409,0.763576,0.902909,0.131685,0.9411,0.679584,0.868188,0.394365,0.171661,0.700024,0.950557,0.060312,0.920539,0.607541,0.924581,0.363474,0.204709
123,4.1,0.353932,0.614593,-0.057775,0.996283,0.338616,0.591588,-0.084603,0.995869,0.33907,0.586881,-0.084985,0.99459,0.339768,0.582556,-0.084842,0.996143,0.33741,0.59287,-0.046447,0.99797,0.337327,0.589506,-0.04711,0.998504,0.337247,0.58616,-0.04732,0.998999,0.348624,0.546506,-0.162095,0.995672,0.345919,0.547769,0.010661,0.99836,0.368697,0.600869,-0.078131,0.994028,0.368702,0.601834,-0.030508,0.995651,0.417765,0.526365,-0.2177,0.996839,0.39663,0.490185,0.091324,0.997794,0.380378,0.731078,-0.293953,0.791283,0.394079,0.68225,0.122049,0.164402,0.295381,0.915053,-0.315748,0.861574,0.407311,0.879195,0.02843,0.534984,0.269433,0.950112,-0.372043,0.877114,0.388014,0.898574,0.017249,0.59116,0.264437,0.939525,-0.360435,0.870843,0.386263,0.908876,-0.030756,0.599048,0.276917,0.930426,-0.315005,0.816454,0.391897,0.903505,0.004069,0.577715,0.633925,0.299243,-0.101275,0.999169,0.586307,0.303796,0.10078,0.999282,0.6951,0.586813,0.012615,0.842704,0.611458,0.587513,0.213177,0.052106,0.750039,0.869223,0.108551,0.890603,0.641442,0.828703,0.338516,0.113508,0.764458,0.901967,0.114855,0.929571,0.677088,0.878925,0.350716,0.162487,0.707151,0.95601,0.042946,0.903342,0.596727,0.927676,0.319385,0.191501
124,4.133333,0.3523,0.617934,-0.049448,0.995689,0.336337,0.595013,-0.075459,0.995054,0.336903,0.590362,-0.075844,0.993351,0.337524,0.586071,-0.075694,0.995305,0.335048,0.596344,-0.037621,0.997688,0.33511,0.593005,-0.038286,0.998279,0.33506,0.589504,-0.038484,0.99889,0.346452,0.550117,-0.15153,0.994628,0.344479,0.550481,0.019655,0.99819,0.366441,0.604534,-0.069534,0.992982,0.366498,0.605075,-0.02236,0.99504,0.417139,0.530865,-0.212083,0.996648,0.396319,0.492765,0.10177,0.997722,0.38135,0.732076,-0.290035,0.77025,0.394332,0.683581,0.133772,0.152241,0.300902,0.925735,-0.310255,0.846916,0.413459,0.886093,0.044157,0.512749,0.27614,0.957327,-0.366798,0.863457,0.392114,0.904286,0.034424,0.569611,0.26946,0.946786,-0.353847,0.85549,0.391161,0.913478,-0.014085,0.577201,0.282173,0.93898,-0.30903,0.797859,0.397815,0.909309,0.019781,0.554618,0.633787,0.298776,-0.101461,0.99916,0.586031,0.304,0.100953,0.999281,0.697692,0.587695,0.025862,0.825643,0.603276,0.590701,0.217298,0.048557,0.752102,0.869747,0.121217,0.875089,0.632095,0.837463,0.354631,0.105541,0.768905,0.901802,0.127706,0.921102,0.661653,0.892254,0.367813,0.154249,0.71185,0.961105,0.058361,0.889852,0.580629,0.92781,0.336664,0.179534
125,4.166667,0.350811,0.620361,-0.029281,0.995468,0.3346,0.598019,-0.054486,0.994738,0.335117,0.593458,-0.054866,0.992875,0.335634,0.589251,-0.054707,0.994973,0.333388,0.59938,-0.017506,0.997605,0.33341,0.596031,-0.01817,0.998217,0.333294,0.592435,-0.018339,0.998869,0.344707,0.553817,-0.129603,0.99422,0.343032,0.553787,0.037595,0.998166,0.364932,0.607763,-0.049387,0.992652,0.365039,0.608105,-0.003398,0.994894,0.417099,0.534873,-0.192654,0.996636,0.395954,0.498228,0.11841,0.997727,0.381564,0.736501,-0.270285,0.757608,0.394815,0.687547,0.158238,0.142483,0.306367,0.934748,-0.296837,0.840736,0.416529,0.892659,0.077305,0.500277,0.280879,0.9625,-0.35359,0.858007,0.394848,0.908691,0.06963,0.558287,0.273954,0.951969,-0.339536,0.848715,0.393973,0.917636,0.020722,0.565593,0.286463,0.946122,-0.295143,0.789246,0.400837,0.914488,0.053217,0.541276,0.633636,0.298623,-0.101237,0.99918,0.585814,0.304367,0.100726,0.999298,0.697084,0.587846,0.010974,0.825652,0.59666,0.595977,0.218929,0.046178,0.755372,0.871045,0.098867,0.873477,0.620563,0.846383,0.350388,0.100045,0.773575,0.90165,0.104214,0.921298,0.643436,0.894385,0.363106,0.150043,0.718722,0.964481,0.027902,0.889647,0.566998,0.924329,0.334426,0.17269
126,4.2,0.346755,0.622717,-0.01707,0.995507,0.330751,0.600902,-0.041724,0.994748,0.331517,0.596346,-0.042102,0.992857,0.332261,0.592265,-0.04194,0.994956,0.329433,0.60217,-0.005643,0.99765,0.329787,0.59853,-0.006306,0.99825,0.32993,0.594873,-0.006462,0.9989,0.342214,0.556736,-0.115744,0.994194,0.340545,0.556191,0.047451,0.998221,0.361908,0.610208,-0.036915,0.99268,0.361504,0.610619,0.007937,0.994976,0.417102,0.538727,-0.179064,0.996673,0.395569,0.499628,0.126752,0.997756,0.38177,0.743779,-0.250143,0.751517,0.395505,0.689238,0.165547,0.133918,0.309982,0.944583,-0.273735,0.83889,0.420755,0.896486,0.084187,0.491088,0.285481,0.969552,-0.329983,0.856125,0.401468,0.911457,0.076373,0.550376,0.278482,0.958204,-0.31629,0.845866,0.401468,0.920364,0.027265,0.557424,0.290566,0.953342,-0.272156,0.785711,0.406962,0.918135,0.060157,0.531735,0.633752,0.299138,-0.10096,0.999215,0.585749,0.304438,0.100443,0.999326,0.700103,0.590408,0.014997,0.830541,0.590658,0.596819,0.222389,0.04451,0.757643,0.871135,0.09662,0.875664,0.612919,0.848834,0.359861,0.096109,0.776259,0.900929,0.102027,0.922812,0.632008,0.899957,0.373331,0.147876,0.722295,0.966618,0.033339,0.891889,0.554927,0.924442,0.340053,0.168674
127,4.233333,0.344832,0.622472,-0.015753,0.995717,0.328832,0.601554,-0.040888,0.99495,0.329541,0.597281,-0.041266,0.993127,0.330285,0.593525,-0.041092,0.995138,0.327577,0.602437,-0.004046,0.997756,0.327913,0.598729,-0.004689,0.99833,0.328082,0.59507,-0.004833,0.998955,0.339706,0.558582,-0.115428,0.994346,0.338148,0.556531,0.051426,0.998297,0.359696,0.609858,-0.035604,0.992824,0.359299,0.610206,0.010306,0.995109,0.416101,0.542505,-0.18187,0.996735,0.394656,0.499327,0.134445,0.99777,0.387,0.74417,-0.253028,0.747477,0.39654,0.689439,0.16603,0.126329,0.31249,0.946069,-0.271672,0.836895,0.42318,0.896254,0.077425,0.478951,0.289315,0.972994,-0.328526,0.853779,0.405256,0.913356,0.068137,0.537813,0.283941,0.964718,-0.313212,0.842668,0.405382,0.922327,0.019721,0.544691,0.29752,0.957282,-0.2692,0.781727,0.410076,0.91955,0.053153,0.518137,0.63375,0.300923,-0.100998,0.999242,0.585729,0.304616,0.100479,0.999346,0.70119,0.592045,0.018348,0.831441,0.582594,0.597125,0.230195,0.042178,0.763076,0.870294,0.095461,0.875488,0.599808,0.856816,0.363423,0.091505,0.781356,0.895742,0.100352,0.923108,0.619804,0.906156,0.377745,0.145128,0.732026,0.967548,0.028116,0.891874,0.543189,0.925253,0.346321,0.163179
128,4.266667,0.343231,0.62416,-0.027656,0.995927,0.32776,0.603047,-0.053379,0.99516,0.328918,0.598311,-0.053748,0.993383,0.329882,0.594243,-0.053588,0.995313,0.326397,0.604266,-0.0163,0.997875,0.327079,0.600165,-0.01694,0.998419,0.327506,0.596057,-0.017101,0.999015,0.339192,0.558581,-0.128792,0.994517,0.337427,0.556716,0.039237,0.998395,0.359354,0.61049,-0.047757,0.993096,0.358688,0.610664,-0.001435,0.99533,0.415445,0.540882,-0.188466,0.996745,0.394109,0.502185,0.121629,0.997839,0.388995,0.743124,-0.270395,0.738138,0.398154,0.69193,0.1526,0.121208,0.314715,0.946825,-0.300013,0.828952,0.426302,0.89563,0.064987,0.477382,0.292133,0.974792,-0.357513,0.846007,0.406188,0.914514,0.056137,0.534904,0.286766,0.967537,-0.338251,0.833765,0.407342,0.923503,0.007679,0.541288,0.297917,0.959214,-0.296273,0.771208,0.414179,0.919641,0.040873,0.513672,0.633751,0.301621,-0.101147,0.999283,0.585487,0.306745,0.100634,0.999385,0.704086,0.592217,0.012914,0.83657,0.580377,0.601036,0.229684,0.042191,0.763352,0.870365,0.091515,0.879344,0.594083,0.872986,0.365106,0.091263,0.781844,0.894154,0.09641,0.923691,0.614977,0.917577,0.379437,0.146555,0.737702,0.969707,0.021714,0.894782,0.538633,0.928986,0.34931,0.165169
129,4.3,0.341754,0.624318,-0.031986,0.996107,0.327185,0.603198,-0.057454,0.995334,0.328314,0.59833,-0.057814,0.993602,0.329229,0.594142,-0.057655,0.995458,0.325815,0.604536,-0.020966,0.997977,0.326449,0.600331,-0.021603,0.998497,0.326845,0.596086,-0.021768,0.999069,0.338038,0.558315,-0.131737,0.994666,0.33629,0.556613,0.033799,0.998485,0.35842,0.610271,-0.051952,0.993308,0.357692,0.610489,-0.006258,0.995516,0.415662,0.539596,-0.193566,0.996741,0.393924,0.501961,0.116163,0.997884,0.390596,0.742239,-0.274415,0.732728,0.400375,0.693334,0.146313,0.118328,0.323345,0.947637,-0.300251,0.823608,0.42881,0.899215,0.063714,0.478115,0.298178,0.974573,-0.356356,0.841269,0.409338,0.917542,0.057194,0.53416,0.290412,0.967359,-0.338606,0.828015,0.411076,0.925242,0.009004,0.540242,0.304505,0.959433,-0.297007,0.764868,0.416346,0.921383,0.040107,0.512124,0.634037,0.302116,-0.099492,0.999325,0.58545,0.307451,0.099,0.999423,0.704871,0.59281,0.007197,0.847254,0.578736,0.606264,0.216255,0.044166,0.766561,0.869892,0.060413,0.887464,0.591092,0.88329,0.343618,0.096017,0.789348,0.890473,0.063431,0.928222,0.609051,0.927085,0.356888,0.154806,0.739303,0.971222,-0.015272,0.901819,0.535847,0.932159,0.329889,0.175791
130,4.333333,0.340345,0.621735,-0.034206,0.996338,0.326631,0.601566,-0.059863,0.995576,0.327878,0.59663,-0.060218,0.99392,0.328945,0.592449,-0.06006,0.995673,0.325152,0.603008,-0.023356,0.998102,0.3258,0.598726,-0.023991,0.998592,0.326272,0.594398,-0.02416,0.999131,0.33749,0.557198,-0.134791,0.994905,0.335393,0.555075,0.031063,0.998587,0.357512,0.607439,-0.054445,0.993656,0.356437,0.607143,-0.00869,0.995783,0.415271,0.538985,-0.197018,0.996806,0.392401,0.499876,0.112821,0.997981,0.391482,0.741467,-0.275987,0.732992,0.403737,0.693057,0.142801,0.119508,0.333956,0.945744,-0.294887,0.82308,0.43263,0.899092,0.059285,0.489532,0.310055,0.97354,-0.348904,0.840554,0.414908,0.917325,0.052033,0.542866,0.302119,0.966774,-0.332609,0.826738,0.416099,0.924983,0.004163,0.548731,0.317511,0.958071,-0.291827,0.763926,0.42096,0.920969,0.035728,0.520144,0.634122,0.303638,-0.099139,0.999368,0.585346,0.308452,0.098663,0.999462,0.706201,0.59352,-0.002035,0.857876,0.57891,0.608383,0.204391,0.047997,0.770092,0.867574,0.054022,0.895002,0.589416,0.88896,0.31883,0.103184,0.792764,0.88506,0.057604,0.932217,0.60746,0.93213,0.330723,0.165037,0.746235,0.973149,-0.020421,0.908242,0.533545,0.935395,0.302067,0.189974
131,4.366667,0.338235,0.617776,-0.050715,0.996608,0.324379,0.598151,-0.078636,0.995863,0.325728,0.592631,-0.078969,0.994321,0.327012,0.587937,-0.078825,0.995936,0.322998,0.599988,-0.041002,0.99824,0.323703,0.595429,-0.041626,0.998699,0.324368,0.590831,-0.041799,0.999198,0.335674,0.551538,-0.157905,0.995234,0.333147,0.551145,0.013857,0.998701,0.355716,0.603676,-0.072274,0.994081,0.35422,0.603445,-0.024751,0.996091,0.414593,0.533946,-0.221833,0.996896,0.391381,0.498872,0.09719,0.998088,0.392068,0.741082,-0.306257,0.74561,0.406976,0.693037,0.132657,0.128767,0.340451,0.950179,-0.315997,0.829041,0.43721,0.899234,0.055887,0.512685,0.317877,0.982318,-0.369743,0.845362,0.421611,0.91948,0.048569,0.56153,0.308391,0.974538,-0.350513,0.831586,0.423188,0.926394,0.000363,0.567135,0.322411,0.964839,-0.311915,0.770923,0.427701,0.921762,0.032228,0.538824,0.634502,0.305067,-0.099234,0.999413,0.585211,0.313004,0.098774,0.999502,0.706426,0.59387,-0.033578,0.870645,0.579218,0.616961,0.210685,0.057931,0.773739,0.867596,0.036457,0.904312,0.590293,0.897451,0.330666,0.125478,0.795534,0.885381,0.040898,0.937829,0.607489,0.940201,0.343935,0.190144,0.748837,0.973166,-0.037412,0.916228,0.536138,0.95141,0.313156,0.222606
132,4.4,0.332828,0.607575,-0.069615,0.996894,0.319969,0.589175,-0.098015,0.996188,0.321235,0.58346,-0.098338,0.994779,0.322647,0.578444,-0.09821,0.996243,0.318312,0.59203,-0.059838,0.998387,0.3186,0.588187,-0.060464,0.998811,0.318981,0.58448,-0.060644,0.999267,0.330751,0.540462,-0.173672,0.995618,0.326792,0.54637,0.000119,0.998817,0.350519,0.594207,-0.089517,0.994545,0.348556,0.59594,-0.041343,0.996414,0.412174,0.515842,-0.232287,0.997033,0.38742,0.497753,0.085133,0.998206,0.398139,0.735174,-0.313562,0.763012,0.40861,0.692337,0.116241,0.146237,0.355651,0.948091,-0.316747,0.838823,0.435783,0.898139,0.041408,0.541429,0.335393,0.980943,-0.36981,0.854088,0.419399,0.919296,0.037214,0.586212,0.328681,0.976198,-0.350597,0.840881,0.420349,0.926188,-0.010485,0.591731,0.34247,0.964083,-0.312591,0.783808,0.425249,0.921418,0.018496,0.564289,0.634388,0.308874,-0.099029,0.999461,0.585063,0.329699,0.098607,0.999542,0.710086,0.596029,-0.078468,0.883201,0.579965,0.627859,0.195631,0.082156,0.779922,0.862594,-0.017126,0.913569,0.593323,0.905523,0.301803,0.168153,0.802395,0.875153,-0.013773,0.94373,0.610924,0.947772,0.312898,0.233862,0.76072,0.975166,-0.09539,0.924292,0.539145,0.958634,0.279964,0.274629
133,4.433333,0.325941,0.607726,-0.081422,0.997128,0.313455,0.589059,-0.111392,0.996448,0.315167,0.583399,-0.111726,0.995148,0.316798,0.578443,-0.111616,0.996498,0.311479,0.591612,-0.072545,0.998503,0.312242,0.587616,-0.07315,0.998901,0.313025,0.583818,-0.07334,0.999322,0.326672,0.539099,-0.193117,0.99593,0.323118,0.545373,-0.016045,0.99891,0.345153,0.594428,-0.103224,0.99493,0.344109,0.596501,-0.054102,0.996676,0.412597,0.511227,-0.253874,0.997152,0.385536,0.496754,0.072588,0.998279,0.40098,0.73346,-0.331493,0.774236,0.408405,0.691315,0.112714,0.154622,0.371535,0.947577,-0.327753,0.845383,0.435625,0.892215,0.042236,0.55511,0.3573,0.980374,-0.379162,0.859708,0.417354,0.917647,0.039353,0.596596,0.348983,0.974388,-0.360122,0.846961,0.418145,0.924401,-0.008643,0.6023,0.362259,0.962623,-0.323256,0.792289,0.423991,0.917745,0.019395,0.575414,0.634274,0.312195,-0.099516,0.999503,0.584989,0.344236,0.099148,0.999578,0.715071,0.602621,-0.056389,0.892528,0.582999,0.634867,0.199436,0.08746,0.782853,0.864083,0.027712,0.921072,0.594314,0.908457,0.310703,0.183219,0.802999,0.875855,0.031813,0.948216,0.612131,0.952394,0.322158,0.250734,0.761541,0.975952,-0.059222,0.930646,0.541779,0.960814,0.286415,0.298832
134,4.466667,0.320478,0.607205,-0.082271,0.997227,0.309481,0.587221,-0.113746,0.996462,0.311103,0.581987,-0.11407,0.995215,0.312725,0.577246,-0.113958,0.996493,0.307722,0.589624,-0.074997,0.998537,0.308438,0.585894,-0.075622,0.99894,0.309107,0.582188,-0.075841,0.999348,0.323445,0.53765,-0.199158,0.99601,0.320463,0.543553,-0.022564,0.998971,0.339551,0.594474,-0.104792,0.995083,0.339106,0.59646,-0.055755,0.996814,0.412549,0.506951,-0.254812,0.997136,0.379924,0.491507,0.065232,0.99834,0.402362,0.739828,-0.328665,0.777076,0.408284,0.68728,0.108009,0.160098,0.368657,0.950785,-0.325379,0.846533,0.435102,0.871183,0.041775,0.568828,0.352431,0.986056,-0.37875,0.8612,0.415769,0.904084,0.039134,0.607594,0.342883,0.982838,-0.359222,0.848636,0.416529,0.910382,-0.008974,0.613232,0.355122,0.967176,-0.321529,0.79555,0.422505,0.901316,0.01925,0.586236,0.633976,0.318874,-0.099791,0.99954,0.584647,0.346681,0.099441,0.99961,0.717351,0.608103,-0.040168,0.901572,0.585779,0.638601,0.211308,0.094694,0.784304,0.864398,0.0524,0.928286,0.596647,0.915153,0.334289,0.201997,0.802604,0.876859,0.057077,0.952505,0.615149,0.955582,0.347986,0.26785,0.762459,0.977507,-0.035684,0.936755,0.543306,0.969711,0.310966,0.325625
135,4.5,0.315471,0.605564,-0.077088,0.996823,0.304005,0.583345,-0.111206,0.995691,0.305614,0.578333,-0.111509,0.994343,0.307238,0.573671,-0.111363,0.995839,0.302374,0.584439,-0.070496,0.998218,0.303124,0.580134,-0.071121,0.998739,0.303887,0.575842,-0.071309,0.99923,0.319286,0.531966,-0.190703,0.995401,0.316308,0.536077,-0.023094,0.998826,0.335016,0.59323,-0.102646,0.994186,0.334802,0.595024,-0.053104,0.996195,0.412769,0.508013,-0.248632,0.996889,0.377234,0.482587,0.062913,0.998009,0.403254,0.752576,-0.28243,0.75908,0.40792,0.683764,0.096796,0.148666,0.370387,0.954057,-0.235694,0.828082,0.416891,0.861774,0.035533,0.524228,0.356284,0.993408,-0.2804,0.845985,0.409257,0.89681,0.033103,0.562258,0.346853,0.983138,-0.266763,0.833252,0.409959,0.903778,-0.012579,0.567942,0.355344,0.967869,-0.232281,0.7786,0.415223,0.89307,0.014051,0.543404,0.633963,0.322544,-0.098539,0.999559,0.584601,0.345425,0.098199,0.99962,0.719106,0.612344,0.030325,0.896774,0.587716,0.642196,0.211115,0.088991,0.787808,0.8634,0.115883,0.930298,0.601167,0.918146,0.331868,0.192638,0.808008,0.874588,0.120177,0.951876,0.620631,0.954717,0.344948,0.257663,0.769816,0.977562,0.038859,0.936382,0.546538,0.970193,0.31089,0.313717
136,4.533333,0.311578,0.601115,-0.086461,0.994544,0.300749,0.576638,-0.118746,0.992353,0.302228,0.571777,-0.11912,0.990458,0.303709,0.567167,-0.119027,0.993273,0.299323,0.576752,-0.082132,0.996467,0.30002,0.572143,-0.08275,0.997445,0.300664,0.567693,-0.082993,0.99843,0.315943,0.525138,-0.200073,0.992956,0.312912,0.528457,-0.038891,0.997563,0.33087,0.590407,-0.108755,0.989853,0.330698,0.592099,-0.063148,0.992523,0.412668,0.508782,-0.266527,0.996158,0.374694,0.480554,0.057438,0.996089,0.403614,0.753887,-0.313671,0.727471,0.402767,0.688199,0.075782,0.134732,0.374607,0.958552,-0.257547,0.78101,0.402414,0.875594,0.005347,0.472806,0.356837,0.996283,-0.309097,0.801992,0.387308,0.909325,0.002742,0.507589,0.344764,0.984931,-0.295435,0.789373,0.386377,0.91429,-0.040344,0.512795,0.355502,0.97106,-0.255854,0.733842,0.392207,0.907267,-0.016252,0.490913,0.63397,0.327153,-0.099012,0.999553,0.584714,0.348494,0.098678,0.999598,0.719857,0.616602,0.028461,0.867417,0.590779,0.641883,0.225528,0.081176,0.790245,0.863418,0.117209,0.919754,0.606327,0.917456,0.33424,0.177793,0.811664,0.873847,0.122066,0.941818,0.625087,0.95323,0.345631,0.240045,0.775138,0.979765,0.037559,0.921087,0.550092,0.969948,0.311993,0.290643
137,4.566667,0.308754,0.584497,-0.103061,0.994727,0.298611,0.561704,-0.135953,0.992616,0.299567,0.556354,-0.136324,0.990846,0.300706,0.551379,-0.13625,0.99356,0.297546,0.563055,-0.098873,0.996554,0.297892,0.558761,-0.099475,0.99751,0.298187,0.554504,-0.099693,0.998465,0.313021,0.514307,-0.221379,0.993315,0.309908,0.518858,-0.054362,0.997626,0.327159,0.573589,-0.125223,0.990355,0.326384,0.575233,-0.07881,0.992826,0.411838,0.504584,-0.283114,0.996393,0.36231,0.470401,0.041861,0.996143,0.412358,0.752612,-0.333146,0.745752,0.372654,0.665026,0.069013,0.12668,0.382705,0.957825,-0.280956,0.795266,0.359832,0.839662,-0.006124,0.437099,0.36658,0.996506,-0.330371,0.81382,0.354188,0.872759,-0.012519,0.471781,0.354939,0.985143,-0.317843,0.801908,0.355888,0.88078,-0.056017,0.477214,0.365132,0.970074,-0.277617,0.747726,0.361738,0.87266,-0.028099,0.457776,0.631638,0.330598,-0.099431,0.999586,0.584078,0.355965,0.099153,0.999623,0.71959,0.615868,0.00585,0.875687,0.59661,0.646769,0.201972,0.079343,0.796098,0.863437,0.107978,0.925685,0.615844,0.919208,0.319671,0.176449,0.820154,0.870023,0.111955,0.945515,0.636292,0.952317,0.330857,0.238293,0.78333,0.979572,0.020883,0.926372,0.565063,0.974816,0.281349,0.293081
138,4.6,0.306733,0.581014,-0.096224,0.994706,0.296066,0.557583,-0.128193,0.992502,0.297876,0.552083,-0.128562,0.990789,0.299672,0.547126,-0.128474,0.99352,0.294036,0.559592,-0.091943,0.996473,0.294762,0.555551,-0.09255,0.997475,0.295367,0.551709,-0.092768,0.998444,0.311779,0.509345,-0.211982,0.993298,0.307095,0.515614,-0.048776,0.997591,0.326521,0.570691,-0.117758,0.990385,0.324947,0.573424,-0.072331,0.992811,0.410541,0.504902,-0.273458,0.996553,0.358678,0.47,0.045258,0.996169,0.415393,0.752317,-0.327703,0.756086,0.367857,0.664373,0.076057,0.120149,0.389867,0.95685,-0.27425,0.804434,0.352028,0.820001,0.002206,0.40907,0.374964,0.994931,-0.323253,0.821376,0.349834,0.854991,-0.00444,0.443382,0.362606,0.984151,-0.310241,0.810051,0.352378,0.858346,-0.048667,0.449262,0.372937,0.968948,-0.270642,0.755984,0.357286,0.848618,-0.019947,0.431334,0.63129,0.330635,-0.098905,0.999608,0.583573,0.361927,0.098659,0.999638,0.720285,0.615221,-0.006236,0.873048,0.604061,0.660646,0.175241,0.074609,0.798657,0.860977,0.098013,0.923828,0.621411,0.921196,0.291982,0.165549,0.820393,0.865389,0.101467,0.943271,0.640213,0.956967,0.303228,0.226052,0.786424,0.97675,0.015166,0.923622,0.569892,0.98009,0.253565,0.278993
139,4.633333,0.299226,0.577194,-0.098363,0.995076,0.29147,0.552596,-0.1301,0.993025,0.293433,0.547261,-0.130464,0.991452,0.295209,0.542474,-0.130367,0.993979,0.289508,0.554455,-0.093029,0.996708,0.290268,0.550351,-0.093627,0.997648,0.290833,0.546072,-0.093819,0.998549,0.308543,0.504655,-0.214017,0.993786,0.303004,0.51145,-0.047048,0.997757,0.320591,0.568267,-0.119889,0.9911,0.318797,0.570332,-0.073654,0.99333,0.410677,0.503249,-0.280307,0.996809,0.353353,0.465935,0.050166,0.996391,0.416421,0.751872,-0.325661,0.776602,0.356812,0.649185,0.099264,0.12259,0.39639,0.956333,-0.278667,0.821684,0.332724,0.800873,0.038989,0.418307,0.383833,0.994987,-0.328341,0.836609,0.325777,0.837656,0.033112,0.453297,0.370063,0.9855,-0.314651,0.826202,0.330234,0.844021,-0.010604,0.460091,0.379711,0.968351,-0.275268,0.775746,0.337395,0.831838,0.017257,0.441645,0.631172,0.332442,-0.101046,0.999629,0.583461,0.365114,0.100879,0.999651,0.722488,0.615958,-0.008602,0.878842,0.608933,0.669847,0.181263,0.073321,0.801112,0.858722,0.103899,0.926759,0.627592,0.922973,0.303768,0.161055,0.822093,0.862233,0.111388,0.945003,0.644909,0.958231,0.31547,0.222293,0.7892,0.970396,0.028614,0.926158,0.577204,0.980404,0.270639,0.276902
140,4.666667,0.291536,0.570416,-0.106244,0.995438,0.284995,0.545768,-0.138402,0.993536,0.287109,0.539983,-0.138761,0.99211,0.289138,0.534367,-0.138676,0.994432,0.28303,0.547762,-0.099949,0.996938,0.283698,0.543393,-0.100558,0.997821,0.284312,0.53855,-0.10075,0.998653,0.304923,0.497005,-0.225804,0.994292,0.298319,0.503855,-0.052155,0.997931,0.313527,0.561785,-0.129018,0.991853,0.311434,0.563922,-0.081014,0.993885,0.410009,0.499625,-0.295514,0.997061,0.347276,0.463973,0.05014,0.996651,0.417701,0.751133,-0.343226,0.797212,0.343935,0.641014,0.104177,0.138122,0.400787,0.957852,-0.310033,0.838559,0.307157,0.798098,0.04838,0.452216,0.388888,0.994549,-0.362826,0.851837,0.293561,0.834792,0.042312,0.485416,0.372156,0.988237,-0.345821,0.842373,0.297989,0.844743,0.000238,0.492468,0.380543,0.970217,-0.304563,0.796118,0.305002,0.832972,0.027416,0.473726,0.628658,0.332628,-0.102983,0.999646,0.582641,0.369925,0.102863,0.999662,0.722519,0.615813,-0.07219,0.889425,0.610379,0.675702,0.179226,0.078441,0.805458,0.858785,0.04208,0.932784,0.632099,0.925303,0.304141,0.16561,0.827659,0.862978,0.05032,0.949243,0.649045,0.960188,0.319851,0.229241,0.794534,0.970273,-0.040766,0.931999,0.584642,0.981125,0.27673,0.288071
141,4.7,0.288612,0.558287,-0.12138,0.99579,0.281841,0.53208,-0.151321,0.994044,0.28408,0.525941,-0.15169,0.992755,0.286384,0.520362,-0.151614,0.994881,0.279745,0.534543,-0.112201,0.997166,0.280667,0.529973,-0.112811,0.997988,0.28144,0.525599,-0.112992,0.998754,0.303893,0.484896,-0.235758,0.99478,0.296554,0.493247,-0.059084,0.998097,0.309555,0.550242,-0.143625,0.992548,0.307739,0.552108,-0.094795,0.994397,0.408864,0.494866,-0.308409,0.997272,0.346116,0.465038,0.040589,0.996864,0.419294,0.743531,-0.372272,0.816272,0.331168,0.642436,0.101011,0.158499,0.402968,0.957448,-0.36009,0.85372,0.284301,0.805331,0.055253,0.483584,0.388826,0.994273,-0.417234,0.865555,0.265708,0.835732,0.049498,0.515069,0.372692,0.989267,-0.398853,0.856935,0.268318,0.845716,0.009983,0.522309,0.380897,0.972415,-0.354705,0.814432,0.27784,0.834771,0.035477,0.503496,0.628063,0.335179,-0.103541,0.999657,0.581822,0.376286,0.103439,0.999666,0.724936,0.619041,-0.109003,0.89968,0.609652,0.680388,0.175547,0.088674,0.808572,0.858115,-0.009595,0.93863,0.636977,0.924807,0.30431,0.1775,0.831522,0.863397,-0.003383,0.95353,0.655949,0.959088,0.317664,0.244137,0.791869,0.971079,-0.095709,0.937732,0.588142,0.982427,0.269428,0.306031
142,4.733333,0.282666,0.546248,-0.243726,0.995769,0.277126,0.51707,-0.270359,0.994148,0.279578,0.511839,-0.270768,0.992944,0.282071,0.507205,-0.27072,0.995009,0.274336,0.519658,-0.233831,0.997134,0.275117,0.516358,-0.234424,0.997967,0.275715,0.513458,-0.234612,0.998718,0.301287,0.47552,-0.336473,0.995048,0.292296,0.48524,-0.169142,0.998106,0.302435,0.543646,-0.258765,0.99281,0.29982,0.545833,-0.212825,0.994503,0.406793,0.491276,-0.395743,0.997107,0.341804,0.470511,-0.059415,0.996618,0.421875,0.743445,-0.48878,0.82909,0.30305,0.657566,-0.018745,0.165767,0.408764,0.968659,-0.510482,0.861907,0.238999,0.811659,-0.065252,0.492201,0.390515,1.008465,-0.578376,0.872745,0.212811,0.847901,-0.076157,0.526477,0.374397,1.005118,-0.560963,0.864745,0.214482,0.858049,-0.116198,0.535495,0.383336,0.988186,-0.507763,0.822463,0.225384,0.846467,-0.085696,0.516619,0.62523,0.335836,-0.105247,0.999546,0.57848,0.384896,0.10512,0.999525,0.7243,0.618943,-0.123016,0.907726,0.611165,0.684663,0.210735,0.08891,0.809882,0.851303,-0.037341,0.943561,0.645953,0.924982,0.364519,0.186181,0.833193,0.861917,-0.033799,0.956844,0.667796,0.958256,0.378856,0.250832,0.788392,0.970952,-0.152025,0.942259,0.593656,0.984837,0.313556,0.315539
143,4.766667,0.286003,0.544924,-0.236565,0.995224,0.280265,0.514011,-0.257717,0.99364,0.282493,0.508522,-0.258154,0.992502,0.284766,0.503785,-0.258083,0.994559,0.277782,0.518065,-0.226589,0.996813,0.278492,0.51524,-0.227241,0.997786,0.279003,0.512957,-0.227492,0.998558,0.302426,0.473792,-0.307666,0.994953,0.29415,0.486065,-0.164994,0.998014,0.306092,0.541736,-0.245398,0.992517,0.303943,0.544934,-0.206998,0.994313,0.4067,0.491454,-0.361354,0.996781,0.337849,0.478436,-0.073103,0.99655,0.42475,0.741555,-0.441016,0.842593,0.299488,0.673221,-0.035758,0.209822,0.41419,0.969192,-0.452802,0.869156,0.231871,0.822175,-0.079671,0.531312,0.397779,1.013298,-0.513475,0.879101,0.204832,0.851781,-0.096579,0.562679,0.380862,1.008931,-0.501035,0.87169,0.206928,0.858729,-0.130919,0.571643,0.390504,0.9903,-0.450995,0.829685,0.219249,0.849453,-0.097967,0.552939,0.625385,0.33809,-0.101489,0.999465,0.577186,0.386961,0.101321,0.999448,0.724202,0.621556,-0.12202,0.915689,0.615173,0.680836,0.220265,0.101052,0.812983,0.849214,-0.050492,0.947716,0.649587,0.922082,0.398699,0.198728,0.836384,0.857544,-0.046953,0.959633,0.672143,0.951327,0.415873,0.264075,0.787085,0.970837,-0.14691,0.94616,0.594418,0.983682,0.374335,0.326543
144,4.8,0.286828,0.542686,-0.269368,0.994717,0.28095,0.510797,-0.286286,0.993199,0.283101,0.505599,-0.286723,0.992078,0.285269,0.501139,-0.286642,0.99412,0.278698,0.514557,-0.257704,0.99655,0.279448,0.511939,-0.258383,0.997644,0.27992,0.509926,-0.258656,0.998425,0.302827,0.471606,-0.319799,0.994829,0.294749,0.484124,-0.189732,0.997935,0.306402,0.539758,-0.272729,0.992145,0.304598,0.543018,-0.237841,0.994104,0.406639,0.491464,-0.363537,0.996234,0.334523,0.483793,-0.101224,0.996445,0.426587,0.739831,-0.436956,0.854517,0.295184,0.678629,-0.071094,0.261495,0.41588,0.969737,-0.451833,0.874244,0.219301,0.83564,-0.129055,0.571925,0.402328,1.013984,-0.513619,0.883888,0.189863,0.872205,-0.152794,0.600414,0.384498,1.009199,-0.504934,0.877134,0.191989,0.872321,-0.186444,0.609034,0.392775,0.992269,-0.451763,0.835218,0.206138,0.860059,-0.147809,0.590998,0.624601,0.337598,-0.093879,0.999388,0.575633,0.389137,0.093684,0.999383,0.723838,0.617155,-0.137356,0.9233,0.616398,0.677557,0.209585,0.124802,0.811582,0.846182,-0.078857,0.952095,0.65563,0.921363,0.390353,0.222847,0.837235,0.855367,-0.076526,0.962729,0.676035,0.950458,0.408832,0.2857,0.786633,0.968058,-0.186273,0.950502,0.600117,0.98292,0.364447,0.347996
145,4.833333,0.285218,0.539228,-0.274605,0.994245,0.278833,0.505839,-0.290963,0.992774,0.280815,0.501047,-0.291416,0.991676,0.282811,0.497102,-0.29132,0.993669,0.277132,0.508923,-0.263545,0.996326,0.277828,0.506432,-0.264247,0.997533,0.278308,0.504508,-0.264517,0.99832,0.300482,0.46853,-0.322734,0.994622,0.293545,0.479289,-0.198721,0.997866,0.303162,0.538293,-0.27742,0.991723,0.301751,0.541208,-0.244163,0.993933,0.405388,0.491901,-0.364056,0.99595,0.33247,0.486045,-0.109601,0.996506,0.430568,0.737175,-0.430513,0.864667,0.286983,0.686298,-0.078984,0.307516,0.420033,0.970264,-0.44456,0.878071,0.208775,0.85412,-0.139096,0.609385,0.404783,1.014618,-0.507315,0.887677,0.178035,0.89424,-0.164407,0.635195,0.387222,1.010816,-0.499607,0.881411,0.180679,0.892925,-0.199047,0.643424,0.397332,0.993318,-0.445056,0.839063,0.195174,0.878912,-0.158508,0.626001,0.623584,0.337326,-0.090082,0.999373,0.572882,0.387432,0.08986,0.999379,0.720253,0.610771,-0.117112,0.930035,0.616943,0.676017,0.210013,0.142318,0.810538,0.844678,-0.055458,0.955952,0.660988,0.914158,0.409324,0.24003,0.835782,0.854242,-0.052302,0.965487,0.684128,0.938575,0.429706,0.301164,0.786028,0.964689,-0.152186,0.954325,0.606845,0.982261,0.391322,0.363376
146,4.866667,0.286774,0.531025,-0.284321,0.994038,0.279902,0.499134,-0.300162,0.992602,0.281758,0.493847,-0.300622,0.991601,0.283716,0.489297,-0.300511,0.993432,0.278143,0.504221,-0.272848,0.996232,0.27863,0.502674,-0.273566,0.99752,0.278794,0.501626,-0.273847,0.998271,0.300509,0.460879,-0.325377,0.994609,0.292601,0.476679,-0.202139,0.997877,0.304528,0.531256,-0.284006,0.991543,0.302552,0.536384,-0.251033,0.993918,0.403618,0.490241,-0.361617,0.995783,0.328923,0.488183,-0.107636,0.996631,0.43245,0.727287,-0.41831,0.876235,0.281156,0.68915,-0.072249,0.363257,0.425925,0.969961,-0.425985,0.88708,0.203573,0.869686,-0.138755,0.647083,0.409977,1.011515,-0.487885,0.896123,0.172683,0.910993,-0.16538,0.670352,0.394377,1.010212,-0.48158,0.890445,0.174439,0.910486,-0.202638,0.677891,0.403962,0.992378,-0.426603,0.850344,0.188417,0.89631,-0.159266,0.661858,0.62056,0.336956,-0.088999,0.999341,0.570151,0.385548,0.088779,0.999359,0.717041,0.607432,-0.130139,0.936717,0.618217,0.674505,0.196642,0.185035,0.805836,0.844455,-0.089081,0.960041,0.66695,0.897712,0.399097,0.279379,0.835368,0.853672,-0.088197,0.96858,0.696872,0.91907,0.419512,0.338071,0.782968,0.964002,-0.193736,0.958527,0.616665,0.981581,0.38022,0.399299
147,4.9,0.281943,0.530917,-0.263759,0.993819,0.275294,0.498211,-0.280569,0.992375,0.27714,0.493355,-0.281036,0.991501,0.279188,0.489191,-0.280946,0.993226,0.273574,0.502968,-0.252746,0.996097,0.274135,0.501332,-0.253454,0.997483,0.27448,0.5002,-0.253718,0.998203,0.296811,0.461874,-0.314547,0.99461,0.289544,0.475999,-0.18889,0.997865,0.299966,0.532671,-0.267032,0.991484,0.297687,0.53714,-0.233361,0.993943,0.402513,0.490555,-0.357058,0.995702,0.326618,0.499402,-0.093131,0.996747,0.436825,0.726108,-0.410596,0.886552,0.277562,0.695306,-0.056855,0.412363,0.433662,0.969755,-0.41489,0.895121,0.206406,0.887765,-0.119253,0.680573,0.421997,1.011558,-0.476169,0.903726,0.175094,0.923147,-0.142164,0.701653,0.4061,1.009587,-0.46884,0.898538,0.176854,0.924681,-0.180673,0.708597,0.41347,0.992157,-0.414894,0.860426,0.191721,0.913944,-0.139797,0.693717,0.614838,0.335772,-0.089656,0.999309,0.566764,0.38443,0.089435,0.999344,0.708556,0.60744,-0.129043,0.942684,0.618204,0.65543,0.194267,0.217625,0.796589,0.85779,-0.094316,0.963656,0.676487,0.883224,0.398159,0.314572,0.82257,0.869995,-0.094352,0.971374,0.70622,0.906223,0.41646,0.372155,0.754665,0.967672,-0.191566,0.962243,0.636588,0.976916,0.369728,0.431243
148,4.933333,0.28113,0.531498,-0.275992,0.993867,0.273983,0.498734,-0.293297,0.992414,0.276018,0.494099,-0.293759,0.991673,0.278215,0.489977,-0.293688,0.993243,0.271795,0.503465,-0.266064,0.996105,0.272268,0.502157,-0.266755,0.997533,0.272423,0.50135,-0.266993,0.998194,0.295985,0.462136,-0.328252,0.994787,0.288209,0.476696,-0.205032,0.997911,0.299426,0.533854,-0.279257,0.991633,0.296726,0.538292,-0.24628,0.994081,0.401019,0.490448,-0.369972,0.995737,0.327009,0.506562,-0.111067,0.996881,0.437502,0.723764,-0.42733,0.896123,0.275907,0.699078,-0.088101,0.455481,0.437992,0.969354,-0.439705,0.90301,0.204352,0.896594,-0.156969,0.711015,0.423333,1.011147,-0.504889,0.91129,0.173571,0.934466,-0.182568,0.730278,0.408445,1.008625,-0.498643,0.906593,0.175561,0.935539,-0.2207,0.736651,0.417051,0.991564,-0.440937,0.870866,0.190106,0.923927,-0.177807,0.722936,0.612179,0.334465,-0.089111,0.999269,0.564837,0.383625,0.088908,0.999312,0.702509,0.603748,-0.190216,0.948204,0.618465,0.64465,0.168735,0.253186,0.794244,0.86052,-0.170476,0.96706,0.679858,0.88274,0.340818,0.354919,0.817073,0.875754,-0.171921,0.974042,0.705491,0.907315,0.357363,0.409485,0.746536,0.968336,-0.275096,0.965778,0.637971,0.976712,0.311477,0.467167
149,4.966667,0.282292,0.53353,-0.265634,0.993753,0.274588,0.501473,-0.282921,0.992306,0.276591,0.496666,-0.283388,0.991658,0.278787,0.492416,-0.283305,0.993138,0.272306,0.50601,-0.255371,0.996035,0.272568,0.504293,-0.256086,0.997526,0.272605,0.50293,-0.256336,0.998157,0.295603,0.464012,-0.317735,0.994794,0.287137,0.477279,-0.192644,0.997901,0.300626,0.534911,-0.268264,0.991595,0.297975,0.539317,-0.235069,0.994127,0.400296,0.490691,-0.361715,0.995698,0.327077,0.512504,-0.096716,0.997003,0.439478,0.722512,-0.411798,0.905393,0.278088,0.701381,-0.061756,0.497873,0.440656,0.969059,-0.425316,0.910938,0.210885,0.910441,-0.126514,0.738561,0.428739,1.010578,-0.50014,0.91854,0.180625,0.944586,-0.148876,0.755984,0.412927,1.008632,-0.492202,0.914274,0.181521,0.947098,-0.188922,0.761854,0.420254,0.991014,-0.429785,0.880865,0.195943,0.936955,-0.147517,0.749133,0.609644,0.333309,-0.088793,0.999228,0.563283,0.382553,0.088597,0.999287,0.693482,0.603007,-0.158776,0.953017,0.618206,0.638798,0.162926,0.278938,0.786989,0.871372,-0.121325,0.969998,0.686143,0.874769,0.332231,0.381213,0.807851,0.8917,-0.122391,0.976375,0.713111,0.903349,0.348481,0.436513,0.72323,0.969681,-0.224342,0.96884,0.648425,0.969785,0.299434,0.492589
150,5.0,0.280005,0.538716,-0.254483,0.993755,0.271173,0.504609,-0.272287,0.992291,0.272941,0.499938,-0.272741,0.991733,0.274934,0.49588,-0.272658,0.993116,0.269285,0.509182,-0.244319,0.99603,0.269635,0.507581,-0.245022,0.997557,0.269871,0.506348,-0.245267,0.998155,0.292073,0.466904,-0.313037,0.99485,0.285182,0.479989,-0.184001,0.997926,0.298192,0.541329,-0.258674,0.991709,0.295957,0.545246,-0.225163,0.99426,0.398985,0.490971,-0.36072,0.995692,0.325486,0.517735,-0.092523,0.997129,0.441166,0.722079,-0.408844,0.913661,0.279566,0.708703,-0.057881,0.536125,0.447082,0.968783,-0.419131,0.917754,0.215609,0.919821,-0.119479,0.763353,0.436209,1.010354,-0.487879,0.924843,0.184433,0.951838,-0.142451,0.779136,0.420807,1.008162,-0.479294,0.920943,0.185626,0.953374,-0.182708,0.784539,0.427575,0.990843,-0.421539,0.889522,0.200724,0.943634,-0.140553,0.772699,0.60496,0.331102,-0.086417,0.999203,0.560254,0.381897,0.086254,0.999279,0.68486,0.603259,-0.150653,0.957414,0.620472,0.637519,0.1328,0.309197,0.77581,0.880036,-0.126986,0.972701,0.692928,0.872816,0.26854,0.412852,0.797491,0.904521,-0.129068,0.978534,0.717925,0.904214,0.281252,0.465822,0.714914,0.974937,-0.228171,0.97167,0.655871,0.966521,0.225634,0.521933
151,5.033333,0.279224,0.54533,-0.248676,0.993276,0.269816,0.511905,-0.268395,0.991654,0.271355,0.507249,-0.268842,0.991155,0.273137,0.503291,-0.268741,0.992576,0.268274,0.516152,-0.238597,0.995683,0.268676,0.51421,-0.239292,0.997382,0.268973,0.512703,-0.239535,0.997996,0.290139,0.473161,-0.30737,0.994534,0.284255,0.485202,-0.178707,0.99778,0.297515,0.547011,-0.254531,0.991286,0.295605,0.550776,-0.219218,0.994024,0.396652,0.491138,-0.354656,0.995583,0.325797,0.522368,-0.089378,0.997175,0.443771,0.722195,-0.40702,0.92057,0.281048,0.714289,-0.055189,0.562388,0.451463,0.969584,-0.42492,0.922919,0.219034,0.923347,-0.113613,0.784024,0.442188,1.015341,-0.492079,0.929705,0.188248,0.954401,-0.135216,0.798553,0.42643,1.01175,-0.483586,0.926106,0.189796,0.956637,-0.176212,0.803652,0.432875,0.992204,-0.426347,0.895959,0.2046,0.947678,-0.135261,0.79225,0.601732,0.327383,-0.085182,0.999167,0.558433,0.381509,0.085037,0.99926,0.680632,0.60338,-0.152972,0.960957,0.623972,0.637849,0.10452,0.319656,0.760828,0.885356,-0.121998,0.974698,0.699629,0.874557,0.210425,0.425035,0.788149,0.914744,-0.122825,0.980266,0.72521,0.904788,0.22035,0.480248,0.702418,0.978169,-0.217082,0.973811,0.659259,0.966927,0.162043,0.534937
152,5.066667,0.278118,0.559248,-0.245257,0.993038,0.268378,0.527956,-0.261842,0.991356,0.269748,0.522945,-0.262269,0.990834,0.271326,0.518609,-0.26217,0.99228,0.266961,0.53181,-0.232972,0.995526,0.267211,0.529628,-0.233677,0.997302,0.267386,0.527819,-0.233926,0.997933,0.287356,0.486293,-0.294595,0.994177,0.281759,0.499812,-0.170106,0.997688,0.296257,0.55808,-0.248682,0.990983,0.294347,0.56184,-0.214897,0.993935,0.396227,0.497628,-0.336068,0.995367,0.320891,0.522576,-0.077548,0.997238,0.44754,0.723829,-0.404042,0.926692,0.282999,0.72231,-0.025258,0.582113,0.457525,0.971534,-0.424328,0.927973,0.222728,0.932203,-0.076564,0.802934,0.447608,1.023869,-0.492938,0.934329,0.193147,0.95777,-0.098878,0.816175,0.430523,1.016572,-0.483217,0.931035,0.194734,0.960234,-0.142596,0.821012,0.436691,0.995116,-0.425264,0.902077,0.209031,0.952858,-0.098777,0.810049,0.591794,0.320488,-0.085392,0.999114,0.549526,0.365555,0.085238,0.999244,0.661185,0.610646,-0.072509,0.962506,0.624334,0.638465,0.102583,0.311331,0.734598,0.895457,-0.031473,0.976119,0.699394,0.875238,0.213651,0.419415,0.763049,0.929198,-0.033328,0.981696,0.727224,0.906358,0.223571,0.479592,0.676636,0.983195,-0.143016,0.975465,0.655181,0.965595,0.145852,0.533496
153,5.1,0.276314,0.564542,-0.237896,0.993046,0.265616,0.533808,-0.254631,0.991339,0.267016,0.528846,-0.255035,0.990833,0.268686,0.524616,-0.254958,0.99226,0.264452,0.537564,-0.225561,0.995493,0.264892,0.535254,-0.226254,0.997293,0.26535,0.533398,-0.226491,0.997914,0.284941,0.491324,-0.290054,0.994153,0.280366,0.50444,-0.163646,0.997672,0.295152,0.563216,-0.242093,0.991004,0.293589,0.566962,-0.207887,0.993997,0.393464,0.497914,-0.328981,0.995342,0.321409,0.524786,-0.076494,0.997326,0.4479,0.723074,-0.402657,0.932421,0.284423,0.725657,-0.029844,0.599803,0.460493,0.971362,-0.424112,0.932898,0.223879,0.931381,-0.091727,0.819734,0.451817,1.022243,-0.49337,0.938908,0.195602,0.958107,-0.119249,0.832069,0.43482,1.015274,-0.484298,0.935916,0.197353,0.960884,-0.160269,0.836688,0.441333,0.993997,-0.42529,0.908453,0.21122,0.953707,-0.113362,0.826153,0.589775,0.315569,-0.085645,0.999109,0.547348,0.361902,0.085491,0.999251,0.657173,0.614329,-0.070046,0.964038,0.6252,0.638282,0.099354,0.30297,0.729774,0.896049,-0.022486,0.977616,0.701267,0.871225,0.203775,0.417643,0.75798,0.933882,-0.023515,0.983085,0.730429,0.907674,0.213545,0.481047,0.667271,0.982953,-0.130319,0.977184,0.653015,0.963461,0.136784,0.53717
154,5.133333,0.275442,0.570321,-0.219961,0.993208,0.264176,0.541336,-0.236427,0.991536,0.265292,0.535901,-0.236834,0.991044,0.266727,0.531057,-0.236759,0.992438,0.263426,0.545326,-0.206905,0.995576,0.263885,0.542839,-0.207573,0.997345,0.264369,0.540544,-0.207794,0.99795,0.282709,0.497563,-0.275587,0.994221,0.278843,0.510046,-0.145775,0.997696,0.293813,0.567562,-0.225975,0.991202,0.292563,0.571337,-0.190856,0.994152,0.389604,0.500342,-0.321467,0.995403,0.320661,0.524529,-0.055618,0.99741,0.449988,0.722099,-0.390503,0.937741,0.285415,0.729107,-0.011595,0.615896,0.46492,0.969466,-0.409896,0.93771,0.225343,0.934079,-0.073696,0.835057,0.455382,1.019992,-0.479656,0.943211,0.196999,0.959168,-0.09897,0.846352,0.439657,1.012969,-0.46933,0.940481,0.198863,0.961755,-0.140788,0.850765,0.446719,0.992759,-0.410404,0.914424,0.212429,0.955495,-0.095618,0.840611,0.583287,0.310564,-0.08715,0.99906,0.542959,0.354224,0.087028,0.999232,0.653153,0.617783,-0.040982,0.963434,0.625745,0.638525,0.105196,0.288702,0.722248,0.89494,0.012672,0.977902,0.700391,0.866419,0.216879,0.402142,0.748728,0.933947,0.0122,0.98393,0.728142,0.907973,0.227078,0.469906,0.668833,0.982314,-0.092373,0.977898,0.656057,0.957578,0.149634,0.525252
155,5.166667,0.272313,0.571665,-0.197365,0.993411,0.26054,0.54386,-0.216224,0.991724,0.261957,0.538625,-0.216613,0.991229,0.263692,0.533922,-0.216558,0.992608,0.259654,0.54732,-0.186653,0.995681,0.260366,0.544534,-0.187301,0.997411,0.261211,0.541966,-0.187511,0.998005,0.280516,0.499925,-0.264814,0.994273,0.277238,0.510724,-0.133346,0.997745,0.292577,0.569247,-0.206832,0.991469,0.291558,0.572439,-0.171232,0.994374,0.386998,0.502329,-0.314809,0.995496,0.321106,0.525029,-0.042439,0.997531,0.450814,0.720646,-0.385686,0.942038,0.286762,0.732011,-0.00051,0.629005,0.465805,0.968166,-0.408543,0.942055,0.235568,0.934145,-0.064461,0.84943,0.455765,1.018819,-0.479038,0.947219,0.203384,0.959653,-0.087988,0.859853,0.438745,1.012583,-0.468747,0.944742,0.204944,0.961366,-0.131679,0.864022,0.447152,0.991428,-0.409274,0.920093,0.220046,0.955075,-0.086795,0.854313,0.575228,0.304319,-0.090319,0.998979,0.537663,0.345061,0.090241,0.999196,0.643435,0.616224,-0.058114,0.960311,0.624903,0.631347,0.075739,0.268773,0.712611,0.894414,-0.011661,0.977508,0.699464,0.86746,0.156189,0.379166,0.739603,0.933887,-0.023568,0.984645,0.728133,0.908466,0.163295,0.452627,0.662348,0.982455,-0.140029,0.978201,0.654839,0.956205,0.084379,0.504523
156,5.2,0.272844,0.574767,-0.222695,0.993515,0.261484,0.548204,-0.241949,0.991735,0.262912,0.542766,-0.242313,0.991229,0.264626,0.538041,-0.242285,0.992605,0.260488,0.552171,-0.215438,0.995679,0.261173,0.549388,-0.216094,0.997414,0.261943,0.546898,-0.216324,0.998002,0.280543,0.503383,-0.281431,0.994157,0.27718,0.51506,-0.163637,0.997714,0.292968,0.571391,-0.227079,0.991405,0.291855,0.575069,-0.19558,0.994405,0.386883,0.502358,-0.316859,0.99542,0.320226,0.52492,-0.068196,0.997598,0.452484,0.719318,-0.386181,0.946254,0.289929,0.734169,-0.031213,0.646562,0.470474,0.967258,-0.408958,0.946385,0.24347,0.936055,-0.104439,0.862976,0.459673,1.017902,-0.479592,0.951191,0.208453,0.959615,-0.133851,0.872519,0.442552,1.012811,-0.471353,0.949005,0.209601,0.961142,-0.176403,0.87645,0.451646,0.991298,-0.410479,0.925948,0.22529,0.955641,-0.126615,0.867248,0.572119,0.3005,-0.088733,0.998876,0.533163,0.337925,0.088666,0.999143,0.633098,0.615898,-0.039414,0.951177,0.619502,0.622852,0.05624,0.250128,0.699988,0.895099,-0.005196,0.975215,0.698142,0.868089,0.132614,0.355171,0.725703,0.932615,-0.010641,0.984771,0.72778,0.908742,0.140522,0.432605,0.64647,0.982112,-0.111392,0.977379,0.652624,0.955447,0.069858,0.480969
157,5.233333,0.272062,0.578047,-0.22175,0.993772,0.260149,0.552487,-0.240116,0.992012,0.261446,0.547265,-0.240472,0.991524,0.263102,0.542796,-0.240449,0.992856,0.259353,0.556182,-0.214468,0.995823,0.25999,0.553436,-0.215116,0.997502,0.260771,0.551036,-0.215336,0.998067,0.278463,0.508479,-0.277131,0.994298,0.27544,0.518805,-0.162783,0.997771,0.291967,0.573569,-0.225732,0.991656,0.29109,0.576967,-0.195052,0.994603,0.385126,0.502962,-0.313755,0.995472,0.319802,0.525133,-0.066945,0.99767,0.457101,0.719235,-0.38152,0.950281,0.295729,0.741622,-0.027965,0.653518,0.473592,0.966583,-0.407698,0.950378,0.255285,0.938367,-0.099592,0.873999,0.464161,1.017256,-0.478645,0.954842,0.220454,0.959851,-0.126997,0.883061,0.44662,1.012658,-0.469845,0.952886,0.222136,0.961015,-0.173018,0.886849,0.455308,0.991208,-0.409249,0.931269,0.23834,0.955529,-0.122127,0.877886,0.567849,0.297041,-0.088674,0.998837,0.528434,0.331666,0.088609,0.999124,0.624599,0.614003,-0.051987,0.951994,0.608625,0.620221,0.052797,0.23841,0.686973,0.896409,-0.020142,0.976317,0.687503,0.869064,0.127523,0.345838,0.715086,0.931668,-0.029388,0.985795,0.716225,0.909069,0.134997,0.428788,0.627187,0.981984,-0.132586,0.978664,0.627418,0.955817,0.062137,0.476942
158,5.266667,0.271469,0.581551,-0.215132,0.994073,0.259286,0.555673,-0.234559,0.992341,0.260603,0.550751,-0.2349,0.99188,0.262222,0.54663,-0.234877,0.993153,0.258518,0.558445,-0.208922,0.995984,0.259234,0.555382,-0.20956,0.9976,0.26009,0.552749,-0.209769,0.998138,0.277472,0.511487,-0.274842,0.994482,0.274717,0.519521,-0.161234,0.997833,0.29127,0.576453,-0.220034,0.991928,0.29057,0.578902,-0.189316,0.994794,0.383167,0.503449,-0.310985,0.995552,0.319935,0.525637,-0.064516,0.997713,0.457762,0.71916,-0.377595,0.954102,0.299405,0.740825,-0.027917,0.659422,0.475694,0.966194,-0.405761,0.954068,0.259752,0.936612,-0.098275,0.882895,0.468169,1.016789,-0.476976,0.958189,0.226103,0.959109,-0.125029,0.891751,0.44975,1.01272,-0.468064,0.956445,0.227654,0.960341,-0.168853,0.895481,0.457737,0.991078,-0.407424,0.936189,0.243478,0.954538,-0.12031,0.886505,0.566805,0.29537,-0.08869,0.998832,0.527922,0.328297,0.088622,0.99912,0.623278,0.611872,-0.050613,0.95243,0.604414,0.617374,0.063224,0.226112,0.683809,0.896868,-0.025016,0.977305,0.68061,0.86928,0.141986,0.334974,0.711061,0.932219,-0.03184,0.986721,0.708822,0.906279,0.149847,0.423553,0.620971,0.981862,-0.134625,0.979813,0.617602,0.955868,0.079345,0.470411
159,5.3,0.265521,0.584793,-0.215489,0.994245,0.254652,0.558897,-0.234781,0.992532,0.255999,0.554256,-0.235128,0.992094,0.257585,0.550379,-0.235101,0.993332,0.253907,0.561012,-0.20897,0.996071,0.254795,0.557718,-0.209609,0.997648,0.255647,0.554963,-0.209819,0.998173,0.274118,0.5146,-0.275206,0.994559,0.271813,0.520899,-0.16068,0.997851,0.287234,0.57967,-0.220533,0.992035,0.28632,0.581239,-0.189413,0.994877,0.381433,0.503687,-0.312162,0.995544,0.319238,0.52593,-0.063768,0.997726,0.459132,0.719171,-0.382475,0.956901,0.303362,0.744437,-0.021613,0.655777,0.474509,0.966192,-0.414883,0.956875,0.266001,0.937476,-0.081361,0.889979,0.46852,1.018302,-0.485126,0.960834,0.231768,0.958945,-0.104225,0.8989,0.448653,1.015094,-0.474593,0.959285,0.233735,0.95994,-0.146818,0.90266,0.456224,0.991351,-0.415848,0.939956,0.25067,0.954131,-0.102524,0.893596,0.566226,0.295705,-0.08954,0.998809,0.527854,0.328879,0.089475,0.999108,0.620316,0.611817,-0.050123,0.951232,0.605258,0.617846,0.07842,0.212969,0.676718,0.896493,-0.024778,0.977716,0.677382,0.861916,0.161744,0.323512,0.703448,0.930928,-0.030164,0.987306,0.706314,0.887725,0.171283,0.415692,0.619764,0.981988,-0.130622,0.980421,0.619934,0.955717,0.102451,0.460706
160,5.333333,0.266074,0.584349,-0.228352,0.994091,0.255408,0.558578,-0.248917,0.992239,0.256801,0.553781,-0.249273,0.991809,0.258423,0.549737,-0.249232,0.993053,0.254603,0.560974,-0.221896,0.995915,0.255504,0.557859,-0.222533,0.997563,0.256331,0.55527,-0.222766,0.998107,0.27457,0.513973,-0.288844,0.994252,0.27203,0.520809,-0.168515,0.997763,0.287663,0.579111,-0.23299,0.991717,0.286743,0.580821,-0.200356,0.994749,0.381833,0.503103,-0.31846,0.995429,0.318499,0.525771,-0.066533,0.997765,0.461981,0.71819,-0.382749,0.958418,0.307047,0.743937,-0.021647,0.641917,0.473634,0.966143,-0.412768,0.959301,0.270403,0.938434,-0.08649,0.897681,0.468877,1.017678,-0.480406,0.963225,0.237605,0.958519,-0.110519,0.906557,0.449829,1.013672,-0.47208,0.961884,0.23906,0.959559,-0.151039,0.910264,0.455939,0.990564,-0.414033,0.943365,0.255743,0.953694,-0.106988,0.901531,0.566538,0.295837,-0.089571,0.998728,0.528696,0.329548,0.089498,0.999067,0.61676,0.616848,-0.045403,0.942977,0.606033,0.619193,0.097957,0.198633,0.672094,0.889663,0.016189,0.975656,0.677732,0.845444,0.192783,0.306576,0.701118,0.914616,0.01671,0.986433,0.706571,0.861836,0.203459,0.397161,0.62997,0.982956,-0.081594,0.978899,0.654246,0.946958,0.128881,0.44053
161,5.366667,0.264361,0.585506,-0.226763,0.994248,0.254638,0.56059,-0.24766,0.992463,0.255932,0.555455,-0.248014,0.992035,0.257453,0.551166,-0.24798,0.993272,0.254032,0.562786,-0.21894,0.996013,0.254897,0.559199,-0.219554,0.997604,0.255719,0.556288,-0.219787,0.998147,0.272577,0.514129,-0.28854,0.994384,0.270331,0.521581,-0.159188,0.997781,0.285101,0.57885,-0.232247,0.991965,0.284387,0.580593,-0.197591,0.994908,0.382017,0.500417,-0.320184,0.995519,0.318034,0.525695,-0.045948,0.997811,0.464469,0.705263,-0.384327,0.959597,0.309641,0.743044,0.009284,0.620782,0.473479,0.958607,-0.412683,0.961242,0.275687,0.938781,-0.065108,0.902277,0.470516,1.006589,-0.479188,0.964997,0.241723,0.958264,-0.086146,0.911506,0.453409,1.006084,-0.471091,0.963803,0.242163,0.959409,-0.126918,0.915326,0.457809,0.984988,-0.413879,0.94569,0.258594,0.953416,-0.085923,0.906639,0.565469,0.294456,-0.094596,0.998654,0.528848,0.329752,0.094454,0.999022,0.612632,0.617289,-0.046423,0.937126,0.606104,0.619859,0.111,0.184966,0.67237,0.885277,0.012736,0.973595,0.680857,0.833923,0.204935,0.289286,0.701801,0.9061,0.013812,0.985225,0.709728,0.847477,0.214378,0.377176,0.633334,0.983472,-0.089376,0.976663,0.672875,0.943527,0.132465,0.417853
162,5.4,0.259164,0.588346,-0.174802,0.994649,0.250783,0.563903,-0.196233,0.992968,0.252359,0.558637,-0.196615,0.99259,0.254091,0.554137,-0.196566,0.993727,0.24993,0.565444,-0.163937,0.996283,0.251013,0.561216,-0.164542,0.99777,0.252019,0.557777,-0.16477,0.998273,0.269509,0.515979,-0.250665,0.994782,0.265866,0.523834,-0.105953,0.99794,0.278953,0.580277,-0.187145,0.992579,0.278104,0.581517,-0.147555,0.995302,0.382315,0.496166,-0.300242,0.99582,0.317022,0.524332,-0.004558,0.997955,0.463588,0.680278,-0.360509,0.961109,0.314173,0.742954,0.031946,0.60686,0.464888,0.907382,-0.369898,0.963213,0.292541,0.938261,-0.060435,0.908284,0.469634,0.955175,-0.427365,0.967027,0.258449,0.958056,-0.082999,0.917687,0.455705,0.96174,-0.420377,0.965954,0.25898,0.959216,-0.120871,0.921377,0.456627,0.947778,-0.369815,0.948681,0.275948,0.953163,-0.080886,0.913173,0.565629,0.294535,-0.096018,0.998703,0.529173,0.330367,0.095863,0.999063,0.61606,0.617896,-0.043508,0.938558,0.606382,0.620355,0.125503,0.178747,0.679401,0.880909,0.039352,0.974489,0.685114,0.833206,0.222482,0.287407,0.707699,0.895758,0.042239,0.985727,0.712543,0.840256,0.231087,0.374518,0.66527,0.983443,-0.054395,0.977416,0.6846,0.943997,0.151224,0.414721
163,5.433333,0.256866,0.588389,-0.167868,0.994913,0.248204,0.563934,-0.190153,0.993325,0.249843,0.558523,-0.190549,0.99297,0.251624,0.553876,-0.190493,0.994065,0.247197,0.565613,-0.15845,0.996463,0.248148,0.561327,-0.159061,0.997872,0.249102,0.557749,-0.159293,0.998356,0.265716,0.516373,-0.246945,0.995066,0.261971,0.524186,-0.104639,0.998038,0.275663,0.580006,-0.180884,0.993035,0.274441,0.581331,-0.141915,0.995585,0.382203,0.494787,-0.299694,0.996071,0.316318,0.521229,-0.002157,0.998044,0.463095,0.67033,-0.354839,0.959945,0.31618,0.742834,0.035298,0.576375,0.4621,0.897774,-0.353052,0.963108,0.295282,0.937889,-0.050095,0.906645,0.469347,0.947303,-0.407372,0.967066,0.261531,0.957815,-0.069516,0.917614,0.456602,0.953787,-0.400066,0.966055,0.26331,0.959048,-0.10601,0.921687,0.455955,0.939484,-0.352351,0.948326,0.281022,0.953153,-0.069943,0.913231,0.564878,0.294802,-0.097006,0.998735,0.529252,0.330495,0.096828,0.999088,0.618565,0.618511,-0.042101,0.932747,0.606472,0.621711,0.144372,0.165788,0.682092,0.877925,0.056085,0.971142,0.684958,0.832645,0.24872,0.268999,0.710985,0.884192,0.061213,0.983858,0.712366,0.835919,0.258156,0.353085,0.677202,0.982151,-0.022838,0.973965,0.684995,0.94408,0.191988,0.390217
164,5.466667,0.257519,0.59352,-0.154421,0.995324,0.248043,0.567692,-0.176173,0.993861,0.249711,0.561894,-0.176571,0.993534,0.251557,0.556749,-0.17651,0.994545,0.246839,0.568937,-0.142807,0.996749,0.247695,0.564265,-0.143413,0.998041,0.24866,0.560086,-0.143632,0.998488,0.265839,0.518341,-0.233772,0.995466,0.261838,0.526318,-0.083258,0.998194,0.276112,0.582673,-0.168421,0.993626,0.275332,0.584628,-0.127145,0.995954,0.379104,0.492961,-0.292989,0.996371,0.315668,0.519825,0.011947,0.998181,0.447187,0.669305,-0.357862,0.959848,0.320388,0.740991,0.03652,0.560257,0.423582,0.872274,-0.362924,0.963549,0.303167,0.93614,-0.055319,0.908986,0.445274,0.910065,-0.418034,0.967759,0.270819,0.956791,-0.075989,0.920504,0.432556,0.91497,-0.411707,0.966842,0.273845,0.958842,-0.113887,0.924635,0.423615,0.904244,-0.362786,0.949362,0.290453,0.953055,-0.075299,0.916458,0.565067,0.295097,-0.09745,0.998797,0.529342,0.33329,0.09726,0.999136,0.619272,0.619031,-0.043833,0.932039,0.608437,0.624524,0.136121,0.160508,0.684053,0.877265,0.03913,0.970411,0.686263,0.833039,0.245415,0.262199,0.711743,0.884703,0.042395,0.983464,0.715901,0.84093,0.24967,0.345898,0.679297,0.981409,-0.045429,0.97338,0.686783,0.944238,0.18754,0.381588
165,5.5,0.258306,0.594162,-0.159338,0.995748,0.248696,0.567891,-0.182124,0.994417,0.25033,0.561956,-0.182523,0.994115,0.252145,0.556706,-0.182464,0.995038,0.247482,0.56908,-0.146334,0.997046,0.248321,0.564309,-0.146928,0.998218,0.249261,0.560095,-0.147142,0.998624,0.266355,0.5181,-0.241288,0.995874,0.262367,0.526111,-0.08028,0.998355,0.277001,0.582498,-0.174548,0.994209,0.276197,0.584642,-0.130095,0.99632,0.376428,0.487864,-0.304205,0.996669,0.316436,0.517585,0.020868,0.99833,0.428105,0.670089,-0.383917,0.957166,0.324006,0.735528,0.034162,0.544337,0.397647,0.843955,-0.375297,0.962426,0.310617,0.932721,-0.081499,0.911496,0.410261,0.881573,-0.422579,0.967085,0.279735,0.954876,-0.101775,0.923403,0.396969,0.881344,-0.415756,0.966248,0.283525,0.957938,-0.142008,0.927582,0.392148,0.87358,-0.375261,0.948474,0.297011,0.952184,-0.104687,0.9198,0.565543,0.295358,-0.107417,0.998846,0.529771,0.333819,0.10719,0.999181,0.620044,0.619585,-0.058144,0.928131,0.60851,0.625894,0.143989,0.154733,0.686182,0.877373,0.0304,0.966939,0.689974,0.835346,0.239631,0.253611,0.715629,0.886237,0.032218,0.981153,0.718778,0.843145,0.248151,0.336693,0.682155,0.981385,-0.058412,0.970315,0.687299,0.944552,0.184196,0.370331
166,5.533333,0.258813,0.594528,-0.153288,0.996109,0.249053,0.567917,-0.17549,0.994891,0.250685,0.562001,-0.175887,0.994611,0.25251,0.556736,-0.175833,0.995461,0.247828,0.569026,-0.140583,0.997299,0.248663,0.564258,-0.141186,0.998368,0.2496,0.560066,-0.14141,0.99874,0.266506,0.518115,-0.232985,0.996225,0.262435,0.526096,-0.075457,0.998493,0.277508,0.582609,-0.167594,0.994716,0.276781,0.584831,-0.124177,0.996639,0.375227,0.486521,-0.29741,0.99692,0.316693,0.516133,0.024419,0.998447,0.423766,0.671774,-0.376381,0.955491,0.325361,0.733026,0.034984,0.526483,0.394319,0.844522,-0.372421,0.961522,0.312092,0.931237,-0.083931,0.911026,0.403381,0.879389,-0.421447,0.966594,0.282162,0.953206,-0.10443,0.923787,0.389993,0.877929,-0.416598,0.965826,0.285327,0.957109,-0.143492,0.928157,0.387592,0.871172,-0.372672,0.947893,0.298687,0.95163,-0.106644,0.92062,0.565762,0.295553,-0.106573,0.998892,0.530072,0.334222,0.106351,0.999221,0.6205,0.620463,-0.063174,0.92707,0.610018,0.627733,0.143657,0.151098,0.689748,0.877468,0.027944,0.965539,0.6948,0.836764,0.210537,0.247042,0.721005,0.886279,0.028384,0.980203,0.725762,0.841872,0.215516,0.329597,0.685425,0.981267,-0.064654,0.968873,0.693378,0.944516,0.147762,0.360901
167,5.566667,0.259179,0.595853,-0.118895,0.995251,0.249249,0.570545,-0.144839,0.993862,0.250827,0.564746,-0.145224,0.993146,0.252593,0.559393,-0.145186,0.994767,0.2481,0.571243,-0.104436,0.996703,0.248943,0.566166,-0.10504,0.997748,0.249881,0.561567,-0.105283,0.998417,0.265683,0.519574,-0.211392,0.995118,0.262454,0.526312,-0.028681,0.997612,0.277921,0.584361,-0.135832,0.993276,0.277179,0.58578,-0.08523,0.995223,0.364721,0.488185,-0.292207,0.996779,0.322833,0.510677,0.090175,0.99775,0.376004,0.700697,-0.376242,0.927334,0.335978,0.71821,0.108172,0.475245,0.326834,0.895657,-0.367791,0.920475,0.315966,0.905314,-0.008465,0.822112,0.30481,0.902047,-0.420998,0.926179,0.295604,0.932755,-0.021586,0.834561,0.300773,0.887861,-0.408174,0.924074,0.29549,0.942454,-0.064667,0.838682,0.311983,0.891561,-0.364845,0.899005,0.306166,0.936129,-0.033115,0.832099,0.566294,0.297586,-0.113051,0.99892,0.539311,0.33289,0.112812,0.999233,0.623729,0.621288,-0.063133,0.8641,0.617314,0.627853,0.157782,0.136643,0.696218,0.877519,0.058631,0.908842,0.700788,0.839014,0.24939,0.223627,0.72748,0.886938,0.065854,0.944614,0.729662,0.842307,0.256413,0.299513,0.685335,0.98125,-0.029538,0.911034,0.695837,0.944608,0.172473,0.326756
168,5.6,0.259336,0.596119,-0.071045,0.995284,0.249464,0.571112,-0.0997,0.99378,0.250955,0.565452,-0.100054,0.992905,0.252549,0.560312,-0.100006,0.994705,0.248296,0.571731,-0.057499,0.99672,0.249156,0.566655,-0.058095,0.99772,0.250094,0.56206,-0.058315,0.998434,0.265206,0.520409,-0.177982,0.994909,0.262655,0.526304,0.013342,0.997602,0.278031,0.584212,-0.092022,0.993209,0.277263,0.585458,-0.038857,0.995152,0.36073,0.488263,-0.261976,0.996813,0.331391,0.497792,0.119752,0.997714,0.352599,0.712937,-0.358774,0.90818,0.343721,0.705421,0.147162,0.434661,0.28909,0.896138,-0.362171,0.901169,0.332854,0.905497,0.046571,0.763879,0.278066,0.902474,-0.417133,0.907984,0.303176,0.926683,0.036326,0.778172,0.274908,0.897272,-0.400453,0.904783,0.29995,0.935743,-0.009325,0.782972,0.28236,0.893884,-0.358209,0.875968,0.310016,0.930978,0.021804,0.775682,0.56797,0.299868,-0.114523,0.998938,0.54838,0.327848,0.114279,0.99925,0.629287,0.625528,-0.058696,0.80969,0.625399,0.628727,0.163783,0.123749,0.702941,0.881375,0.057816,0.859787,0.706243,0.842556,0.253694,0.202617,0.733557,0.893469,0.064405,0.92039,0.737457,0.847467,0.260876,0.273006,0.683875,0.981509,-0.021971,0.863454,0.6955,0.943965,0.183954,0.296345
169,5.633333,0.259866,0.596609,-0.047,0.995277,0.249505,0.571596,-0.074775,0.993669,0.251087,0.566298,-0.075124,0.992621,0.252691,0.561465,-0.075082,0.994645,0.248613,0.572198,-0.033384,0.996722,0.249427,0.567445,-0.033976,0.997668,0.250325,0.563041,-0.034165,0.998437,0.26531,0.523204,-0.152886,0.994728,0.262735,0.527441,0.035079,0.997564,0.278447,0.585605,-0.068231,0.993153,0.278097,0.586483,-0.016105,0.995028,0.354171,0.490702,-0.240946,0.99693,0.333264,0.495387,0.140122,0.997646,0.337059,0.720344,-0.341088,0.889081,0.339648,0.704138,0.167042,0.39489,0.249886,0.882322,-0.354875,0.887444,0.337766,0.905795,0.068861,0.700673,0.248002,0.911531,-0.411273,0.894805,0.310272,0.928734,0.061578,0.716044,0.245992,0.908487,-0.391823,0.890528,0.305269,0.936742,0.012984,0.720951,0.250374,0.900961,-0.35024,0.858098,0.314605,0.931997,0.042954,0.713943,0.570226,0.30065,-0.115174,0.99895,0.553944,0.322984,0.114908,0.999257,0.63618,0.627036,-0.051352,0.755591,0.631432,0.62882,0.161633,0.11194,0.706594,0.884057,0.062621,0.807831,0.709439,0.845232,0.249118,0.183362,0.73647,0.902593,0.069882,0.893369,0.739903,0.859978,0.256199,0.248519,0.683264,0.983028,-0.008636,0.816092,0.694916,0.944278,0.182419,0.268622
170,5.666667,0.260057,0.596521,-0.037551,0.994244,0.249636,0.572171,-0.062125,0.99188,0.251163,0.566592,-0.062497,0.990111,0.25269,0.561632,-0.062441,0.993141,0.248771,0.573193,-0.023797,0.996032,0.249556,0.568245,-0.024409,0.997084,0.25043,0.563664,-0.024607,0.998152,0.264814,0.524077,-0.130647,0.992787,0.262814,0.528077,0.04315,0.997057,0.278599,0.585552,-0.055811,0.991534,0.278237,0.586456,-0.007859,0.993864,0.351482,0.490755,-0.2132,0.996849,0.336491,0.495864,0.139653,0.997458,0.333901,0.721973,-0.310545,0.860952,0.337198,0.705772,0.158469,0.359816,0.241769,0.875486,-0.330775,0.864903,0.338826,0.908419,0.063127,0.650172,0.235545,0.91052,-0.385377,0.875115,0.312058,0.929135,0.054496,0.666646,0.23336,0.910513,-0.364868,0.869121,0.308299,0.936999,0.008542,0.671952,0.238979,0.901281,-0.325753,0.832573,0.316787,0.932802,0.038378,0.663963,0.570435,0.301141,-0.115076,0.998885,0.555867,0.323197,0.114749,0.999213,0.63777,0.627994,-0.050339,0.700321,0.632053,0.629904,0.149399,0.101129,0.708769,0.884235,0.056943,0.751069,0.710397,0.850473,0.215732,0.165771,0.737943,0.903959,0.063931,0.862942,0.740228,0.864759,0.220695,0.226005,0.685398,0.98609,-0.009129,0.765272,0.697934,0.944892,0.148321,0.243237
171,5.7,0.260429,0.596511,-0.014089,0.993586,0.249757,0.572089,-0.037395,0.990826,0.251193,0.566548,-0.037759,0.988381,0.252737,0.561622,-0.037704,0.9922,0.24903,0.573127,0.000971,0.9957,0.249817,0.568234,0.000358,0.996743,0.250738,0.563702,0.000175,0.998019,0.264963,0.524311,-0.105026,0.991389,0.26297,0.528239,0.068795,0.996778,0.278712,0.585529,-0.032244,0.990535,0.278343,0.586438,0.015728,0.993126,0.350119,0.493172,-0.194094,0.996859,0.340524,0.496419,0.16672,0.997417,0.31881,0.724278,-0.297096,0.822276,0.342726,0.70438,0.192531,0.327637,0.222458,0.872382,-0.328912,0.841623,0.34783,0.909007,0.094662,0.609182,0.204872,0.90756,-0.385407,0.853642,0.324395,0.930431,0.086787,0.626099,0.203142,0.905909,-0.364252,0.846132,0.322721,0.937874,0.038316,0.63164,0.210758,0.897811,-0.32392,0.805613,0.330555,0.933869,0.068963,0.621606,0.570527,0.301331,-0.114515,0.998761,0.557052,0.323077,0.114172,0.99914,0.640542,0.630094,-0.030924,0.638254,0.635613,0.632048,0.163199,0.091208,0.710625,0.888437,0.080268,0.68543,0.711712,0.86282,0.257542,0.149485,0.738529,0.907645,0.088816,0.810081,0.73877,0.880308,0.265825,0.20444,0.684433,0.986586,0.021097,0.702007,0.697429,0.946457,0.199215,0.219517
172,5.733333,0.264468,0.601697,0.021612,0.99327,0.251218,0.576812,-0.00229,0.990277,0.252395,0.571019,-0.002672,0.987506,0.253742,0.565702,-0.0026,0.991667,0.250492,0.577859,0.035876,0.995614,0.251141,0.572783,0.035218,0.996667,0.251958,0.567896,0.035029,0.998008,0.26557,0.526858,-0.07572,0.990724,0.264008,0.530116,0.09701,0.996753,0.282503,0.588108,0.001316,0.990367,0.282201,0.588927,0.048908,0.993093,0.345013,0.498283,-0.159975,0.996989,0.351982,0.496958,0.180856,0.997538,0.292242,0.728271,-0.264694,0.797964,0.357417,0.708812,0.213024,0.299416,0.191819,0.87448,-0.302968,0.829917,0.36028,0.915558,0.108118,0.578605,0.167925,0.910783,-0.359241,0.84248,0.336823,0.935076,0.10223,0.598603,0.160008,0.905812,-0.338167,0.833362,0.333492,0.941954,0.05054,0.6045,0.168818,0.897572,-0.298023,0.78967,0.342284,0.937856,0.08162,0.591758,0.570908,0.299322,-0.112069,0.998774,0.559041,0.323424,0.111607,0.999156,0.646828,0.629121,-0.025488,0.597667,0.638792,0.632103,0.163477,0.082539,0.710843,0.89571,0.083936,0.636537,0.710266,0.877398,0.268625,0.135139,0.738053,0.925063,0.09243,0.779821,0.73761,0.908146,0.278042,0.185697,0.68038,0.99767,0.025297,0.660148,0.683733,0.953885,0.212732,0.198846
173,5.766667,0.273052,0.606578,0.000727,0.992911,0.257261,0.580127,-0.023195,0.989816,0.257644,0.57473,-0.023624,0.987098,0.258684,0.56977,-0.023537,0.991238,0.256731,0.58081,0.016794,0.99548,0.256787,0.575975,0.016097,0.996616,0.257077,0.57157,0.015886,0.997962,0.270094,0.530219,-0.095864,0.990451,0.269223,0.533268,0.085319,0.996717,0.290354,0.594648,-0.018707,0.990179,0.290311,0.595322,0.031149,0.993035,0.342885,0.502075,-0.168726,0.997107,0.357857,0.499942,0.173048,0.997625,0.28236,0.728887,-0.269494,0.799028,0.363752,0.712325,0.22644,0.276461,0.192085,0.876018,-0.302118,0.834182,0.367036,0.921001,0.122553,0.562415,0.161389,0.912527,-0.357563,0.846045,0.342249,0.935529,0.120068,0.589023,0.155748,0.907055,-0.338191,0.836201,0.338548,0.942406,0.06386,0.595601,0.166868,0.899372,-0.297298,0.79201,0.34698,0.939378,0.094875,0.580463,0.573596,0.297455,-0.111211,0.998815,0.560922,0.324593,0.110687,0.999179,0.656827,0.624158,-0.03897,0.613162,0.637932,0.630713,0.183914,0.076253,0.71354,0.89794,0.068272,0.641358,0.707376,0.873751,0.310173,0.12472,0.73942,0.93055,0.076909,0.790197,0.73304,0.904846,0.320918,0.174374,0.679579,0.997325,0.007168,0.671373,0.664899,0.953081,0.257201,0.185035
174,5.8,0.27425,0.609667,-0.015131,0.991646,0.258311,0.582088,-0.037969,0.987971,0.258371,0.576645,-0.038426,0.985196,0.259246,0.571744,-0.038338,0.989671,0.258131,0.582964,0.001422,0.994771,0.258037,0.578166,0.000717,0.996203,0.25817,0.573955,0.000503,0.997675,0.27112,0.532668,-0.106855,0.989119,0.27046,0.536274,0.072011,0.996341,0.291648,0.59648,-0.033073,0.988996,0.291711,0.597519,0.015984,0.992334,0.340801,0.507746,-0.175303,0.997136,0.360232,0.506933,0.160643,0.997617,0.283919,0.730478,-0.278273,0.798121,0.370525,0.715379,0.213154,0.254162,0.19256,0.887477,-0.314751,0.837135,0.375179,0.926068,0.117067,0.538106,0.158983,0.92109,-0.371675,0.848835,0.353057,0.93655,0.116993,0.571569,0.154523,0.912211,-0.3526,0.838109,0.349575,0.944169,0.057673,0.578715,0.16734,0.906301,-0.310238,0.793133,0.357243,0.942634,0.088673,0.5618,0.577553,0.296191,-0.108838,0.998852,0.561762,0.324862,0.108281,0.999193,0.6618,0.615084,-0.059549,0.633148,0.637606,0.624144,0.190767,0.070516,0.716243,0.897632,0.054672,0.651426,0.701944,0.873482,0.314919,0.116033,0.740352,0.933461,0.064323,0.802299,0.723152,0.905961,0.325151,0.165404,0.664235,0.992906,-0.004542,0.686198,0.63772,0.950551,0.260706,0.174115
175,5.833333,0.276652,0.610931,-0.017922,0.990715,0.260338,0.582759,-0.040539,0.98659,0.260153,0.57722,-0.041003,0.983702,0.260798,0.572305,-0.040906,0.988424,0.260577,0.584053,-0.001062,0.994294,0.260517,0.579456,-0.001776,0.995938,0.260685,0.575449,-0.00199,0.997496,0.272889,0.533055,-0.10812,0.987907,0.273156,0.53779,0.071104,0.996082,0.293715,0.597606,-0.035235,0.987981,0.294143,0.599156,0.013862,0.99179,0.340776,0.510742,-0.174601,0.997145,0.361822,0.510572,0.160181,0.997638,0.283324,0.73094,-0.277331,0.796674,0.370955,0.716109,0.218012,0.235129,0.190983,0.897012,-0.314901,0.837907,0.377344,0.930129,0.124329,0.52214,0.157468,0.926759,-0.373108,0.849517,0.354976,0.938725,0.124428,0.561637,0.152139,0.917282,-0.352746,0.837765,0.35067,0.947064,0.063575,0.569301,0.164941,0.913602,-0.310064,0.791646,0.358861,0.946571,0.095384,0.550325,0.579561,0.295096,-0.107867,0.998871,0.562345,0.324914,0.107297,0.999197,0.665471,0.61136,-0.074851,0.649493,0.636048,0.619086,0.18406,0.065225,0.718719,0.900636,0.012241,0.658051,0.698587,0.871904,0.299636,0.107649,0.743068,0.938823,0.017196,0.812601,0.720433,0.908496,0.308833,0.156726,0.65749,0.993213,-0.06374,0.698654,0.630118,0.950648,0.242752,0.163414
176,5.866667,0.278086,0.612285,-0.025757,0.990113,0.261373,0.584355,-0.048075,0.985649,0.260987,0.578754,-0.048542,0.98274,0.261451,0.573751,-0.048438,0.987532,0.26192,0.586515,-0.009092,0.993967,0.261862,0.582515,-0.009806,0.995777,0.262037,0.579053,-0.010016,0.997374,0.273248,0.534403,-0.112738,0.987153,0.274142,0.541532,0.064228,0.995929,0.294996,0.598375,-0.041782,0.987203,0.295721,0.60084,0.006646,0.991388,0.339063,0.513583,-0.174694,0.997174,0.362719,0.515971,0.157001,0.997663,0.280811,0.731231,-0.274297,0.799951,0.371472,0.715819,0.2229,0.219442,0.197113,0.911684,-0.312692,0.841486,0.383304,0.929603,0.135969,0.516205,0.167525,0.942836,-0.372303,0.852401,0.361481,0.938868,0.135951,0.56072,0.160426,0.938376,-0.350741,0.8399,0.356337,0.94715,0.0752,0.568861,0.173925,0.933718,-0.307401,0.792955,0.364386,0.946522,0.107505,0.547453,0.581536,0.289998,-0.107015,0.998887,0.562075,0.324562,0.106427,0.999196,0.672747,0.605205,-0.071802,0.671277,0.624659,0.616365,0.19362,0.061,0.728976,0.900246,0.016948,0.673754,0.687212,0.869547,0.324197,0.101453,0.752493,0.936747,0.021937,0.825019,0.713074,0.905804,0.334753,0.151411,0.663728,0.993077,-0.059813,0.715724,0.625444,0.950631,0.273702,0.155927
177,5.9,0.278789,0.612523,-0.031995,0.988767,0.262024,0.584331,-0.054672,0.983791,0.261632,0.578669,-0.055133,0.980435,0.262063,0.573626,-0.055027,0.985714,0.262626,0.586691,-0.015711,0.993247,0.262659,0.582825,-0.016424,0.995312,0.262905,0.579482,-0.016635,0.997086,0.273713,0.534207,-0.118747,0.985257,0.274872,0.541629,0.058297,0.995506,0.295984,0.598373,-0.04761,0.985215,0.296769,0.601204,0.000776,0.990215,0.338192,0.513937,-0.178552,0.997092,0.361531,0.5162,0.152308,0.997631,0.279835,0.730765,-0.274298,0.794875,0.369431,0.715793,0.213906,0.202358,0.19997,0.919287,-0.309067,0.837701,0.382271,0.929784,0.12572,0.497998,0.171773,0.948159,-0.368471,0.848773,0.359863,0.938928,0.123625,0.547332,0.164558,0.946906,-0.347494,0.83499,0.355393,0.94751,0.064296,0.555936,0.177456,0.942501,-0.304016,0.785613,0.362996,0.946866,0.097542,0.53247,0.583472,0.286589,-0.106385,0.998882,0.56256,0.32212,0.105795,0.999181,0.677088,0.603321,-0.062571,0.677819,0.62103,0.613842,0.187643,0.056389,0.730192,0.899953,0.030782,0.673905,0.68154,0.869183,0.309763,0.093987,0.753397,0.936041,0.036337,0.831333,0.707007,0.905608,0.319614,0.14346,0.662668,0.991808,-0.039653,0.72111,0.625532,0.951172,0.258045,0.145913
178,5.933333,0.279457,0.619224,-0.029284,0.989122,0.262494,0.590725,-0.051783,0.984329,0.261969,0.585045,-0.052251,0.981108,0.26229,0.580102,-0.052133,0.986137,0.262957,0.592677,-0.012472,0.993511,0.262832,0.588595,-0.013194,0.995511,0.263032,0.585002,-0.013387,0.997204,0.273924,0.540201,-0.116933,0.98576,0.27493,0.546292,0.061505,0.995715,0.2965,0.605388,-0.045533,0.985588,0.2969,0.607896,0.003271,0.990519,0.339061,0.522337,-0.178737,0.997181,0.362852,0.518523,0.152747,0.997677,0.28663,0.735728,-0.273471,0.798785,0.374723,0.716779,0.212839,0.189694,0.210356,0.939811,-0.309041,0.843588,0.393279,0.929995,0.135045,0.49325,0.180216,0.965106,-0.368929,0.854272,0.37381,0.939554,0.135614,0.545386,0.173183,0.963645,-0.348058,0.840341,0.370267,0.948203,0.0756,0.554222,0.186878,0.958765,-0.304318,0.791547,0.37738,0.947501,0.10694,0.529373,0.583948,0.28108,-0.105902,0.998919,0.562103,0.320159,0.105301,0.999195,0.681555,0.59474,-0.063717,0.701156,0.604085,0.610573,0.194648,0.053656,0.744456,0.897107,0.023467,0.69386,0.66015,0.869169,0.309085,0.090848,0.766408,0.934002,0.028981,0.843934,0.695272,0.90849,0.318483,0.143065,0.692697,0.991771,-0.042761,0.740208,0.616225,0.955181,0.265888,0.143999
179,5.966667,0.279206,0.621191,-0.023857,0.989193,0.262454,0.593136,-0.045294,0.984547,0.261919,0.587589,-0.045763,0.981272,0.262211,0.582645,-0.045638,0.986252,0.262893,0.59522,-0.006022,0.993641,0.262799,0.591417,-0.006733,0.995597,0.262995,0.587923,-0.00691,0.997267,0.273909,0.541951,-0.108639,0.98585,0.274851,0.547995,0.0693,0.995827,0.296144,0.608453,-0.040106,0.985578,0.296326,0.611077,0.008508,0.990587,0.338506,0.524448,-0.178318,0.997238,0.362978,0.522079,0.160172,0.997686,0.290152,0.73724,-0.273238,0.798255,0.37538,0.716807,0.218146,0.177166,0.217166,0.945934,-0.311236,0.846062,0.399876,0.930094,0.148278,0.484838,0.189138,0.971033,-0.370998,0.856287,0.383138,0.939635,0.148369,0.537999,0.18201,0.969337,-0.350524,0.841841,0.379594,0.948313,0.090637,0.546909,0.194728,0.963977,-0.306639,0.792629,0.385501,0.947761,0.120968,0.520685,0.583898,0.277432,-0.105959,0.998957,0.561757,0.317959,0.105376,0.99921,0.681739,0.585274,-0.064103,0.718034,0.604137,0.611684,0.190866,0.050463,0.751917,0.888637,0.023284,0.706518,0.638617,0.876001,0.304437,0.0861,0.776174,0.92008,0.029255,0.852699,0.672348,0.917576,0.313587,0.139496,0.718473,0.990062,-0.043034,0.753443,0.592193,0.955856,0.258734,0.138926
180,6.0,0.278932,0.62139,-0.024296,0.989211,0.262428,0.5938,-0.046579,0.98463,0.261896,0.588392,-0.047037,0.981167,0.262182,0.58366,-0.046908,0.986182,0.262839,0.595756,-0.008177,0.993749,0.26275,0.591974,-0.00889,0.995662,0.262944,0.588593,-0.009069,0.997326,0.273784,0.543954,-0.109974,0.985739,0.274754,0.549281,0.064203,0.995953,0.295934,0.608241,-0.040264,0.985396,0.2961,0.610665,0.007152,0.990598,0.338151,0.527468,-0.177782,0.997242,0.362411,0.521966,0.155408,0.997697,0.293736,0.742673,-0.262946,0.790418,0.375569,0.714368,0.212042,0.165466,0.220346,0.955571,-0.297422,0.844379,0.406067,0.929607,0.136018,0.475647,0.194042,0.973956,-0.356538,0.855278,0.388326,0.939759,0.134761,0.528908,0.18642,0.970208,-0.337624,0.840257,0.386096,0.948382,0.078276,0.537854,0.199244,0.965879,-0.293968,0.790426,0.39226,0.947768,0.109186,0.510641,0.585429,0.275323,-0.105726,0.998998,0.56149,0.313489,0.105136,0.999231,0.682799,0.578446,-0.044775,0.731478,0.593533,0.606139,0.201375,0.047361,0.757286,0.877163,0.036608,0.719344,0.623876,0.876266,0.311391,0.081811,0.780685,0.90694,0.043354,0.86058,0.653986,0.920253,0.321372,0.135964,0.735436,0.989999,-0.021816,0.765667,0.586019,0.96004,0.279808,0.134547
181,6.033333,0.279904,0.621128,-0.021365,0.989819,0.263386,0.593807,-0.044326,0.985466,0.262671,0.588475,-0.044778,0.982188,0.262782,0.583844,-0.044649,0.986889,0.263755,0.595646,-0.00574,0.994118,0.263501,0.59185,-0.006451,0.995927,0.263522,0.588498,-0.00662,0.997488,0.273814,0.544511,-0.109821,0.986522,0.274697,0.549462,0.064984,0.996215,0.296493,0.607888,-0.03822,0.986112,0.296778,0.610377,0.009546,0.991103,0.338456,0.527665,-0.178408,0.997372,0.362158,0.520665,0.155149,0.997788,0.295332,0.743312,-0.261387,0.796332,0.378203,0.714293,0.207293,0.157641,0.224621,0.954879,-0.290863,0.851108,0.412282,0.927665,0.129374,0.478091,0.196284,0.972784,-0.349747,0.86154,0.394692,0.939461,0.127798,0.532205,0.187774,0.968511,-0.329711,0.846743,0.393274,0.948152,0.071303,0.541234,0.200875,0.964162,-0.2868,0.798422,0.399069,0.94728,0.102489,0.513306,0.588572,0.274172,-0.10568,0.999052,0.56138,0.311241,0.105089,0.999262,0.685729,0.577283,-0.049576,0.752837,0.579698,0.602521,0.201757,0.046076,0.761063,0.873769,0.02666,0.739521,0.614454,0.876073,0.308274,0.081612,0.78779,0.899571,0.033481,0.871245,0.644683,0.920945,0.318107,0.13981,0.740653,0.989941,-0.025851,0.783435,0.580658,0.962259,0.279654,0.13877
182,6.066667,0.282326,0.620992,-0.023569,0.990367,0.266268,0.593661,-0.048031,0.986234,0.26566,0.588373,-0.04848,0.98308,0.265748,0.583753,-0.048327,0.987544,0.266311,0.595387,-0.009923,0.994457,0.265954,0.591543,-0.010643,0.996161,0.265805,0.588231,-0.0108,0.997637,0.276238,0.54441,-0.119032,0.987171,0.276378,0.548909,0.053854,0.996447,0.298881,0.607169,-0.042389,0.986717,0.299161,0.609045,0.004881,0.991547,0.345056,0.526361,-0.189589,0.997453,0.362006,0.513223,0.144236,0.997851,0.312977,0.742288,-0.262084,0.795263,0.380849,0.709129,0.202006,0.151643,0.247482,0.952594,-0.295155,0.854266,0.42068,0.913795,0.128532,0.47871,0.212358,0.971523,-0.354007,0.864777,0.404935,0.93134,0.12759,0.531344,0.204717,0.967206,-0.33407,0.850084,0.402445,0.940261,0.071256,0.540534,0.221885,0.962575,-0.291042,0.802227,0.407406,0.936461,0.102011,0.512146,0.591521,0.267227,-0.105631,0.999088,0.561212,0.306061,0.105048,0.999279,0.693301,0.576642,-0.050913,0.76759,0.562247,0.591353,0.200901,0.043976,0.768897,0.866888,0.008554,0.752936,0.595952,0.883035,0.29357,0.079252,0.799164,0.878738,0.013417,0.878718,0.623077,0.931097,0.301406,0.13988,0.757808,0.989644,-0.050973,0.796233,0.542802,0.96168,0.274861,0.139052
183,6.1,0.283667,0.619522,-0.028004,0.991112,0.268063,0.593234,-0.052596,0.987291,0.267834,0.588011,-0.053019,0.984349,0.268135,0.583523,-0.05286,0.988475,0.267568,0.595007,-0.016513,0.994898,0.267407,0.591061,-0.017214,0.996466,0.267326,0.587784,-0.017353,0.997825,0.278076,0.544214,-0.121824,0.988123,0.277653,0.548807,0.043197,0.996735,0.300307,0.605082,-0.046096,0.987641,0.300494,0.60641,-0.001232,0.992162,0.351064,0.52467,-0.193403,0.997583,0.361915,0.512171,0.137333,0.997947,0.318032,0.741858,-0.26579,0.797961,0.380822,0.703874,0.1956,0.147076,0.25336,0.950895,-0.301879,0.859596,0.420136,0.913256,0.127269,0.484045,0.22012,0.970777,-0.36127,0.869799,0.406908,0.931741,0.12648,0.535197,0.214342,0.966193,-0.342312,0.855508,0.404369,0.940588,0.070788,0.54448,0.230626,0.961326,-0.298684,0.808892,0.408386,0.93667,0.101081,0.51584,0.593739,0.266318,-0.105666,0.999131,0.560997,0.305083,0.105097,0.999305,0.695645,0.577086,-0.050269,0.783021,0.55164,0.592176,0.199513,0.04255,0.772621,0.862651,0.002277,0.768386,0.594612,0.88255,0.27644,0.0779,0.800797,0.876346,0.006112,0.886602,0.618341,0.931319,0.283677,0.141683,0.761467,0.988707,-0.059335,0.809952,0.542027,0.961631,0.264707,0.141449
184,6.133333,0.283535,0.617706,-0.033136,0.991673,0.268314,0.591605,-0.056705,0.988075,0.268375,0.586321,-0.05711,0.985261,0.268951,0.581732,-0.056949,0.989143,0.267654,0.593658,-0.022374,0.99524,0.267599,0.589769,-0.023056,0.996701,0.267636,0.586504,-0.023192,0.997973,0.27913,0.543935,-0.12241,0.988777,0.278324,0.548169,0.036692,0.996959,0.300297,0.602605,-0.049513,0.988204,0.300401,0.603918,-0.006802,0.992574,0.355258,0.52427,-0.194219,0.99763,0.361801,0.508054,0.132584,0.997984,0.319318,0.742083,-0.272898,0.793722,0.380902,0.696114,0.190314,0.14039,0.261538,0.950971,-0.318873,0.859441,0.424789,0.911271,0.128956,0.480353,0.231516,0.970681,-0.38042,0.869842,0.411435,0.931231,0.128969,0.530497,0.22661,0.965646,-0.360644,0.855378,0.408953,0.939586,0.07359,0.539797,0.241222,0.960863,-0.315916,0.808547,0.413342,0.935418,0.10324,0.51088,0.597008,0.266718,-0.105637,0.999174,0.560886,0.304277,0.105072,0.999333,0.698431,0.577691,-0.042391,0.795425,0.540554,0.587399,0.206277,0.040633,0.775838,0.861422,0.007467,0.782242,0.589154,0.882306,0.282206,0.07643,0.805203,0.87711,0.010905,0.893254,0.611049,0.92986,0.289277,0.141934,0.763509,0.98864,-0.056076,0.82181,0.533468,0.954059,0.266567,0.142767
185,6.166667,0.283367,0.61656,-0.037729,0.992074,0.268215,0.58955,-0.062218,0.988579,0.26849,0.584198,-0.062616,0.98581,0.269324,0.579617,-0.062455,0.989516,0.267554,0.591948,-0.028596,0.995489,0.267509,0.588168,-0.029285,0.996877,0.267637,0.584916,-0.029446,0.998087,0.279876,0.543357,-0.128782,0.989119,0.278666,0.547123,0.026673,0.997142,0.300451,0.601694,-0.054153,0.988504,0.300377,0.603081,-0.01229,0.992874,0.35855,0.52253,-0.197043,0.997613,0.360948,0.501989,0.121612,0.99804,0.324903,0.742638,-0.274036,0.783533,0.381646,0.688539,0.180582,0.136853,0.274761,0.950946,-0.318559,0.856316,0.431374,0.896815,0.128098,0.488718,0.243789,0.97069,-0.379827,0.867451,0.419574,0.922618,0.127477,0.53665,0.237929,0.965269,-0.360311,0.852786,0.416798,0.931215,0.071811,0.54599,0.253819,0.960345,-0.315617,0.805305,0.421551,0.925028,0.1018,0.516222,0.601271,0.267114,-0.105627,0.999211,0.560758,0.303562,0.105065,0.99936,0.701258,0.579643,-0.017594,0.804149,0.527852,0.587631,0.222144,0.039049,0.778471,0.860071,0.040728,0.793663,0.584296,0.881789,0.310934,0.074953,0.807778,0.876217,0.045029,0.897655,0.607135,0.928971,0.320274,0.141085,0.771931,0.987245,-0.020748,0.831034,0.530232,0.954093,0.301083,0.143352
186,6.2,0.283595,0.612169,-0.038806,0.992603,0.268705,0.585398,-0.064478,0.989332,0.269449,0.580305,-0.06487,0.986696,0.270619,0.575957,-0.064711,0.990167,0.267765,0.587868,-0.029019,0.995804,0.267929,0.584418,-0.029704,0.997093,0.268274,0.581401,-0.029869,0.998222,0.281387,0.540772,-0.137255,0.989784,0.27957,0.544379,0.028644,0.99735,0.301442,0.598889,-0.057013,0.989149,0.301002,0.600295,-0.012653,0.993312,0.361931,0.519602,-0.208505,0.997657,0.359237,0.494682,0.123165,0.99812,0.333368,0.739486,-0.282534,0.779827,0.381205,0.680559,0.18578,0.133623,0.286748,0.949822,-0.317082,0.857083,0.43407,0.879179,0.128084,0.499171,0.255572,0.970601,-0.377104,0.867797,0.426173,0.911907,0.127062,0.54531,0.249753,0.964815,-0.359339,0.853174,0.421216,0.92235,0.071835,0.554606,0.265207,0.958058,-0.314362,0.805358,0.425266,0.913301,0.102137,0.52416,0.605249,0.267217,-0.109118,0.999249,0.560791,0.302417,0.108569,0.999389,0.702887,0.580234,-0.018417,0.814534,0.52297,0.585891,0.231913,0.038879,0.782033,0.858994,0.048274,0.806238,0.580202,0.881513,0.328643,0.076838,0.809721,0.873518,0.053192,0.902181,0.601618,0.928349,0.338881,0.144931,0.776499,0.985877,-0.016246,0.840586,0.525267,0.954127,0.318375,0.148882
187,6.233333,0.286613,0.6009,-0.038923,0.992983,0.270961,0.576006,-0.06522,0.989862,0.272049,0.571838,-0.06561,0.987315,0.273279,0.568184,-0.065449,0.990614,0.269615,0.577264,-0.030448,0.996034,0.269962,0.574158,-0.031127,0.997253,0.270366,0.57122,-0.031294,0.998325,0.283796,0.534539,-0.138151,0.990179,0.281487,0.535389,0.021389,0.997507,0.304649,0.587947,-0.057147,0.989458,0.303749,0.588306,-0.013447,0.993558,0.368397,0.511023,-0.207901,0.997669,0.359131,0.482942,0.117686,0.998129,0.347506,0.732013,-0.28043,0.778951,0.381279,0.66572,0.188778,0.131339,0.303396,0.94923,-0.302941,0.859423,0.43149,0.843299,0.16201,0.502221,0.274268,0.970402,-0.358695,0.870015,0.427992,0.883447,0.164807,0.545457,0.267386,0.964743,-0.340975,0.855682,0.424885,0.893018,0.11095,0.554887,0.282325,0.957803,-0.299416,0.808278,0.42755,0.883359,0.137844,0.524362,0.610036,0.268357,-0.108323,0.999291,0.563302,0.30245,0.107809,0.999418,0.710406,0.58128,0.008326,0.822084,0.530783,0.586481,0.225576,0.038155,0.792114,0.854549,0.076184,0.8182,0.583577,0.884453,0.322023,0.077617,0.81631,0.866102,0.081339,0.906647,0.602554,0.93057,0.331785,0.147408,0.793047,0.976213,0.012425,0.849917,0.523743,0.9503,0.304921,0.153225
188,6.266667,0.286607,0.589843,-0.062149,0.993404,0.271519,0.56461,-0.089152,0.990477,0.272855,0.561284,-0.089537,0.988037,0.274331,0.558405,-0.08938,0.991148,0.270083,0.564955,-0.055502,0.996295,0.270631,0.562087,-0.056167,0.997432,0.271221,0.559437,-0.056357,0.998439,0.286213,0.525072,-0.158013,0.990665,0.282963,0.52638,-0.004032,0.997676,0.305293,0.581164,-0.078698,0.989905,0.304377,0.582144,-0.03662,0.99387,0.373527,0.500721,-0.221888,0.997642,0.359071,0.474189,0.095729,0.998124,0.358443,0.724716,-0.294204,0.775811,0.38673,0.647504,0.186568,0.13166,0.313994,0.948801,-0.316715,0.85983,0.428813,0.819953,0.169901,0.509093,0.284298,0.97022,-0.371337,0.870462,0.423717,0.85722,0.174258,0.549057,0.276793,0.96417,-0.353822,0.856375,0.420987,0.867596,0.121434,0.55862,0.29134,0.956525,-0.313018,0.809069,0.423515,0.860483,0.146774,0.528038,0.612348,0.271816,-0.107624,0.999338,0.564281,0.305538,0.107142,0.999455,0.714308,0.582564,0.014983,0.830889,0.55317,0.597148,0.222811,0.039632,0.802505,0.852929,0.081819,0.83147,0.587634,0.889954,0.327856,0.08211,0.823771,0.865805,0.086876,0.911305,0.606223,0.935282,0.339605,0.152987,0.79944,0.976271,0.012177,0.859904,0.530835,0.95036,0.313789,0.162777
189,6.3,0.287593,0.589491,-0.064556,0.993787,0.272401,0.562701,-0.093195,0.991022,0.273758,0.559197,-0.093571,0.98869,0.275179,0.55628,-0.093436,0.991625,0.270967,0.562733,-0.057878,0.996524,0.271595,0.559384,-0.058543,0.997589,0.27222,0.556529,-0.058751,0.998539,0.287049,0.522033,-0.166484,0.991136,0.283769,0.523216,-0.004887,0.997824,0.306386,0.580459,-0.082363,0.990356,0.305463,0.581469,-0.038215,0.994157,0.375058,0.496589,-0.233529,0.99765,0.359015,0.469817,0.096824,0.998131,0.359237,0.723919,-0.311975,0.776725,0.388461,0.641919,0.183849,0.13341,0.313953,0.948592,-0.332191,0.862067,0.42738,0.817477,0.160175,0.51255,0.283628,0.969942,-0.387243,0.872448,0.42091,0.852329,0.162518,0.54906,0.276483,0.962016,-0.368502,0.858851,0.418496,0.862383,0.108897,0.558569,0.290058,0.955207,-0.327919,0.812352,0.421406,0.856996,0.136012,0.528456,0.613725,0.274592,-0.107568,0.999383,0.565838,0.307231,0.107094,0.99949,0.715819,0.584444,0.017609,0.83906,0.567632,0.606583,0.220995,0.042603,0.804923,0.853467,0.104179,0.843485,0.59003,0.898944,0.323704,0.087057,0.824924,0.867194,0.111068,0.915215,0.607576,0.938545,0.334856,0.15887,0.804257,0.977802,0.034199,0.868462,0.533278,0.950419,0.306225,0.171758
190,6.333333,0.291051,0.588933,-0.07311,0.994043,0.27545,0.561025,-0.102782,0.991389,0.276968,0.557368,-0.103155,0.989124,0.278555,0.554331,-0.103021,0.991951,0.273826,0.561217,-0.067274,0.996672,0.2745,0.557704,-0.067928,0.997689,0.275126,0.554769,-0.068137,0.998605,0.290506,0.519274,-0.174133,0.991408,0.286427,0.521616,-0.012472,0.997913,0.309135,0.578771,-0.089638,0.990494,0.307825,0.579894,-0.045318,0.994231,0.377865,0.493476,-0.241946,0.997665,0.358711,0.467029,0.098217,0.998092,0.363828,0.724009,-0.315722,0.773274,0.3878,0.639601,0.183776,0.129546,0.325381,0.948453,-0.330961,0.862046,0.412978,0.804121,0.155531,0.505324,0.293464,0.968799,-0.386234,0.87254,0.410748,0.830358,0.157507,0.541063,0.285913,0.959583,-0.368014,0.859442,0.410638,0.84093,0.103171,0.550764,0.301171,0.954408,-0.32671,0.812612,0.413167,0.840445,0.130912,0.520344,0.615174,0.277213,-0.1088,0.999419,0.568831,0.307929,0.108374,0.999516,0.72073,0.584604,0.016946,0.842879,0.579722,0.611739,0.219368,0.042918,0.810009,0.853483,0.103226,0.853411,0.594466,0.899589,0.325586,0.088349,0.833875,0.865486,0.109771,0.917859,0.609237,0.938965,0.337855,0.160511,0.808457,0.979711,0.028944,0.875451,0.533639,0.952088,0.305749,0.175609
191,6.366667,0.294874,0.585779,-0.113814,0.994424,0.279571,0.557989,-0.138879,0.99197,0.281231,0.553839,-0.139246,0.98984,0.283017,0.550308,-0.139119,0.99249,0.27757,0.558698,-0.104183,0.996882,0.278129,0.555175,-0.104823,0.997825,0.27868,0.552389,-0.105011,0.998686,0.294707,0.515899,-0.1859,0.991919,0.289587,0.52092,-0.028921,0.998001,0.312604,0.575267,-0.120787,0.990756,0.310843,0.577239,-0.077923,0.994315,0.381534,0.493914,-0.251112,0.997662,0.357826,0.464715,0.100548,0.997905,0.369339,0.724918,-0.316783,0.774046,0.385634,0.635133,0.179722,0.121998,0.335359,0.94822,-0.321386,0.860269,0.388018,0.802681,0.129573,0.476704,0.303446,0.968286,-0.374675,0.870529,0.381946,0.825161,0.127186,0.513366,0.295147,0.958855,-0.356433,0.857935,0.383456,0.829616,0.079999,0.522919,0.311363,0.954365,-0.315833,0.810245,0.386211,0.833568,0.106885,0.493992,0.617546,0.277761,-0.111504,0.999446,0.570736,0.308052,0.111123,0.999531,0.724492,0.584837,0.00839,0.848892,0.589854,0.613398,0.204369,0.044365,0.814516,0.852761,0.085566,0.863611,0.60411,0.902086,0.323518,0.092077,0.840139,0.861314,0.090368,0.921588,0.617283,0.941077,0.337508,0.165636,0.817325,0.979267,-0.009334,0.883237,0.539144,0.952771,0.295847,0.18249
192,6.4,0.296029,0.579075,-0.117563,0.994729,0.281836,0.553389,-0.143329,0.992479,0.28339,0.54914,-0.143704,0.990476,0.28505,0.545352,-0.143594,0.993002,0.280209,0.553831,-0.107276,0.997043,0.280884,0.550024,-0.107907,0.997918,0.281546,0.546816,-0.108111,0.99874,0.297496,0.510749,-0.200443,0.992433,0.292314,0.51668,-0.037369,0.998034,0.31428,0.569402,-0.12963,0.991115,0.312935,0.571817,-0.084849,0.994378,0.38675,0.491192,-0.274384,0.997673,0.357848,0.463014,0.086725,0.997462,0.379381,0.722891,-0.342781,0.775306,0.368853,0.639413,0.112809,0.111563,0.354405,0.943435,-0.332731,0.848547,0.363569,0.805693,0.011468,0.432083,0.321793,0.967463,-0.387844,0.858197,0.341637,0.837699,0.001627,0.46645,0.315778,0.958266,-0.37039,0.84549,0.347152,0.843568,-0.041067,0.475205,0.329917,0.952259,-0.327656,0.794154,0.355818,0.835983,-0.011575,0.449371,0.618192,0.277585,-0.112009,0.999482,0.572592,0.308593,0.111663,0.999553,0.726461,0.578058,-0.039557,0.853544,0.602107,0.614226,0.180793,0.043684,0.823278,0.843286,0.03895,0.870721,0.621759,0.901528,0.316776,0.09127,0.850214,0.851503,0.043368,0.922846,0.637415,0.940652,0.331968,0.163459,0.82871,0.978195,-0.065496,0.887392,0.561558,0.9572,0.27619,0.180547
193,6.433333,0.296124,0.574696,-0.126868,0.99502,0.283509,0.551616,-0.152267,0.992975,0.28523,0.546917,-0.152642,0.991098,0.287015,0.542628,-0.152554,0.993496,0.281876,0.552562,-0.11647,0.997201,0.282641,0.548565,-0.117102,0.99801,0.283423,0.545042,-0.117296,0.998794,0.300001,0.508497,-0.206343,0.992936,0.294335,0.514889,-0.045131,0.998073,0.315227,0.564371,-0.137451,0.9915,0.314061,0.566932,-0.093282,0.994504,0.391347,0.491633,-0.28126,0.997708,0.357848,0.463026,0.086065,0.997194,0.393533,0.722983,-0.355212,0.783812,0.35962,0.635256,0.12913,0.104091,0.365076,0.942366,-0.347384,0.851651,0.336215,0.777892,0.046883,0.398073,0.33316,0.966643,-0.403812,0.85998,0.31645,0.807178,0.038919,0.432064,0.326909,0.955878,-0.387258,0.847806,0.319343,0.820162,-0.003338,0.440356,0.339298,0.948612,-0.342522,0.795472,0.331624,0.814839,0.024816,0.416847,0.618027,0.276248,-0.114299,0.999501,0.574278,0.308942,0.114011,0.99956,0.73004,0.570498,-0.058874,0.857057,0.610459,0.61399,0.157844,0.043333,0.832833,0.836016,0.012899,0.877242,0.633715,0.900976,0.287347,0.089715,0.857675,0.842764,0.016012,0.924525,0.651138,0.940389,0.300097,0.160597,0.832109,0.97456,-0.096869,0.891409,0.574533,0.958491,0.237726,0.177249
194,6.466667,0.299431,0.5681,-0.132675,0.995423,0.288632,0.547411,-0.157325,0.993575,0.290495,0.541658,-0.157686,0.991855,0.292242,0.536516,-0.157599,0.99406,0.286436,0.550066,-0.123375,0.997427,0.286949,0.546141,-0.124005,0.998165,0.287399,0.542675,-0.124181,0.998887,0.303509,0.503428,-0.211176,0.993545,0.296765,0.511333,-0.058615,0.998213,0.316951,0.554058,-0.14306,0.992167,0.315381,0.558265,-0.101428,0.994903,0.394573,0.489239,-0.28221,0.997806,0.357853,0.459495,0.065232,0.997233,0.399265,0.714793,-0.357332,0.799502,0.340724,0.632955,0.11151,0.108027,0.373372,0.938016,-0.352819,0.862398,0.312707,0.77039,0.038818,0.403519,0.344556,0.963187,-0.407404,0.869659,0.295202,0.805407,0.029465,0.439438,0.339282,0.952469,-0.391746,0.858418,0.299103,0.813128,-0.008486,0.447757,0.350307,0.944153,-0.348167,0.808629,0.308239,0.804105,0.01881,0.423834,0.618121,0.275672,-0.114095,0.999511,0.576791,0.308858,0.113805,0.999561,0.732603,0.564258,-0.09167,0.867544,0.616768,0.613521,0.141351,0.048028,0.837889,0.829345,-0.038733,0.886771,0.643745,0.900604,0.265333,0.094612,0.863664,0.834376,-0.037527,0.92966,0.662709,0.940267,0.277066,0.168129,0.827924,0.970887,-0.143486,0.899446,0.584134,0.958485,0.224401,0.18627
195,6.5,0.302039,0.561023,-0.162739,0.995788,0.29058,0.541408,-0.182501,0.994118,0.292353,0.535085,-0.182859,0.99254,0.293998,0.529502,-0.182772,0.994568,0.288412,0.545975,-0.151546,0.997633,0.288872,0.542752,-0.15218,0.998305,0.289265,0.539888,-0.152356,0.998969,0.304384,0.49714,-0.215519,0.994083,0.297824,0.508736,-0.07574,0.99833,0.318857,0.545127,-0.165002,0.992722,0.31715,0.550467,-0.127449,0.995231,0.396718,0.484504,-0.280818,0.997865,0.357851,0.45538,0.055832,0.997216,0.400809,0.70698,-0.356896,0.813164,0.338762,0.629151,0.105643,0.111092,0.375703,0.936206,-0.357048,0.871658,0.308275,0.768452,0.033807,0.410133,0.347096,0.960977,-0.411166,0.877965,0.292584,0.804843,0.023393,0.447639,0.341181,0.950483,-0.396545,0.867654,0.295861,0.811382,-0.013768,0.456162,0.352346,0.942216,-0.352772,0.820051,0.304147,0.801692,0.014171,0.431447,0.618482,0.274996,-0.11395,0.999507,0.577732,0.309412,0.113651,0.999545,0.733371,0.561569,-0.099459,0.875859,0.617969,0.613294,0.134863,0.05111,0.838444,0.824802,-0.045493,0.894535,0.645257,0.900192,0.261316,0.096698,0.864447,0.830085,-0.043846,0.933649,0.664537,0.940166,0.273357,0.17247,0.827303,0.968875,-0.146503,0.906009,0.585494,0.958466,0.225156,0.191171
196,6.533333,0.303451,0.560232,-0.140969,0.996165,0.291798,0.540674,-0.16486,0.994658,0.293348,0.534953,-0.165224,0.993224,0.294798,0.529737,-0.165131,0.995073,0.289967,0.543619,-0.130774,0.99784,0.290392,0.539806,-0.131406,0.998449,0.290787,0.536236,-0.131579,0.999055,0.305326,0.496426,-0.222273,0.994631,0.299492,0.503199,-0.063913,0.998463,0.320928,0.547233,-0.150603,0.993368,0.319413,0.550811,-0.10852,0.995627,0.395765,0.484957,-0.301883,0.998001,0.3579,0.447466,0.063361,0.997299,0.406867,0.708121,-0.384879,0.82554,0.331562,0.615252,0.11249,0.118539,0.381727,0.936243,-0.383257,0.88161,0.294048,0.758699,0.032719,0.423793,0.353521,0.960982,-0.441224,0.886986,0.27186,0.801766,0.021782,0.462684,0.344961,0.950395,-0.425707,0.877579,0.275075,0.810539,-0.017591,0.471248,0.354996,0.941982,-0.378764,0.832807,0.287203,0.794866,0.011672,0.446379,0.618719,0.275004,-0.120111,0.999503,0.579572,0.309083,0.119872,0.999531,0.734696,0.559135,-0.102958,0.879819,0.622225,0.61352,0.143683,0.052381,0.840377,0.824718,-0.034772,0.899251,0.655912,0.897637,0.297052,0.097766,0.866087,0.832894,-0.03259,0.935597,0.674966,0.939651,0.311059,0.17238,0.823289,0.962966,-0.143108,0.908954,0.599038,0.958469,0.252972,0.190874
197,6.566667,0.303701,0.561677,-0.189061,0.996485,0.292575,0.541832,-0.218008,0.99513,0.294055,0.536214,-0.218378,0.993827,0.295478,0.531118,-0.218324,0.995517,0.291129,0.544336,-0.182996,0.998016,0.291779,0.540266,-0.183614,0.998571,0.292462,0.536439,-0.183787,0.999125,0.306555,0.497133,-0.291983,0.99513,0.301963,0.502516,-0.13127,0.998579,0.321159,0.547523,-0.205535,0.993952,0.319921,0.551993,-0.161644,0.995975,0.397397,0.48363,-0.357232,0.998116,0.357518,0.449241,-0.029703,0.997327,0.415272,0.705853,-0.447307,0.839908,0.308489,0.618455,-0.023919,0.123861,0.398078,0.936234,-0.450055,0.890975,0.246588,0.772286,-0.120277,0.431916,0.369061,0.960675,-0.510858,0.895553,0.222696,0.805562,-0.140003,0.474488,0.358881,0.95038,-0.499534,0.887011,0.225943,0.815457,-0.174608,0.483435,0.369952,0.942036,-0.448563,0.844929,0.235461,0.801576,-0.140457,0.458823,0.618811,0.271221,-0.119055,0.999508,0.579312,0.309771,0.118902,0.999523,0.733936,0.554535,-0.116487,0.889108,0.63038,0.607762,0.159944,0.056469,0.837073,0.826055,-0.03525,0.907334,0.670356,0.88787,0.321126,0.106769,0.862851,0.833833,-0.032302,0.940168,0.688543,0.931227,0.335137,0.179297,0.810861,0.952991,-0.1398,0.915757,0.614951,0.957994,0.2803,0.203115
198,6.6,0.308046,0.562181,-0.213784,0.996755,0.295551,0.539543,-0.237968,0.995536,0.2964,0.533767,-0.238373,0.994352,0.297253,0.52851,-0.238289,0.995895,0.294414,0.542398,-0.204183,0.998167,0.294522,0.538793,-0.204853,0.99868,0.294578,0.535422,-0.205047,0.999185,0.307938,0.49538,-0.296326,0.995558,0.303576,0.502676,-0.143046,0.998684,0.325082,0.549174,-0.225174,0.994431,0.324023,0.553172,-0.183469,0.996271,0.399421,0.479053,-0.349375,0.998173,0.35722,0.453514,-0.04964,0.997437,0.418818,0.705915,-0.436863,0.853961,0.307301,0.640532,-0.032443,0.163018,0.403964,0.936254,-0.452786,0.900343,0.235407,0.785512,-0.116485,0.477425,0.374278,0.960324,-0.516085,0.90447,0.21271,0.813895,-0.139154,0.517501,0.364969,0.950346,-0.5067,0.89673,0.215276,0.819004,-0.172027,0.526117,0.376058,0.942069,-0.45243,0.857672,0.225173,0.804373,-0.13549,0.502122,0.618867,0.264049,-0.11118,0.999484,0.578965,0.310432,0.111054,0.999494,0.732899,0.548497,-0.124514,0.898824,0.630856,0.607654,0.146818,0.071825,0.835397,0.823542,-0.074197,0.915435,0.673115,0.884434,0.297845,0.124317,0.864741,0.835541,-0.074083,0.945275,0.690493,0.924606,0.312079,0.200517,0.806142,0.94987,-0.177025,0.923057,0.616544,0.955877,0.26631,0.228554
199,6.633333,0.313855,0.561863,-0.223854,0.997009,0.300733,0.538639,-0.24725,0.995915,0.300833,0.532961,-0.24765,0.99484,0.301189,0.527659,-0.247577,0.996248,0.300538,0.541482,-0.214725,0.99831,0.300482,0.538081,-0.215405,0.998783,0.300412,0.53479,-0.215599,0.999242,0.311246,0.494851,-0.30157,0.995956,0.308609,0.502755,-0.154481,0.998782,0.330783,0.548846,-0.23353,0.994875,0.330082,0.552469,-0.19363,0.996541,0.402345,0.475138,-0.347328,0.998213,0.360437,0.455407,-0.067217,0.997494,0.424378,0.703573,-0.434882,0.867231,0.308568,0.646085,-0.05513,0.205165,0.412058,0.934899,-0.457165,0.909454,0.227846,0.795487,-0.134237,0.521637,0.384808,0.960148,-0.521012,0.913185,0.198018,0.817699,-0.159161,0.559176,0.372487,0.950235,-0.512538,0.906201,0.200839,0.820639,-0.191062,0.567332,0.383417,0.942046,-0.457625,0.870418,0.213988,0.805736,-0.153031,0.544364,0.618746,0.259206,-0.104066,0.999445,0.578791,0.309686,0.10399,0.999445,0.73238,0.548284,-0.137367,0.907722,0.635352,0.602697,0.108497,0.08916,0.833623,0.824466,-0.108219,0.923055,0.676113,0.881049,0.232254,0.145445,0.862962,0.839134,-0.110315,0.9502,0.695553,0.920011,0.244279,0.226536,0.78997,0.946733,-0.214692,0.930031,0.625742,0.953642,0.198516,0.258957
200,6.666667,0.318215,0.561897,-0.236004,0.997232,0.304837,0.539021,-0.259078,0.996244,0.304666,0.533411,-0.259489,0.995273,0.30465,0.528193,-0.259419,0.996552,0.30475,0.54192,-0.226215,0.998433,0.304583,0.538589,-0.226915,0.998875,0.3043,0.535296,-0.227126,0.999291,0.314811,0.495374,-0.311679,0.996309,0.312545,0.503017,-0.163391,0.998873,0.334332,0.548843,-0.244846,0.99526,0.333958,0.552536,-0.204586,0.996784,0.405158,0.467346,-0.351541,0.998219,0.361897,0.458946,-0.082362,0.997583,0.430672,0.695631,-0.444847,0.879369,0.306462,0.657225,-0.078465,0.258754,0.422336,0.934128,-0.473591,0.917651,0.224664,0.813988,-0.163258,0.566041,0.393691,0.959828,-0.539882,0.921109,0.193986,0.840596,-0.191874,0.600486,0.382092,0.950165,-0.532097,0.914818,0.195682,0.84316,-0.223945,0.608021,0.392356,0.942066,-0.47491,0.882076,0.208934,0.829062,-0.182525,0.586706,0.618645,0.248138,-0.098698,0.999395,0.578582,0.307236,0.098619,0.999399,0.729346,0.543779,-0.151622,0.916206,0.631495,0.583731,0.101698,0.116013,0.827312,0.825138,-0.148801,0.930287,0.686008,0.873607,0.22017,0.181955,0.853273,0.847005,-0.153603,0.954917,0.708137,0.911166,0.231792,0.266151,0.776882,0.948062,-0.261452,0.93667,0.636387,0.950874,0.184218,0.302307
201,6.7,0.320556,0.566929,-0.224979,0.997453,0.306243,0.543246,-0.247494,0.99656,0.306254,0.537783,-0.247904,0.995687,0.3064,0.532678,-0.247834,0.996845,0.305737,0.546195,-0.214663,0.998556,0.305458,0.543164,-0.215374,0.998967,0.305087,0.540285,-0.215585,0.999342,0.317238,0.498265,-0.302401,0.996642,0.314526,0.507101,-0.154727,0.998963,0.337436,0.553932,-0.235098,0.995646,0.336597,0.558289,-0.195026,0.997034,0.407405,0.464533,-0.34409,0.998269,0.361945,0.466146,-0.080635,0.997703,0.437585,0.693657,-0.435573,0.890768,0.304226,0.672369,-0.078337,0.313641,0.429028,0.933665,-0.461646,0.925124,0.224778,0.832569,-0.158757,0.606138,0.403188,0.959744,-0.527466,0.928323,0.194926,0.862298,-0.188598,0.637729,0.389929,0.950162,-0.518745,0.922649,0.196908,0.865273,-0.219675,0.64465,0.400144,0.942092,-0.462486,0.892731,0.210115,0.851634,-0.177779,0.624875,0.618564,0.242005,-0.093381,0.999383,0.578495,0.304918,0.09333,0.999395,0.721567,0.543875,-0.138543,0.924158,0.632464,0.575609,0.091466,0.157099,0.810277,0.82813,-0.126312,0.936965,0.706081,0.855442,0.193925,0.231011,0.836989,0.857758,-0.12966,0.959284,0.732821,0.894668,0.203923,0.314413,0.745118,0.948621,-0.227269,0.94279,0.658576,0.942526,0.153944,0.353082
202,6.733333,0.323194,0.575963,-0.226837,0.99764,0.308816,0.548581,-0.248464,0.996826,0.309221,0.542637,-0.248865,0.996041,0.30982,0.536937,-0.248783,0.997088,0.307366,0.55238,-0.216424,0.998656,0.30685,0.549457,-0.217143,0.999044,0.306281,0.546776,-0.21735,0.999382,0.320426,0.500182,-0.297465,0.996923,0.315755,0.512902,-0.154036,0.999035,0.34139,0.561006,-0.234348,0.995965,0.339268,0.567601,-0.195585,0.997244,0.413845,0.465752,-0.337116,0.998295,0.360817,0.476228,-0.070185,0.997826,0.45004,0.694425,-0.426411,0.901104,0.30612,0.685524,-0.06068,0.364552,0.43834,0.933678,-0.456004,0.932018,0.240049,0.865321,-0.156938,0.643514,0.41634,0.959726,-0.524487,0.934958,0.209803,0.889595,-0.189533,0.67232,0.402614,0.950219,-0.516104,0.92985,0.212848,0.892814,-0.224663,0.678664,0.411034,0.94223,-0.45709,0.902543,0.226131,0.884395,-0.177907,0.660477,0.61849,0.239788,-0.091331,0.99937,0.577031,0.298963,0.091246,0.999396,0.706188,0.546782,-0.083942,0.931078,0.64762,0.573125,0.100577,0.195606,0.784838,0.834972,-0.065447,0.942964,0.721351,0.83815,0.215659,0.276938,0.811575,0.875171,-0.070103,0.963191,0.746973,0.883808,0.226989,0.357694,0.713607,0.947803,-0.169138,0.94829,0.676692,0.934902,0.172956,0.398973
203,6.766667,0.325096,0.583128,-0.215327,0.997834,0.310655,0.557522,-0.236934,0.997097,0.310924,0.552062,-0.237319,0.99639,0.311351,0.547022,-0.237241,0.997339,0.309451,0.560364,-0.204562,0.998761,0.308934,0.557121,-0.205307,0.99912,0.308375,0.554216,-0.205497,0.999426,0.321727,0.510007,-0.292427,0.997196,0.317896,0.520881,-0.151593,0.999107,0.343759,0.568254,-0.224291,0.996295,0.341737,0.573461,-0.186085,0.997457,0.412911,0.466488,-0.329882,0.998377,0.360784,0.483224,-0.057953,0.997926,0.455184,0.694666,-0.420463,0.910403,0.309253,0.695147,-0.036377,0.399023,0.449401,0.933629,-0.450102,0.938305,0.247195,0.874853,-0.138183,0.673357,0.426679,0.959757,-0.517717,0.940956,0.217832,0.895666,-0.156668,0.700177,0.412502,0.950349,-0.506053,0.936347,0.220732,0.901745,-0.200258,0.706085,0.421091,0.94228,-0.449729,0.911383,0.233845,0.895247,-0.162052,0.688728,0.61731,0.236056,-0.092112,0.999337,0.576845,0.288227,0.091981,0.999371,0.696898,0.547875,-0.073657,0.936696,0.655172,0.569607,0.104318,0.206276,0.768477,0.845384,-0.06837,0.948123,0.733986,0.839061,0.215449,0.293764,0.797421,0.890023,-0.07487,0.966656,0.762053,0.885719,0.225807,0.381346,0.694583,0.94827,-0.179308,0.953106,0.678232,0.93253,0.166514,0.423855
204,6.8,0.32827,0.5842,-0.207042,0.997959,0.313527,0.560413,-0.228741,0.997282,0.313639,0.555184,-0.229139,0.996641,0.313876,0.550515,-0.229085,0.997518,0.312382,0.563106,-0.194659,0.998817,0.311758,0.559973,-0.195384,0.999161,0.311104,0.55736,-0.195578,0.999442,0.323245,0.514442,-0.282944,0.997389,0.31991,0.525007,-0.134043,0.999128,0.346029,0.568934,-0.214616,0.996482,0.343897,0.573983,-0.174401,0.997557,0.413511,0.467614,-0.324608,0.998386,0.361306,0.485246,-0.026334,0.997948,0.463086,0.694135,-0.418092,0.917775,0.310297,0.698162,-0.012459,0.415013,0.458387,0.93361,-0.442373,0.943038,0.247854,0.879387,-0.126094,0.694817,0.433799,0.959894,-0.513819,0.945452,0.224478,0.900103,-0.137002,0.720743,0.420324,0.950906,-0.500265,0.941286,0.22693,0.906479,-0.178177,0.726537,0.429355,0.942638,-0.441278,0.917817,0.237956,0.900854,-0.147268,0.709121,0.616456,0.234966,-0.098767,0.999239,0.576485,0.274452,0.098656,0.9993,0.687065,0.548896,-0.066821,0.937425,0.654622,0.562442,0.106683,0.195974,0.755624,0.856752,-0.06558,0.951017,0.734692,0.84157,0.217038,0.283321,0.780991,0.900823,-0.073134,0.969215,0.758479,0.888497,0.2273,0.377576,0.685555,0.94843,-0.178169,0.95633,0.675709,0.930898,0.177825,0.416286
205,6.833333,0.327013,0.58635,-0.20537,0.998049,0.313194,0.562221,-0.227636,0.997428,0.313456,0.556728,-0.228027,0.996844,0.313888,0.551919,-0.227967,0.997663,0.312016,0.565255,-0.193629,0.998852,0.311521,0.561974,-0.194328,0.999186,0.310948,0.559325,-0.194524,0.999446,0.324201,0.516534,-0.280449,0.997545,0.320485,0.527207,-0.13002,0.99913,0.344675,0.572251,-0.213472,0.996623,0.342793,0.577033,-0.17264,0.997616,0.415455,0.468337,-0.323357,0.998375,0.361305,0.486839,-0.027746,0.997952,0.461498,0.693377,-0.415498,0.924679,0.314263,0.699946,-0.010065,0.426526,0.463065,0.933492,-0.439108,0.947543,0.252877,0.880788,-0.107656,0.712589,0.436338,0.959854,-0.508281,0.949719,0.226903,0.899761,-0.127521,0.738111,0.422503,0.950948,-0.495709,0.94596,0.22967,0.907017,-0.165254,0.743997,0.431774,0.942787,-0.438194,0.923951,0.241673,0.902088,-0.128479,0.726309,0.615891,0.236089,-0.098925,0.999168,0.575575,0.276297,0.098827,0.999242,0.686931,0.553915,-0.059066,0.938257,0.654406,0.564576,0.111295,0.186382,0.755922,0.862483,-0.038172,0.953829,0.736067,0.836467,0.22253,0.27257,0.779246,0.90606,-0.044123,0.971485,0.758267,0.886918,0.233261,0.370277,0.682511,0.948128,-0.157221,0.95928,0.677448,0.925625,0.179729,0.408126
206,6.866667,0.329765,0.589378,-0.184147,0.998098,0.315314,0.565049,-0.207097,0.997513,0.315552,0.559783,-0.207518,0.997,0.315913,0.555139,-0.207443,0.997756,0.313913,0.567571,-0.173215,0.998859,0.313346,0.564229,-0.173898,0.999201,0.312651,0.561447,-0.174117,0.99944,0.325947,0.519265,-0.266799,0.997681,0.322214,0.528809,-0.114747,0.99914,0.34719,0.575364,-0.195335,0.996718,0.345336,0.579683,-0.15383,0.99766,0.416898,0.469541,-0.311267,0.998331,0.362053,0.487706,-0.019343,0.997933,0.469807,0.693088,-0.392474,0.930031,0.319077,0.703642,-0.005545,0.433469,0.467681,0.933559,-0.400292,0.951461,0.265897,0.88569,-0.101853,0.734721,0.442747,0.959861,-0.466281,0.953641,0.233622,0.902034,-0.121372,0.759441,0.430371,0.951883,-0.452741,0.950264,0.236233,0.908497,-0.159397,0.765089,0.439142,0.944123,-0.39878,0.929613,0.251407,0.903701,-0.123247,0.748162,0.615226,0.235468,-0.101312,0.999019,0.574182,0.271324,0.101137,0.999108,0.67947,0.554484,-0.061171,0.939974,0.645031,0.544295,0.216876,0.173077,0.746058,0.863848,-0.053696,0.95687,0.733336,0.759368,0.409331,0.259388,0.76734,0.906158,-0.060641,0.973688,0.749667,0.779188,0.427557,0.359408,0.677816,0.94469,-0.176149,0.962295,0.670396,0.915187,0.379445,0.394521
207,6.9,0.33487,0.592384,-0.182197,0.998257,0.31905,0.566924,-0.20564,0.997723,0.319271,0.561489,-0.206031,0.997259,0.31967,0.556679,-0.205959,0.997946,0.317925,0.569414,-0.169981,0.99895,0.31745,0.565779,-0.170646,0.999265,0.316843,0.562621,-0.170848,0.999482,0.329377,0.520213,-0.266181,0.997877,0.325601,0.529182,-0.104124,0.999205,0.351689,0.57845,-0.193916,0.996978,0.350311,0.582609,-0.150082,0.997841,0.418907,0.468965,-0.311579,0.998386,0.363945,0.489895,-0.001152,0.998052,0.478314,0.691311,-0.394547,0.936411,0.333651,0.703148,0.025442,0.464121,0.479896,0.932535,-0.402291,0.955819,0.290888,0.885782,-0.077821,0.758172,0.456278,0.959285,-0.471793,0.957775,0.256605,0.903087,-0.102416,0.780879,0.443237,0.95189,-0.460105,0.954735,0.259717,0.908281,-0.144995,0.78614,0.451275,0.944149,-0.401701,0.935779,0.275358,0.903321,-0.101043,0.770194,0.615121,0.23103,-0.107748,0.998985,0.574151,0.267791,0.107687,0.999098,0.67442,0.557149,-0.064658,0.943697,0.64459,0.545016,0.11115,0.174948,0.737449,0.8628,-0.066851,0.960282,0.725355,0.777156,0.195822,0.263461,0.764049,0.903452,-0.075894,0.975992,0.746153,0.817979,0.202925,0.371865,0.663013,0.943992,-0.1948,0.965468,0.667848,0.916971,0.130228,0.405601
208,6.933333,0.33387,0.592508,-0.177197,0.998409,0.318955,0.568942,-0.202193,0.997924,0.319324,0.563297,-0.202549,0.997504,0.319834,0.558353,-0.202479,0.998127,0.317846,0.571042,-0.164607,0.999038,0.317543,0.566668,-0.165241,0.999326,0.317069,0.56295,-0.165413,0.999524,0.330206,0.521177,-0.265948,0.998065,0.326134,0.529134,-0.097423,0.999268,0.350883,0.578348,-0.191176,0.997235,0.34978,0.582337,-0.144656,0.998018,0.421593,0.468361,-0.315146,0.998455,0.364217,0.489127,0.004525,0.998163,0.478406,0.688263,-0.410104,0.942071,0.338963,0.701526,0.030641,0.486204,0.485894,0.931962,-0.430584,0.959808,0.295735,0.88746,-0.073374,0.778894,0.462955,0.959286,-0.501433,0.961543,0.260076,0.904389,-0.098621,0.799876,0.449101,0.951856,-0.490286,0.958804,0.263583,0.909516,-0.143506,0.804824,0.456032,0.944062,-0.43049,0.941383,0.280106,0.904743,-0.09735,0.789735,0.615149,0.228168,-0.11233,0.998922,0.574141,0.26341,0.112291,0.999058,0.672568,0.557225,-0.075936,0.946422,0.643967,0.549083,0.105322,0.17082,0.736114,0.862296,-0.077697,0.963088,0.722282,0.783885,0.197507,0.258691,0.763375,0.901838,-0.086637,0.977887,0.747079,0.829047,0.205566,0.370852,0.657219,0.944243,-0.205961,0.968061,0.664615,0.917548,0.136864,0.404068
209,6.966667,0.335019,0.591823,-0.128607,0.998536,0.319927,0.568358,-0.157442,0.998095,0.320165,0.562805,-0.157806,0.99771,0.320562,0.557861,-0.157753,0.998284,0.3191,0.570259,-0.115625,0.99911,0.31881,0.565953,-0.116236,0.999375,0.318365,0.562163,-0.116384,0.999557,0.330876,0.519877,-0.232296,0.998219,0.327171,0.527507,-0.04485,0.999313,0.351684,0.57769,-0.146379,0.997452,0.350815,0.581487,-0.09472,0.998163,0.421831,0.466907,-0.308509,0.998526,0.369423,0.489359,0.073511,0.998268,0.485103,0.676605,-0.402129,0.946649,0.348264,0.700628,0.110743,0.496688,0.48811,0.929638,-0.413535,0.96302,0.307413,0.891666,0.011293,0.793531,0.472777,0.958441,-0.48014,0.964513,0.272057,0.907357,-0.00807,0.813132,0.456367,0.951215,-0.465889,0.962014,0.274548,0.910293,-0.05528,0.817926,0.462623,0.94363,-0.410555,0.945618,0.291131,0.905887,-0.014348,0.803294,0.615147,0.227268,-0.123488,0.998959,0.590912,0.252892,0.123494,0.99911,0.662467,0.5569,-0.058226,0.945487,0.674212,0.550083,0.068441,0.179807,0.704979,0.861989,-0.003926,0.963611,0.746787,0.793951,0.160427,0.265798,0.728911,0.901167,-0.007728,0.978623,0.769595,0.832204,0.167742,0.378568,0.62978,0.941665,-0.132897,0.968825,0.720257,0.91832,0.071141,0.408628
210,7.0,0.334238,0.587649,-0.100379,0.998647,0.319534,0.567045,-0.131484,0.998246,0.319835,0.561674,-0.13185,0.997892,0.320302,0.556906,-0.13179,0.998421,0.318736,0.568367,-0.087556,0.999173,0.318525,0.563812,-0.088166,0.999417,0.318244,0.559729,-0.088319,0.999587,0.330782,0.518185,-0.216366,0.998354,0.327403,0.524158,-0.018385,0.999354,0.351209,0.57212,-0.12208,0.99765,0.350347,0.574964,-0.067348,0.998296,0.42443,0.46295,-0.30299,0.998591,0.373731,0.486599,0.097517,0.998378,0.487962,0.668471,-0.388164,0.950067,0.357098,0.699611,0.135052,0.499646,0.489747,0.92451,-0.380681,0.965169,0.323451,0.89086,0.030069,0.805019,0.481197,0.958059,-0.442805,0.966427,0.28809,0.907246,0.0109,0.823553,0.46409,0.951216,-0.429672,0.964091,0.291079,0.910169,-0.036305,0.828255,0.466598,0.943208,-0.376989,0.948071,0.307871,0.906064,0.004143,0.813901,0.615415,0.225702,-0.128056,0.999005,0.598071,0.251413,0.128028,0.999167,0.656386,0.553742,-0.060652,0.94645,0.680073,0.551732,0.074611,0.196357,0.694609,0.862201,0.009284,0.964242,0.758152,0.797264,0.172903,0.277341,0.718754,0.901822,0.008903,0.979035,0.780039,0.842341,0.18104,0.387066,0.621804,0.941564,-0.106473,0.969202,0.734429,0.921621,0.087856,0.414681
211,7.033333,0.333749,0.586112,-0.105643,0.998739,0.319116,0.566456,-0.138162,0.998374,0.319504,0.560943,-0.138524,0.998042,0.320112,0.555999,-0.138467,0.998538,0.318287,0.567761,-0.093492,0.999221,0.318078,0.563096,-0.094087,0.999446,0.317833,0.558836,-0.094241,0.999607,0.330824,0.516609,-0.223902,0.998469,0.327181,0.522429,-0.023763,0.999375,0.35075,0.571264,-0.127956,0.997814,0.349871,0.573975,-0.072025,0.998392,0.424566,0.462135,-0.307692,0.998644,0.373311,0.484253,0.093952,0.998438,0.487039,0.667588,-0.396534,0.952928,0.359812,0.69901,0.125181,0.490393,0.4899,0.920916,-0.388503,0.967065,0.323594,0.892913,0.014308,0.808254,0.482313,0.95695,-0.452472,0.967965,0.291718,0.909115,-0.00522,0.826654,0.466476,0.9512,-0.439921,0.965763,0.293406,0.912153,-0.052352,0.831569,0.469324,0.94318,-0.386265,0.949863,0.308295,0.908207,-0.011744,0.817285,0.615497,0.225915,-0.132937,0.999033,0.6001,0.25246,0.132894,0.999207,0.65516,0.553837,-0.058692,0.944008,0.682491,0.554378,0.081222,0.20016,0.689767,0.862875,0.02997,0.963447,0.762827,0.799485,0.183201,0.279306,0.716805,0.90478,0.030163,0.978171,0.781725,0.847757,0.193289,0.384165,0.617649,0.94171,-0.090675,0.967795,0.735233,0.922745,0.117026,0.40928
212,7.066667,0.336243,0.577808,-0.103905,0.998855,0.321279,0.560622,-0.136863,0.998525,0.321587,0.555358,-0.137216,0.998224,0.322061,0.550777,-0.137148,0.998675,0.320612,0.562499,-0.088234,0.999291,0.320406,0.55853,-0.088794,0.999494,0.320094,0.55502,-0.088911,0.999641,0.331765,0.51258,-0.225142,0.998609,0.328197,0.520089,-0.005477,0.999424,0.352457,0.561283,-0.127117,0.998013,0.351906,0.564773,-0.066157,0.99853,0.424699,0.457798,-0.32741,0.998736,0.37649,0.479454,0.133497,0.998541,0.485929,0.650965,-0.446727,0.956368,0.367454,0.695389,0.172468,0.49785,0.486465,0.898444,-0.461733,0.969407,0.339922,0.891904,0.048109,0.819258,0.489735,0.942158,-0.530099,0.970012,0.307782,0.909269,0.030167,0.836297,0.476196,0.942651,-0.512321,0.967971,0.311416,0.912198,-0.021463,0.841054,0.475269,0.931826,-0.456078,0.95268,0.327242,0.907835,0.019296,0.827412,0.619123,0.227399,-0.148577,0.999077,0.611686,0.251828,0.148512,0.999256,0.65612,0.558559,-0.078431,0.945386,0.694184,0.566883,0.097984,0.228893,0.684859,0.87026,0.011535,0.964572,0.778596,0.800685,0.20777,0.310308,0.711756,0.912909,0.010655,0.978325,0.803661,0.847041,0.215517,0.408114,0.613005,0.94757,-0.097332,0.968586,0.758618,0.925633,0.123795,0.431558
213,7.1,0.339766,0.576174,-0.114761,0.998957,0.324769,0.559289,-0.143622,0.998658,0.325341,0.553893,-0.143986,0.998384,0.325959,0.549154,-0.143901,0.998795,0.323669,0.561414,-0.099935,0.999352,0.323509,0.557644,-0.100535,0.999536,0.323177,0.554231,-0.100675,0.99967,0.334246,0.510027,-0.238293,0.998735,0.329967,0.518376,-0.021544,0.999468,0.355253,0.557996,-0.133562,0.998193,0.354884,0.562873,-0.078847,0.998655,0.424665,0.452636,-0.337709,0.998829,0.379793,0.475803,0.099403,0.998641,0.484116,0.644352,-0.446478,0.958902,0.376202,0.689278,0.1324,0.48888,0.483517,0.877099,-0.453142,0.970934,0.352699,0.891442,0.035364,0.821576,0.486763,0.917871,-0.517155,0.971221,0.319756,0.908627,0.027282,0.838859,0.47625,0.919628,-0.502276,0.969329,0.322693,0.911758,-0.040106,0.843803,0.474831,0.909793,-0.448862,0.95425,0.339135,0.907485,-0.001789,0.83054,0.623142,0.227683,-0.143186,0.999119,0.609258,0.25898,0.143116,0.9993,0.663066,0.558339,-0.089733,0.945023,0.689848,0.576207,0.072974,0.24134,0.694114,0.870299,-0.019621,0.964953,0.786349,0.802235,0.138087,0.323188,0.720513,0.911785,-0.022599,0.978343,0.809253,0.848426,0.141871,0.416964,0.626586,0.948501,-0.144816,0.968832,0.76309,0.930007,0.040918,0.440365
214,7.133333,0.341081,0.576108,-0.118391,0.999043,0.325326,0.558971,-0.148315,0.998771,0.326007,0.553528,-0.148678,0.99852,0.32681,0.548615,-0.148606,0.998898,0.3241,0.561096,-0.105849,0.999403,0.324037,0.557361,-0.106454,0.999571,0.323824,0.553889,-0.106607,0.999695,0.334784,0.508593,-0.236325,0.998842,0.330342,0.517103,-0.030396,0.999506,0.35666,0.557796,-0.137489,0.998345,0.356474,0.562803,-0.084424,0.99876,0.424657,0.450755,-0.326644,0.998896,0.382036,0.472084,0.087967,0.998704,0.482765,0.64481,-0.426401,0.960705,0.377844,0.686328,0.128826,0.472885,0.481832,0.871566,-0.427026,0.971693,0.353147,0.891034,0.020143,0.818416,0.486284,0.911253,-0.483712,0.971807,0.320785,0.908329,0.016229,0.836866,0.476809,0.91191,-0.472351,0.970063,0.323901,0.911575,-0.049107,0.842173,0.474455,0.902998,-0.42392,0.955016,0.33986,0.907244,-0.014627,0.828872,0.625789,0.227745,-0.13873,0.999154,0.607872,0.262373,0.138693,0.999337,0.667372,0.558409,-0.088887,0.944676,0.685375,0.578067,0.057343,0.243083,0.698699,0.869885,-0.026535,0.965276,0.784769,0.805105,0.106747,0.323214,0.718005,0.911739,-0.0301,0.97872,0.808367,0.84937,0.109652,0.416667,0.630826,0.954144,-0.145691,0.969033,0.75835,0.933034,0.020086,0.437997
215,7.166667,0.342598,0.573617,-0.089824,0.999122,0.326148,0.556423,-0.12154,0.998875,0.326962,0.551243,-0.121896,0.998643,0.327795,0.54645,-0.121845,0.998992,0.324802,0.558547,-0.07715,0.999451,0.324864,0.555306,-0.077742,0.999604,0.324779,0.55217,-0.077911,0.999718,0.335603,0.506864,-0.209638,0.998941,0.331231,0.51571,-0.005263,0.999543,0.358188,0.55596,-0.112727,0.998489,0.357999,0.561117,-0.056899,0.99886,0.42449,0.447329,-0.304898,0.998963,0.387273,0.470876,0.109524,0.998789,0.482567,0.642339,-0.38988,0.960586,0.382159,0.684891,0.131347,0.460046,0.469351,0.848822,-0.363267,0.96899,0.35867,0.89093,0.017449,0.809566,0.482125,0.882996,-0.412572,0.968741,0.327515,0.908051,0.005691,0.828726,0.471962,0.885611,-0.402286,0.966829,0.331317,0.9115,-0.045521,0.834179,0.47167,0.877308,-0.359527,0.95027,0.347339,0.907053,-0.011329,0.821897,0.627406,0.227957,-0.136851,0.999202,0.608154,0.27168,0.136804,0.999386,0.676253,0.558529,-0.119099,0.947264,0.683626,0.584113,0.049125,0.272071,0.698931,0.874895,-0.061146,0.965795,0.791828,0.807035,0.079451,0.345725,0.716047,0.919198,-0.062277,0.978875,0.817354,0.849731,0.080458,0.432097,0.629549,0.954313,-0.164382,0.969187,0.77483,0.93835,-0.012368,0.453137
216,7.2,0.342552,0.571078,-0.074268,0.999151,0.326164,0.554277,-0.106601,0.998915,0.32706,0.549229,-0.106958,0.998683,0.328006,0.544425,-0.106924,0.999035,0.324799,0.556497,-0.063159,0.999463,0.324976,0.553574,-0.063748,0.999606,0.325064,0.550593,-0.063933,0.999722,0.335876,0.504429,-0.192692,0.998982,0.331462,0.513967,0.004664,0.999541,0.358828,0.553158,-0.097025,0.998563,0.358452,0.557923,-0.042515,0.998893,0.424458,0.44701,-0.292767,0.998992,0.389688,0.470481,0.124228,0.998807,0.475299,0.644216,-0.36988,0.957529,0.386749,0.679568,0.143462,0.430742,0.453475,0.838791,-0.324218,0.959555,0.370115,0.883361,0.029121,0.770214,0.470503,0.869241,-0.369911,0.95815,0.338349,0.903224,0.016553,0.79085,0.457847,0.873096,-0.359102,0.955801,0.339783,0.90718,-0.030624,0.796879,0.44973,0.86745,-0.319789,0.935908,0.355262,0.902461,0.002053,0.786261,0.629837,0.229406,-0.135662,0.999228,0.61033,0.276686,0.135607,0.99942,0.685372,0.56024,-0.111433,0.939191,0.682569,0.587383,0.056105,0.263017,0.70144,0.886321,-0.040208,0.95789,0.795102,0.810391,0.086385,0.333643,0.720171,0.929637,-0.037835,0.97469,0.82113,0.848895,0.086605,0.417075,0.632485,0.956753,-0.131181,0.961422,0.783092,0.939011,-0.011278,0.434096
217,7.233333,0.344737,0.569374,-0.019863,0.998866,0.327918,0.553306,-0.050623,0.998519,0.328651,0.548349,-0.050959,0.998097,0.329502,0.543555,-0.05092,0.998725,0.326803,0.555216,-0.008831,0.999257,0.327129,0.552185,-0.009425,0.999401,0.327457,0.549021,-0.009601,0.999616,0.336287,0.502792,-0.128632,0.998516,0.333107,0.51076,0.059927,0.999247,0.360943,0.551224,-0.039946,0.998061,0.360407,0.554073,0.012207,0.998388,0.422809,0.447519,-0.231248,0.998941,0.397339,0.457995,0.180476,0.998687,0.453382,0.6456,-0.342138,0.93198,0.400518,0.645726,0.213993,0.389948,0.399157,0.848913,-0.337434,0.925336,0.399529,0.838035,0.107086,0.698943,0.375157,0.880878,-0.388796,0.924955,0.39636,0.855397,0.098576,0.718945,0.370416,0.883048,-0.370506,0.921445,0.396979,0.859883,0.0505,0.724691,0.385903,0.875969,-0.331093,0.894595,0.40034,0.858072,0.080473,0.715074,0.632349,0.23684,-0.128616,0.999237,0.622768,0.276502,0.128429,0.999439,0.687121,0.566226,-0.086652,0.876842,0.691295,0.587861,0.062121,0.238896,0.703843,0.890597,0.017359,0.898874,0.801128,0.813233,0.11438,0.30296,0.723048,0.929756,0.023188,0.940283,0.827349,0.848346,0.117683,0.380571,0.637878,0.95794,-0.05738,0.906286,0.785618,0.938964,0.024582,0.39419
218,7.266667,0.345202,0.571819,-0.008167,0.998175,0.328251,0.555605,-0.042566,0.997548,0.328885,0.550317,-0.042891,0.996758,0.329613,0.545157,-0.042859,0.997982,0.327296,0.556883,0.002449,0.998723,0.327619,0.552966,0.001834,0.998919,0.327967,0.54919,0.001618,0.999355,0.336183,0.502822,-0.133461,0.997682,0.33396,0.509714,0.068809,0.998703,0.361708,0.5531,-0.032537,0.997084,0.36097,0.55451,0.023737,0.997436,0.418614,0.447774,-0.231767,0.998783,0.401158,0.451509,0.180652,0.998382,0.427496,0.657552,-0.339269,0.90719,0.406223,0.645235,0.196273,0.352901,0.390698,0.869947,-0.325716,0.89468,0.399747,0.840294,0.077968,0.633928,0.363102,0.888421,-0.375242,0.89601,0.379267,0.856449,0.066077,0.653415,0.359048,0.884933,-0.355842,0.891954,0.378926,0.864223,0.022093,0.658812,0.373674,0.879954,-0.318883,0.860065,0.387991,0.861231,0.05273,0.649974,0.640977,0.23959,-0.126116,0.999234,0.629827,0.275833,0.125888,0.999443,0.703887,0.566289,-0.068945,0.810403,0.702437,0.586297,0.091262,0.215974,0.72528,0.889203,0.049069,0.840507,0.807681,0.814847,0.135093,0.274282,0.754893,0.928226,0.05526,0.90581,0.833215,0.848587,0.136296,0.345958,0.667793,0.960761,-0.034131,0.849685,0.787794,0.938925,0.040756,0.357068
219,7.3,0.344833,0.576064,0.00498,0.997424,0.32804,0.559516,-0.030057,0.996537,0.328666,0.553508,-0.030371,0.995264,0.329386,0.547664,-0.030344,0.997196,0.327168,0.560031,0.016692,0.998203,0.32746,0.554881,0.016063,0.998432,0.327812,0.549912,0.015825,0.999121,0.3361,0.502914,-0.12817,0.996725,0.334271,0.508992,0.082069,0.998149,0.36136,0.556672,-0.022513,0.996146,0.360684,0.556699,0.036052,0.996566,0.416737,0.445296,-0.228937,0.998618,0.405036,0.447346,0.187438,0.998165,0.420721,0.658385,-0.336483,0.86865,0.410075,0.647118,0.193596,0.319159,0.38673,0.873888,-0.315263,0.84478,0.403725,0.842896,0.064385,0.573951,0.358461,0.889125,-0.36315,0.849054,0.378823,0.855751,0.050187,0.592498,0.356374,0.889211,-0.343208,0.844316,0.37797,0.864089,0.007906,0.597435,0.37036,0.883403,-0.307927,0.808817,0.387527,0.861919,0.039439,0.589354,0.642867,0.242012,-0.124694,0.999267,0.635605,0.274189,0.124437,0.999473,0.702693,0.569221,-0.051451,0.747163,0.710021,0.585352,0.116898,0.195445,0.726713,0.891374,0.088175,0.787112,0.811902,0.815424,0.178485,0.248919,0.755082,0.929603,0.096199,0.872399,0.839112,0.847494,0.181695,0.315171,0.6663,0.96555,0.005746,0.797014,0.792942,0.938346,0.082011,0.324036
220,7.333333,0.344569,0.576442,-0.009843,0.996915,0.327933,0.559628,-0.042812,0.995755,0.328528,0.553578,-0.043142,0.994202,0.329233,0.54768,-0.043109,0.996587,0.327062,0.560159,0.002201,0.997817,0.327332,0.554916,0.001582,0.998103,0.327677,0.549888,0.001358,0.998946,0.336067,0.502508,-0.135102,0.996091,0.334671,0.507318,0.06815,0.997844,0.361183,0.557249,-0.035551,0.995589,0.360535,0.556945,0.020914,0.996059,0.416493,0.443598,-0.230122,0.998541,0.408993,0.445831,0.170363,0.998035,0.415099,0.658134,-0.340481,0.854034,0.409647,0.646128,0.182663,0.290342,0.37502,0.868066,-0.331797,0.83001,0.411053,0.845802,0.066224,0.526,0.356965,0.891546,-0.381807,0.83565,0.379956,0.859299,0.055774,0.544811,0.353247,0.887075,-0.362454,0.830149,0.376857,0.86674,0.012004,0.549617,0.362681,0.880041,-0.325324,0.791353,0.388879,0.864408,0.041364,0.54176,0.644733,0.245226,-0.120834,0.99928,0.637617,0.276845,0.120584,0.999487,0.710827,0.569118,-0.05618,0.696924,0.716138,0.585771,0.112411,0.176939,0.736803,0.891169,0.067006,0.740507,0.813138,0.818619,0.147206,0.225842,0.767531,0.928746,0.073987,0.849214,0.837891,0.850339,0.148266,0.287642,0.691893,0.965252,-0.007037,0.753926,0.793352,0.938331,0.059057,0.294511
221,7.366667,0.347656,0.579379,-0.003598,0.996718,0.331453,0.561854,-0.036771,0.995475,0.331455,0.555434,-0.037083,0.993744,0.331779,0.549229,-0.037061,0.996329,0.330692,0.56229,0.010891,0.997721,0.330378,0.556479,0.010269,0.998014,0.330342,0.550842,0.010045,0.99891,0.337347,0.502651,-0.131476,0.995866,0.336967,0.507255,0.084118,0.997807,0.363496,0.559294,-0.030646,0.995465,0.363075,0.558614,0.029358,0.995989,0.415794,0.442409,-0.230659,0.998524,0.415044,0.447234,0.187552,0.998075,0.402909,0.656408,-0.344433,0.829931,0.421419,0.648568,0.201399,0.265912,0.324471,0.808126,-0.33948,0.806428,0.418545,0.860121,0.072294,0.492325,0.326279,0.858253,-0.390525,0.814733,0.38722,0.869864,0.061178,0.512215,0.320248,0.851574,-0.372657,0.808632,0.384727,0.876777,0.016142,0.517091,0.323218,0.838266,-0.333595,0.767731,0.397196,0.874843,0.046405,0.508105,0.647377,0.245925,-0.121713,0.999294,0.645692,0.276696,0.121431,0.999508,0.710915,0.568244,-0.066803,0.652142,0.725211,0.583865,0.11086,0.160801,0.748269,0.890985,0.055208,0.696863,0.817745,0.823599,0.148186,0.205633,0.777758,0.924496,0.06274,0.825536,0.840987,0.853919,0.150015,0.26391,0.701,0.964976,-0.020908,0.713932,0.79489,0.93492,0.060218,0.268668
222,7.4,0.353436,0.576529,0.012881,0.996083,0.33571,0.557479,-0.018003,0.994372,0.335633,0.551647,-0.018343,0.992046,0.335886,0.546267,-0.018307,0.99534,0.334441,0.55825,0.026104,0.997316,0.333771,0.553311,0.025466,0.997673,0.333396,0.548834,0.025255,0.998755,0.340484,0.501024,-0.104192,0.994695,0.340128,0.506957,0.09475,0.997509,0.368688,0.557057,-0.011032,0.994782,0.367694,0.557204,0.044185,0.995525,0.414076,0.44181,-0.203049,0.998482,0.417153,0.448926,0.198281,0.998109,0.387634,0.647274,-0.3095,0.800396,0.428516,0.650161,0.219669,0.244438,0.29843,0.778886,-0.318451,0.778166,0.428153,0.865098,0.094227,0.465393,0.295436,0.832397,-0.368507,0.788543,0.396223,0.876971,0.084024,0.485058,0.29218,0.827679,-0.350998,0.781424,0.393472,0.884142,0.036346,0.490156,0.294938,0.811447,-0.313229,0.738221,0.406881,0.881015,0.06748,0.479408,0.649337,0.246238,-0.120613,0.999226,0.646538,0.276715,0.120291,0.999481,0.715935,0.568244,-0.067088,0.600562,0.727729,0.583488,0.121331,0.145324,0.764249,0.885602,0.049854,0.638907,0.81227,0.840156,0.172242,0.185803,0.789014,0.918305,0.057109,0.781498,0.836896,0.863765,0.175126,0.239574,0.70986,0.964782,-0.020216,0.658759,0.798556,0.948174,0.092709,0.242999
223,7.433333,0.358923,0.576507,0.020422,0.995258,0.339633,0.557222,-0.011026,0.993077,0.339077,0.551427,-0.011373,0.990009,0.338965,0.546166,-0.011335,0.994202,0.33864,0.557969,0.033226,0.996818,0.337608,0.553033,0.032576,0.997225,0.336864,0.548677,0.032361,0.998559,0.342602,0.501011,-0.098866,0.993299,0.342538,0.506938,0.100683,0.997102,0.372538,0.557042,-0.003937,0.993931,0.371905,0.55731,0.051407,0.99491,0.412183,0.441878,-0.200022,0.998441,0.419096,0.450895,0.204702,0.998131,0.385686,0.646827,-0.304401,0.768547,0.433567,0.65073,0.227699,0.224069,0.294611,0.774478,-0.309776,0.746081,0.428902,0.870241,0.095733,0.437819,0.291221,0.827673,-0.359081,0.758265,0.397862,0.884294,0.083621,0.457554,0.287242,0.822294,-0.342958,0.750288,0.395951,0.8913,0.036083,0.46274,0.289922,0.806263,-0.304889,0.70489,0.409182,0.887544,0.068672,0.450479,0.650554,0.246292,-0.120279,0.99917,0.647652,0.276642,0.119941,0.999461,0.717079,0.568181,-0.061816,0.550905,0.728833,0.583418,0.125581,0.131378,0.768899,0.881865,0.064489,0.584217,0.810423,0.848171,0.187762,0.167902,0.795327,0.913954,0.073281,0.734555,0.83712,0.8695,0.191829,0.217454,0.715785,0.964666,0.000877,0.606004,0.788928,0.94747,0.110242,0.219794
224,7.466667,0.359715,0.576304,0.033409,0.995181,0.341757,0.556556,0.004513,0.992957,0.341377,0.550524,0.004156,0.989707,0.341513,0.545022,0.004213,0.994054,0.341277,0.557271,0.044782,0.996857,0.340755,0.552134,0.044112,0.997253,0.340513,0.547587,0.043905,0.998587,0.345588,0.500015,-0.07729,0.993109,0.346655,0.506702,0.104635,0.997179,0.373989,0.556094,0.010888,0.993913,0.374246,0.556596,0.061126,0.994932,0.41237,0.442251,-0.171103,0.998471,0.430154,0.453766,0.201048,0.998213,0.354346,0.645633,-0.266603,0.738444,0.454883,0.653585,0.231757,0.204923,0.257285,0.774202,-0.281139,0.721008,0.454623,0.87064,0.118934,0.413118,0.239326,0.812069,-0.329503,0.734467,0.426928,0.8857,0.112604,0.433817,0.23451,0.8067,-0.313467,0.725271,0.423275,0.891762,0.060835,0.43875,0.24139,0.797474,-0.277022,0.678084,0.435473,0.888066,0.091674,0.424653,0.654731,0.242522,-0.115599,0.99913,0.646766,0.276643,0.115195,0.999437,0.727665,0.568134,-0.061691,0.511495,0.723527,0.582562,0.123269,0.118696,0.784229,0.881863,0.017207,0.536917,0.79879,0.858099,0.188092,0.151459,0.809169,0.914134,0.021744,0.701271,0.824073,0.892631,0.193144,0.196948,0.71779,0.96557,-0.001296,0.563256,0.740865,0.947185,0.137149,0.198521
225,7.5,0.359462,0.568985,0.051312,0.995239,0.342663,0.549918,0.023292,0.99305,0.342172,0.54447,0.022894,0.989899,0.342196,0.539778,0.022986,0.994084,0.342438,0.55024,0.062217,0.996956,0.341933,0.545665,0.061511,0.997366,0.341614,0.541867,0.061311,0.998641,0.347124,0.498604,-0.061752,0.993186,0.347904,0.505016,0.11443,0.997309,0.373541,0.547683,0.027853,0.99404,0.373931,0.548479,0.076242,0.995102,0.41247,0.445967,-0.146869,0.998522,0.43218,0.454322,0.200426,0.998312,0.339584,0.646458,-0.225862,0.728046,0.461428,0.653228,0.244844,0.189866,0.246572,0.782995,-0.232744,0.719461,0.462121,0.870681,0.133805,0.406304,0.22242,0.815726,-0.279535,0.733159,0.435359,0.885867,0.130297,0.432053,0.219177,0.811747,-0.265104,0.722486,0.432594,0.892349,0.073837,0.437168,0.227555,0.805481,-0.228686,0.673731,0.444334,0.888846,0.105514,0.420012,0.657632,0.238654,-0.109381,0.99913,0.647987,0.275508,0.108897,0.999434,0.734558,0.5659,-0.048039,0.504722,0.721356,0.575163,0.166907,0.107779,0.787756,0.881935,0.017675,0.512883,0.789675,0.85699,0.270224,0.137084,0.814312,0.920449,0.022448,0.695105,0.814661,0.905257,0.279573,0.179635,0.721954,0.964135,-0.019177,0.549371,0.728961,0.933521,0.234538,0.180332
226,7.533333,0.359036,0.568864,0.051762,0.995318,0.342463,0.549055,0.024845,0.993115,0.341973,0.54372,0.024428,0.990133,0.342045,0.539189,0.024538,0.994079,0.342382,0.549527,0.063318,0.997039,0.341972,0.545147,0.062592,0.997481,0.341799,0.541557,0.062393,0.998689,0.349155,0.498652,-0.058439,0.993248,0.349952,0.505154,0.115916,0.997431,0.373459,0.547975,0.0292,0.994127,0.374057,0.548936,0.077034,0.995269,0.412664,0.451175,-0.136041,0.998564,0.433745,0.459446,0.200934,0.998407,0.337018,0.648384,-0.210372,0.726507,0.463008,0.655534,0.260042,0.178609,0.247291,0.788206,-0.212695,0.723217,0.460395,0.871556,0.147769,0.414558,0.222533,0.817298,-0.260122,0.73674,0.433719,0.886032,0.145438,0.446225,0.21739,0.810618,-0.247006,0.724779,0.432333,0.892488,0.085346,0.45168,0.227943,0.804724,-0.209125,0.675716,0.444143,0.889125,0.118435,0.431385,0.659416,0.238132,-0.107507,0.999128,0.648985,0.272606,0.10698,0.99943,0.736658,0.566326,-0.042206,0.519927,0.719622,0.56933,0.204696,0.098362,0.790315,0.883106,0.024582,0.512021,0.784333,0.856051,0.331132,0.124895,0.816918,0.924783,0.028567,0.706071,0.809517,0.908168,0.342031,0.166092,0.724351,0.963472,-0.024407,0.558577,0.722789,0.928663,0.295462,0.165604
227,7.566667,0.360514,0.567401,0.044971,0.995323,0.344846,0.548334,0.017834,0.993006,0.344243,0.543262,0.017418,0.990176,0.344252,0.538882,0.017531,0.993898,0.345041,0.548923,0.056852,0.997055,0.344663,0.544878,0.056118,0.997556,0.344491,0.541483,0.055908,0.998708,0.352412,0.498688,-0.062411,0.99317,0.353173,0.505352,0.114014,0.997511,0.374709,0.547607,0.023892,0.994076,0.375511,0.548866,0.072341,0.995338,0.412847,0.454229,-0.134833,0.998598,0.434587,0.462902,0.202083,0.998493,0.335967,0.649657,-0.211967,0.731797,0.465781,0.658557,0.25922,0.167959,0.244975,0.794129,-0.213111,0.731501,0.466901,0.87305,0.136572,0.42047,0.218127,0.823098,-0.261185,0.74454,0.44119,0.887579,0.13364,0.459533,0.212975,0.817191,-0.246466,0.731611,0.439301,0.893674,0.072964,0.465294,0.223781,0.811139,-0.208973,0.682858,0.450491,0.890347,0.106831,0.442706,0.661181,0.23754,-0.107063,0.999123,0.649235,0.271404,0.106553,0.999422,0.738101,0.566853,-0.045769,0.545985,0.718563,0.571437,0.181932,0.090743,0.793557,0.883395,0.017316,0.524292,0.781112,0.855423,0.293314,0.114826,0.819746,0.926059,0.020251,0.72216,0.803317,0.905708,0.302978,0.156335,0.727635,0.962267,-0.032334,0.57771,0.721765,0.9286,0.25403,0.154316
228,7.6,0.363675,0.56747,0.042488,0.995611,0.3482,0.548408,0.015599,0.993422,0.347495,0.543293,0.015175,0.990834,0.34732,0.539,0.015312,0.994232,0.348411,0.549001,0.054031,0.99725,0.347937,0.544933,0.053291,0.997739,0.347639,0.541666,0.053094,0.998795,0.355746,0.499891,-0.066117,0.9936,0.356815,0.506536,0.108842,0.997699,0.37768,0.547755,0.020965,0.994435,0.378529,0.549034,0.068828,0.995659,0.413533,0.45989,-0.132758,0.998668,0.435782,0.467329,0.197306,0.998591,0.338502,0.658686,-0.21529,0.746043,0.471869,0.662081,0.246124,0.161601,0.254717,0.802997,-0.226235,0.749529,0.481353,0.873243,0.128633,0.435213,0.226617,0.832353,-0.27609,0.761657,0.455166,0.889345,0.127747,0.480627,0.219647,0.826722,-0.260347,0.748743,0.454145,0.894648,0.0671,0.486227,0.230875,0.819796,-0.221983,0.701737,0.464942,0.890694,0.09961,0.462367,0.662179,0.232326,-0.104057,0.999168,0.647969,0.269518,0.103512,0.999446,0.741195,0.560038,-0.072385,0.587931,0.708808,0.569168,0.194718,0.089982,0.801882,0.881088,-0.040898,0.564877,0.757504,0.853055,0.302647,0.115486,0.828851,0.92504,-0.041336,0.74723,0.77971,0.902712,0.311912,0.163372,0.72903,0.962198,-0.107632,0.615485,0.691187,0.928098,0.273854,0.161314
229,7.633333,0.365967,0.568187,0.036326,0.995844,0.35028,0.549328,0.010136,0.993753,0.349545,0.544469,0.009708,0.991382,0.349295,0.540433,0.009839,0.994495,0.350601,0.54989,0.048305,0.99741,0.350178,0.546056,0.047568,0.997895,0.349914,0.543042,0.04737,0.998867,0.357672,0.502524,-0.068071,0.993964,0.358971,0.509082,0.104665,0.997862,0.380011,0.549012,0.015487,0.994721,0.381061,0.550246,0.063169,0.995924,0.414515,0.465761,-0.130385,0.998721,0.439083,0.470782,0.195102,0.998671,0.342444,0.666555,-0.216434,0.761062,0.478364,0.662424,0.240427,0.157475,0.26185,0.827553,-0.237076,0.768198,0.492007,0.872456,0.13148,0.454203,0.234044,0.864606,-0.288526,0.779315,0.466544,0.889307,0.133074,0.504127,0.227143,0.861143,-0.271869,0.766698,0.46487,0.894627,0.071054,0.509545,0.239323,0.850604,-0.232823,0.721977,0.475768,0.890557,0.102752,0.484836,0.662787,0.227216,-0.101515,0.99921,0.647589,0.269746,0.100963,0.999466,0.755804,0.552348,-0.092396,0.626771,0.694395,0.56924,0.183237,0.090901,0.816182,0.877182,-0.071216,0.603198,0.735838,0.852217,0.277817,0.118851,0.843606,0.92118,-0.072331,0.770507,0.763593,0.903627,0.285798,0.174509,0.751632,0.961573,-0.138718,0.650616,0.679401,0.928226,0.24497,0.172792
230,7.666667,0.367437,0.568093,0.035869,0.996028,0.352288,0.549369,0.010773,0.994029,0.351556,0.544546,0.01034,0.991827,0.351333,0.540567,0.010479,0.994706,0.352763,0.549931,0.048592,0.997547,0.352494,0.546187,0.047845,0.998028,0.352412,0.543281,0.047647,0.99893,0.359286,0.50328,-0.065269,0.994241,0.361008,0.510055,0.105996,0.998,0.381587,0.549089,0.015647,0.994941,0.38249,0.550356,0.062792,0.996143,0.41532,0.467451,-0.126384,0.998758,0.439999,0.470736,0.193047,0.998742,0.344825,0.668897,-0.204183,0.770978,0.479276,0.663758,0.236954,0.151577,0.264434,0.839316,-0.218273,0.782162,0.492719,0.872433,0.126268,0.46463,0.236041,0.878513,-0.268661,0.792518,0.468446,0.890145,0.125965,0.519214,0.229481,0.874944,-0.253639,0.779796,0.467172,0.895825,0.065759,0.524392,0.241487,0.863117,-0.214683,0.736401,0.477291,0.8914,0.0978,0.498635,0.663032,0.224591,-0.100166,0.999247,0.647195,0.269427,0.099609,0.999485,0.760643,0.548533,-0.094605,0.660346,0.690652,0.56786,0.181083,0.089287,0.81828,0.872827,-0.067993,0.634695,0.732173,0.847829,0.275354,0.118143,0.842807,0.918592,-0.068643,0.790319,0.762518,0.902945,0.283609,0.179326,0.75763,0.960033,-0.136023,0.68051,0.677485,0.928324,0.249006,0.177364
231,7.7,0.368361,0.568462,0.033844,0.996256,0.353388,0.549861,0.007258,0.994371,0.35264,0.545072,0.006839,0.992356,0.352391,0.541057,0.006957,0.994976,0.353839,0.550331,0.045927,0.997705,0.353624,0.546571,0.045203,0.998173,0.353581,0.543581,0.045002,0.999001,0.360115,0.503561,-0.070274,0.994585,0.361973,0.510199,0.103544,0.998151,0.382866,0.550248,0.012501,0.995205,0.383773,0.55117,0.060698,0.996389,0.417778,0.467081,-0.133238,0.99879,0.442232,0.468966,0.192221,0.998806,0.348849,0.67363,-0.214842,0.785584,0.479057,0.662626,0.236674,0.151409,0.268725,0.864872,-0.230579,0.79818,0.498171,0.86976,0.127447,0.486751,0.245184,0.900026,-0.281515,0.807684,0.477536,0.889304,0.127321,0.543642,0.23891,0.894017,-0.266179,0.795328,0.475451,0.895154,0.066017,0.54874,0.248724,0.884646,-0.226799,0.754013,0.483948,0.890286,0.098839,0.522591,0.663966,0.221152,-0.100672,0.999289,0.645678,0.266695,0.100132,0.999508,0.76051,0.543696,-0.09909,0.693283,0.676262,0.563797,0.192615,0.096509,0.831704,0.866955,-0.071299,0.669209,0.701579,0.847763,0.296887,0.131646,0.860094,0.911825,-0.071862,0.810327,0.734563,0.902007,0.306311,0.201201,0.777533,0.96351,-0.146965,0.711101,0.646424,0.928057,0.272758,0.202224
232,7.733333,0.369682,0.568295,0.028627,0.996447,0.3547,0.549837,0.003439,0.994678,0.353717,0.545003,0.003018,0.992809,0.353227,0.540897,0.003168,0.995226,0.35532,0.5504,0.041993,0.997846,0.354959,0.546658,0.041247,0.998299,0.354712,0.543649,0.041053,0.999065,0.360682,0.503551,-0.070605,0.994894,0.362587,0.510442,0.102524,0.998287,0.383978,0.55026,0.008263,0.995449,0.384925,0.551226,0.056325,0.996607,0.419608,0.467092,-0.139429,0.998816,0.443224,0.466658,0.185551,0.99886,0.349331,0.673308,-0.223152,0.796951,0.480276,0.657799,0.235243,0.150333,0.270486,0.869121,-0.23268,0.812013,0.503817,0.86474,0.134286,0.503428,0.249854,0.904474,-0.288149,0.820941,0.482754,0.885128,0.134538,0.560775,0.243683,0.899779,-0.273044,0.808932,0.481846,0.892047,0.073077,0.565782,0.252644,0.890148,-0.230566,0.769296,0.489829,0.887214,0.105744,0.53918,0.665069,0.220394,-0.101132,0.999327,0.644883,0.266704,0.100603,0.999527,0.761392,0.538717,-0.118944,0.722682,0.669687,0.557342,0.207228,0.09931,0.834468,0.858565,-0.107069,0.700109,0.698236,0.842795,0.336998,0.138459,0.866333,0.902331,-0.108555,0.828173,0.724064,0.900215,0.349503,0.214499,0.786219,0.966946,-0.1864,0.738477,0.652889,0.928484,0.32396,0.217229
233,7.766667,0.369292,0.572249,0.027907,0.996725,0.354269,0.550889,0.00274,0.995098,0.353294,0.546137,0.002322,0.993396,0.352818,0.542119,0.002452,0.995593,0.354962,0.551222,0.041093,0.998025,0.354613,0.547455,0.040348,0.998446,0.354381,0.544477,0.040188,0.999143,0.360315,0.505088,-0.072957,0.995307,0.361981,0.510947,0.098272,0.998439,0.38363,0.557709,0.007657,0.995798,0.384476,0.558201,0.054055,0.996884,0.420826,0.470589,-0.14132,0.998872,0.442749,0.46731,0.180152,0.998919,0.35208,0.692109,-0.226985,0.80866,0.486273,0.657935,0.234795,0.151106,0.289171,0.892202,-0.237958,0.825345,0.512239,0.86276,0.145982,0.518545,0.258976,0.91758,-0.29696,0.833756,0.490787,0.885477,0.150931,0.576624,0.254673,0.910222,-0.277968,0.822085,0.490836,0.892316,0.088806,0.581354,0.268541,0.903712,-0.235081,0.784222,0.498215,0.887191,0.118027,0.554605,0.664987,0.217537,-0.101426,0.999373,0.639098,0.264867,0.100911,0.999554,0.760888,0.534306,-0.12472,0.749966,0.656832,0.555001,0.22421,0.107958,0.84292,0.856914,-0.116537,0.7293,0.679998,0.842769,0.359987,0.157946,0.875855,0.898627,-0.117872,0.844885,0.705821,0.899841,0.373144,0.238757,0.795807,0.971923,-0.190502,0.764043,0.616526,0.926526,0.355339,0.247951
234,7.8,0.369183,0.574839,0.024888,0.996995,0.354121,0.552882,0.000698,0.995508,0.353223,0.548111,0.000283,0.993963,0.352713,0.544067,0.000443,0.995953,0.354746,0.553057,0.038816,0.998196,0.354435,0.54915,0.038074,0.998585,0.354255,0.546003,0.037941,0.999218,0.360207,0.507172,-0.074378,0.995702,0.361921,0.511876,0.098079,0.99858,0.383496,0.560137,0.005498,0.99613,0.384312,0.560197,0.051957,0.997142,0.420853,0.471023,-0.14405,0.998924,0.442144,0.465396,0.180015,0.99898,0.362903,0.689845,-0.22966,0.820225,0.488824,0.658065,0.234615,0.15403,0.305476,0.900196,-0.240416,0.838227,0.519185,0.85577,0.14691,0.536188,0.272358,0.925222,-0.298248,0.84613,0.501836,0.879567,0.150511,0.59407,0.267392,0.916543,-0.278731,0.834923,0.500076,0.889945,0.08797,0.598657,0.28279,0.910773,-0.237383,0.798922,0.507001,0.883495,0.118527,0.571723,0.664753,0.216157,-0.102411,0.999415,0.635776,0.263489,0.101884,0.999577,0.762252,0.53149,-0.130049,0.774526,0.656985,0.550498,0.240175,0.115177,0.850091,0.854345,-0.130709,0.755639,0.676998,0.840794,0.392945,0.174206,0.885704,0.893649,-0.13313,0.859975,0.706461,0.898774,0.407846,0.262366,0.805105,0.973202,-0.2097,0.787131,0.613475,0.9247,0.391022,0.275884
235,7.833333,0.368829,0.575692,0.02446,0.997232,0.353866,0.553489,9.5e-05,0.99587,0.352932,0.548768,-0.00032,0.994458,0.35243,0.544813,-0.000166,0.996276,0.354336,0.553748,0.038,0.998346,0.353902,0.549945,0.03726,0.998706,0.353638,0.546909,0.037117,0.999283,0.359943,0.508632,-0.076114,0.996051,0.361164,0.512775,0.097996,0.998702,0.3834,0.561602,0.004944,0.996427,0.384238,0.561797,0.05152,0.997368,0.419813,0.472362,-0.160617,0.99898,0.442023,0.465232,0.187889,0.999025,0.36878,0.690112,-0.244396,0.827923,0.494436,0.657649,0.245609,0.150847,0.316733,0.904383,-0.257191,0.847527,0.525356,0.855826,0.166345,0.537211,0.281996,0.926511,-0.314873,0.854718,0.509364,0.8799,0.171262,0.594401,0.277273,0.917872,-0.29404,0.843529,0.505862,0.890428,0.108824,0.598599,0.293066,0.912523,-0.252406,0.808202,0.512491,0.883566,0.13763,0.57126,0.663809,0.215195,-0.107268,0.999455,0.632467,0.263486,0.106713,0.999601,0.768462,0.529358,-0.136023,0.796259,0.650749,0.548532,0.256635,0.11644,0.856019,0.854544,-0.125418,0.77868,0.671926,0.842829,0.409674,0.182302,0.889045,0.890935,-0.126718,0.873095,0.696805,0.898841,0.424055,0.274119,0.812137,0.975018,-0.208511,0.807436,0.613534,0.925274,0.401829,0.291613
236,7.866667,0.368459,0.575901,0.016443,0.99743,0.353453,0.553736,-0.00816,0.996174,0.352571,0.549044,-0.00857,0.994875,0.35212,0.545158,-0.008429,0.996547,0.353902,0.554048,0.030706,0.998474,0.353531,0.550321,0.030002,0.998809,0.353333,0.547384,0.029868,0.999339,0.359878,0.509481,-0.085761,0.996346,0.360801,0.51342,0.092574,0.998807,0.383126,0.561679,-0.00448,0.996677,0.38393,0.561918,0.043928,0.997559,0.41917,0.472848,-0.172161,0.999026,0.44242,0.465056,0.186587,0.999063,0.372656,0.689028,-0.257259,0.834284,0.496921,0.655071,0.243673,0.148296,0.320197,0.90331,-0.279841,0.855977,0.528174,0.855736,0.161295,0.538414,0.28623,0.925647,-0.337854,0.862575,0.511081,0.879967,0.165188,0.594614,0.280864,0.917256,-0.317649,0.851466,0.506797,0.890791,0.103239,0.598509,0.296359,0.912112,-0.275143,0.816774,0.514306,0.883591,0.132663,0.570894,0.663576,0.215216,-0.108421,0.999489,0.631021,0.263786,0.107869,0.99962,0.770432,0.529487,-0.132987,0.815644,0.645714,0.548107,0.246275,0.117569,0.857163,0.854712,-0.111069,0.799047,0.671337,0.852297,0.385936,0.188316,0.889165,0.89108,-0.111457,0.884686,0.694666,0.903834,0.399115,0.283114,0.813674,0.975211,-0.189805,0.825364,0.611721,0.925305,0.376495,0.303198
