frame,timestamp,nose_x,nose_y,nose_z,nose_visibility,left_eye_inner_x,left_eye_inner_y,left_eye_inner_z,left_eye_inner_visibility,left_eye_x,left_eye_y,left_eye_z,left_eye_visibility,left_eye_outer_x,left_eye_outer_y,left_eye_outer_z,left_eye_outer_visibility,right_eye_inner_x,right_eye_inner_y,right_eye_inner_z,right_eye_inner_visibility,right_eye_x,right_eye_y,right_eye_z,right_eye_visibility,right_eye_outer_x,right_eye_outer_y,right_eye_outer_z,right_eye_outer_visibility,left_ear_x,left_ear_y,left_ear_z,left_ear_visibility,right_ear_x,right_ear_y,right_ear_z,right_ear_visibility,mouth_left_x,mouth_left_y,mouth_left_z,mouth_left_visibility,mouth_right_x,mouth_right_y,mouth_right_z,mouth_right_visibility,left_shoulder_x,left_shoulder_y,left_shoulder_z,left_shoulder_visibility,right_shoulder_x,right_shoulder_y,right_shoulder_z,right_shoulder_visibility,left_elbow_x,left_elbow_y,left_elbow_z,left_elbow_visibility,right_elbow_x,right_elbow_y,right_elbow_z,right_elbow_visibility,left_wrist_x,left_wrist_y,left_wrist_z,left_wrist_visibility,right_wrist_x,right_wrist_y,right_wrist_z,right_wrist_visibility,left_pinky_x,left_pinky_y,left_pinky_z,left_pinky_visibility,right_pinky_x,right_pinky_y,right_pinky_z,right_pinky_visibility,left_index_x,left_index_y,left_index_z,left_index_visibility,right_index_x,right_index_y,right_index_z,right_index_visibility,left_thumb_x,left_thumb_y,left_thumb_z,left_thumb_visibility,right_thumb_x,right_thumb_y,right_thumb_z,right_thumb_visibility,left_hip_x,left_hip_y,left_hip_z,left_hip_visibility,right_hip_x,right_hip_y,right_hip_z,right_hip_visibility,left_knee_x,left_knee_y,left_knee_z,left_knee_visibility,right_knee_x,right_knee_y,right_knee_z,right_knee_visibility,left_ankle_x,left_ankle_y,left_ankle_z,left_ankle_visibility,right_ankle_x,right_ankle_y,right_ankle_z,right_ankle_visibility,left_heel_x,left_heel_y,left_heel_z,left_heel_visibility,right_heel_x,right_heel_y,right_heel_z,right_heel_visibility,left_foot_index_x,left_foot_index_y,left_foot_index_z,left_foot_index_visibility,right_foot_index_x,right_foot_index_y,right_foot_index_z,right_foot_index_visibility
0,0.0,0.457156,0.147248,-0.121141,0.9999,0.444974,0.129702,-0.102782,0.999841,0.442192,0.129274,-0.103486,0.999851,0.438709,0.128862,-0.103355,0.999906,0.442231,0.12887,-0.166969,0.999879,0.437847,0.127859,-0.167677,0.999921,0.430948,0.126788,-0.167888,0.999926,0.404063,0.134124,0.020898,0.999913,0.392649,0.133421,-0.271586,0.999787,0.446264,0.162814,-0.059724,0.999733,0.442532,0.162722,-0.149333,0.999647,0.399403,0.238184,0.213703,0.999964,0.392212,0.219319,-0.394704,0.999963,0.573316,0.26936,0.286905,0.253917,0.588744,0.239332,-0.536587,0.990687,0.731187,0.275783,0.172317,0.417507,0.75648,0.256944,-0.541987,0.9738,0.767638,0.274399,0.175284,0.410197,0.795156,0.263449,-0.629339,0.966219,0.774302,0.267514,0.101791,0.432131,0.799741,0.256196,-0.592424,0.964474,0.765781,0.269965,0.140494,0.402903,0.788068,0.256684,-0.534377,0.92808,0.466623,0.452988,0.187773,0.99997,0.443762,0.457353,-0.187962,0.999983,0.473634,0.624698,0.431497,0.11832,0.457476,0.645051,-0.232114,0.960781,0.43278,0.767024,0.723219,0.431187,0.418431,0.837864,-0.213785,0.989724,0.407625,0.792309,0.741914,0.69282,0.383518,0.864738,-0.219051,0.960149,0.53342,0.792423,0.625046,0.741649,0.539217,0.877735,-0.432928,0.98623
1,0.032928,0.457059,0.147992,-0.182788,0.999906,0.444987,0.131266,-0.166806,0.999851,0.442124,0.130888,-0.167521,0.99986,0.43862,0.130507,-0.167423,0.999912,0.441928,0.130779,-0.225802,0.999887,0.436592,0.130073,-0.226492,0.999926,0.429826,0.129234,-0.226701,0.99993,0.404182,0.13542,-0.044448,0.999919,0.391856,0.134589,-0.315414,0.999801,0.4458,0.16494,-0.121868,0.99975,0.441739,0.164448,-0.204949,0.999669,0.399525,0.239647,0.154535,0.999965,0.392501,0.220096,-0.426549,0.999965,0.572899,0.272629,0.241037,0.259851,0.588357,0.240176,-0.588956,0.990918,0.731069,0.276794,0.155012,0.42843,0.756853,0.257795,-0.636925,0.97516,0.767059,0.275278,0.157976,0.421939,0.796172,0.263621,-0.729145,0.968019,0.77437,0.269877,0.085482,0.443956,0.799881,0.257257,-0.696586,0.966408,0.76569,0.272243,0.124366,0.414585,0.788134,0.258046,-0.631764,0.93171,0.466528,0.452967,0.187026,0.99997,0.443406,0.457383,-0.187238,0.999983,0.474235,0.625741,0.4523,0.123277,0.458831,0.645214,-0.244747,0.962855,0.433925,0.76776,0.750589,0.444552,0.418348,0.837837,-0.258331,0.99021,0.409126,0.792308,0.771366,0.703107,0.383302,0.866149,-0.265601,0.961438,0.534307,0.792396,0.675394,0.750363,0.539448,0.877732,-0.469382,0.986911
2,0.065856,0.456183,0.148375,-0.187422,0.999911,0.443803,0.131788,-0.1696,0.99986,0.440543,0.131482,-0.170321,0.999868,0.43725,0.131284,-0.170205,0.999917,0.439249,0.131247,-0.227761,0.999893,0.432905,0.130767,-0.228473,0.99993,0.426255,0.130356,-0.228706,0.999934,0.403888,0.136761,-0.042989,0.999923,0.389485,0.135842,-0.311461,0.999813,0.444954,0.166202,-0.125566,0.999762,0.440295,0.16558,-0.207585,0.999687,0.399424,0.240696,0.157264,0.999965,0.392609,0.221153,-0.42564,0.999966,0.5724,0.274674,0.242574,0.260757,0.587642,0.240923,-0.58701,0.991283,0.730379,0.277219,0.153656,0.432489,0.756868,0.258087,-0.632883,0.976711,0.766117,0.275756,0.156742,0.426607,0.796964,0.263636,-0.725588,0.969945,0.774261,0.271142,0.083618,0.448862,0.800022,0.257493,-0.692315,0.968459,0.765235,0.273075,0.122795,0.419738,0.788147,0.258256,-0.627407,0.935632,0.466489,0.452723,0.18681,0.999971,0.443488,0.457329,-0.187035,0.999983,0.474115,0.628063,0.460173,0.125865,0.462888,0.64522,-0.250422,0.964251,0.434717,0.768425,0.756471,0.451438,0.418969,0.835598,-0.254113,0.99047,0.410005,0.792303,0.777042,0.70852,0.383637,0.866185,-0.260107,0.961838,0.5344,0.79279,0.679173,0.755194,0.540009,0.877739,-0.464498,0.987298
3,0.098784,0.455244,0.14842,-0.215572,0.999916,0.442865,0.13189,-0.199367,0.999869,0.439607,0.131576,-0.200103,0.999877,0.436521,0.131399,-0.199988,0.999922,0.437521,0.131374,-0.254979,0.999901,0.430183,0.130974,-0.255695,0.999935,0.423411,0.130799,-0.255927,0.999939,0.403729,0.137273,-0.075351,0.999928,0.386639,0.136744,-0.330682,0.999826,0.444574,0.166584,-0.154379,0.999777,0.439212,0.166058,-0.232959,0.999706,0.400125,0.240712,0.117749,0.999967,0.392635,0.223294,-0.430181,0.999967,0.573399,0.274776,0.188522,0.268119,0.587575,0.244056,-0.588355,0.991595,0.731891,0.277461,0.096039,0.442932,0.756725,0.258182,-0.63552,0.978049,0.766629,0.276005,0.096779,0.437519,0.796323,0.263594,-0.726884,0.971676,0.775503,0.271405,0.024783,0.459815,0.799172,0.257497,-0.693748,0.970293,0.76608,0.273161,0.065839,0.430718,0.787623,0.258252,-0.630468,0.939199,0.466506,0.452705,0.181794,0.999972,0.443636,0.457499,-0.182035,0.999984,0.474141,0.62877,0.45708,0.135415,0.464247,0.64533,-0.245676,0.966438,0.435018,0.76911,0.753549,0.469621,0.418987,0.835414,-0.252869,0.99104,0.409911,0.792815,0.77401,0.720201,0.383824,0.867225,-0.259695,0.963658,0.534317,0.793023,0.669926,0.766274,0.538895,0.877793,-0.462172,0.98806
4,0.131712,0.454606,0.148453,-0.202794,0.99992,0.44226,0.131932,-0.185181,0.999877,0.439007,0.131619,-0.185914,0.999883,0.436027,0.131469,-0.185804,0.999926,0.436463,0.131412,-0.241924,0.999906,0.4286,0.13105,-0.242639,0.999938,0.421775,0.130996,-0.242874,0.999942,0.403618,0.137629,-0.059002,0.999932,0.385197,0.137268,-0.321294,0.999836,0.444256,0.166764,-0.14104,0.999788,0.43843,0.166346,-0.221061,0.99972,0.401278,0.240725,0.134488,0.999967,0.392553,0.224104,-0.426962,0.999968,0.574227,0.274744,0.207192,0.271281,0.587143,0.245069,-0.583048,0.991819,0.733451,0.277728,0.111579,0.447981,0.756353,0.25815,-0.627389,0.979015,0.767983,0.276357,0.113007,0.442667,0.795859,0.263401,-0.718061,0.972888,0.777368,0.271752,0.040904,0.464933,0.79862,0.257447,-0.685414,0.971582,0.7666,0.27337,0.081094,0.435966,0.787183,0.258139,-0.622378,0.941689,0.466538,0.452539,0.180824,0.999972,0.443739,0.45742,-0.181073,0.999984,0.473349,0.629744,0.457358,0.14108,0.465032,0.64538,-0.24953,0.968186,0.43567,0.770343,0.750283,0.481834,0.418992,0.835336,-0.278867,0.991464,0.410063,0.793355,0.770406,0.729118,0.383746,0.868042,-0.287854,0.964924,0.534341,0.793803,0.66686,0.773672,0.539562,0.877841,-0.494801,0.988629
5,0.16464,0.453709,0.148714,-0.220386,0.999924,0.441652,0.132146,-0.202756,0.999883,0.438324,0.131836,-0.2035,0.999888,0.435441,0.131702,-0.203387,0.999929,0.435225,0.131522,-0.258702,0.999911,0.427067,0.131127,-0.259431,0.999942,0.42011,0.131047,-0.25969,0.999944,0.402955,0.137648,-0.07262,0.999936,0.383106,0.137259,-0.330457,0.999845,0.443193,0.166915,-0.157007,0.999796,0.43696,0.166589,-0.236184,0.999731,0.40115,0.240486,0.126189,0.999968,0.392167,0.224318,-0.432329,0.999969,0.573986,0.274649,0.200097,0.27449,0.586522,0.245128,-0.593126,0.992097,0.733434,0.27743,0.108899,0.454259,0.756567,0.258165,-0.647258,0.980248,0.767913,0.275978,0.111012,0.449449,0.796099,0.263218,-0.741199,0.974464,0.777365,0.27161,0.03816,0.471837,0.798689,0.257442,-0.705685,0.973261,0.766585,0.273171,0.078354,0.443138,0.787309,0.258118,-0.641525,0.944991,0.466598,0.451749,0.180762,0.999972,0.444115,0.45704,-0.181014,0.999985,0.473349,0.629688,0.461024,0.143254,0.466647,0.645021,-0.250024,0.969578,0.435798,0.770335,0.752291,0.487915,0.419106,0.834644,-0.275112,0.991808,0.410101,0.793277,0.772757,0.735483,0.383744,0.868031,-0.282894,0.966097,0.534034,0.793929,0.676836,0.778452,0.539842,0.877797,-0.487054,0.989094
6,0.197568,0.453251,0.148701,-0.228115,0.999927,0.44101,0.132129,-0.210949,0.999889,0.437841,0.131818,-0.211694,0.999894,0.435109,0.131694,-0.211575,0.999933,0.434247,0.131467,-0.265277,0.999915,0.42564,0.131081,-0.266009,0.999944,0.418455,0.131031,-0.266262,0.999947,0.402698,0.13778,-0.080616,0.999939,0.381527,0.137333,-0.33127,0.999852,0.442899,0.166897,-0.164406,0.999802,0.436464,0.166595,-0.241491,0.999739,0.399666,0.240503,0.117044,0.999968,0.392179,0.224471,-0.429755,0.99997,0.574036,0.274888,0.182412,0.275713,0.586538,0.245797,-0.58837,0.992136,0.734083,0.277454,0.089696,0.457774,0.756543,0.258176,-0.635869,0.980882,0.768162,0.27592,0.091633,0.453979,0.796022,0.262615,-0.727143,0.975355,0.777918,0.271306,0.021201,0.476368,0.798607,0.25728,-0.691982,0.974229,0.767088,0.273026,0.060259,0.447886,0.787293,0.258013,-0.630025,0.946922,0.466423,0.451686,0.178992,0.999972,0.445258,0.457031,-0.179269,0.999985,0.473498,0.629575,0.460453,0.149069,0.468551,0.644484,-0.249419,0.971196,0.436332,0.769927,0.751966,0.500058,0.418913,0.834548,-0.284229,0.992246,0.409472,0.792461,0.772561,0.744715,0.382227,0.868432,-0.292926,0.967603,0.534541,0.792535,0.675394,0.785944,0.539547,0.877785,-0.490731,0.989667
7,0.230496,0.452419,0.148648,-0.216169,0.999929,0.44029,0.132127,-0.198407,0.999894,0.437284,0.131834,-0.199147,0.999898,0.434644,0.13176,-0.199032,0.999935,0.433821,0.131443,-0.254654,0.999919,0.425252,0.131064,-0.255379,0.999946,0.417858,0.131012,-0.255625,0.999949,0.402288,0.137852,-0.069288,0.999941,0.381227,0.137365,-0.327008,0.999858,0.442531,0.166886,-0.153088,0.999808,0.436125,0.166588,-0.232543,0.999747,0.399483,0.240547,0.127001,0.999968,0.391602,0.224445,-0.428789,0.99997,0.573191,0.27535,0.196515,0.273669,0.584383,0.245757,-0.592385,0.992192,0.733424,0.277185,0.10014,0.454975,0.753826,0.257911,-0.639906,0.981264,0.767365,0.27568,0.102323,0.452405,0.793104,0.262257,-0.728559,0.975854,0.777291,0.271224,0.029282,0.474845,0.796323,0.257217,-0.69661,0.97478,0.766081,0.272874,0.069656,0.446841,0.785152,0.257883,-0.634894,0.94795,0.466986,0.451717,0.179089,0.999972,0.446007,0.457229,-0.179364,0.999985,0.474602,0.629549,0.46866,0.154253,0.470451,0.644274,-0.252599,0.972475,0.43668,0.769762,0.75801,0.508399,0.418916,0.834511,-0.296298,0.992556,0.40905,0.791858,0.778326,0.751142,0.38218,0.868615,-0.306076,0.96834,0.534569,0.792327,0.68913,0.790804,0.539491,0.877812,-0.50815,0.99008
8,0.263424,0.451088,0.148634,-0.229172,0.999931,0.439309,0.132124,-0.209364,0.999898,0.436655,0.131834,-0.210119,0.999902,0.434315,0.131769,-0.210011,0.999938,0.43249,0.131438,-0.263811,0.999922,0.423791,0.131066,-0.264535,0.999948,0.416196,0.131056,-0.264789,0.999951,0.402112,0.138133,-0.074045,0.999944,0.379744,0.137857,-0.326195,0.999864,0.442184,0.166915,-0.164421,0.999813,0.435454,0.166642,-0.241489,0.999754,0.400673,0.24044,0.121518,0.999967,0.391286,0.225091,-0.427702,0.99997,0.573305,0.274584,0.193578,0.273444,0.583439,0.245716,-0.591051,0.992115,0.733382,0.276585,0.1001,0.4544,0.750935,0.257526,-0.637388,0.981289,0.767313,0.275417,0.101418,0.452574,0.790705,0.262088,-0.725285,0.975904,0.776988,0.270918,0.031541,0.475209,0.794185,0.257005,-0.694586,0.97488,0.765709,0.272476,0.07073,0.447531,0.782766,0.257575,-0.632831,0.948174,0.467805,0.451398,0.177926,0.999972,0.446392,0.457219,-0.178219,0.999985,0.474987,0.62912,0.468832,0.157902,0.471262,0.643725,-0.254043,0.973428,0.437253,0.769729,0.756394,0.51386,0.419077,0.834819,-0.303078,0.992784,0.408852,0.791855,0.776493,0.754862,0.382134,0.868725,-0.313384,0.968711,0.535367,0.792075,0.687445,0.793885,0.539514,0.877819,-0.516281,0.990397
9,0.296352,0.451039,0.148793,-0.224326,0.999934,0.43913,0.132328,-0.205313,0.999904,0.436465,0.132045,-0.20606,0.999907,0.434123,0.132021,-0.205942,0.999941,0.432261,0.13156,-0.260314,0.999926,0.423515,0.131192,-0.261038,0.999951,0.416017,0.131208,-0.261281,0.999953,0.401807,0.138645,-0.071853,0.999947,0.379382,0.138257,-0.325135,0.999871,0.442064,0.167199,-0.160018,0.99982,0.43529,0.166978,-0.237876,0.999762,0.398701,0.241783,0.126422,0.999967,0.391574,0.225425,-0.427059,0.99997,0.572732,0.276197,0.198706,0.269899,0.5842,0.24581,-0.589269,0.992156,0.732961,0.277488,0.103704,0.451998,0.751851,0.257704,-0.633404,0.981735,0.766701,0.275585,0.105124,0.451423,0.791294,0.262039,-0.72168,0.976489,0.776345,0.270971,0.03517,0.474018,0.794466,0.257,-0.690179,0.975514,0.76558,0.272666,0.074193,0.446385,0.783392,0.257572,-0.628525,0.949339,0.467532,0.451602,0.177999,0.999972,0.447339,0.457261,-0.178302,0.999985,0.475161,0.629081,0.467842,0.159399,0.471235,0.643727,-0.250892,0.974141,0.437309,0.770259,0.755711,0.518364,0.419185,0.834824,-0.300311,0.99298,0.408291,0.793537,0.775943,0.759731,0.382206,0.86894,-0.30971,0.969338,0.535869,0.792212,0.684124,0.797037,0.539938,0.877777,-0.512437,0.990664
10,0.329279,0.450463,0.148874,-0.207462,0.999938,0.438625,0.132446,-0.188266,0.99991,0.435981,0.132187,-0.189014,0.999912,0.433567,0.13219,-0.188904,0.999945,0.432046,0.131747,-0.246418,0.999931,0.423338,0.131435,-0.247126,0.999954,0.415787,0.13151,-0.247343,0.999956,0.400846,0.139002,-0.058515,0.99995,0.379104,0.138826,-0.322719,0.999878,0.441711,0.167543,-0.144937,0.999831,0.43502,0.167273,-0.226606,0.999776,0.398518,0.242168,0.138189,0.999968,0.391363,0.225842,-0.426588,0.999971,0.572196,0.276489,0.221919,0.273338,0.582654,0.245741,-0.588317,0.992457,0.732424,0.27767,0.128533,0.460186,0.750163,0.257705,-0.631441,0.982623,0.765731,0.275765,0.130188,0.45964,0.789717,0.262054,-0.719762,0.9776,0.775341,0.2711,0.059768,0.482407,0.79328,0.257012,-0.688755,0.976686,0.764636,0.272765,0.098576,0.454737,0.782295,0.257568,-0.626596,0.951607,0.467531,0.451826,0.178677,0.999973,0.447439,0.457409,-0.178977,0.999985,0.475903,0.628996,0.466974,0.165202,0.471177,0.643733,-0.252863,0.975208,0.4373,0.770525,0.754707,0.527388,0.419187,0.834715,-0.294687,0.993256,0.407547,0.794733,0.7748,0.766135,0.382268,0.868958,-0.30374,0.970133,0.536012,0.79234,0.682886,0.803157,0.539941,0.877922,-0.50708,0.991072
11,0.362207,0.450744,0.148728,-0.193407,0.999939,0.438734,0.132441,-0.176657,0.999912,0.436103,0.132187,-0.177401,0.999914,0.433613,0.13219,-0.177294,0.999946,0.432815,0.131747,-0.237244,0.999932,0.425484,0.131439,-0.237941,0.999955,0.417872,0.131505,-0.238145,0.999957,0.40072,0.138989,-0.056005,0.999952,0.380403,0.138826,-0.322993,0.999882,0.44178,0.167448,-0.134054,0.999835,0.435621,0.167112,-0.218809,0.999782,0.397957,0.243533,0.138911,0.999969,0.391647,0.225781,-0.427205,0.999972,0.572095,0.277006,0.220858,0.272172,0.583229,0.2443,-0.586057,0.992628,0.732343,0.278189,0.128171,0.46009,0.750245,0.257661,-0.612955,0.98313,0.765198,0.27585,0.130104,0.459706,0.789313,0.261323,-0.698073,0.978239,0.774168,0.271253,0.059593,0.482111,0.792444,0.256856,-0.666808,0.977348,0.763778,0.272954,0.098409,0.454264,0.781839,0.25751,-0.60766,0.952863,0.466897,0.452471,0.178741,0.999974,0.447445,0.457626,-0.17904,0.999986,0.475881,0.629349,0.466497,0.167226,0.471144,0.643822,-0.238407,0.975928,0.437454,0.770794,0.754123,0.534026,0.419191,0.834741,-0.267278,0.993514,0.407542,0.795209,0.774114,0.771598,0.38227,0.869046,-0.275504,0.971087,0.536032,0.792632,0.682381,0.807512,0.54014,0.877928,-0.471223,0.991417
12,0.395135,0.45102,0.148216,-0.192583,0.999939,0.439587,0.132235,-0.176648,0.999912,0.437052,0.131981,-0.177391,0.999915,0.434433,0.13193,-0.177284,0.999946,0.43452,0.131532,-0.23716,0.999932,0.428466,0.131106,-0.237858,0.999955,0.420935,0.130967,-0.238064,0.999957,0.401092,0.138279,-0.060529,0.999952,0.382746,0.138082,-0.33113,0.999882,0.441958,0.166799,-0.134034,0.999837,0.436211,0.166273,-0.218556,0.999784,0.397893,0.243307,0.129569,0.99997,0.391865,0.223798,-0.432876,0.999972,0.57198,0.276553,0.20555,0.270121,0.583757,0.241382,-0.586076,0.992723,0.732056,0.277796,0.119962,0.456544,0.751045,0.255016,-0.60703,0.983235,0.764959,0.275542,0.123051,0.456648,0.790517,0.258373,-0.690749,0.978386,0.774124,0.271244,0.053766,0.478848,0.793206,0.25496,-0.659187,0.977514,0.763557,0.272974,0.090901,0.450874,0.782062,0.25676,-0.601576,0.95312,0.465697,0.452491,0.178579,0.999974,0.447325,0.457549,-0.178875,0.999986,0.475408,0.629484,0.467475,0.166846,0.47122,0.643827,-0.225494,0.976387,0.437453,0.770807,0.756269,0.537044,0.419283,0.83473,-0.239993,0.993678,0.407453,0.795213,0.776299,0.774107,0.382273,0.869068,-0.247212,0.971567,0.535979,0.792651,0.687487,0.809578,0.540145,0.877539,-0.440671,0.991627
13,0.428063,0.451025,0.148201,-0.19474,0.999941,0.439893,0.132206,-0.178081,0.999916,0.437363,0.131961,-0.178817,0.999918,0.434713,0.131915,-0.178704,0.999948,0.434758,0.13153,-0.238019,0.999935,0.428464,0.131112,-0.238718,0.999957,0.420941,0.130978,-0.238926,0.999958,0.401446,0.138268,-0.059801,0.999954,0.38279,0.138073,-0.330097,0.999888,0.441937,0.16681,-0.135029,0.999843,0.436117,0.16627,-0.218953,0.999792,0.398195,0.243202,0.13085,0.99997,0.391949,0.223516,-0.432232,0.999972,0.571699,0.275295,0.20581,0.273079,0.583808,0.240132,-0.587162,0.992897,0.731191,0.277338,0.122426,0.459717,0.752197,0.253968,-0.612647,0.983727,0.764471,0.27541,0.125625,0.459923,0.791983,0.258003,-0.699873,0.978983,0.773572,0.271237,0.055037,0.482365,0.793928,0.254575,-0.66759,0.978156,0.762953,0.272971,0.092825,0.454467,0.782592,0.256228,-0.607346,0.954372,0.465521,0.452298,0.178611,0.999974,0.446679,0.45748,-0.178908,0.999986,0.474451,0.62987,0.467739,0.169344,0.471435,0.643968,-0.227516,0.977046,0.437409,0.770983,0.75695,0.545331,0.419734,0.834098,-0.239213,0.993861,0.408378,0.795052,0.776806,0.778272,0.383448,0.868751,-0.245866,0.97207,0.535846,0.792666,0.687105,0.814562,0.540183,0.877217,-0.444761,0.991886
14,0.460991,0.452042,0.146697,-0.191659,0.999942,0.44151,0.130797,-0.175988,0.999918,0.438952,0.130634,-0.176721,0.99992,0.435931,0.130611,-0.176597,0.999949,0.437131,0.130052,-0.236332,0.999936,0.431014,0.129637,-0.237032,0.999958,0.422871,0.129387,-0.23724,0.999959,0.402125,0.136666,-0.059289,0.999956,0.384681,0.136375,-0.329747,0.999891,0.442899,0.165453,-0.132831,0.999847,0.43735,0.164705,-0.217385,0.999797,0.398086,0.243064,0.13126,0.99997,0.393002,0.221601,-0.43452,0.999973,0.571941,0.275029,0.207786,0.2767,0.587272,0.238782,-0.586846,0.993171,0.732177,0.276975,0.124595,0.465433,0.754303,0.25107,-0.60993,0.984553,0.765275,0.274691,0.129046,0.46578,0.79416,0.253798,-0.698707,0.980018,0.773732,0.2706,0.056601,0.488193,0.795211,0.250135,-0.664956,0.979238,0.763747,0.272484,0.094424,0.460161,0.784215,0.252374,-0.60412,0.95649,0.460583,0.453437,0.178825,0.999975,0.444322,0.458013,-0.179113,0.999986,0.470815,0.6314,0.470074,0.171874,0.470431,0.645388,-0.209078,0.97765,0.437387,0.771416,0.762887,0.554424,0.419967,0.833399,-0.175858,0.994041,0.408744,0.79511,0.782861,0.782739,0.384265,0.868463,-0.178267,0.972749,0.533244,0.792659,0.688202,0.8198,0.541149,0.87677,-0.372284,0.992121
15,0.493919,0.453649,0.145231,-0.206704,0.999944,0.444405,0.129114,-0.193773,0.99992,0.441758,0.12891,-0.194495,0.999923,0.438645,0.128878,-0.194371,0.999951,0.440545,0.127809,-0.254037,0.999938,0.434515,0.127108,-0.25473,0.999959,0.426157,0.126694,-0.254927,0.99996,0.40503,0.133612,-0.081194,0.999957,0.388426,0.132639,-0.354638,0.999893,0.443865,0.163456,-0.148522,0.999852,0.438396,0.162235,-0.233154,0.999803,0.399337,0.24147,0.115083,0.999971,0.394339,0.218173,-0.457545,0.999973,0.575637,0.273719,0.186975,0.28538,0.595721,0.23499,-0.608928,0.993197,0.736813,0.274549,0.093821,0.473447,0.758686,0.247519,-0.634551,0.984677,0.77165,0.272426,0.096134,0.473178,0.797164,0.251187,-0.727845,0.980188,0.77576,0.266759,0.021687,0.495697,0.798104,0.246603,-0.69354,0.979435,0.766604,0.268491,0.062619,0.467157,0.787644,0.248502,-0.629262,0.956766,0.454848,0.45327,0.179537,0.999975,0.439988,0.457874,-0.179806,0.999986,0.466432,0.63172,0.47682,0.171783,0.46893,0.64538,-0.208345,0.977846,0.437095,0.771247,0.769484,0.558535,0.420156,0.830894,-0.175541,0.99406,0.4096,0.794385,0.788935,0.78344,0.385166,0.866652,-0.178786,0.972647,0.533063,0.792664,0.689891,0.822121,0.542115,0.875653,-0.376324,0.992134
16,0.526847,0.457092,0.144593,-0.185051,0.999945,0.448872,0.128465,-0.17092,0.999922,0.445585,0.128269,-0.171613,0.999925,0.442128,0.128226,-0.171489,0.999952,0.444798,0.127217,-0.231284,0.99994,0.437495,0.126515,-0.231977,0.99996,0.429743,0.125953,-0.232173,0.999961,0.408165,0.132589,-0.054269,0.999958,0.392532,0.131143,-0.330457,0.999896,0.445921,0.162642,-0.125144,0.999855,0.440769,0.161259,-0.210104,0.999808,0.399347,0.239717,0.143808,0.999972,0.39781,0.215282,-0.440499,0.999973,0.57592,0.271253,0.217712,0.287719,0.599339,0.232445,-0.592595,0.993087,0.736655,0.273055,0.118424,0.47502,0.760832,0.246225,-0.616606,0.984503,0.770637,0.269504,0.121436,0.475215,0.799521,0.248486,-0.711534,0.98006,0.775055,0.263467,0.046915,0.497579,0.800673,0.242634,-0.673572,0.979296,0.766055,0.266325,0.087112,0.46841,0.790067,0.245333,-0.609999,0.956427,0.448411,0.45373,0.180278,0.999974,0.437093,0.458072,-0.180533,0.999986,0.461995,0.633321,0.477061,0.170061,0.462839,0.647845,-0.210115,0.978004,0.437715,0.770988,0.775498,0.555538,0.420436,0.831827,-0.191494,0.993983,0.411971,0.79469,0.795621,0.78129,0.385362,0.866574,-0.195484,0.972507,0.533231,0.792635,0.695456,0.820241,0.54244,0.875544,-0.393492,0.992016
17,0.559775,0.463956,0.139787,-0.178439,0.999946,0.454914,0.123135,-0.163858,0.999923,0.451838,0.122916,-0.164558,0.999926,0.448296,0.122919,-0.164432,0.999953,0.451798,0.121792,-0.22531,0.999941,0.44592,0.121054,-0.226003,0.99996,0.438144,0.120525,-0.226199,0.999962,0.413898,0.126724,-0.049379,0.999959,0.400812,0.125476,-0.330038,0.999898,0.451896,0.157887,-0.119717,0.999859,0.447412,0.15644,-0.205977,0.999814,0.403086,0.237958,0.144498,0.999972,0.400187,0.213011,-0.439672,0.999974,0.581355,0.269031,0.227056,0.295557,0.600279,0.229329,-0.594443,0.993233,0.742755,0.272593,0.137511,0.484534,0.762552,0.243549,-0.63233,0.985046,0.774168,0.267911,0.142218,0.483623,0.801443,0.245259,-0.731335,0.980715,0.780437,0.261529,0.064151,0.506167,0.803995,0.239122,-0.695232,0.979977,0.772396,0.264884,0.105093,0.476539,0.793815,0.241797,-0.627093,0.957662,0.442641,0.453748,0.180702,0.999974,0.424841,0.457976,-0.180926,0.999985,0.45722,0.633356,0.489851,0.167051,0.45828,0.647911,-0.210464,0.977849,0.43826,0.768953,0.798992,0.548963,0.420632,0.831868,-0.181482,0.993718,0.414553,0.793067,0.819139,0.773548,0.386128,0.866586,-0.183695,0.971183,0.533113,0.791821,0.714065,0.816976,0.543068,0.875096,-0.384668,0.991736
18,0.592703,0.467873,0.138047,-0.169116,0.999947,0.456603,0.120267,-0.153737,0.999925,0.453399,0.12008,-0.154449,0.999928,0.450471,0.120124,-0.154319,0.999954,0.452774,0.119168,-0.214247,0.999942,0.447237,0.118658,-0.214955,0.999961,0.439954,0.118476,-0.215156,0.999962,0.417131,0.125093,-0.036131,0.99996,0.40364,0.124234,-0.312849,0.9999,0.454695,0.155807,-0.109491,0.999862,0.450395,0.154576,-0.194609,0.999817,0.405118,0.23465,0.156357,0.999972,0.404092,0.210129,-0.426706,0.999973,0.584745,0.263217,0.246707,0.301449,0.601583,0.226617,-0.592256,0.993168,0.747126,0.26883,0.164164,0.491843,0.764771,0.242342,-0.630825,0.984795,0.778809,0.263874,0.170212,0.491261,0.802986,0.24409,-0.727744,0.980557,0.784467,0.257543,0.09268,0.514195,0.805623,0.237757,-0.692498,0.979815,0.777124,0.261726,0.131837,0.484366,0.79483,0.240637,-0.625557,0.957344,0.440893,0.453549,0.181518,0.999972,0.419838,0.457859,-0.181703,0.999984,0.457316,0.632174,0.487588,0.169134,0.456172,0.647722,-0.227584,0.978375,0.439069,0.768812,0.792147,0.551973,0.420916,0.831512,-0.186705,0.993713,0.415441,0.792886,0.812144,0.773403,0.386903,0.865764,-0.188123,0.971271,0.535989,0.791654,0.710261,0.818561,0.54117,0.874697,-0.378356,0.991713
19,0.625631,0.469796,0.137268,-0.15933,0.999947,0.458111,0.119689,-0.143307,0.999925,0.455099,0.119525,-0.144017,0.999928,0.452676,0.119557,-0.143883,0.999954,0.45388,0.118539,-0.203094,0.999942,0.448579,0.117981,-0.203817,0.999961,0.441311,0.117825,-0.204026,0.999962,0.419588,0.124458,-0.02283,0.99996,0.405317,0.123459,-0.296101,0.999899,0.456522,0.154719,-0.098617,0.999859,0.45216,0.1535,-0.182806,0.999814,0.405348,0.233268,0.171708,0.999971,0.406378,0.208237,-0.408583,0.999972,0.58599,0.263159,0.262766,0.300089,0.604207,0.225605,-0.573624,0.99295,0.747867,0.268664,0.178302,0.490882,0.767262,0.241691,-0.609315,0.984286,0.778289,0.262913,0.184391,0.491173,0.80478,0.242661,-0.704451,0.980106,0.784783,0.256681,0.108293,0.514219,0.807145,0.23656,-0.666564,0.979322,0.777594,0.261092,0.146409,0.483999,0.795871,0.239674,-0.6032,0.956367,0.439342,0.453428,0.181755,0.999971,0.417519,0.457655,-0.181926,0.999984,0.457214,0.631878,0.473324,0.169148,0.453961,0.647702,-0.231462,0.978417,0.439063,0.768913,0.771316,0.551165,0.421071,0.831033,-0.180702,0.993563,0.415331,0.793041,0.790326,0.771801,0.387117,0.865033,-0.180607,0.971029,0.53655,0.79161,0.690813,0.817665,0.538834,0.872618,-0.363786,0.991475
20,0.658559,0.475195,0.136643,-0.14346,0.999946,0.464972,0.119208,-0.126887,0.999925,0.460904,0.118965,-0.127592,0.999928,0.457722,0.118947,-0.127456,0.999954,0.460715,0.118062,-0.188323,0.999942,0.45385,0.117476,-0.189047,0.999961,0.447292,0.117213,-0.189248,0.999962,0.424759,0.124126,-0.007198,0.999961,0.410322,0.123261,-0.287354,0.999899,0.46228,0.154201,-0.083266,0.99986,0.457856,0.152873,-0.169518,0.999815,0.409867,0.232407,0.186325,0.999971,0.407565,0.207477,-0.405011,0.999972,0.589459,0.26172,0.282304,0.301576,0.609812,0.224874,-0.571625,0.992887,0.752038,0.266935,0.196097,0.493747,0.771556,0.240549,-0.609321,0.984347,0.782836,0.261442,0.202792,0.493821,0.808623,0.241376,-0.7046,0.980242,0.788782,0.255318,0.125791,0.516841,0.810974,0.235437,-0.666958,0.979435,0.781441,0.259524,0.163747,0.486412,0.799857,0.238049,-0.603286,0.956487,0.434502,0.453357,0.182932,0.999971,0.405988,0.457502,-0.183072,0.999984,0.457177,0.630219,0.468859,0.169465,0.450952,0.647447,-0.241677,0.978363,0.439055,0.768723,0.766003,0.549403,0.421143,0.830831,-0.186519,0.993399,0.415033,0.792834,0.78476,0.768497,0.387126,0.86493,-0.187676,0.970515,0.532968,0.791825,0.685288,0.816731,0.539195,0.872265,-0.374875,0.991288
21,0.691487,0.478453,0.136378,-0.159384,0.999946,0.466097,0.118815,-0.13803,0.999925,0.462718,0.118597,-0.13875,0.999928,0.460028,0.118652,-0.138614,0.999954,0.462175,0.117786,-0.202902,0.999942,0.45608,0.117304,-0.203622,0.999961,0.44885,0.117203,-0.203857,0.999962,0.427371,0.124307,-0.013006,0.999961,0.412448,0.123463,-0.297392,0.999899,0.465471,0.153962,-0.093247,0.999861,0.461089,0.152569,-0.184511,0.999817,0.413097,0.231903,0.183987,0.99997,0.409555,0.206358,-0.426534,0.999971,0.593966,0.261406,0.286593,0.313433,0.613756,0.222546,-0.607864,0.992872,0.754896,0.265684,0.194913,0.503717,0.773372,0.236798,-0.667337,0.984425,0.785636,0.259327,0.200637,0.503071,0.811688,0.238047,-0.773012,0.980428,0.791907,0.254074,0.121137,0.52637,0.813893,0.233603,-0.733695,0.979633,0.783834,0.257967,0.161363,0.496264,0.801511,0.236169,-0.661323,0.956879,0.431526,0.453184,0.192102,0.99997,0.405371,0.456473,-0.192162,0.999983,0.45615,0.629435,0.537279,0.179854,0.448943,0.647368,-0.266881,0.979649,0.438869,0.768348,0.876152,0.565494,0.421429,0.830832,-0.235126,0.993725,0.415813,0.792362,0.898204,0.775984,0.387145,0.864923,-0.238904,0.971731,0.535239,0.790921,0.786259,0.823729,0.539839,0.872283,-0.452073,0.991661
22,0.724415,0.485137,0.134806,-0.192406,0.999944,0.472084,0.11686,-0.171821,0.999922,0.468137,0.116754,-0.172546,0.999926,0.465329,0.116928,-0.172389,0.999952,0.467621,0.116022,-0.237088,0.999939,0.461616,0.115782,-0.23782,0.99996,0.455032,0.115916,-0.238083,0.999961,0.433182,0.123865,-0.034148,0.99996,0.418378,0.123013,-0.329171,0.999896,0.47165,0.152751,-0.124175,0.999857,0.467219,0.151368,-0.216057,0.999814,0.417366,0.231921,0.180532,0.999969,0.416009,0.205801,-0.457501,0.99997,0.601499,0.261369,0.283729,0.325692,0.624035,0.222587,-0.636548,0.992874,0.760732,0.264818,0.187209,0.514752,0.782123,0.236561,-0.70417,0.984586,0.792804,0.257878,0.193197,0.513853,0.82155,0.238167,-0.817276,0.9807,0.798165,0.252701,0.113473,0.53709,0.823144,0.232863,-0.774214,0.9799,0.790037,0.256499,0.153439,0.507216,0.810331,0.235107,-0.697555,0.957365,0.420127,0.454532,0.202475,0.999969,0.393791,0.457505,-0.202471,0.999982,0.452827,0.62864,0.573209,0.190716,0.445876,0.647262,-0.241355,0.980899,0.438488,0.768214,0.916355,0.584193,0.421689,0.830544,-0.165932,0.994064,0.416516,0.792054,0.938285,0.785297,0.387294,0.86444,-0.1662,0.973234,0.537213,0.788736,0.816886,0.831914,0.540933,0.870764,-0.385427,0.992035
23,0.757343,0.487343,0.134958,-0.170703,0.999944,0.4757,0.117044,-0.156189,0.999922,0.471053,0.116857,-0.15688,0.999927,0.467443,0.116882,-0.156701,0.999952,0.472238,0.116219,-0.218208,0.99994,0.465384,0.115872,-0.218932,0.999961,0.459252,0.115876,-0.219143,0.999962,0.434947,0.123438,-0.033823,0.99996,0.423171,0.122981,-0.319464,0.999899,0.476571,0.152953,-0.110351,0.999858,0.472846,0.151572,-0.1973,0.999818,0.417396,0.229407,0.178186,0.999966,0.419951,0.206067,-0.448413,0.999971,0.600923,0.251609,0.279378,0.322386,0.621955,0.222687,-0.592402,0.993311,0.753986,0.257573,0.185665,0.505088,0.781146,0.237011,-0.633763,0.98562,0.789801,0.255282,0.189849,0.50619,0.820661,0.240057,-0.739254,0.982011,0.7977,0.250438,0.107714,0.529372,0.822289,0.23298,-0.701667,0.98126,0.789756,0.254033,0.150348,0.500317,0.809813,0.235603,-0.628602,0.960123,0.415707,0.454566,0.201072,0.999969,0.38794,0.457502,-0.201102,0.999982,0.452661,0.627161,0.519403,0.197049,0.443073,0.646558,-0.217549,0.982064,0.4382,0.7684,0.797961,0.598301,0.42145,0.830544,-0.1621,0.994396,0.415171,0.792506,0.812617,0.792624,0.387269,0.864428,-0.164024,0.974687,0.536979,0.788502,0.685152,0.839804,0.541197,0.871499,-0.36963,0.992448
24,0.790271,0.496995,0.136183,-0.195571,0.999945,0.485162,0.117644,-0.180555,0.999924,0.480693,0.117409,-0.181267,0.999929,0.477196,0.117407,-0.181088,0.999953,0.481228,0.116768,-0.238757,0.999942,0.474804,0.116445,-0.239487,0.999961,0.467687,0.116375,-0.239672,0.999962,0.444168,0.124258,-0.056179,0.999961,0.430271,0.123819,-0.324219,0.9999,0.484796,0.153476,-0.133664,0.99986,0.479531,0.152303,-0.215585,0.99982,0.423699,0.230439,0.156328,0.999965,0.426643,0.206421,-0.446976,0.99997,0.605929,0.255403,0.252639,0.324514,0.629682,0.224428,-0.584819,0.993554,0.760125,0.260809,0.147925,0.509324,0.786426,0.237059,-0.631114,0.986309,0.795112,0.257787,0.148889,0.511085,0.827652,0.240152,-0.737118,0.98291,0.801586,0.251864,0.065948,0.534581,0.828142,0.233316,-0.701063,0.982199,0.792221,0.255612,0.112343,0.50525,0.815622,0.23596,-0.627126,0.961989,0.404628,0.456314,0.200233,0.999968,0.374021,0.459589,-0.200216,0.999982,0.452811,0.627129,0.488134,0.195479,0.439444,0.646604,-0.195654,0.98249,0.438203,0.76838,0.756357,0.597032,0.421292,0.830574,-0.126451,0.994426,0.414664,0.79262,0.770926,0.7913,0.387335,0.864336,-0.12682,0.975137,0.536667,0.788516,0.651404,0.841393,0.541459,0.871503,-0.321377,0.992491
25,0.823199,0.503483,0.138896,-0.183924,0.999945,0.492741,0.119543,-0.173513,0.999923,0.488744,0.119406,-0.174207,0.999929,0.484924,0.119337,-0.174008,0.999953,0.489659,0.118724,-0.230651,0.999941,0.482487,0.11829,-0.231363,0.999962,0.475192,0.118085,-0.231521,0.999962,0.452089,0.126529,-0.055087,0.999961,0.439285,0.126437,-0.323422,0.9999,0.491975,0.155997,-0.127478,0.999857,0.487967,0.155547,-0.20779,0.999819,0.429414,0.230729,0.146586,0.999965,0.430354,0.208375,-0.436195,0.999971,0.611276,0.256002,0.229036,0.32849,0.63044,0.227776,-0.563782,0.993849,0.763466,0.263598,0.133272,0.508346,0.789679,0.238497,-0.609847,0.987135,0.800032,0.260867,0.13795,0.511285,0.831974,0.241894,-0.716289,0.984035,0.808542,0.253313,0.051275,0.534798,0.833921,0.234058,-0.674707,0.983367,0.798568,0.257085,0.096888,0.506356,0.821906,0.236446,-0.604638,0.964454,0.394622,0.457877,0.195054,0.999968,0.365243,0.46233,-0.194919,0.999982,0.452804,0.626457,0.450158,0.193391,0.437972,0.64545,-0.202291,0.983277,0.437788,0.768675,0.6955,0.602801,0.421297,0.830957,-0.172674,0.994718,0.414901,0.791806,0.707891,0.795412,0.387317,0.864845,-0.178759,0.976803,0.532427,0.789068,0.592516,0.847164,0.541482,0.871527,-0.355054,0.992898
26,0.856127,0.50726,0.142991,-0.135772,0.999946,0.49774,0.122889,-0.126099,0.999923,0.493372,0.122523,-0.12673,0.999931,0.489209,0.122171,-0.126525,0.999953,0.49557,0.122192,-0.185243,0.999942,0.488793,0.121552,-0.185957,0.999963,0.482249,0.121176,-0.186116,0.999963,0.456528,0.12858,-0.019769,0.999962,0.446517,0.128923,-0.290296,0.999903,0.495795,0.159743,-0.080706,0.999859,0.492621,0.158873,-0.163677,0.999825,0.431578,0.235991,0.188732,0.999965,0.435645,0.210073,-0.41437,0.999972,0.61307,0.262382,0.297428,0.330556,0.63404,0.230625,-0.536285,0.994158,0.767957,0.267581,0.230985,0.511355,0.797043,0.241665,-0.571237,0.98808,0.803799,0.262649,0.243638,0.516981,0.839088,0.242421,-0.679327,0.985275,0.8116,0.256208,0.152252,0.540268,0.841925,0.236304,-0.633622,0.984649,0.801796,0.259514,0.193436,0.512649,0.830168,0.239275,-0.564156,0.967149,0.383647,0.46117,0.197093,0.999968,0.357819,0.46588,-0.196933,0.999982,0.45288,0.62466,0.462992,0.188389,0.436234,0.645049,-0.193485,0.984283,0.437833,0.768762,0.696472,0.60246,0.42115,0.831307,-0.161453,0.995048,0.41503,0.79212,0.713109,0.795406,0.386346,0.864863,-0.164845,0.978516,0.532933,0.789073,0.614569,0.850495,0.542057,0.871549,-0.336883,0.993349
27,0.889055,0.510747,0.147072,-0.135189,0.999947,0.500514,0.127939,-0.124524,0.999924,0.496553,0.127623,-0.125146,0.999933,0.493107,0.127376,-0.124941,0.999954,0.498262,0.126916,-0.183889,0.999942,0.492775,0.126284,-0.184612,0.999964,0.487043,0.125723,-0.184773,0.999964,0.460321,0.132453,-0.016346,0.999963,0.451147,0.132942,-0.286112,0.999906,0.500052,0.163918,-0.078864,0.999861,0.497074,0.162899,-0.162028,0.99983,0.435477,0.242292,0.191264,0.999964,0.441067,0.212693,-0.406825,0.999973,0.615829,0.270347,0.298889,0.340635,0.634798,0.235011,-0.528896,0.994355,0.771586,0.272784,0.230071,0.515712,0.799017,0.242531,-0.554007,0.988757,0.804949,0.265183,0.242001,0.525105,0.842312,0.243282,-0.661613,0.986257,0.814947,0.260635,0.151133,0.548677,0.844551,0.240091,-0.615055,0.985659,0.804208,0.264162,0.192725,0.522389,0.830817,0.243019,-0.546676,0.96936,0.375152,0.465518,0.196947,0.999968,0.352327,0.471185,-0.196798,0.999983,0.453166,0.622976,0.466716,0.193089,0.436728,0.643827,-0.185204,0.985377,0.434894,0.769365,0.726495,0.611323,0.42117,0.831315,-0.139833,0.995399,0.411042,0.792333,0.74364,0.79787,0.385264,0.865159,-0.140611,0.980228,0.526498,0.78907,0.638647,0.856763,0.542064,0.870617,-0.308693,0.993823
28,0.921983,0.513683,0.149194,-0.133162,0.999949,0.503388,0.130549,-0.118638,0.999927,0.50031,0.130126,-0.119242,0.999936,0.497657,0.129724,-0.11904,0.999956,0.50097,0.129639,-0.180345,0.999945,0.496743,0.128971,-0.181063,0.999965,0.491218,0.128449,-0.181218,0.999965,0.46366,0.134621,0.000701,0.999965,0.454313,0.13529,-0.280369,0.999909,0.502612,0.16607,-0.073771,0.999866,0.498671,0.164935,-0.159932,0.999838,0.437187,0.245747,0.208415,0.999964,0.44265,0.215073,-0.407306,0.999973,0.617801,0.274239,0.311207,0.34992,0.634466,0.236931,-0.53619,0.994352,0.776687,0.275536,0.232849,0.519737,0.799255,0.244293,-0.549192,0.988819,0.811964,0.2682,0.244437,0.532679,0.841342,0.24529,-0.653989,0.986609,0.820153,0.263097,0.154803,0.556553,0.843796,0.24212,-0.607054,0.985981,0.808592,0.266801,0.1954,0.531647,0.830406,0.244667,-0.541167,0.970286,0.373536,0.466388,0.200041,0.999969,0.347664,0.471699,-0.199884,0.999983,0.45345,0.621792,0.495888,0.197676,0.437192,0.643014,-0.186311,0.986402,0.434603,0.762607,0.764962,0.620907,0.42162,0.830111,-0.134517,0.995721,0.410927,0.787297,0.780642,0.799893,0.385972,0.864833,-0.134343,0.981751,0.526827,0.787436,0.670623,0.862237,0.542867,0.865242,-0.304061,0.994245
29,0.954911,0.51988,0.159522,-0.12992,0.999949,0.510215,0.140967,-0.117013,0.999925,0.506028,0.139989,-0.117611,0.999935,0.502542,0.139152,-0.117418,0.999955,0.508629,0.140754,-0.177972,0.999943,0.503514,0.139866,-0.178696,0.999965,0.498274,0.13909,-0.178867,0.999965,0.470246,0.144042,-0.003062,0.999965,0.461904,0.144861,-0.280385,0.999909,0.508403,0.176081,-0.072375,0.999865,0.506034,0.174878,-0.157514,0.999839,0.443169,0.252601,0.20489,0.999964,0.446132,0.224052,-0.406345,0.999974,0.619132,0.284148,0.31394,0.360562,0.636857,0.248111,-0.529369,0.994541,0.779139,0.280224,0.244904,0.526076,0.802119,0.25331,-0.53746,0.989481,0.813931,0.273561,0.25818,0.542,0.845146,0.253533,-0.643093,0.987502,0.820492,0.268683,0.167865,0.56566,0.847398,0.249809,-0.594822,0.986898,0.809081,0.272198,0.207567,0.54198,0.831683,0.252332,-0.528973,0.97227,0.363472,0.471869,0.199746,0.999969,0.340414,0.478037,-0.199607,0.999984,0.457243,0.621086,0.497704,0.202493,0.439523,0.643693,-0.149057,0.987358,0.434655,0.762962,0.765476,0.630904,0.421415,0.830131,-0.071891,0.996025,0.41089,0.787511,0.7808,0.802624,0.385362,0.864886,-0.068356,0.983199,0.527925,0.788217,0.671241,0.867688,0.540953,0.865146,-0.224517,0.994637
30,0.987838,0.523735,0.167481,-0.166771,0.99995,0.513429,0.150115,-0.152058,0.999926,0.510507,0.149603,-0.152639,0.999937,0.507894,0.149139,-0.152432,0.999956,0.511544,0.149412,-0.215836,0.999945,0.50678,0.148644,-0.216567,0.999966,0.501216,0.147835,-0.216759,0.999966,0.473486,0.153668,-0.032192,0.999966,0.465785,0.154284,-0.321482,0.999912,0.512849,0.183981,-0.107259,0.999868,0.509982,0.18286,-0.19612,0.999845,0.450132,0.257594,0.179665,0.999964,0.449413,0.233555,-0.447888,0.999974,0.624469,0.283509,0.287618,0.374911,0.638811,0.255219,-0.57896,0.994772,0.782376,0.285567,0.214107,0.531422,0.80218,0.257527,-0.590487,0.98988,0.818584,0.279767,0.226407,0.54998,0.843993,0.258303,-0.703612,0.988069,0.825315,0.273325,0.131594,0.573566,0.847212,0.254448,-0.652184,0.987445,0.812708,0.277573,0.174582,0.551012,0.832228,0.256875,-0.581731,0.973552,0.357564,0.476007,0.201562,0.999971,0.330104,0.485331,-0.201416,0.999985,0.457356,0.618545,0.526293,0.213232,0.441653,0.64429,-0.124648,0.988392,0.433287,0.759195,0.81275,0.647076,0.421463,0.829817,-0.020098,0.996345,0.409784,0.786505,0.829261,0.807739,0.385276,0.864317,-0.014312,0.984598,0.522426,0.787036,0.712405,0.874516,0.541296,0.865262,-0.178493,0.99504
31,1.020766,0.528441,0.174308,-0.14732,0.999951,0.518103,0.156762,-0.131696,0.999925,0.515107,0.156331,-0.132258,0.999938,0.512064,0.155854,-0.132051,0.999956,0.516183,0.156302,-0.196167,0.999944,0.511209,0.155721,-0.196905,0.999967,0.505588,0.155221,-0.197103,0.999966,0.47533,0.161557,-0.009154,0.999966,0.468263,0.1629,-0.299637,0.999913,0.517326,0.192336,-0.086727,0.999869,0.513294,0.191191,-0.175985,0.999848,0.450944,0.264094,0.198637,0.999965,0.45318,0.240665,-0.420263,0.999975,0.628126,0.287531,0.310567,0.382264,0.642527,0.259466,-0.544284,0.994974,0.783459,0.293036,0.245897,0.533379,0.807243,0.267835,-0.549813,0.990285,0.819049,0.286007,0.259262,0.554184,0.850053,0.267126,-0.661399,0.988658,0.82865,0.279927,0.16594,0.57773,0.854818,0.262231,-0.601883,0.988019,0.817483,0.284099,0.207432,0.55601,0.840453,0.264867,-0.537867,0.974847,0.349288,0.48069,0.20017,0.999972,0.322971,0.490356,-0.199987,0.999985,0.45771,0.618734,0.502545,0.210645,0.449221,0.644354,-0.109439,0.989147,0.433506,0.760177,0.768772,0.649956,0.421237,0.829965,0.01416,0.996591,0.40944,0.788763,0.784034,0.80708,0.385186,0.863526,0.023821,0.985863,0.525806,0.786039,0.670883,0.877483,0.538845,0.862955,-0.113613,0.995351
32,1.053694,0.533381,0.188407,-0.120758,0.999952,0.522217,0.171495,-0.105888,0.999922,0.519463,0.171082,-0.106443,0.999937,0.516467,0.170568,-0.106208,0.999954,0.520167,0.170763,-0.169736,0.999943,0.515307,0.169945,-0.170467,0.999966,0.509737,0.1691,-0.170659,0.999966,0.480688,0.175237,0.009326,0.999965,0.474568,0.175517,-0.278284,0.999912,0.522229,0.205534,-0.063042,0.999865,0.51873,0.20457,-0.151481,0.999847,0.45502,0.27589,0.213165,0.999965,0.456194,0.254314,-0.404848,0.999976,0.631661,0.298857,0.319092,0.375367,0.646504,0.270777,-0.527233,0.995053,0.788023,0.303834,0.2565,0.518394,0.809833,0.281222,-0.518811,0.990395,0.825267,0.299805,0.271582,0.542727,0.851429,0.282266,-0.628014,0.988936,0.83365,0.29334,0.179653,0.565867,0.856685,0.278084,-0.566824,0.988247,0.823348,0.297621,0.218832,0.545042,0.84256,0.280569,-0.505791,0.975482,0.338447,0.488301,0.199723,0.999973,0.314016,0.495948,-0.199535,0.999986,0.458795,0.619281,0.50217,0.202713,0.460074,0.644145,-0.110983,0.989668,0.43245,0.764845,0.763134,0.64864,0.421234,0.831424,0.022673,0.99678,0.404092,0.793093,0.777939,0.804066,0.38536,0.863533,0.034464,0.986981,0.525896,0.784541,0.668362,0.878358,0.538876,0.863124,-0.086162,0.995591
33,1.086622,0.5363,0.192631,-0.090775,0.999952,0.526366,0.174886,-0.076236,0.99992,0.523001,0.174466,-0.076776,0.999936,0.519205,0.173885,-0.076571,0.999954,0.524578,0.17399,-0.142296,0.999941,0.519865,0.173242,-0.143008,0.999966,0.514368,0.172443,-0.143197,0.999965,0.481916,0.177756,0.039428,0.999965,0.476985,0.178151,-0.257182,0.999911,0.523575,0.210165,-0.032509,0.999862,0.520774,0.209273,-0.123511,0.999846,0.458042,0.27768,0.247586,0.999965,0.459351,0.257627,-0.392821,0.999976,0.633559,0.302151,0.355723,0.365566,0.64595,0.273972,-0.516106,0.99479,0.788234,0.303645,0.284487,0.503603,0.808656,0.284285,-0.492313,0.989586,0.825832,0.301132,0.298956,0.531154,0.850194,0.285042,-0.595837,0.988398,0.833665,0.297084,0.20913,0.553973,0.855209,0.282811,-0.534593,0.987557,0.824143,0.301305,0.246881,0.533815,0.841022,0.285255,-0.478336,0.974576,0.338215,0.489656,0.19973,0.999973,0.309895,0.49856,-0.199543,0.999986,0.465737,0.618759,0.416999,0.190149,0.462018,0.644096,-0.112956,0.989503,0.433041,0.764724,0.627528,0.624595,0.421109,0.831349,-0.019776,0.996733,0.404828,0.792859,0.638107,0.787164,0.38539,0.862606,-0.010518,0.987761,0.525382,0.784469,0.543206,0.867633,0.537069,0.863079,-0.121484,0.995555
34,1.11955,0.537012,0.19467,-0.073972,0.999952,0.527619,0.176529,-0.060356,0.999918,0.524116,0.176069,-0.060893,0.999936,0.520116,0.175467,-0.060695,0.999953,0.525832,0.175634,-0.126267,0.99994,0.521213,0.174898,-0.126976,0.999966,0.515775,0.174119,-0.12716,0.999964,0.482585,0.179108,0.052878,0.999965,0.477607,0.179527,-0.2431,0.99991,0.524013,0.211883,-0.016358,0.999859,0.521442,0.211059,-0.107116,0.999845,0.457898,0.277599,0.259117,0.999965,0.461759,0.257938,-0.379261,0.999976,0.63318,0.303561,0.370166,0.358097,0.645808,0.275164,-0.500358,0.994559,0.787343,0.303956,0.303655,0.492791,0.807843,0.285221,-0.469355,0.989016,0.82501,0.30213,0.319082,0.523246,0.849282,0.286179,-0.570143,0.988094,0.832856,0.299102,0.230025,0.54575,0.854066,0.284559,-0.508725,0.98714,0.823529,0.303335,0.266456,0.526197,0.840034,0.287072,-0.45496,0.974144,0.338525,0.490388,0.199632,0.999973,0.309448,0.499501,-0.199456,0.999986,0.469495,0.618429,0.396939,0.179668,0.463109,0.644018,-0.116872,0.989502,0.433931,0.764613,0.604524,0.605433,0.420925,0.831368,-0.034682,0.996742,0.406142,0.792349,0.615187,0.77381,0.385397,0.862392,-0.025023,0.988535,0.528464,0.78453,0.525561,0.859805,0.535829,0.863131,-0.125407,0.99559
35,1.152478,0.540192,0.205531,-0.070435,0.999952,0.529629,0.189124,-0.05749,0.999916,0.526249,0.188634,-0.05804,0.999935,0.522449,0.188221,-0.057832,0.999952,0.527957,0.188476,-0.121959,0.999939,0.523341,0.187672,-0.122659,0.999965,0.518007,0.187037,-0.122833,0.999964,0.487156,0.193227,0.048456,0.999964,0.48296,0.192993,-0.241314,0.999909,0.527846,0.222301,-0.016125,0.999854,0.525362,0.221441,-0.105018,0.999843,0.460137,0.28845,0.251196,0.999965,0.464353,0.270298,-0.380225,0.999976,0.634379,0.3136,0.36011,0.348139,0.648658,0.291047,-0.506366,0.994484,0.788791,0.320037,0.294071,0.479393,0.810006,0.301518,-0.483208,0.988828,0.826434,0.319542,0.309944,0.512043,0.850926,0.302293,-0.585954,0.988037,0.833964,0.315042,0.219843,0.534101,0.85568,0.299411,-0.524533,0.987004,0.82535,0.31814,0.256629,0.515374,0.842906,0.301985,-0.469098,0.974073,0.330569,0.494994,0.199473,0.999973,0.3047,0.504989,-0.19929,0.999986,0.473179,0.618851,0.401588,0.169905,0.467643,0.64403,-0.126698,0.98936,0.432955,0.765036,0.625511,0.588985,0.421111,0.831641,-0.030966,0.996736,0.403726,0.792929,0.637733,0.763658,0.385696,0.862381,-0.0191,0.989212,0.525056,0.78457,0.54972,0.852234,0.535835,0.862758,-0.111294,0.995584
36,1.185406,0.541586,0.209366,-0.059594,0.999949,0.530753,0.190883,-0.045354,0.999905,0.527066,0.19053,-0.045875,0.999928,0.523059,0.190198,-0.045676,0.999946,0.529422,0.190248,-0.110398,0.999932,0.524926,0.189676,-0.111099,0.999962,0.51985,0.189251,-0.111301,0.999961,0.48739,0.195037,0.06586,0.99996,0.48367,0.195587,-0.225542,0.999901,0.528368,0.226896,-0.003373,0.999838,0.526367,0.225749,-0.092726,0.999831,0.4611,0.291153,0.27264,0.999964,0.465506,0.273062,-0.368643,0.999977,0.633566,0.318841,0.376574,0.330547,0.648337,0.292368,-0.495017,0.994134,0.788412,0.319768,0.298771,0.457937,0.809752,0.303599,-0.466272,0.988422,0.825712,0.319309,0.313851,0.493079,0.850594,0.305001,-0.567525,0.987756,0.83313,0.316808,0.224172,0.514426,0.855221,0.303311,-0.504054,0.986589,0.824353,0.32027,0.261006,0.496487,0.84239,0.306051,-0.450844,0.973509,0.328625,0.496437,0.199429,0.999972,0.300062,0.504634,-0.19925,0.999986,0.476537,0.618943,0.367634,0.15635,0.471095,0.643695,-0.128183,0.987891,0.433866,0.761165,0.561928,0.551151,0.421107,0.831676,-0.037675,0.996256,0.403872,0.788571,0.571336,0.731206,0.385494,0.862387,-0.026844,0.989427,0.525189,0.784152,0.488007,0.824747,0.535169,0.862375,-0.113491,0.995061
37,1.218334,0.546204,0.218681,-0.069968,0.99995,0.535793,0.202989,-0.056532,0.999906,0.532281,0.202868,-0.057069,0.99993,0.528562,0.202741,-0.056876,0.999947,0.533695,0.20246,-0.120867,0.999934,0.528653,0.202215,-0.121548,0.999963,0.522808,0.201991,-0.121731,0.999961,0.492796,0.208627,0.053203,0.999961,0.488228,0.20864,-0.235838,0.999903,0.533977,0.235972,-0.015233,0.99984,0.531165,0.23494,-0.103811,0.999835,0.468264,0.302274,0.264332,0.999965,0.47202,0.287593,-0.372251,0.999977,0.635816,0.327123,0.358585,0.321694,0.652217,0.312573,-0.496926,0.993891,0.789506,0.335346,0.27061,0.446985,0.811001,0.324794,-0.46727,0.988061,0.827251,0.336049,0.284169,0.483946,0.85149,0.326744,-0.573959,0.98758,0.834183,0.334388,0.192065,0.504728,0.85626,0.324507,-0.511474,0.986325,0.825065,0.337278,0.231658,0.487178,0.84398,0.326482,-0.454493,0.973176,0.322908,0.502111,0.199315,0.999973,0.296718,0.511783,-0.199142,0.999987,0.47977,0.619404,0.373431,0.146228,0.47686,0.643489,-0.158013,0.988006,0.434425,0.76123,0.567862,0.531821,0.421589,0.831809,-0.090694,0.996326,0.403993,0.789129,0.576766,0.718545,0.385497,0.862484,-0.082431,0.990059,0.525698,0.78299,0.487852,0.815497,0.537951,0.862451,-0.162722,0.995187
38,1.251262,0.552524,0.233447,-0.070806,0.999953,0.541885,0.218048,-0.062376,0.999911,0.539053,0.218132,-0.062876,0.999934,0.536062,0.218236,-0.062676,0.99995,0.538709,0.217828,-0.125294,0.999937,0.533025,0.21799,-0.125886,0.999965,0.526742,0.218239,-0.126032,0.999964,0.500831,0.226878,0.030422,0.999963,0.492859,0.227339,-0.250597,0.999908,0.542075,0.25156,-0.024306,0.999848,0.538314,0.250814,-0.110161,0.999844,0.476628,0.314103,0.225354,0.999966,0.476739,0.307014,-0.380108,0.999978,0.638613,0.335792,0.304529,0.320372,0.660511,0.32973,-0.502785,0.994025,0.789033,0.350219,0.209177,0.445918,0.821095,0.344992,-0.498852,0.988551,0.826862,0.351695,0.2176,0.485542,0.858598,0.348773,-0.611111,0.988195,0.833571,0.351317,0.12578,0.505643,0.861533,0.346534,-0.549421,0.98697,0.82456,0.354198,0.170078,0.488613,0.850632,0.347518,-0.486566,0.974503,0.315607,0.508782,0.198085,0.999974,0.292011,0.519204,-0.197881,0.999987,0.481271,0.623077,0.356896,0.142318,0.483395,0.643566,-0.158208,0.988642,0.434094,0.763913,0.54325,0.52841,0.424565,0.831816,-0.093949,0.996546,0.402536,0.789183,0.551969,0.717813,0.388118,0.861683,-0.086663,0.990846,0.519424,0.782894,0.469042,0.815924,0.540125,0.862492,-0.165772,0.995486
39,1.28419,0.554841,0.233412,-0.057082,0.999956,0.543873,0.219013,-0.045806,0.999917,0.540767,0.219485,-0.046308,0.999939,0.537466,0.21989,-0.046091,0.999953,0.541307,0.21844,-0.110804,0.999942,0.536178,0.218866,-0.111444,0.999967,0.530269,0.219114,-0.111625,0.999966,0.503613,0.227267,0.056807,0.999966,0.49569,0.228358,-0.234315,0.999915,0.544764,0.252237,-0.00504,0.999859,0.541394,0.251827,-0.094069,0.999856,0.474911,0.319476,0.255326,0.999968,0.477445,0.305755,-0.37372,0.999979,0.638117,0.346507,0.333823,0.333718,0.65936,0.329156,-0.488857,0.994422,0.788504,0.354506,0.244785,0.461746,0.821353,0.346653,-0.450133,0.989442,0.823341,0.355389,0.259233,0.503367,0.85934,0.349706,-0.555,0.989145,0.829006,0.35525,0.166509,0.52239,0.86175,0.347766,-0.485509,0.988004,0.821957,0.358587,0.205903,0.505968,0.850262,0.348799,-0.432806,0.976575,0.313084,0.512179,0.199855,0.999975,0.288051,0.520287,-0.199637,0.999988,0.481692,0.624918,0.376755,0.144325,0.486267,0.643188,-0.167363,0.989652,0.434101,0.768301,0.583916,0.544319,0.424565,0.831633,-0.089389,0.996856,0.40268,0.790243,0.594679,0.730613,0.388691,0.861223,-0.08177,0.991719,0.525879,0.783617,0.49782,0.825841,0.537105,0.860177,-0.142575,0.995894
40,1.317118,0.55797,0.245235,-0.034425,0.999959,0.547241,0.228278,-0.022179,0.999922,0.544235,0.228333,-0.022676,0.999942,0.540941,0.22848,-0.022436,0.999956,0.545211,0.227778,-0.086216,0.999945,0.540787,0.227764,-0.086862,0.99997,0.535343,0.227736,-0.08703,0.999968,0.507206,0.234604,0.07966,0.999968,0.500405,0.23526,-0.206703,0.99992,0.547342,0.262815,0.017554,0.999867,0.544603,0.261916,-0.070204,0.999865,0.474282,0.326214,0.277276,0.999969,0.481315,0.31266,-0.354182,0.99998,0.640075,0.353503,0.352524,0.332214,0.66128,0.334827,-0.467678,0.994653,0.788796,0.361645,0.251325,0.46791,0.821879,0.356588,-0.417604,0.990096,0.823203,0.361973,0.264159,0.512357,0.86037,0.358728,-0.518541,0.989842,0.828531,0.362139,0.172752,0.530299,0.862505,0.356982,-0.451931,0.988736,0.821837,0.366316,0.212572,0.513745,0.850527,0.3592,-0.400769,0.978076,0.309703,0.515806,0.199983,0.999976,0.285989,0.523772,-0.199769,0.999989,0.484336,0.625773,0.376613,0.142217,0.489089,0.643161,-0.16996,0.990392,0.434857,0.770112,0.572235,0.549084,0.424672,0.831564,-0.088189,0.99708,0.402791,0.791237,0.581997,0.736766,0.389633,0.859007,-0.076573,0.992438,0.53078,0.784064,0.506819,0.830821,0.536742,0.858461,-0.125479,0.9962
41,1.350046,0.561441,0.25011,-0.044576,0.999962,0.548809,0.234044,-0.03207,0.999927,0.546031,0.23416,-0.032567,0.999946,0.543101,0.234262,-0.03233,0.999959,0.546604,0.233604,-0.095768,0.999949,0.542388,0.233727,-0.096423,0.999972,0.537101,0.233978,-0.09659,0.99997,0.509854,0.241358,0.070258,0.999969,0.502848,0.242504,-0.21478,0.999925,0.551724,0.268452,0.007511,0.999875,0.548663,0.267775,-0.079803,0.999873,0.475367,0.332863,0.268123,0.99997,0.48552,0.322162,-0.359774,0.999981,0.639892,0.362208,0.349383,0.332003,0.663986,0.347748,-0.462734,0.994846,0.790658,0.371684,0.24168,0.471353,0.82317,0.367121,-0.390927,0.990695,0.824333,0.372724,0.253595,0.519066,0.863601,0.368385,-0.488451,0.990479,0.829834,0.371514,0.165259,0.535854,0.864929,0.364858,-0.42525,0.989398,0.822244,0.375094,0.203795,0.520347,0.852059,0.367119,-0.37489,0.979451,0.306691,0.519189,0.199951,0.999978,0.283966,0.527906,-0.199739,0.999989,0.492085,0.624149,0.383277,0.143195,0.492752,0.642684,-0.165434,0.991096,0.434952,0.770176,0.58625,0.554249,0.424921,0.83006,-0.049586,0.997282,0.402921,0.790234,0.597087,0.741728,0.389831,0.858062,-0.033208,0.993089,0.531558,0.784078,0.53288,0.834101,0.535351,0.85686,-0.063516,0.996463
42,1.382974,0.563821,0.257578,-0.051456,0.999965,0.551487,0.240594,-0.038884,0.999932,0.548716,0.240454,-0.039405,0.99995,0.545802,0.240295,-0.039183,0.999961,0.549246,0.240062,-0.102842,0.999952,0.54502,0.239883,-0.103507,0.999973,0.539628,0.239865,-0.103677,0.999972,0.512836,0.246648,0.066791,0.999972,0.505514,0.248094,-0.220647,0.999931,0.553965,0.27475,0.002515,0.999883,0.55087,0.274136,-0.085764,0.999881,0.475259,0.338109,0.260061,0.999971,0.486538,0.330588,-0.363009,0.999982,0.63918,0.368554,0.326385,0.335745,0.665383,0.35889,-0.466048,0.995026,0.790571,0.3784,0.225874,0.47821,0.822785,0.376153,-0.392606,0.991238,0.821875,0.38,0.237276,0.528171,0.863293,0.376588,-0.489106,0.991052,0.826187,0.379779,0.153295,0.54363,0.864484,0.373871,-0.428608,0.989989,0.820751,0.384167,0.189736,0.528993,0.851534,0.376309,-0.377656,0.980686,0.302705,0.523432,0.199925,0.999979,0.283245,0.532466,-0.199714,0.99999,0.494258,0.622419,0.431011,0.149865,0.496587,0.642526,-0.166547,0.991843,0.434812,0.768373,0.650369,0.568857,0.42496,0.826553,-0.042669,0.997492,0.402992,0.787621,0.664247,0.750959,0.389552,0.857188,-0.025508,0.993695,0.528545,0.779829,0.631375,0.840728,0.531368,0.855224,-0.055452,0.996734
43,1.415902,0.565135,0.257495,-0.031943,0.999967,0.552789,0.241121,-0.019081,0.999936,0.549641,0.241362,-0.019572,0.999953,0.546368,0.241433,-0.019334,0.999964,0.551073,0.240586,-0.081604,0.999956,0.546829,0.240686,-0.08226,0.999975,0.541575,0.240637,-0.082426,0.999974,0.514136,0.247858,0.081126,0.999973,0.507711,0.249363,-0.198885,0.999935,0.554638,0.274078,0.019094,0.99989,0.552037,0.274027,-0.066837,0.999889,0.475165,0.341588,0.27123,0.999972,0.48725,0.330955,-0.344306,0.999983,0.63825,0.375091,0.343605,0.340483,0.666627,0.356449,-0.436178,0.995102,0.785977,0.38538,0.256084,0.488137,0.824871,0.376085,-0.340367,0.991682,0.815806,0.384975,0.27079,0.53961,0.863633,0.375651,-0.431075,0.991517,0.820047,0.385563,0.187691,0.553901,0.864113,0.375032,-0.36763,0.990456,0.814222,0.389413,0.220759,0.539479,0.851338,0.377147,-0.323639,0.981717,0.301173,0.52513,0.199906,0.99998,0.283698,0.532513,-0.199693,0.999991,0.495428,0.62235,0.434043,0.152263,0.496926,0.642145,-0.159282,0.992477,0.434535,0.768033,0.653828,0.57527,0.424994,0.82449,-0.023932,0.997666,0.402715,0.787144,0.667612,0.755897,0.389371,0.855927,-0.005852,0.994235,0.526969,0.778713,0.63529,0.843744,0.529581,0.85427,-0.025994,0.996963
44,1.44883,0.565407,0.263834,-0.03621,0.999969,0.55376,0.246488,-0.023961,0.99994,0.550731,0.246299,-0.024452,0.999956,0.547418,0.246105,-0.024211,0.999966,0.552109,0.246183,-0.085042,0.999958,0.547616,0.245908,-0.085697,0.999977,0.542156,0.245794,-0.085872,0.999976,0.514707,0.253637,0.074721,0.999975,0.508112,0.254477,-0.199561,0.999939,0.555387,0.280266,0.013848,0.999897,0.553018,0.280241,-0.07029,0.999895,0.479036,0.345973,0.267951,0.999972,0.489628,0.337864,-0.342,0.999984,0.639273,0.378997,0.333263,0.346477,0.668352,0.36673,-0.437707,0.995183,0.78762,0.394283,0.245648,0.497318,0.824333,0.383214,-0.356974,0.992054,0.817337,0.394471,0.259776,0.549742,0.863775,0.384228,-0.450565,0.991917,0.82189,0.394814,0.17856,0.562906,0.864231,0.383439,-0.387942,0.990848,0.815147,0.398752,0.210931,0.548834,0.851298,0.386409,-0.341269,0.982585,0.300325,0.528544,0.199458,0.999981,0.281696,0.535869,-0.199239,0.999991,0.498218,0.622337,0.434281,0.160899,0.498616,0.642145,-0.163023,0.993131,0.436216,0.767497,0.652035,0.593589,0.425086,0.824697,-0.025686,0.99786,0.404121,0.786791,0.665345,0.766357,0.389064,0.855258,-0.012004,0.994753,0.530613,0.778606,0.625632,0.851442,0.525507,0.854184,-0.058064,0.997213
45,1.481758,0.567818,0.27442,-0.057917,0.999972,0.554713,0.25747,-0.046692,0.999945,0.551571,0.257337,-0.047186,0.99996,0.54823,0.257229,-0.046917,0.999969,0.553118,0.257608,-0.104049,0.999962,0.548734,0.25776,-0.104671,0.999978,0.543559,0.257831,-0.104841,0.999977,0.516095,0.266463,0.043974,0.999977,0.510223,0.267434,-0.21333,0.999944,0.559142,0.291305,-0.011469,0.999905,0.556974,0.291218,-0.090704,0.999903,0.483529,0.353104,0.227071,0.999973,0.493652,0.3512,-0.343651,0.999984,0.6391,0.382124,0.297023,0.360789,0.669195,0.388779,-0.443782,0.995337,0.784601,0.400519,0.20292,0.519323,0.823932,0.403401,-0.359906,0.99252,0.81262,0.401412,0.214023,0.570111,0.863563,0.403639,-0.453503,0.99238,0.817435,0.401236,0.133584,0.582203,0.863807,0.399245,-0.394791,0.991328,0.812595,0.404018,0.168736,0.568151,0.850997,0.401746,-0.345461,0.983547,0.300691,0.53482,0.198171,0.999982,0.282233,0.545427,-0.197945,0.999992,0.500459,0.622729,0.476969,0.176052,0.503703,0.642964,-0.152065,0.993721,0.43695,0.766298,0.722735,0.614851,0.425489,0.824744,-0.020496,0.998034,0.404228,0.782944,0.738819,0.77735,0.388832,0.85488,-0.005814,0.995204,0.533678,0.777643,0.701104,0.859955,0.525708,0.853549,-0.049151,0.997434
46,1.514686,0.571105,0.286367,-0.06341,0.999974,0.557593,0.268871,-0.052729,0.99995,0.554346,0.268574,-0.053219,0.999963,0.550933,0.268326,-0.052934,0.999971,0.555922,0.269204,-0.110029,0.999965,0.551531,0.269322,-0.110629,0.99998,0.546541,0.269301,-0.11078,0.999979,0.518727,0.276903,0.037206,0.999979,0.513222,0.277733,-0.220955,0.999949,0.561294,0.302995,-0.017263,0.999913,0.559009,0.303412,-0.096638,0.999911,0.484103,0.360679,0.222395,0.999975,0.495164,0.360571,-0.346929,0.999985,0.638944,0.386439,0.303127,0.375972,0.672589,0.396418,-0.443813,0.99556,0.771759,0.407448,0.210745,0.543284,0.825438,0.4161,-0.350087,0.992995,0.798889,0.406363,0.22051,0.591679,0.864375,0.415028,-0.442356,0.992853,0.805192,0.406455,0.136295,0.602646,0.864316,0.410279,-0.384245,0.99183,0.80121,0.409838,0.174857,0.588772,0.851123,0.414093,-0.335288,0.984535,0.301965,0.539288,0.197812,0.999983,0.281944,0.549971,-0.197585,0.999992,0.502327,0.622986,0.471113,0.198165,0.505049,0.644399,-0.152955,0.994281,0.437021,0.764908,0.704144,0.639738,0.425987,0.824826,-0.033779,0.998204,0.404238,0.781577,0.718821,0.791051,0.388821,0.85545,-0.020965,0.995635,0.539243,0.777093,0.679863,0.869755,0.52603,0.853614,-0.0577,0.997653
47,1.547614,0.571268,0.291136,-0.089065,0.999976,0.557753,0.274385,-0.080108,0.999954,0.554516,0.27409,-0.08059,0.999966,0.551081,0.273948,-0.080327,0.999974,0.556049,0.274728,-0.135638,0.999968,0.551538,0.274814,-0.136252,0.999982,0.546472,0.274837,-0.136419,0.999981,0.519691,0.28298,0.009219,0.999981,0.513754,0.28356,-0.240278,0.999953,0.561598,0.307637,-0.042414,0.999919,0.559301,0.308237,-0.119228,0.999918,0.484992,0.366293,0.196092,0.999975,0.497233,0.367852,-0.357968,0.999985,0.640122,0.391849,0.270046,0.384224,0.673426,0.404499,-0.446906,0.995688,0.772122,0.412957,0.177201,0.552893,0.825262,0.423457,-0.361722,0.993296,0.801606,0.412725,0.185843,0.601515,0.864102,0.421632,-0.455202,0.993165,0.807764,0.4124,0.103936,0.611449,0.864211,0.417771,-0.399086,0.992142,0.802164,0.416704,0.142312,0.598091,0.850536,0.421571,-0.348081,0.985195,0.301456,0.542391,0.195232,0.999984,0.281407,0.553586,-0.195002,0.999993,0.504712,0.623242,0.463813,0.216899,0.506988,0.644686,-0.151845,0.994786,0.437191,0.764882,0.6926,0.660741,0.425995,0.824947,-0.035681,0.998356,0.404221,0.781153,0.706761,0.802606,0.388118,0.855464,-0.023782,0.996022,0.541335,0.776464,0.66614,0.877847,0.526138,0.851842,-0.066805,0.997849
48,1.580542,0.572608,0.29056,-0.133894,0.999978,0.558775,0.274539,-0.12424,0.999958,0.555929,0.274456,-0.124736,0.999969,0.553043,0.27451,-0.124484,0.999976,0.556322,0.274478,-0.180568,0.999971,0.551639,0.2746,-0.181205,0.999984,0.546365,0.275045,-0.181391,0.999983,0.521622,0.283026,-0.02701,0.999982,0.513303,0.284016,-0.279957,0.999957,0.56282,0.308359,-0.083974,0.999926,0.559988,0.308821,-0.161792,0.999925,0.486397,0.368809,0.166053,0.999976,0.496798,0.370679,-0.391634,0.999986,0.64313,0.395218,0.242264,0.402093,0.673835,0.405907,-0.466549,0.995911,0.776395,0.416413,0.149861,0.571326,0.825757,0.424501,-0.390227,0.993716,0.811403,0.41455,0.157833,0.618905,0.865223,0.420933,-0.48836,0.993595,0.816261,0.414,0.07488,0.628062,0.864974,0.417309,-0.435659,0.992614,0.808562,0.419201,0.114698,0.615272,0.850751,0.421134,-0.378756,0.986111,0.300647,0.544366,0.194505,0.999985,0.281008,0.555219,-0.19427,0.999993,0.504854,0.623302,0.478637,0.244207,0.508702,0.645285,-0.147292,0.995271,0.437518,0.764816,0.716698,0.685443,0.425992,0.824661,-0.028511,0.998506,0.403991,0.781389,0.732182,0.816299,0.387142,0.85496,-0.014821,0.996389,0.541788,0.77648,0.689883,0.887277,0.526381,0.850835,-0.059146,0.998042
49,1.613469,0.57362,0.29557,-0.117264,0.99998,0.559664,0.279589,-0.106395,0.999961,0.556675,0.279545,-0.106896,0.999972,0.553616,0.279499,-0.10665,0.999978,0.557408,0.279807,-0.164835,0.999973,0.552703,0.280042,-0.165483,0.999985,0.547449,0.280281,-0.165666,0.999984,0.522063,0.288679,-0.009296,0.999984,0.514671,0.28946,-0.269694,0.99996,0.563762,0.312636,-0.066772,0.999931,0.560981,0.31325,-0.147429,0.99993,0.486602,0.37196,0.181061,0.999977,0.497218,0.374067,-0.388785,0.999986,0.643058,0.399521,0.254193,0.413699,0.674975,0.410114,-0.462983,0.996021,0.776573,0.420532,0.160967,0.586947,0.825567,0.429466,-0.387801,0.993967,0.812048,0.418326,0.16901,0.633728,0.865199,0.42583,-0.484723,0.99387,0.817158,0.418188,0.087036,0.642031,0.865076,0.422051,-0.430109,0.9929,0.809386,0.423578,0.126139,0.629199,0.850689,0.426368,-0.37548,0.986706,0.300055,0.547104,0.192915,0.999986,0.280328,0.557716,-0.19269,0.999994,0.505965,0.623235,0.470891,0.263274,0.511878,0.64531,-0.146944,0.995692,0.437909,0.764583,0.703584,0.706165,0.425998,0.824413,-0.028869,0.998636,0.40372,0.781472,0.718265,0.827586,0.386795,0.854244,-0.014706,0.996714,0.541522,0.776555,0.673877,0.89524,0.526579,0.85001,-0.055069,0.998212
50,1.646397,0.578411,0.305867,-0.109162,0.999982,0.563168,0.288855,-0.098226,0.999964,0.560308,0.2883,-0.098729,0.999974,0.557309,0.287758,-0.098485,0.99998,0.559878,0.290049,-0.157114,0.999975,0.554877,0.29033,-0.157759,0.999986,0.549297,0.290485,-0.157938,0.999985,0.522876,0.297366,-0.000948,0.999985,0.515421,0.298927,-0.264214,0.999964,0.56924,0.322073,-0.058777,0.999937,0.564901,0.323165,-0.139977,0.999936,0.488316,0.378556,0.189216,0.999978,0.49789,0.382712,-0.382076,0.999987,0.638677,0.40795,0.264582,0.430614,0.674836,0.424522,-0.462288,0.996266,0.776683,0.428922,0.173664,0.609409,0.826088,0.439069,-0.40001,0.994403,0.812178,0.426432,0.182694,0.65381,0.865562,0.43644,-0.499023,0.994322,0.81718,0.425255,0.100274,0.661318,0.865774,0.430537,-0.443945,0.993413,0.809651,0.43045,0.138658,0.648915,0.85123,0.434453,-0.38781,0.987684,0.300525,0.552447,0.191721,0.999987,0.27957,0.566116,-0.191497,0.999994,0.512019,0.622505,0.450726,0.290112,0.517289,0.645298,-0.154545,0.996085,0.438767,0.763881,0.662105,0.728438,0.426586,0.823749,-0.041967,0.998759,0.403101,0.781594,0.67559,0.840546,0.386844,0.852525,-0.02764,0.997019,0.542249,0.775855,0.637863,0.90363,0.535639,0.850175,-0.056719,0.998373
51,1.679325,0.579287,0.310246,-0.097828,0.999983,0.563193,0.295484,-0.089232,0.999967,0.560456,0.295058,-0.089731,0.999976,0.557585,0.294675,-0.089463,0.999981,0.560119,0.29649,-0.144265,0.999977,0.555384,0.296861,-0.144868,0.999987,0.55006,0.297052,-0.145014,0.999986,0.524449,0.304195,-0.000271,0.999986,0.517706,0.305236,-0.245416,0.999966,0.570874,0.326721,-0.050324,0.999941,0.566838,0.327838,-0.126219,0.99994,0.49117,0.383807,0.193703,0.999979,0.49913,0.389352,-0.356048,0.999987,0.638478,0.41344,0.268512,0.439561,0.675254,0.429252,-0.429389,0.996328,0.776903,0.43425,0.17092,0.62581,0.826033,0.444206,-0.357093,0.994654,0.806845,0.429659,0.177843,0.668413,0.865463,0.443209,-0.450801,0.994586,0.811326,0.429834,0.097066,0.675313,0.865741,0.436567,-0.397009,0.993696,0.809707,0.437255,0.136367,0.662726,0.851176,0.440326,-0.34481,0.988247,0.30061,0.557987,0.188012,0.999987,0.279258,0.572773,-0.187799,0.999994,0.516362,0.620125,0.431953,0.302327,0.525275,0.645016,-0.153159,0.996376,0.438901,0.76001,0.636217,0.743387,0.428007,0.821873,-0.033965,0.998845,0.402183,0.778656,0.648565,0.849163,0.387029,0.849727,-0.018955,0.997254,0.542045,0.771039,0.609,0.909533,0.537439,0.850304,-0.049118,0.998487
52,1.712253,0.579939,0.318264,-0.096675,0.999985,0.56428,0.302095,-0.087239,0.99997,0.561688,0.301334,-0.08774,0.999978,0.558934,0.300723,-0.087477,0.999983,0.561335,0.303157,-0.143414,0.999979,0.556735,0.303382,-0.144018,0.999988,0.551398,0.303543,-0.144167,0.999987,0.525909,0.310348,0.002683,0.999987,0.518771,0.311482,-0.245846,0.999969,0.571926,0.33438,-0.04834,0.999945,0.567799,0.33484,-0.125903,0.999944,0.492487,0.388206,0.196347,0.999979,0.498767,0.394716,-0.35642,0.999987,0.638494,0.419824,0.270819,0.446985,0.675059,0.43224,-0.434293,0.996379,0.779642,0.441256,0.168277,0.638018,0.824295,0.448472,-0.365297,0.99482,0.81172,0.441058,0.174424,0.679008,0.864525,0.450784,-0.460015,0.994751,0.817515,0.440728,0.093066,0.685416,0.865607,0.444028,-0.403821,0.993861,0.812596,0.445163,0.13317,0.672939,0.851016,0.446478,-0.352256,0.988597,0.300855,0.56303,0.188137,0.999987,0.277524,0.577272,-0.187926,0.999994,0.518722,0.619665,0.439823,0.310277,0.529586,0.644499,-0.153208,0.996631,0.440058,0.757101,0.645373,0.755194,0.428002,0.821456,-0.033325,0.998918,0.402163,0.778492,0.657314,0.856088,0.387036,0.848399,-0.01852,0.997457,0.542237,0.770094,0.61906,0.914133,0.540556,0.850387,-0.053926,0.998584
53,1.745181,0.5844,0.322564,-0.109101,0.999986,0.569998,0.304708,-0.097839,0.999972,0.567683,0.303936,-0.098343,0.99998,0.565171,0.303297,-0.098095,0.999984,0.565681,0.306095,-0.155288,0.99998,0.56043,0.306475,-0.155891,0.999989,0.55455,0.306683,-0.15605,0.999988,0.52912,0.313716,0.000676,0.999988,0.520839,0.315174,-0.254313,0.999971,0.576,0.339115,-0.058145,0.999948,0.570653,0.339985,-0.137235,0.999947,0.495083,0.391357,0.191453,0.999979,0.498679,0.399082,-0.359019,0.999986,0.639283,0.425235,0.263197,0.452321,0.675564,0.438734,-0.434946,0.996322,0.788709,0.448433,0.152726,0.644914,0.823542,0.45291,-0.381162,0.994786,0.818011,0.447809,0.155097,0.685133,0.863337,0.456095,-0.479023,0.994741,0.824659,0.446231,0.073726,0.69118,0.865138,0.447999,-0.428421,0.993828,0.816879,0.449878,0.117104,0.678776,0.850664,0.449796,-0.370848,0.988613,0.301132,0.565803,0.187891,0.999987,0.275235,0.581217,-0.187682,0.999994,0.522227,0.618906,0.429961,0.316717,0.532864,0.644494,-0.152927,0.996831,0.440261,0.75666,0.640049,0.76341,0.42829,0.820504,-0.020184,0.998971,0.401686,0.778976,0.652628,0.860593,0.38704,0.847432,-0.00397,0.99762,0.542185,0.770426,0.610976,0.917296,0.541389,0.85045,-0.039484,0.998657
54,1.778109,0.58581,0.321845,-0.106296,0.999986,0.57149,0.305641,-0.095068,0.999974,0.568803,0.305127,-0.095572,0.999981,0.565864,0.304651,-0.095325,0.999985,0.567332,0.306964,-0.152904,0.999982,0.561588,0.307332,-0.153513,0.99999,0.555449,0.307461,-0.153673,0.999989,0.529769,0.315067,0.00295,0.999989,0.52222,0.316238,-0.253944,0.999972,0.577282,0.338469,-0.055577,0.999951,0.572085,0.339455,-0.135143,0.99995,0.498438,0.393546,0.190941,0.999979,0.498828,0.400246,-0.35966,0.999986,0.640331,0.42589,0.264431,0.459252,0.676478,0.439659,-0.43679,0.996374,0.792442,0.449005,0.155051,0.656219,0.823061,0.454277,-0.3848,0.99489,0.828855,0.450786,0.157937,0.694806,0.863204,0.458835,-0.482869,0.99484,0.833215,0.44792,0.075964,0.700521,0.865052,0.450168,-0.434228,0.993919,0.822878,0.450341,0.119198,0.688288,0.850508,0.451498,-0.375436,0.988809,0.302446,0.567606,0.187558,0.999987,0.275221,0.582631,-0.187346,0.999994,0.523609,0.617944,0.427009,0.3232,0.532878,0.644475,-0.149642,0.997007,0.440344,0.756217,0.637821,0.771269,0.428757,0.820098,-0.00696,0.999011,0.401638,0.778235,0.650309,0.86465,0.387328,0.845624,0.009827,0.997752,0.540572,0.771382,0.60665,0.920338,0.541412,0.850519,-0.025568,0.998711
55,1.811037,0.58583,0.338733,-0.129889,0.999987,0.574384,0.318989,-0.116909,0.999975,0.572283,0.317903,-0.117407,0.999982,0.570158,0.317071,-0.117167,0.999986,0.568813,0.318967,-0.173503,0.999983,0.562577,0.318637,-0.174084,0.99999,0.556099,0.318538,-0.174232,0.999989,0.532059,0.324855,-0.008989,0.99999,0.522217,0.324828,-0.261605,0.999973,0.576389,0.353212,-0.075867,0.999953,0.571515,0.3529,-0.153724,0.999951,0.498945,0.399154,0.183181,0.999978,0.499508,0.405672,-0.361009,0.999985,0.647017,0.430915,0.259245,0.459675,0.679104,0.447109,-0.439774,0.996149,0.799015,0.455715,0.146466,0.659943,0.82304,0.46157,-0.401238,0.994636,0.834046,0.457446,0.146707,0.69774,0.862685,0.465683,-0.500913,0.994581,0.840014,0.456991,0.064198,0.70348,0.864896,0.459233,-0.453246,0.993606,0.830498,0.460489,0.110272,0.691149,0.850462,0.460676,-0.3926,0.988307,0.304888,0.57085,0.187124,0.999987,0.274485,0.586055,-0.18692,0.999993,0.526407,0.617991,0.382537,0.318752,0.534666,0.644651,-0.157975,0.996919,0.440366,0.755798,0.577509,0.764837,0.428463,0.819075,-0.009924,0.998936,0.401409,0.778372,0.589077,0.861564,0.386914,0.842378,0.005472,0.997724,0.538744,0.771892,0.546712,0.917782,0.541335,0.850565,-0.033657,0.998635
56,1.843965,0.585298,0.341813,-0.128133,0.999988,0.573546,0.321961,-0.115381,0.999977,0.571354,0.320684,-0.115883,0.999983,0.569123,0.31958,-0.115651,0.999987,0.568299,0.323027,-0.172327,0.999984,0.562235,0.322977,-0.172912,0.999991,0.555922,0.322862,-0.173068,0.99999,0.531557,0.329158,-0.010158,0.99999,0.52198,0.329583,-0.263938,0.999975,0.575974,0.357167,-0.075888,0.999956,0.570573,0.356433,-0.154117,0.999953,0.501039,0.405667,0.179674,0.999978,0.499406,0.410951,-0.369855,0.999984,0.651005,0.436018,0.256943,0.4626,0.679457,0.451992,-0.454498,0.996068,0.801174,0.461976,0.144632,0.664406,0.821465,0.467575,-0.41896,0.994451,0.836371,0.464391,0.145445,0.701306,0.860298,0.472961,-0.518895,0.994388,0.842875,0.463888,0.062132,0.707034,0.863477,0.467008,-0.472548,0.993353,0.832184,0.466612,0.108007,0.694994,0.849771,0.467796,-0.410749,0.987902,0.307747,0.576179,0.187172,0.999987,0.27439,0.591215,-0.186969,0.999993,0.527073,0.618023,0.383521,0.320051,0.534442,0.644654,-0.163428,0.996991,0.440336,0.755872,0.582011,0.764525,0.42868,0.818973,-0.012879,0.998921,0.400504,0.778465,0.593679,0.861166,0.387258,0.841628,0.002005,0.997763,0.533624,0.77399,0.549588,0.917645,0.541248,0.850613,-0.037411,0.998625
57,1.876893,0.584978,0.346994,-0.125821,0.999989,0.573297,0.326661,-0.113191,0.999978,0.57121,0.32523,-0.11369,0.999984,0.569072,0.324087,-0.113452,0.999987,0.56807,0.327695,-0.17121,0.999985,0.56208,0.327648,-0.171791,0.999991,0.555648,0.327683,-0.171946,0.999991,0.531192,0.334207,-0.00961,0.999991,0.521733,0.334871,-0.26939,0.999976,0.575418,0.362556,-0.074351,0.999958,0.570413,0.361494,-0.154142,0.999956,0.501908,0.409548,0.180428,0.999978,0.499037,0.416316,-0.384109,0.999984,0.65284,0.439275,0.258037,0.469581,0.679596,0.460036,-0.467987,0.996053,0.802658,0.466851,0.144772,0.67276,0.819312,0.474255,-0.420851,0.994396,0.837223,0.469653,0.146283,0.708221,0.857809,0.479724,-0.520712,0.99431,0.843787,0.469006,0.062419,0.713859,0.861561,0.47341,-0.472946,0.993242,0.833717,0.471839,0.107845,0.702261,0.848378,0.474025,-0.411802,0.987727,0.309736,0.580882,0.188505,0.999987,0.274093,0.595582,-0.188288,0.999993,0.527456,0.618105,0.385136,0.324361,0.534975,0.645055,-0.163153,0.997086,0.440934,0.75288,0.589374,0.767706,0.428677,0.817367,-0.007769,0.998919,0.400761,0.778508,0.602419,0.863266,0.387333,0.840579,0.009437,0.997809,0.534232,0.774027,0.570626,0.918824,0.541209,0.849001,-0.022737,0.998627
58,1.909821,0.584457,0.345556,-0.124256,0.99999,0.573117,0.327096,-0.112222,0.99998,0.570947,0.325929,-0.112713,0.999986,0.568756,0.324891,-0.112471,0.999988,0.567969,0.327963,-0.169733,0.999986,0.561908,0.327474,-0.170317,0.999992,0.555489,0.327199,-0.17047,0.999991,0.530941,0.334045,-0.010311,0.999991,0.521689,0.334684,-0.268037,0.999977,0.574827,0.361133,-0.073361,0.99996,0.569618,0.360605,-0.15253,0.999958,0.50237,0.411957,0.180126,0.999978,0.49895,0.416939,-0.383886,0.999984,0.654304,0.442262,0.253186,0.477802,0.679736,0.458917,-0.467879,0.996023,0.803044,0.469089,0.140338,0.679199,0.818988,0.474709,-0.418756,0.994361,0.838004,0.472203,0.141754,0.714132,0.857619,0.480408,-0.518849,0.994284,0.844915,0.471308,0.057049,0.719651,0.861507,0.474654,-0.469594,0.9932,0.83476,0.474349,0.103138,0.708469,0.848363,0.4753,-0.409219,0.987703,0.30973,0.583598,0.18914,0.999987,0.273481,0.596126,-0.188916,0.999993,0.526734,0.618387,0.393717,0.334021,0.53478,0.645515,-0.168443,0.997259,0.441222,0.75192,0.599915,0.775865,0.428564,0.816506,-0.010181,0.998968,0.402252,0.777965,0.612426,0.868175,0.387594,0.83941,0.006287,0.997924,0.534045,0.773282,0.572511,0.922043,0.541121,0.848308,-0.026285,0.998691
59,1.942749,0.584274,0.35069,-0.131239,0.99999,0.572729,0.33263,-0.12056,0.999981,0.570584,0.331329,-0.121032,0.999987,0.568412,0.330083,-0.120781,0.999989,0.567691,0.333409,-0.176423,0.999987,0.561685,0.33295,-0.176995,0.999993,0.555283,0.332399,-0.177126,0.999992,0.530717,0.337892,-0.022183,0.999992,0.521496,0.338742,-0.272358,0.999979,0.574537,0.365922,-0.081279,0.999963,0.568837,0.365371,-0.158309,0.999961,0.502422,0.413819,0.166335,0.999978,0.499068,0.421209,-0.383566,0.999983,0.65518,0.443717,0.233202,0.491606,0.680174,0.4626,-0.467008,0.995958,0.803002,0.473278,0.112545,0.690626,0.818987,0.479733,-0.415586,0.994236,0.837622,0.475451,0.110211,0.724075,0.857384,0.484766,-0.515402,0.994149,0.844606,0.474886,0.026232,0.729515,0.861245,0.478777,-0.4689,0.99303,0.834797,0.478162,0.075291,0.718537,0.848348,0.479334,-0.407698,0.987469,0.309842,0.584732,0.188736,0.999987,0.273529,0.600819,-0.188516,0.999993,0.526305,0.618495,0.398887,0.344452,0.536216,0.646043,-0.16667,0.997386,0.440973,0.750943,0.601607,0.780757,0.42804,0.816604,0.003888,0.998983,0.40204,0.776381,0.613371,0.870261,0.387725,0.839397,0.023064,0.997977,0.531624,0.772822,0.586954,0.923669,0.540808,0.847585,0.000645,0.998712
60,1.975677,0.58322,0.353424,-0.181061,0.999991,0.571678,0.336121,-0.169579,0.999983,0.569806,0.33507,-0.170055,0.999988,0.567925,0.334035,-0.169801,0.99999,0.56618,0.336654,-0.225467,0.999988,0.55964,0.336424,-0.226057,0.999993,0.553032,0.336283,-0.22622,0.999992,0.530175,0.342809,-0.06459,0.999993,0.520082,0.343387,-0.315706,0.99998,0.573826,0.368822,-0.129043,0.999965,0.566963,0.368364,-0.206232,0.999963,0.502173,0.417041,0.129167,0.999978,0.498512,0.426275,-0.421339,0.999983,0.65599,0.445448,0.20345,0.498867,0.680825,0.468939,-0.505814,0.996,0.803316,0.478533,0.089558,0.691511,0.819009,0.488604,-0.465125,0.994285,0.837208,0.479314,0.086943,0.724658,0.856753,0.491635,-0.570943,0.994162,0.844466,0.479939,0.002008,0.730266,0.860365,0.485595,-0.526786,0.993048,0.83469,0.482516,0.052095,0.719843,0.847928,0.486227,-0.458354,0.987478,0.309196,0.587686,0.188747,0.999987,0.272817,0.607377,-0.188528,0.999993,0.524708,0.617666,0.428076,0.353172,0.53766,0.645742,-0.170078,0.997523,0.439166,0.749322,0.668173,0.785514,0.425917,0.814426,0.017663,0.998997,0.400796,0.774713,0.684464,0.871398,0.386993,0.83595,0.040205,0.998005,0.52969,0.771782,0.651474,0.925117,0.536683,0.842114,0.01744,0.998732
61,2.008605,0.582107,0.356481,-0.214069,0.999992,0.570699,0.339148,-0.199325,0.999984,0.569258,0.33834,-0.199801,0.999988,0.56782,0.33757,-0.199524,0.999991,0.564633,0.339254,-0.255885,0.999989,0.557757,0.338991,-0.256472,0.999994,0.550718,0.339034,-0.256633,0.999993,0.529853,0.346307,-0.08409,0.999993,0.518162,0.346927,-0.338776,0.999982,0.572817,0.372113,-0.158766,0.999967,0.564697,0.371778,-0.236978,0.999965,0.502122,0.418165,0.113533,0.999977,0.497967,0.430182,-0.445307,0.999981,0.655773,0.446561,0.18881,0.500349,0.68082,0.472334,-0.53292,0.995841,0.803055,0.481515,0.066342,0.686487,0.818961,0.492544,-0.484861,0.994007,0.835832,0.481531,0.06194,0.720217,0.855985,0.495728,-0.591056,0.993761,0.844003,0.482934,-0.023988,0.72631,0.859273,0.489976,-0.549146,0.992563,0.834455,0.485567,0.028194,0.716376,0.847234,0.49048,-0.478736,0.986594,0.306799,0.589966,0.189334,0.999987,0.272707,0.611241,-0.189127,0.999993,0.521499,0.615026,0.49359,0.354595,0.538215,0.644903,-0.170539,0.997566,0.436313,0.747263,0.748551,0.784133,0.425026,0.812437,0.035526,0.998926,0.39765,0.772247,0.765488,0.867333,0.38559,0.833627,0.059346,0.997825,0.525441,0.771403,0.730517,0.923078,0.536119,0.840323,0.031785,0.998631
62,2.041533,0.580776,0.359895,-0.203555,0.999992,0.56972,0.342731,-0.189716,0.999985,0.568526,0.341909,-0.190189,0.999989,0.567348,0.341117,-0.189916,0.999991,0.563539,0.342942,-0.245986,0.99999,0.556485,0.342773,-0.246569,0.999994,0.548983,0.34271,-0.246721,0.999993,0.528902,0.349149,-0.078165,0.999993,0.516342,0.349996,-0.33136,0.999983,0.570983,0.375295,-0.149572,0.999969,0.562354,0.375145,-0.227339,0.999967,0.501756,0.421175,0.117063,0.999976,0.496727,0.433502,-0.437647,0.999981,0.655535,0.451154,0.190978,0.504673,0.680654,0.475505,-0.524524,0.995711,0.802952,0.485537,0.068874,0.687865,0.818618,0.495071,-0.476722,0.993831,0.835516,0.487318,0.064997,0.721307,0.85537,0.498689,-0.58191,0.993507,0.843656,0.487527,-0.020763,0.727733,0.858474,0.493355,-0.538137,0.992257,0.834285,0.489852,0.030869,0.717869,0.846504,0.493772,-0.469909,0.986012,0.305653,0.592997,0.189343,0.999986,0.2724,0.61543,-0.189135,0.999992,0.52079,0.613324,0.479971,0.35627,0.539517,0.643941,-0.173414,0.997609,0.43443,0.746207,0.729018,0.78282,0.424264,0.811071,0.033176,0.998873,0.395069,0.771461,0.745741,0.86464,0.384801,0.831244,0.056826,0.997716,0.522912,0.771035,0.71091,0.921625,0.535856,0.83873,0.030636,0.998558
63,2.074461,0.5798,0.362146,-0.192145,0.999993,0.569136,0.345474,-0.177745,0.999986,0.568062,0.344742,-0.178247,0.99999,0.567052,0.344025,-0.178012,0.999992,0.563129,0.345452,-0.234493,0.999991,0.556294,0.344857,-0.235082,0.999995,0.548778,0.344311,-0.235244,0.999994,0.528837,0.350804,-0.066911,0.999994,0.516118,0.351433,-0.321093,0.999984,0.569398,0.377485,-0.13806,0.999971,0.561028,0.377346,-0.216166,0.999969,0.500879,0.425242,0.124467,0.999976,0.496562,0.434122,-0.428754,0.999981,0.655466,0.455809,0.200939,0.505923,0.679864,0.475637,-0.515056,0.995657,0.80272,0.487813,0.083003,0.688092,0.818205,0.495929,-0.465409,0.993927,0.835895,0.489836,0.080749,0.722109,0.854764,0.499652,-0.569027,0.99358,0.84368,0.488868,-0.003662,0.728517,0.858236,0.493581,-0.523301,0.992334,0.834045,0.491226,0.045718,0.718555,0.846176,0.493876,-0.45774,0.98612,0.304013,0.595322,0.189546,0.999986,0.272371,0.616826,-0.189334,0.999992,0.51974,0.61298,0.496767,0.355478,0.54017,0.642915,-0.177123,0.997674,0.431488,0.746166,0.745636,0.783473,0.422482,0.810884,0.027336,0.998862,0.393643,0.771466,0.762295,0.864726,0.384132,0.831615,0.050455,0.997728,0.514849,0.77011,0.734044,0.92155,0.526731,0.836635,0.029431,0.998549
64,2.107389,0.577747,0.366385,-0.146965,0.999993,0.566729,0.350112,-0.134068,0.999987,0.565502,0.349507,-0.134537,0.999991,0.5642,0.348977,-0.134266,0.999992,0.561307,0.350033,-0.190016,0.999991,0.554637,0.349657,-0.190583,0.999995,0.547007,0.349319,-0.190727,0.999994,0.527022,0.355771,-0.030943,0.999994,0.514153,0.356708,-0.282537,0.999985,0.56733,0.381751,-0.096311,0.999973,0.559534,0.382238,-0.173568,0.999971,0.499943,0.431294,0.156246,0.999976,0.495573,0.439587,-0.397723,0.999981,0.652414,0.462099,0.234373,0.511893,0.673974,0.478067,-0.488205,0.995737,0.792288,0.493212,0.125555,0.698832,0.813293,0.497869,-0.444147,0.994169,0.825112,0.495393,0.126716,0.731961,0.850948,0.502321,-0.548645,0.993816,0.831842,0.496758,0.039209,0.73823,0.855106,0.498689,-0.497555,0.992609,0.822982,0.498807,0.087575,0.727985,0.843005,0.499479,-0.434613,0.986597,0.303767,0.600848,0.189389,0.999985,0.272737,0.623535,-0.189179,0.999992,0.52027,0.613081,0.483084,0.356919,0.541823,0.641225,-0.183057,0.997748,0.429256,0.746249,0.72353,0.786523,0.421482,0.810255,0.025536,0.998867,0.391653,0.771462,0.739273,0.867171,0.383481,0.830861,0.048739,0.997778,0.514431,0.770141,0.70662,0.92275,0.521537,0.83362,0.022587,0.998562
65,2.140317,0.576756,0.371543,-0.11983,0.999994,0.566701,0.35363,-0.10738,0.999988,0.565444,0.352771,-0.107833,0.999992,0.564121,0.351996,-0.107554,0.999993,0.561196,0.353961,-0.162868,0.999992,0.554637,0.353657,-0.163432,0.999995,0.547061,0.352978,-0.163564,0.999995,0.527091,0.357876,-0.006285,0.999995,0.514041,0.359091,-0.256023,0.999986,0.565672,0.386977,-0.069772,0.999975,0.557931,0.387065,-0.146502,0.999973,0.498604,0.43658,0.17851,0.999976,0.495547,0.443767,-0.37159,0.999982,0.64919,0.471146,0.250684,0.507231,0.667504,0.47876,-0.460588,0.995596,0.788721,0.498702,0.146546,0.697243,0.80856,0.501911,-0.406943,0.994187,0.822691,0.499456,0.148595,0.731727,0.848334,0.505499,-0.506358,0.993834,0.831273,0.501557,0.064746,0.73785,0.852698,0.50243,-0.454885,0.992626,0.821282,0.504026,0.110026,0.72706,0.839983,0.503582,-0.396602,0.986634,0.303575,0.606961,0.18849,0.999985,0.274045,0.628945,-0.1883,0.999992,0.520123,0.613165,0.486592,0.349401,0.542986,0.64058,-0.186059,0.997737,0.428133,0.746134,0.72003,0.782978,0.421424,0.810088,0.019461,0.998827,0.390467,0.771507,0.735472,0.867014,0.383431,0.830761,0.044783,0.997775,0.514388,0.768565,0.713865,0.92118,0.522409,0.832979,0.021891,0.998524
66,2.173245,0.575588,0.372203,-0.11859,0.999994,0.565885,0.355564,-0.106905,0.999989,0.564606,0.355107,-0.107354,0.999992,0.563322,0.35468,-0.107071,0.999993,0.560536,0.355944,-0.161917,0.999993,0.554262,0.355989,-0.162495,0.999996,0.54684,0.355584,-0.162627,0.999995,0.527069,0.361029,-0.005749,0.999995,0.51336,0.362348,-0.25342,0.999987,0.564696,0.38831,-0.068303,0.999976,0.557365,0.388626,-0.144402,0.999974,0.496795,0.440768,0.182141,0.999976,0.495537,0.44775,-0.365866,0.999982,0.645517,0.4758,0.252815,0.505252,0.667858,0.481761,-0.4519,0.995477,0.787038,0.502025,0.149647,0.697294,0.80785,0.506407,-0.402337,0.994294,0.822362,0.502684,0.151854,0.733485,0.847515,0.509795,-0.50252,0.99397,0.830054,0.503201,0.06838,0.739505,0.851908,0.505361,-0.450966,0.992785,0.819485,0.505843,0.113384,0.728314,0.838759,0.50616,-0.392018,0.986905,0.303564,0.609591,0.187372,0.999985,0.274838,0.632377,-0.187203,0.999992,0.519454,0.61314,0.494981,0.345649,0.543631,0.640468,-0.185551,0.997799,0.426383,0.745041,0.73302,0.782971,0.420422,0.809984,0.019576,0.998837,0.387775,0.770616,0.749376,0.868692,0.382456,0.830391,0.044259,0.997837,0.51122,0.76796,0.733579,0.921374,0.522339,0.833569,0.035692,0.998544
67,2.206173,0.574284,0.374015,-0.148217,0.999995,0.565271,0.358024,-0.134838,0.99999,0.563929,0.357528,-0.135291,0.999993,0.562579,0.357051,-0.135025,0.999994,0.559912,0.358352,-0.187702,0.999993,0.553484,0.358102,-0.188297,0.999996,0.546082,0.357768,-0.188459,0.999996,0.526847,0.36306,-0.024365,0.999995,0.511995,0.364442,-0.261336,0.999988,0.563579,0.389866,-0.095132,0.999978,0.556421,0.390298,-0.168495,0.999976,0.496235,0.444187,0.166909,0.999977,0.494817,0.452909,-0.369848,0.999983,0.644978,0.478622,0.247311,0.50915,0.66678,0.48455,-0.454946,0.995485,0.787432,0.506222,0.146733,0.702842,0.807396,0.509326,-0.420573,0.994454,0.822848,0.506587,0.149558,0.738965,0.846868,0.512013,-0.523365,0.994136,0.830155,0.506783,0.065132,0.745181,0.851421,0.507917,-0.471301,0.992987,0.819764,0.510102,0.110276,0.734036,0.838148,0.509411,-0.410711,0.987244,0.304489,0.612313,0.186104,0.999984,0.276016,0.635945,-0.185931,0.999992,0.521073,0.612358,0.48865,0.340593,0.544069,0.640592,-0.187576,0.997842,0.426604,0.743259,0.731342,0.77856,0.419908,0.809994,0.018489,0.998824,0.38721,0.768815,0.748787,0.867666,0.382228,0.829682,0.042137,0.997858,0.510577,0.767454,0.731695,0.919853,0.522672,0.833604,0.032366,0.998534
68,2.239101,0.573598,0.375988,-0.141689,0.999995,0.563929,0.3609,-0.13014,0.999991,0.562287,0.360552,-0.130588,0.999993,0.560652,0.360246,-0.13032,0.999994,0.558852,0.361076,-0.182611,0.999994,0.552401,0.360912,-0.183203,0.999996,0.545242,0.360962,-0.183353,0.999996,0.525967,0.366997,-0.024409,0.999996,0.511262,0.368483,-0.263402,0.999989,0.563008,0.392192,-0.09141,0.999979,0.556278,0.392913,-0.164285,0.999977,0.495328,0.44776,0.164118,0.999978,0.494087,0.458111,-0.37213,0.999983,0.642442,0.481199,0.245388,0.514992,0.666605,0.488234,-0.454929,0.995604,0.786069,0.5083,0.146445,0.709458,0.8067,0.511802,-0.415712,0.994691,0.822455,0.508919,0.149578,0.745137,0.846214,0.514504,-0.517389,0.994381,0.829166,0.509389,0.065733,0.751314,0.850534,0.510968,-0.467067,0.993279,0.818204,0.512972,0.110287,0.740139,0.837025,0.512784,-0.406271,0.987745,0.305304,0.615043,0.184109,0.999984,0.27801,0.640344,-0.18393,0.999992,0.521606,0.611877,0.494875,0.336112,0.545498,0.641026,-0.18642,0.997913,0.426723,0.740532,0.746997,0.776589,0.419777,0.809953,0.019491,0.998832,0.386906,0.767842,0.765306,0.867945,0.382233,0.829104,0.043803,0.99791,0.50887,0.765221,0.752451,0.919561,0.52274,0.833624,0.040044,0.998552
69,2.272028,0.573556,0.375697,-0.145828,0.999996,0.563759,0.360958,-0.135666,0.999991,0.561976,0.36071,-0.136109,0.999994,0.560266,0.360491,-0.135851,0.999995,0.558559,0.361048,-0.187213,0.999994,0.552063,0.360891,-0.187811,0.999997,0.545089,0.36107,-0.187954,0.999996,0.525878,0.367156,-0.035025,0.999996,0.510448,0.369355,-0.26704,0.99999,0.562841,0.392504,-0.096489,0.999981,0.556146,0.393236,-0.16815,0.999979,0.494994,0.449216,0.149542,0.999979,0.49386,0.458904,-0.374274,0.999984,0.642559,0.481221,0.221365,0.525497,0.665844,0.489512,-0.457607,0.995651,0.786209,0.509091,0.128744,0.715391,0.806547,0.512589,-0.424968,0.994799,0.822613,0.51004,0.129764,0.750706,0.846057,0.515722,-0.52782,0.99451,0.829318,0.510044,0.046549,0.756799,0.850266,0.511564,-0.479525,0.993438,0.818256,0.513361,0.092838,0.745617,0.836536,0.513189,-0.416762,0.988024,0.305373,0.617502,0.18243,0.999984,0.279325,0.641451,-0.182255,0.999992,0.52179,0.611925,0.490897,0.341927,0.546477,0.641539,-0.18575,0.998032,0.425121,0.740899,0.743812,0.780757,0.419776,0.809968,0.024096,0.998878,0.384017,0.767231,0.762382,0.870332,0.382197,0.829137,0.049202,0.998,0.507862,0.765226,0.748087,0.921334,0.518211,0.832461,0.048058,0.998614
70,2.304956,0.572423,0.378275,-0.145651,0.999996,0.562322,0.364289,-0.135476,0.999992,0.560764,0.364175,-0.135922,0.999994,0.559371,0.364095,-0.135662,0.999995,0.556499,0.363946,-0.186725,0.999995,0.550075,0.364013,-0.187324,0.999997,0.542984,0.364713,-0.187474,0.999997,0.524959,0.371002,-0.034712,0.999996,0.508088,0.37329,-0.266832,0.999991,0.562447,0.39579,-0.096254,0.999982,0.555586,0.396435,-0.167662,0.99998,0.495128,0.453832,0.150464,0.999979,0.493329,0.463404,-0.373695,0.999984,0.642827,0.487099,0.222375,0.535766,0.666024,0.494529,-0.459253,0.995806,0.787551,0.513797,0.140165,0.72634,0.806678,0.516786,-0.432946,0.995082,0.823109,0.512305,0.144643,0.760287,0.846073,0.518573,-0.537944,0.994805,0.829656,0.51253,0.059308,0.766334,0.850302,0.51413,-0.487014,0.993789,0.818398,0.516179,0.103983,0.755252,0.836573,0.516136,-0.42411,0.988633,0.308646,0.62015,0.181742,0.999984,0.280672,0.645208,-0.181553,0.999992,0.5257,0.611983,0.483323,0.346093,0.546969,0.641819,-0.186241,0.998133,0.425428,0.739862,0.73634,0.785986,0.419922,0.808411,0.019434,0.998921,0.384266,0.764287,0.75543,0.874253,0.382199,0.827873,0.04463,0.998093,0.508302,0.764874,0.734679,0.923884,0.51652,0.831346,0.040526,0.99867
71,2.337884,0.57144,0.380792,-0.148226,0.999996,0.561071,0.366428,-0.137694,0.999993,0.559553,0.366204,-0.138142,0.999995,0.558378,0.366023,-0.137885,0.999996,0.555124,0.366049,-0.188777,0.999995,0.549026,0.366032,-0.18938,0.999997,0.541906,0.366688,-0.189538,0.999997,0.524242,0.372871,-0.03614,0.999997,0.505682,0.375695,-0.26742,0.999991,0.561455,0.398341,-0.09857,0.999983,0.554519,0.398874,-0.169652,0.999982,0.494967,0.455693,0.150573,0.99998,0.492195,0.465312,-0.37467,0.999985,0.642261,0.489511,0.222645,0.542635,0.666114,0.497575,-0.460412,0.995942,0.787511,0.514646,0.146999,0.73313,0.80667,0.518019,-0.432703,0.995305,0.823211,0.513757,0.152408,0.76647,0.845894,0.520304,-0.537403,0.995034,0.829784,0.513694,0.068166,0.772533,0.850064,0.515221,-0.486606,0.994063,0.818516,0.516925,0.111322,0.761667,0.836391,0.516785,-0.423823,0.989109,0.310822,0.621244,0.181745,0.999984,0.281698,0.646178,-0.181554,0.999992,0.528062,0.612046,0.48254,0.350688,0.548129,0.641831,-0.186994,0.998231,0.426291,0.739775,0.733494,0.790663,0.420007,0.807224,0.012022,0.99896,0.384392,0.762619,0.75237,0.877838,0.382253,0.827466,0.036787,0.998175,0.511002,0.763762,0.732643,0.926134,0.517051,0.830986,0.031928,0.99872
72,2.370812,0.570305,0.383223,-0.1484,0.999997,0.560113,0.368521,-0.137869,0.999993,0.558616,0.368129,-0.138317,0.999995,0.557561,0.367784,-0.138062,0.999996,0.554086,0.36827,-0.188811,0.999995,0.548115,0.368344,-0.189413,0.999997,0.540937,0.369056,-0.189572,0.999997,0.523607,0.37455,-0.036414,0.999997,0.50386,0.37772,-0.266786,0.999992,0.560782,0.400615,-0.098725,0.999985,0.553619,0.401302,-0.169649,0.999983,0.494778,0.456419,0.149376,0.99998,0.491546,0.466604,-0.370761,0.999985,0.639064,0.490686,0.223824,0.546431,0.666207,0.500308,-0.454197,0.996042,0.78647,0.51521,0.147446,0.736302,0.806728,0.519498,-0.427963,0.995492,0.822558,0.514305,0.152452,0.769603,0.845753,0.522149,-0.530893,0.995232,0.829211,0.514065,0.069293,0.775674,0.849925,0.516262,-0.480688,0.994301,0.818003,0.517041,0.11219,0.764856,0.83637,0.517344,-0.419149,0.98952,0.312247,0.622681,0.180202,0.999984,0.282804,0.6481,-0.180018,0.999992,0.530248,0.612294,0.461084,0.355612,0.54906,0.641846,-0.186537,0.998313,0.427282,0.739939,0.702047,0.793727,0.420062,0.806369,0.009039,0.998991,0.384826,0.762054,0.72001,0.880579,0.381696,0.825991,0.033459,0.998244,0.5118,0.762824,0.699582,0.92782,0.517298,0.83033,0.028569,0.998761
73,2.40374,0.569721,0.384279,-0.141036,0.999997,0.559337,0.369946,-0.130943,0.999994,0.557762,0.369548,-0.131393,0.999995,0.556662,0.369171,-0.131138,0.999996,0.553304,0.369888,-0.181651,0.999996,0.547175,0.370053,-0.182253,0.999997,0.539969,0.370944,-0.182418,0.999997,0.523199,0.376479,-0.033159,0.999997,0.502907,0.379871,-0.262813,0.999992,0.560538,0.402066,-0.093123,0.999985,0.55324,0.402834,-0.163656,0.999984,0.494881,0.458279,0.15106,0.999981,0.491299,0.469613,-0.37069,0.999986,0.63862,0.492755,0.23284,0.549334,0.666246,0.503574,-0.450912,0.996128,0.786755,0.517436,0.161162,0.741423,0.806761,0.522113,-0.413726,0.995641,0.822634,0.516221,0.168142,0.774139,0.845774,0.52399,-0.513529,0.995382,0.829516,0.515725,0.086464,0.78015,0.84995,0.518011,-0.46425,0.994476,0.818466,0.518757,0.126672,0.769425,0.836483,0.519246,-0.404554,0.989817,0.315597,0.624248,0.180234,0.999984,0.283443,0.650921,-0.18005,0.999992,0.53743,0.611911,0.470852,0.35403,0.549767,0.641857,-0.187142,0.998376,0.430672,0.739649,0.703019,0.795881,0.420073,0.805152,0.004892,0.999008,0.388362,0.761356,0.721104,0.882594,0.381664,0.82507,0.028993,0.99829,0.51575,0.761937,0.7,0.929077,0.517398,0.830115,0.022016,0.998785
74,2.436668,0.568259,0.387898,-0.146267,0.999997,0.558544,0.372834,-0.136088,0.999994,0.556972,0.372397,-0.136542,0.999996,0.555838,0.37205,-0.136298,0.999996,0.552581,0.37262,-0.186672,0.999996,0.54641,0.372759,-0.187264,0.999998,0.539303,0.373468,-0.187433,0.999997,0.521809,0.379031,-0.038533,0.999997,0.501212,0.382201,-0.267548,0.999993,0.559147,0.405132,-0.098518,0.999986,0.552322,0.406041,-0.169009,0.999985,0.493819,0.458499,0.142538,0.999981,0.488254,0.471384,-0.37482,0.999986,0.638711,0.495785,0.227334,0.548571,0.666058,0.506534,-0.461395,0.996155,0.786815,0.520498,0.158204,0.737971,0.806859,0.526559,-0.434739,0.995683,0.822956,0.518426,0.16425,0.771386,0.845785,0.526837,-0.536509,0.995422,0.830148,0.518791,0.082218,0.777625,0.850045,0.521824,-0.488096,0.994533,0.81875,0.522485,0.123408,0.767026,0.836641,0.523623,-0.426365,0.989892,0.317889,0.625761,0.180173,0.999984,0.284034,0.653572,-0.179989,0.999992,0.54078,0.611686,0.469188,0.35258,0.550434,0.641963,-0.196978,0.998424,0.437933,0.73958,0.704951,0.794079,0.420081,0.803453,-0.007448,0.999012,0.395735,0.761556,0.723866,0.882317,0.381628,0.823483,0.016482,0.998303,0.522791,0.7614,0.700454,0.928987,0.518507,0.829897,0.001993,0.998798
75,2.469596,0.567012,0.388734,-0.15511,0.999997,0.556629,0.373783,-0.145071,0.999994,0.55501,0.373373,-0.145527,0.999996,0.553855,0.373019,-0.145289,0.999996,0.550823,0.373609,-0.196381,0.999996,0.544794,0.373736,-0.19698,0.999998,0.537836,0.374508,-0.197162,0.999997,0.520743,0.380348,-0.046746,0.999997,0.50036,0.383317,-0.278947,0.999993,0.55816,0.405903,-0.106957,0.999987,0.551263,0.406835,-0.178375,0.999985,0.493798,0.459379,0.137767,0.999982,0.487269,0.472604,-0.386259,0.999986,0.638884,0.496994,0.22442,0.552939,0.666081,0.508277,-0.470537,0.996299,0.788149,0.522061,0.156569,0.739613,0.807131,0.528874,-0.447151,0.995897,0.822994,0.519327,0.161928,0.773057,0.845802,0.528585,-0.55203,0.995647,0.830488,0.5199,0.079667,0.779369,0.850134,0.523428,-0.502732,0.994805,0.81935,0.52378,0.121579,0.769119,0.83682,0.52529,-0.438613,0.990358,0.319056,0.626883,0.180209,0.999983,0.284201,0.654517,-0.180024,0.999992,0.541518,0.611702,0.467058,0.356405,0.550964,0.642126,-0.19799,0.998501,0.439064,0.740403,0.705182,0.796227,0.419989,0.802369,-0.008132,0.999045,0.396781,0.761922,0.72477,0.884605,0.381559,0.822899,0.015851,0.998367,0.523605,0.761496,0.701514,0.930409,0.520429,0.829853,0.002038,0.998839
76,2.502524,0.566,0.389922,-0.159716,0.999997,0.555524,0.374741,-0.149735,0.999995,0.554052,0.374367,-0.150191,0.999996,0.553023,0.374049,-0.149956,0.999997,0.549702,0.374477,-0.200995,0.999996,0.543779,0.374589,-0.201591,0.999998,0.536858,0.375323,-0.201768,0.999998,0.5197,0.381409,-0.051855,0.999998,0.499609,0.384232,-0.283667,0.999994,0.557281,0.406885,-0.111675,0.999988,0.550462,0.407763,-0.183009,0.999986,0.493789,0.459946,0.13077,0.999983,0.486036,0.473436,-0.390113,0.999987,0.638962,0.497389,0.214825,0.559118,0.665955,0.508244,-0.475408,0.996419,0.789722,0.522994,0.148935,0.741582,0.807201,0.529639,-0.452242,0.996039,0.823343,0.520212,0.154788,0.774756,0.845818,0.529657,-0.557092,0.995792,0.831118,0.520737,0.072561,0.781155,0.850152,0.524484,-0.507768,0.994982,0.820117,0.524137,0.114206,0.771247,0.836951,0.526133,-0.443767,0.990661,0.3197,0.627385,0.17994,0.999983,0.284274,0.654857,-0.179753,0.999992,0.541677,0.611637,0.46065,0.363798,0.551291,0.64234,-0.197479,0.998575,0.440459,0.740738,0.704709,0.79948,0.41973,0.801736,-0.007578,0.999073,0.397767,0.762069,0.724026,0.8871,0.381338,0.822623,0.016406,0.998421,0.524943,0.761562,0.700589,0.932103,0.521243,0.82985,0.003169,0.998876
77,2.535452,0.564405,0.392539,-0.158883,0.999997,0.554648,0.377172,-0.148611,0.999995,0.553162,0.376635,-0.149068,0.999996,0.552032,0.376158,-0.148831,0.999997,0.548746,0.377561,-0.200412,0.999997,0.542498,0.37784,-0.201005,0.999998,0.535597,0.378512,-0.201182,0.999998,0.518165,0.383944,-0.050314,0.999998,0.497732,0.38738,-0.286004,0.999994,0.556233,0.409665,-0.110707,0.999988,0.549286,0.410964,-0.182976,0.999987,0.493467,0.461317,0.132899,0.999983,0.484553,0.476818,-0.399235,0.999987,0.638444,0.498142,0.224919,0.566328,0.66341,0.512555,-0.481529,0.996542,0.788939,0.523706,0.160249,0.749347,0.806377,0.53351,-0.450409,0.996202,0.82247,0.522309,0.168372,0.780784,0.843839,0.534635,-0.554107,0.995941,0.830335,0.522709,0.085508,0.787109,0.848024,0.52867,-0.505146,0.99516,0.819203,0.525624,0.125354,0.777495,0.835152,0.529795,-0.441734,0.990962,0.321002,0.62842,0.181215,0.999983,0.284438,0.657077,-0.181022,0.999992,0.542857,0.61161,0.481218,0.36226,0.551591,0.642515,-0.201217,0.998606,0.441705,0.740224,0.72441,0.797168,0.419565,0.800905,-0.01066,0.999055,0.399554,0.760502,0.742691,0.886445,0.381134,0.822099,0.013393,0.998403,0.525819,0.76093,0.723951,0.931202,0.521943,0.829526,0.002623,0.998857
78,2.56838,0.562981,0.392811,-0.152232,0.999998,0.552789,0.377882,-0.142885,0.999995,0.551107,0.377421,-0.143339,0.999997,0.549756,0.377019,-0.14311,0.999997,0.547169,0.378261,-0.195028,0.999997,0.540949,0.378703,-0.195615,0.999998,0.534101,0.379497,-0.195787,0.999998,0.516457,0.385134,-0.049576,0.999998,0.496963,0.38854,-0.285535,0.999994,0.554644,0.410385,-0.105964,0.999989,0.548015,0.411679,-0.178442,0.999987,0.492884,0.461455,0.134641,0.999984,0.484225,0.478089,-0.398034,0.999988,0.637146,0.498278,0.228527,0.56774,0.663433,0.515627,-0.480953,0.996574,0.787427,0.523685,0.158835,0.752119,0.806037,0.535356,-0.439357,0.996284,0.820253,0.522882,0.166153,0.783089,0.842879,0.536359,-0.538858,0.996017,0.828095,0.523459,0.083548,0.789329,0.846658,0.530372,-0.493307,0.99525,0.817045,0.526283,0.123912,0.7797,0.83393,0.531568,-0.430946,0.991098,0.321278,0.62964,0.18173,0.999983,0.284758,0.659106,-0.181546,0.999992,0.543442,0.611618,0.480432,0.361828,0.551861,0.642895,-0.20717,0.998636,0.441868,0.739434,0.72356,0.794257,0.419438,0.800163,-0.022193,0.999033,0.399452,0.759601,0.741804,0.885606,0.380665,0.821979,0.001382,0.998379,0.526154,0.759134,0.722408,0.92985,0.522864,0.829563,-0.005734,0.998832
79,2.601308,0.561481,0.393077,-0.152321,0.999998,0.550873,0.378284,-0.142755,0.999995,0.549269,0.378007,-0.14321,0.999997,0.547969,0.37781,-0.142981,0.999997,0.545226,0.378589,-0.194896,0.999997,0.539084,0.379275,-0.195483,0.999998,0.532124,0.380212,-0.195655,0.999998,0.514645,0.386289,-0.048642,0.999998,0.495246,0.389909,-0.284523,0.999995,0.5535,0.410892,-0.105814,0.999989,0.547093,0.412139,-0.178217,0.999988,0.49179,0.462356,0.135893,0.999984,0.483563,0.478664,-0.39776,0.999988,0.636119,0.499512,0.228498,0.564818,0.662407,0.517305,-0.479961,0.996565,0.786598,0.524319,0.158039,0.748938,0.805868,0.53639,-0.443882,0.996292,0.818997,0.523987,0.164834,0.780071,0.842504,0.537727,-0.544247,0.996012,0.826293,0.524094,0.082516,0.786369,0.845939,0.531415,-0.498916,0.995246,0.815463,0.526559,0.123203,0.77667,0.83316,0.532302,-0.435828,0.99105,0.32126,0.631571,0.181615,0.999982,0.28475,0.660578,-0.181431,0.999992,0.543115,0.611572,0.464685,0.360543,0.551952,0.642941,-0.208942,0.998649,0.442066,0.738804,0.704359,0.79134,0.419215,0.799735,-0.026256,0.99901,0.399464,0.759335,0.721987,0.884543,0.379224,0.821519,-0.003021,0.998347,0.526022,0.758604,0.701012,0.928636,0.520317,0.829048,-0.013838,0.998807
80,2.634236,0.560017,0.394021,-0.148494,0.999998,0.549828,0.379472,-0.138602,0.999995,0.548369,0.379214,-0.13907,0.999997,0.54721,0.378991,-0.138844,0.999997,0.543599,0.379781,-0.190469,0.999997,0.537064,0.380559,-0.19106,0.999998,0.529913,0.381505,-0.19124,0.999998,0.513636,0.38731,-0.043898,0.999998,0.493233,0.391056,-0.277863,0.999995,0.552426,0.41176,-0.101884,0.99999,0.545611,0.413033,-0.173816,0.999988,0.491658,0.464139,0.141366,0.999984,0.483042,0.47977,-0.394771,0.999988,0.635904,0.50112,0.240953,0.566651,0.661709,0.519483,-0.474463,0.99663,0.786484,0.526166,0.179131,0.753218,0.805603,0.537806,-0.438212,0.996387,0.81897,0.525104,0.188202,0.783611,0.842247,0.538616,-0.537672,0.99611,0.82601,0.525743,0.105941,0.7899,0.845448,0.532948,-0.492515,0.995365,0.814934,0.528492,0.144734,0.780161,0.83245,0.53416,-0.430045,0.991254,0.321146,0.633856,0.181618,0.999982,0.284679,0.661958,-0.181435,0.999992,0.542867,0.611756,0.462259,0.357589,0.551934,0.642673,-0.21961,0.998673,0.439462,0.737977,0.684496,0.788926,0.418932,0.79951,-0.053303,0.999004,0.396726,0.758231,0.700107,0.884631,0.377864,0.821239,-0.031345,0.998362,0.519837,0.758267,0.679556,0.928058,0.51879,0.829037,-0.040506,0.998807
81,2.667164,0.559029,0.39559,-0.149408,0.999998,0.549137,0.38131,-0.138726,0.999996,0.547825,0.381078,-0.139195,0.999997,0.546804,0.380843,-0.138969,0.999997,0.542547,0.381617,-0.190532,0.999997,0.535794,0.382471,-0.191123,0.999998,0.528501,0.383418,-0.191304,0.999998,0.512831,0.389189,-0.040662,0.999998,0.491922,0.392882,-0.27318,0.999995,0.55185,0.413307,-0.101904,0.99999,0.544693,0.414568,-0.173812,0.999988,0.491332,0.465972,0.149638,0.999984,0.483049,0.481555,-0.390247,0.999988,0.634192,0.50288,0.253864,0.558359,0.661503,0.521665,-0.471443,0.996519,0.78555,0.528207,0.193117,0.74779,0.805498,0.540299,-0.43707,0.996304,0.817421,0.526498,0.201677,0.779026,0.84208,0.540672,-0.536388,0.996009,0.82354,0.527396,0.119557,0.785484,0.845071,0.535273,-0.491525,0.995249,0.812954,0.530339,0.158736,0.77542,0.831947,0.536708,-0.428995,0.991012,0.320706,0.636586,0.181877,0.999981,0.284779,0.664301,-0.181702,0.999991,0.542663,0.612529,0.462615,0.349238,0.55196,0.64248,-0.219128,0.99863,0.43659,0.738039,0.684215,0.779475,0.418632,0.799601,-0.049206,0.998928,0.394633,0.758354,0.699384,0.880443,0.376546,0.821258,-0.026889,0.998274,0.514353,0.758345,0.677547,0.923575,0.517888,0.829124,-0.037497,0.998724
82,2.700092,0.557617,0.398086,-0.132905,0.999998,0.547845,0.383576,-0.121721,0.999996,0.546577,0.383275,-0.122175,0.999997,0.545657,0.382957,-0.121938,0.999997,0.541049,0.384063,-0.172083,0.999997,0.534313,0.384863,-0.172672,0.999998,0.527137,0.385563,-0.172838,0.999998,0.512104,0.390811,-0.02388,0.999998,0.491463,0.39421,-0.249704,0.999995,0.550611,0.415383,-0.085116,0.99999,0.543478,0.416629,-0.154808,0.999988,0.489523,0.466485,0.166324,0.999983,0.483077,0.482946,-0.367147,0.999988,0.631416,0.503995,0.26269,0.540172,0.6615,0.523911,-0.443497,0.996374,0.778111,0.527842,0.194647,0.730764,0.805249,0.541918,-0.401362,0.996204,0.805729,0.525999,0.201143,0.765145,0.841599,0.542021,-0.496537,0.995893,0.811259,0.527159,0.122476,0.771507,0.84405,0.53673,-0.453067,0.995113,0.804234,0.530227,0.161335,0.760724,0.831066,0.538175,-0.393168,0.990739,0.318027,0.637923,0.181359,0.999981,0.284779,0.66594,-0.181213,0.999991,0.542759,0.612142,0.446422,0.340925,0.55342,0.642315,-0.217168,0.998537,0.433412,0.736806,0.648509,0.767765,0.418593,0.799671,-0.043433,0.998792,0.388786,0.755296,0.662129,0.874945,0.376569,0.82098,-0.020767,0.998124,0.512751,0.757647,0.645076,0.917976,0.51797,0.828649,-0.036771,0.998589
83,2.73302,0.556534,0.399405,-0.133863,0.999998,0.547128,0.384944,-0.121865,0.999996,0.546,0.38462,-0.122322,0.999997,0.545227,0.384256,-0.122087,0.999997,0.539923,0.385408,-0.172425,0.999997,0.533054,0.386199,-0.173013,0.999998,0.525792,0.38687,-0.173178,0.999998,0.511368,0.391875,-0.020408,0.999998,0.490425,0.395181,-0.247049,0.999995,0.549716,0.41656,-0.085143,0.99999,0.542269,0.417843,-0.155037,0.999988,0.488424,0.46707,0.172332,0.999982,0.482903,0.48419,-0.364813,0.999987,0.627843,0.505372,0.269696,0.523742,0.66131,0.526188,-0.443272,0.996158,0.772766,0.52853,0.198235,0.716109,0.804236,0.543705,-0.401517,0.99599,0.798511,0.526184,0.204018,0.753073,0.840381,0.543984,-0.496622,0.995641,0.804317,0.527653,0.126173,0.759405,0.84213,0.538545,-0.453128,0.994812,0.799104,0.530966,0.165073,0.748038,0.829433,0.539966,-0.393274,0.990168,0.31604,0.639021,0.181371,0.99998,0.284699,0.666502,-0.181229,0.999991,0.542688,0.612139,0.441529,0.332162,0.553806,0.642065,-0.21598,0.9984,0.428753,0.735548,0.63956,0.752974,0.418601,0.799725,-0.040815,0.998604,0.384806,0.754172,0.653037,0.867814,0.376587,0.820697,-0.018027,0.997906,0.505819,0.756514,0.637883,0.910139,0.518111,0.828249,-0.033574,0.998388
84,2.765948,0.556204,0.400129,-0.134445,0.999998,0.546818,0.385485,-0.122437,0.999996,0.545702,0.385141,-0.122892,0.999997,0.544955,0.384747,-0.122657,0.999997,0.539645,0.385842,-0.173118,0.999997,0.532794,0.386554,-0.173707,0.999998,0.525545,0.387283,-0.173872,0.999998,0.511038,0.39237,-0.020965,0.999998,0.490329,0.395528,-0.248505,0.999995,0.549266,0.417279,-0.085529,0.99999,0.541692,0.418566,-0.155591,0.999988,0.488106,0.46773,0.170876,0.999982,0.482912,0.484726,-0.365218,0.999987,0.627483,0.506106,0.265457,0.512931,0.661246,0.527043,-0.444088,0.995996,0.773631,0.529956,0.193134,0.705326,0.804001,0.545026,-0.401922,0.995818,0.798049,0.526922,0.199,0.744219,0.839728,0.545496,-0.497444,0.995451,0.804282,0.528381,0.120171,0.750562,0.841402,0.539768,-0.453394,0.994589,0.800412,0.532423,0.159592,0.73891,0.828812,0.541102,-0.393599,0.98975,0.314737,0.639453,0.18135,0.999979,0.284662,0.666936,-0.181212,0.99999,0.542614,0.61211,0.439232,0.326637,0.553969,0.642054,-0.215028,0.998337,0.427903,0.735616,0.642862,0.743458,0.4186,0.799802,-0.03941,0.998509,0.384527,0.754465,0.657051,0.863293,0.376999,0.820728,-0.016541,0.997799,0.506193,0.756532,0.642254,0.90539,0.518209,0.828026,-0.032226,0.998286
85,2.798876,0.55586,0.400841,-0.130456,0.999998,0.546517,0.386301,-0.118518,0.999996,0.545423,0.385965,-0.118973,0.999997,0.544708,0.385577,-0.118736,0.999998,0.53927,0.38667,-0.169153,0.999998,0.532392,0.387411,-0.169738,0.999999,0.525134,0.388134,-0.1699,0.999998,0.510594,0.393193,-0.01818,0.999998,0.490084,0.396217,-0.245802,0.999995,0.548951,0.41796,-0.081871,0.99999,0.541334,0.419248,-0.151876,0.999989,0.48791,0.468385,0.172623,0.999982,0.482949,0.485481,-0.363609,0.999987,0.626856,0.507038,0.266995,0.504577,0.66126,0.528106,-0.441544,0.995844,0.774299,0.53154,0.194963,0.698711,0.803523,0.546074,-0.395579,0.995622,0.796906,0.527725,0.201307,0.738674,0.838992,0.5466,-0.490005,0.995226,0.80312,0.529531,0.122901,0.745037,0.840694,0.541225,-0.446276,0.994319,0.798705,0.533386,0.16158,0.733003,0.828157,0.54263,-0.387248,0.989252,0.314338,0.639976,0.181357,0.999979,0.284647,0.667147,-0.18122,0.99999,0.542548,0.612272,0.440867,0.319329,0.553958,0.642115,-0.214861,0.998276,0.427679,0.735964,0.650071,0.733686,0.418399,0.799856,-0.042404,0.998407,0.384508,0.75458,0.664238,0.858472,0.37702,0.820843,-0.019875,0.997684,0.506606,0.756418,0.647969,0.900501,0.523003,0.828982,-0.029227,0.998181
86,2.831804,0.55591,0.400536,-0.131227,0.999998,0.546262,0.386031,-0.119301,0.999996,0.545254,0.38575,-0.119754,0.999997,0.544621,0.385406,-0.119516,0.999998,0.53919,0.386326,-0.169927,0.999998,0.532448,0.387004,-0.170514,0.999999,0.525119,0.387758,-0.170677,0.999998,0.510491,0.393207,-0.019208,0.999998,0.490043,0.396262,-0.246828,0.999996,0.548833,0.417907,-0.082689,0.99999,0.541222,0.419072,-0.152712,0.999989,0.487433,0.468809,0.171145,0.999981,0.482874,0.485907,-0.364251,0.999987,0.625699,0.507619,0.265032,0.487514,0.661228,0.528331,-0.438649,0.995775,0.770871,0.531542,0.193712,0.677792,0.803293,0.546916,-0.387038,0.995536,0.794406,0.527929,0.199663,0.721212,0.838736,0.547472,-0.480135,0.995102,0.800169,0.52967,0.122456,0.727453,0.840321,0.54189,-0.437436,0.994166,0.79575,0.533438,0.160789,0.715217,0.827749,0.543161,-0.378727,0.988946,0.313803,0.639774,0.180932,0.999979,0.284596,0.667064,-0.180806,0.99999,0.542529,0.612272,0.442967,0.314907,0.55397,0.64218,-0.212267,0.998218,0.427025,0.735719,0.647461,0.725826,0.418314,0.799977,-0.042076,0.998296,0.384239,0.754773,0.661035,0.85406,0.37677,0.820825,-0.019553,0.997545,0.506546,0.756315,0.646398,0.896247,0.522136,0.828649,-0.022222,0.998066
87,2.864732,0.555961,0.400387,-0.125678,0.999998,0.546203,0.385885,-0.114259,0.999996,0.545154,0.385615,-0.114695,0.999997,0.544487,0.385278,-0.114442,0.999998,0.53925,0.386127,-0.164025,0.999998,0.53249,0.386712,-0.164611,0.999999,0.525175,0.38745,-0.164763,0.999998,0.510158,0.393155,-0.01755,0.999998,0.490196,0.396061,-0.241688,0.999996,0.548667,0.417935,-0.078403,0.999991,0.541187,0.419026,-0.147295,0.999989,0.485077,0.468566,0.170466,0.99998,0.482872,0.485812,-0.3583,0.999987,0.618805,0.507254,0.265179,0.465542,0.661219,0.527868,-0.430813,0.995795,0.75082,0.531132,0.204509,0.646198,0.803044,0.547403,-0.377636,0.995574,0.75292,0.526802,0.210785,0.694013,0.838547,0.547799,-0.470583,0.995111,0.754562,0.528093,0.137695,0.699691,0.840137,0.542129,-0.426096,0.994169,0.751266,0.533152,0.173747,0.687398,0.82752,0.543389,-0.368565,0.988926,0.313524,0.639426,0.179685,0.999979,0.284403,0.666728,-0.179572,0.99999,0.542426,0.612278,0.443165,0.313144,0.553864,0.642437,-0.20531,0.998199,0.426917,0.735731,0.648305,0.720955,0.417795,0.800111,-0.035206,0.998231,0.384078,0.754853,0.662279,0.851551,0.376769,0.82084,-0.012258,0.997465,0.506306,0.75628,0.649558,0.893951,0.524368,0.829029,-0.007392,0.998008
88,2.897659,0.555991,0.400177,-0.124705,0.999998,0.546215,0.385682,-0.113614,0.999997,0.545149,0.385412,-0.114052,0.999997,0.544464,0.385075,-0.113803,0.999998,0.539281,0.385907,-0.163599,0.999998,0.532598,0.386462,-0.164185,0.999999,0.52524,0.387197,-0.164341,0.999999,0.509868,0.392978,-0.017814,0.999998,0.490219,0.39586,-0.242867,0.999996,0.548607,0.417819,-0.077907,0.999991,0.541187,0.418858,-0.147084,0.99999,0.485118,0.468771,0.169829,0.99998,0.482705,0.485686,-0.359734,0.999987,0.619569,0.507618,0.263512,0.459298,0.661225,0.527965,-0.431636,0.995869,0.763436,0.533288,0.20295,0.636947,0.803035,0.547736,-0.38913,0.995666,0.764186,0.527816,0.209655,0.686437,0.838541,0.54775,-0.483865,0.995209,0.78702,0.530884,0.137174,0.692078,0.840171,0.5422,-0.438103,0.994284,0.77615,0.53485,0.172111,0.679861,0.827546,0.543582,-0.379935,0.98912,0.313475,0.63929,0.179663,0.999979,0.284217,0.666538,-0.179549,0.99999,0.542405,0.612359,0.443985,0.317014,0.553253,0.642644,-0.205441,0.99825,0.426974,0.735935,0.646693,0.724637,0.417116,0.80015,-0.038306,0.998274,0.384129,0.754942,0.660136,0.853817,0.375993,0.820771,-0.016049,0.997521,0.506437,0.756257,0.641036,0.896025,0.524728,0.829156,-0.018861,0.998061
89,2.930587,0.556904,0.399471,-0.119484,0.999998,0.547006,0.384406,-0.108019,0.999997,0.545934,0.384194,-0.108453,0.999997,0.545301,0.383955,-0.108198,0.999998,0.539795,0.38505,-0.158088,0.999998,0.533131,0.385601,-0.158683,0.999999,0.525682,0.386081,-0.158844,0.999999,0.510474,0.39182,-0.008538,0.999998,0.490619,0.394812,-0.233585,0.999996,0.548677,0.417316,-0.070887,0.999991,0.541203,0.418251,-0.140123,0.99999,0.48256,0.468051,0.183379,0.99998,0.484347,0.484566,-0.348851,0.999987,0.61713,0.50758,0.272974,0.445586,0.661223,0.527308,-0.424206,0.995825,0.753473,0.530479,0.206305,0.62193,0.802554,0.547325,-0.381174,0.995675,0.768335,0.525864,0.212339,0.674458,0.83829,0.547344,-0.475958,0.995213,0.781671,0.529045,0.138043,0.679665,0.840063,0.541799,-0.428097,0.994279,0.777274,0.533213,0.174806,0.666669,0.827355,0.543186,-0.371062,0.989114,0.312141,0.63893,0.179555,0.999979,0.28406,0.666013,-0.179444,0.999991,0.54194,0.612359,0.444608,0.313092,0.553246,0.642537,-0.199692,0.998236,0.424235,0.734581,0.64137,0.722758,0.417036,0.800154,-0.032101,0.998265,0.381073,0.753281,0.654039,0.853153,0.376002,0.820782,-0.009541,0.997529,0.49744,0.756128,0.637284,0.895179,0.525345,0.829225,-0.007524,0.998058
90,2.963515,0.55731,0.397143,-0.135103,0.999998,0.54718,0.381486,-0.124615,0.999997,0.546117,0.381362,-0.125045,0.999998,0.545503,0.381223,-0.124801,0.999998,0.539965,0.382662,-0.174398,0.999998,0.53334,0.383189,-0.174996,0.999999,0.525854,0.383492,-0.17516,0.999999,0.510651,0.389502,-0.024506,0.999999,0.4912,0.392601,-0.248622,0.999996,0.548695,0.415235,-0.085825,0.999991,0.541234,0.416192,-0.154851,0.99999,0.482414,0.465805,0.168332,0.99998,0.484688,0.48247,-0.357424,0.999988,0.622223,0.507087,0.247626,0.452897,0.661235,0.525027,-0.434274,0.995863,0.762981,0.530366,0.168051,0.627577,0.802529,0.546866,-0.400221,0.99576,0.782411,0.52583,0.17191,0.679507,0.838294,0.546979,-0.499796,0.995308,0.79991,0.529116,0.091819,0.684748,0.840165,0.541659,-0.451147,0.994394,0.790463,0.533117,0.133867,0.671827,0.827432,0.542976,-0.390788,0.989328,0.311785,0.636947,0.179632,0.999979,0.283972,0.663508,-0.179515,0.999991,0.540452,0.613026,0.448756,0.317627,0.553125,0.642211,-0.199752,0.998303,0.424395,0.734609,0.677316,0.726844,0.416708,0.80016,-0.030542,0.998331,0.381265,0.753419,0.693956,0.855289,0.376011,0.8206,-0.007793,0.99761,0.497989,0.756003,0.676413,0.897085,0.525321,0.829156,-0.007664,0.998127
91,2.996443,0.559491,0.391081,-0.137773,0.999998,0.549451,0.374885,-0.128677,0.999997,0.547769,0.374615,-0.129117,0.999998,0.546561,0.374475,-0.128872,0.999998,0.543322,0.375669,-0.178851,0.999998,0.536736,0.376506,-0.179451,0.999999,0.52961,0.377232,-0.17961,0.999999,0.511782,0.382317,-0.033095,0.999999,0.49347,0.386711,-0.259933,0.999997,0.54947,0.409373,-0.089664,0.999992,0.541899,0.410821,-0.159344,0.99999,0.482474,0.46134,0.153251,0.999981,0.48473,0.477035,-0.365844,0.999988,0.62539,0.504524,0.228058,0.469624,0.661231,0.519454,-0.440469,0.996003,0.77247,0.528785,0.147747,0.641687,0.802763,0.544346,-0.408309,0.995968,0.800489,0.525392,0.15163,0.691847,0.83909,0.544284,-0.510041,0.995559,0.810671,0.528104,0.070096,0.69709,0.841219,0.539272,-0.461834,0.994703,0.799618,0.531578,0.11309,0.684505,0.828141,0.540655,-0.399427,0.989913,0.311716,0.632409,0.179574,0.999979,0.28396,0.658061,-0.179456,0.999991,0.539472,0.612769,0.464357,0.326589,0.553127,0.641376,-0.203193,0.99841,0.424622,0.734517,0.724041,0.736955,0.416626,0.799735,-0.024394,0.998442,0.381372,0.754116,0.74408,0.860464,0.376269,0.819341,0.00039,0.99776,0.498733,0.75599,0.732444,0.901889,0.525526,0.828395,0.003057,0.998254
92,3.029371,0.561307,0.385509,-0.161598,0.999998,0.551406,0.369011,-0.151558,0.999997,0.549676,0.368711,-0.15201,0.999998,0.548465,0.368558,-0.151772,0.999998,0.545194,0.369771,-0.202964,0.999998,0.538685,0.37049,-0.203564,0.999999,0.531356,0.370913,-0.203728,0.999999,0.513811,0.375718,-0.051552,0.999999,0.494177,0.379888,-0.283602,0.999997,0.550495,0.403425,-0.112092,0.999992,0.542502,0.404764,-0.183444,0.999991,0.485642,0.457097,0.135962,0.999981,0.485077,0.470725,-0.386761,0.999988,0.632146,0.501453,0.21511,0.486578,0.661373,0.511343,-0.460452,0.996048,0.781553,0.527339,0.133582,0.65487,0.802758,0.537939,-0.425451,0.99599,0.813232,0.524808,0.137526,0.702784,0.838981,0.539284,-0.527424,0.995606,0.821664,0.527353,0.05445,0.708121,0.84124,0.535353,-0.481396,0.994765,0.809066,0.530754,0.098183,0.696117,0.828151,0.536766,-0.41754,0.990054,0.311759,0.625713,0.179621,0.99998,0.283916,0.650378,-0.179495,0.999991,0.539436,0.610171,0.471099,0.337352,0.553092,0.640203,-0.203508,0.998496,0.424847,0.732898,0.722777,0.746554,0.41662,0.799566,-0.025515,0.998537,0.381546,0.754167,0.741408,0.865137,0.376382,0.819359,-0.00134,0.997884,0.49931,0.755924,0.725646,0.906008,0.525538,0.826886,-0.005154,0.998356
93,3.062299,0.562379,0.378233,-0.162885,0.999999,0.552004,0.36208,-0.15345,0.999997,0.550131,0.362068,-0.153904,0.999998,0.548783,0.362116,-0.153656,0.999998,0.546167,0.362925,-0.205078,0.999998,0.539579,0.363412,-0.205673,0.999999,0.53221,0.363557,-0.205828,0.999999,0.514199,0.368803,-0.055681,0.999999,0.495095,0.371716,-0.288999,0.999997,0.550553,0.3963,-0.114056,0.999992,0.542794,0.397061,-0.185706,0.999991,0.485729,0.449528,0.133287,0.999982,0.485161,0.461659,-0.394292,0.999988,0.637187,0.49585,0.213628,0.494435,0.661811,0.502364,-0.461527,0.995853,0.783588,0.523458,0.129541,0.659886,0.802074,0.530877,-0.416454,0.995693,0.816266,0.522611,0.133349,0.707277,0.837405,0.533588,-0.515897,0.995335,0.824276,0.525029,0.050579,0.712801,0.84039,0.5303,-0.472059,0.994452,0.811686,0.528178,0.094155,0.701227,0.827522,0.531728,-0.40897,0.989543,0.311734,0.618197,0.180298,0.999981,0.283919,0.642341,-0.180157,0.999991,0.538442,0.606337,0.51683,0.338096,0.553075,0.638594,-0.199845,0.998544,0.426662,0.729892,0.772063,0.751735,0.416605,0.798271,-0.015753,0.998597,0.383528,0.753348,0.790768,0.867119,0.376393,0.818134,0.008304,0.997951,0.506786,0.755174,0.779722,0.907992,0.525066,0.823414,0.005323,0.998416
94,3.095227,0.563546,0.362338,-0.159907,0.999999,0.553599,0.345764,-0.150122,0.999997,0.551396,0.345176,-0.150574,0.999998,0.549596,0.344677,-0.150327,0.999998,0.548537,0.34691,-0.202321,0.999998,0.541996,0.34682,-0.202914,0.999999,0.534702,0.346721,-0.20306,0.999999,0.514898,0.349677,-0.051954,0.999999,0.49742,0.352483,-0.289104,0.999997,0.55117,0.377113,-0.111006,0.999992,0.543712,0.377442,-0.183323,0.999991,0.484705,0.435367,0.135303,0.999982,0.485459,0.443045,-0.392753,0.999988,0.637413,0.478785,0.208417,0.512231,0.661742,0.48273,-0.458095,0.995971,0.78226,0.510716,0.121426,0.671819,0.800493,0.512172,-0.386778,0.995815,0.815125,0.513518,0.124862,0.718042,0.837045,0.516407,-0.482954,0.995502,0.8229,0.515216,0.041406,0.723681,0.840121,0.51482,-0.437232,0.994663,0.810747,0.518823,0.085652,0.713046,0.82716,0.517076,-0.378227,0.990005,0.309792,0.602446,0.180418,0.999981,0.284299,0.627371,-0.18028,0.999991,0.526317,0.605471,0.524762,0.3435,0.552916,0.636275,-0.180122,0.998631,0.426759,0.729697,0.780473,0.761068,0.41704,0.797781,0.006068,0.998698,0.383576,0.752871,0.79974,0.871635,0.377348,0.818128,0.030225,0.99809,0.512615,0.752394,0.796231,0.912295,0.52256,0.821272,0.03658,0.998529
95,3.128155,0.564371,0.356214,-0.166273,0.999999,0.554809,0.340617,-0.154894,0.999997,0.552779,0.340141,-0.155352,0.999998,0.551052,0.339747,-0.155103,0.999998,0.549685,0.340494,-0.209081,0.999998,0.542856,0.340339,-0.209673,0.999999,0.535318,0.340825,-0.209827,0.999999,0.518312,0.344725,-0.052833,0.999999,0.498425,0.348174,-0.297507,0.999997,0.552081,0.372092,-0.116165,0.999992,0.544014,0.372496,-0.191129,0.999991,0.483683,0.425867,0.135829,0.999982,0.485523,0.436871,-0.404049,0.999988,0.639148,0.474695,0.213386,0.521239,0.661888,0.478616,-0.464338,0.995963,0.782996,0.505678,0.130259,0.675914,0.800017,0.508629,-0.388232,0.995746,0.815217,0.508283,0.134324,0.722746,0.836734,0.513897,-0.483476,0.995483,0.82296,0.510334,0.052123,0.72845,0.839973,0.512107,-0.438478,0.994653,0.811238,0.512853,0.0951,0.718952,0.826973,0.513276,-0.379586,0.990079,0.308955,0.597485,0.181519,0.999982,0.284491,0.620989,-0.18141,0.999992,0.524268,0.600354,0.518374,0.353081,0.552913,0.634344,-0.181021,0.998712,0.426585,0.729239,0.767669,0.771297,0.417569,0.797611,0.00938,0.998788,0.383625,0.752899,0.786573,0.875827,0.377979,0.817845,0.034566,0.998206,0.512468,0.752485,0.785673,0.916224,0.522279,0.821117,0.049152,0.998627
96,3.161083,0.564731,0.345041,-0.166714,0.999999,0.554766,0.328899,-0.155174,0.999997,0.552762,0.328363,-0.155631,0.999998,0.551054,0.327968,-0.155377,0.999998,0.54961,0.329138,-0.21053,0.999998,0.542904,0.32902,-0.21112,0.999999,0.535284,0.329406,-0.211264,0.999999,0.518273,0.334287,-0.053122,0.999999,0.498559,0.337397,-0.304094,0.999997,0.553352,0.361006,-0.116656,0.999992,0.544862,0.361613,-0.193224,0.999991,0.484188,0.413355,0.137316,0.999983,0.485532,0.425629,-0.419179,0.999988,0.642202,0.459386,0.215524,0.533755,0.661887,0.469423,-0.48473,0.996059,0.782917,0.494503,0.134761,0.683983,0.799488,0.497285,-0.397407,0.995744,0.815008,0.498923,0.138745,0.730163,0.83654,0.504473,-0.492452,0.995499,0.822613,0.500322,0.057395,0.735925,0.839938,0.502483,-0.446407,0.994678,0.811026,0.502486,0.099907,0.727544,0.826888,0.503246,-0.387898,0.990213,0.307864,0.587454,0.185677,0.999983,0.284466,0.612762,-0.185581,0.999992,0.522503,0.600468,0.523377,0.364186,0.552822,0.633958,-0.17882,0.998783,0.426612,0.728839,0.778081,0.78075,0.418137,0.7975,0.018751,0.998869,0.38355,0.751371,0.797143,0.879528,0.378263,0.817777,0.044379,0.998308,0.512388,0.752427,0.795537,0.919986,0.522322,0.820432,0.058698,0.998716
97,3.194011,0.565845,0.332468,-0.198657,0.999998,0.555223,0.315497,-0.187966,0.999997,0.553356,0.314913,-0.188452,0.999998,0.551801,0.314429,-0.188207,0.999998,0.549805,0.315731,-0.241066,0.999998,0.543353,0.315699,-0.241674,0.999999,0.53577,0.316232,-0.241833,0.999998,0.519645,0.321668,-0.085325,0.999999,0.499016,0.324758,-0.325198,0.999996,0.554798,0.348772,-0.148173,0.999991,0.54556,0.349647,-0.221775,0.999989,0.486061,0.400755,0.10136,0.999982,0.485532,0.412265,-0.426617,0.999986,0.645921,0.44496,0.185386,0.538046,0.662485,0.459038,-0.488737,0.995882,0.7857,0.484993,0.108172,0.681472,0.801281,0.490786,-0.405299,0.995366,0.818391,0.488829,0.112255,0.728435,0.837789,0.497163,-0.5004,0.995167,0.825861,0.489522,0.029253,0.734722,0.84143,0.49363,-0.455978,0.994316,0.813787,0.490742,0.073022,0.727497,0.828165,0.493546,-0.396773,0.98968,0.310507,0.578524,0.185179,0.999983,0.285408,0.60072,-0.185086,0.999992,0.523249,0.600878,0.518849,0.361735,0.552817,0.633845,-0.180114,0.998786,0.42769,0.728883,0.788531,0.779568,0.41953,0.797314,0.018451,0.998901,0.384155,0.751378,0.81025,0.877009,0.379995,0.817788,0.044661,0.998329,0.512338,0.752425,0.812213,0.919412,0.524553,0.821527,0.059436,0.998741
98,3.226939,0.566787,0.335004,-0.193595,0.999998,0.557117,0.316178,-0.18263,0.999996,0.55544,0.315383,-0.183123,0.999997,0.553901,0.314659,-0.182881,0.999998,0.551556,0.316049,-0.237087,0.999998,0.545593,0.315765,-0.237686,0.999999,0.538541,0.315659,-0.237842,0.999998,0.520094,0.320732,-0.080377,0.999998,0.502519,0.322618,-0.326591,0.999996,0.554807,0.350655,-0.143124,0.99999,0.545896,0.349815,-0.218449,0.999988,0.48579,0.394544,0.107406,0.999982,0.485098,0.408956,-0.429426,0.999985,0.64517,0.435696,0.194878,0.539569,0.663528,0.457492,-0.496237,0.995862,0.784365,0.480376,0.117422,0.680517,0.802068,0.489786,-0.419802,0.995279,0.817888,0.482346,0.121738,0.727423,0.839637,0.492695,-0.515445,0.995106,0.825215,0.484327,0.03884,0.733787,0.842965,0.489426,-0.471528,0.994265,0.813478,0.486424,0.082267,0.727292,0.830219,0.49042,-0.411239,0.98963,0.312782,0.575423,0.18513,0.999984,0.285399,0.596676,-0.185037,0.999992,0.523794,0.60273,0.515338,0.361705,0.552812,0.633933,-0.179016,0.998755,0.430409,0.728926,0.773584,0.780365,0.419519,0.797287,0.029433,0.998914,0.385829,0.75241,0.793813,0.87645,0.380148,0.817852,0.056428,0.998333,0.512907,0.752088,0.791639,0.919887,0.525399,0.822952,0.069224,0.998752
99,3.259867,0.568255,0.323939,-0.228591,0.999997,0.559493,0.307059,-0.217282,0.999995,0.558092,0.306393,-0.217809,0.999996,0.556823,0.305861,-0.217589,0.999997,0.553356,0.306994,-0.269536,0.999997,0.547173,0.306963,-0.270168,0.999998,0.539874,0.306724,-0.270347,0.999997,0.522835,0.311412,-0.11013,0.999998,0.503407,0.313342,-0.345319,0.999994,0.555125,0.340808,-0.176094,0.999987,0.546045,0.340031,-0.248436,0.999985,0.486313,0.386894,0.078665,0.999981,0.485143,0.397277,-0.43498,0.999984,0.647083,0.428396,0.175337,0.539424,0.665113,0.451153,-0.492575,0.995813,0.784241,0.471208,0.108409,0.675583,0.802337,0.481266,-0.418859,0.995256,0.819515,0.473027,0.113687,0.72304,0.840546,0.484613,-0.514791,0.995111,0.826517,0.475334,0.030778,0.729906,0.843863,0.481763,-0.471113,0.994302,0.814134,0.477429,0.073892,0.724516,0.830919,0.482494,-0.41056,0.989717,0.315273,0.568278,0.182677,0.999984,0.28546,0.589386,-0.182595,0.999992,0.524853,0.604925,0.47131,0.356059,0.552706,0.634759,-0.176892,0.998667,0.430352,0.730884,0.744391,0.770878,0.419508,0.797291,0.033541,0.998882,0.386058,0.755452,0.767963,0.869849,0.379692,0.817941,0.061188,0.998274,0.512662,0.752034,0.783191,0.916181,0.52567,0.824522,0.0805,0.998705
100,3.292795,0.559589,0.287884,-0.220093,0.999997,0.547767,0.27322,-0.210567,0.999995,0.545816,0.273295,-0.211086,0.999996,0.543967,0.273288,-0.21085,0.999997,0.54301,0.274458,-0.262262,0.999996,0.537035,0.275785,-0.262885,0.999998,0.529395,0.277445,-0.263044,0.999997,0.509212,0.282569,-0.110507,0.999998,0.492766,0.288932,-0.342501,0.999994,0.551006,0.306768,-0.169889,0.999986,0.542158,0.307568,-0.24153,0.999984,0.484451,0.366785,0.077242,0.99998,0.483194,0.377352,-0.435548,0.999983,0.644416,0.411351,0.167526,0.550256,0.663534,0.434821,-0.489327,0.995922,0.781316,0.443624,0.093098,0.681268,0.797588,0.455323,-0.408843,0.995307,0.818744,0.448701,0.097316,0.72753,0.838315,0.460127,-0.50481,0.995184,0.82552,0.449525,0.01227,0.734728,0.840133,0.456573,-0.463563,0.994406,0.811898,0.451489,0.057523,0.730066,0.826118,0.457627,-0.401763,0.989953,0.31521,0.5503,0.181854,0.999984,0.285454,0.570107,-0.181758,0.999992,0.52524,0.604569,0.464138,0.356875,0.552498,0.634746,-0.177309,0.998661,0.430571,0.73214,0.7158,0.772147,0.419496,0.79743,0.022776,0.998904,0.38832,0.757411,0.735151,0.868708,0.379566,0.819951,0.047027,0.998288,0.520301,0.752049,0.732779,0.917244,0.527033,0.824728,0.065139,0.998726
101,3.325723,0.556936,0.269497,-0.229691,0.999997,0.543054,0.254214,-0.218119,0.999994,0.540412,0.254344,-0.218656,0.999996,0.537878,0.254413,-0.218422,0.999997,0.539688,0.255994,-0.274881,0.999996,0.534031,0.257245,-0.275517,0.999998,0.526903,0.258565,-0.275719,0.999997,0.505513,0.26276,-0.112992,0.999998,0.491652,0.268263,-0.369309,0.999993,0.549113,0.286052,-0.178249,0.999985,0.541518,0.288091,-0.256768,0.999983,0.482875,0.354765,0.077289,0.999981,0.481694,0.359052,-0.473087,0.999984,0.642338,0.401197,0.17097,0.563268,0.661735,0.416041,-0.524958,0.996166,0.779456,0.432614,0.100968,0.688636,0.797645,0.439017,-0.447371,0.995576,0.816595,0.436929,0.099457,0.733783,0.838295,0.444272,-0.548443,0.995475,0.824992,0.435808,0.020358,0.741122,0.83994,0.438154,-0.501376,0.994748,0.811438,0.436386,0.06622,0.737763,0.826173,0.438216,-0.43836,0.990589,0.317284,0.537911,0.184929,0.999985,0.290224,0.555543,-0.18479,0.999993,0.525557,0.600988,0.521828,0.364994,0.551456,0.633208,-0.180136,0.998749,0.429554,0.732219,0.777787,0.784524,0.420857,0.797509,-0.035338,0.998995,0.38755,0.757368,0.797201,0.875226,0.379729,0.821054,-0.01606,0.998425,0.519852,0.752237,0.788692,0.922432,0.529997,0.825234,-0.015518,0.99883
102,3.358651,0.552466,0.246296,-0.220749,0.999997,0.539223,0.227654,-0.209017,0.999994,0.537111,0.226988,-0.20954,0.999996,0.535227,0.22643,-0.20931,0.999997,0.535072,0.228676,-0.266504,0.999996,0.529178,0.228794,-0.267126,0.999998,0.522103,0.229107,-0.267306,0.999997,0.501823,0.234599,-0.105148,0.999998,0.485065,0.237763,-0.361001,0.999993,0.544712,0.260909,-0.168426,0.999985,0.537902,0.261979,-0.247141,0.999983,0.47417,0.321991,0.081775,0.999981,0.479799,0.327267,-0.466059,0.999984,0.627357,0.365812,0.195156,0.569317,0.658765,0.378663,-0.526177,0.996352,0.762968,0.404491,0.160557,0.687528,0.797385,0.414598,-0.448566,0.995724,0.796539,0.405587,0.173671,0.732946,0.83811,0.417414,-0.547295,0.995651,0.804219,0.405292,0.087517,0.740516,0.839099,0.412771,-0.497162,0.994963,0.795028,0.408454,0.12573,0.737891,0.825462,0.414702,-0.43771,0.991007,0.319877,0.520171,0.188132,0.999986,0.29757,0.535428,-0.187985,0.999993,0.524944,0.602012,0.516858,0.366951,0.546711,0.6333,-0.182429,0.998819,0.430434,0.732438,0.7742,0.791959,0.420782,0.799404,-0.040959,0.999075,0.390134,0.757494,0.794048,0.879746,0.379604,0.824391,-0.020403,0.998543,0.521524,0.752516,0.785335,0.926139,0.525098,0.82563,-0.021706,0.998919
103,3.391579,0.55155,0.244982,-0.201728,0.999997,0.538189,0.226734,-0.191296,0.999993,0.536132,0.226406,-0.191854,0.999995,0.534372,0.226058,-0.191617,0.999996,0.53417,0.227484,-0.254835,0.999995,0.528618,0.227742,-0.255449,0.999997,0.522063,0.227908,-0.255591,0.999997,0.501406,0.233428,-0.091681,0.999997,0.485166,0.237148,-0.352078,0.999992,0.543115,0.261486,-0.149605,0.999982,0.53716,0.262302,-0.236096,0.999981,0.469951,0.319436,0.110269,0.999982,0.47943,0.322973,-0.458769,0.999985,0.622534,0.364036,0.215347,0.552011,0.654822,0.372806,-0.516569,0.996226,0.756664,0.398846,0.157531,0.668258,0.795696,0.409838,-0.436258,0.995595,0.790072,0.402839,0.168674,0.715379,0.836463,0.413987,-0.531073,0.995549,0.795608,0.401282,0.082378,0.722887,0.837986,0.409675,-0.479525,0.994858,0.789493,0.404679,0.122156,0.7204,0.823399,0.411803,-0.42329,0.990843,0.319752,0.516848,0.191131,0.999986,0.302049,0.532801,-0.190995,0.999993,0.524776,0.602262,0.495646,0.352825,0.544669,0.633067,-0.157803,0.998608,0.430389,0.734732,0.741797,0.784983,0.42075,0.800609,0.019518,0.999048,0.391004,0.758415,0.759134,0.876022,0.379343,0.824681,0.041845,0.998482,0.524941,0.753479,0.731049,0.924308,0.529064,0.826112,0.018429,0.99888
104,3.424507,0.549139,0.224515,-0.182595,0.999997,0.535803,0.207191,-0.168863,0.999992,0.533056,0.207451,-0.1694,0.999995,0.530337,0.207722,-0.169175,0.999996,0.532632,0.207649,-0.235646,0.999995,0.526931,0.208577,-0.236233,0.999997,0.520426,0.20956,-0.236331,0.999996,0.497699,0.217162,-0.061404,0.999997,0.484624,0.220052,-0.348889,0.999991,0.540972,0.241232,-0.12867,0.999981,0.535702,0.242706,-0.219796,0.99998,0.463826,0.310353,0.136069,0.999981,0.47672,0.30952,-0.458157,0.999984,0.6229,0.352292,0.222461,0.540137,0.653789,0.354624,-0.519466,0.99604,0.755205,0.389991,0.153668,0.640718,0.795146,0.391519,-0.427314,0.994568,0.789832,0.392249,0.163736,0.689977,0.836367,0.394823,-0.516806,0.994594,0.795563,0.390999,0.078098,0.698057,0.837951,0.394207,-0.466137,0.993783,0.786208,0.393747,0.118437,0.696832,0.822114,0.396009,-0.413671,0.989235,0.320702,0.511272,0.195312,0.999986,0.306315,0.525524,-0.195209,0.999993,0.524847,0.602444,0.487951,0.341714,0.541586,0.633011,-0.143446,0.998461,0.429802,0.736796,0.732262,0.77657,0.420701,0.801274,0.031292,0.999042,0.391101,0.762719,0.748859,0.870699,0.379446,0.82476,0.052466,0.998447,0.524424,0.75439,0.712793,0.920987,0.529438,0.826058,0.021998,0.998853
105,3.457435,0.544023,0.212302,-0.171149,0.999996,0.53181,0.195557,-0.156558,0.999991,0.528788,0.19601,-0.157069,0.999994,0.525587,0.196522,-0.156848,0.999995,0.528841,0.195192,-0.221909,0.999994,0.523715,0.195796,-0.222506,0.999997,0.517427,0.196386,-0.222596,0.999996,0.493183,0.204764,-0.043529,0.999997,0.482327,0.205475,-0.334002,0.99999,0.535452,0.229654,-0.115114,0.999977,0.531285,0.230192,-0.204449,0.999977,0.454481,0.302174,0.156688,0.999979,0.472566,0.29524,-0.454162,0.999983,0.617711,0.348743,0.228533,0.511375,0.650575,0.344572,-0.515933,0.995619,0.756578,0.383391,0.152943,0.59129,0.795863,0.382748,-0.42567,0.992714,0.790128,0.384014,0.162145,0.641147,0.836773,0.384495,-0.513378,0.992908,0.797214,0.382944,0.07753,0.649226,0.837633,0.383043,-0.460821,0.991919,0.787771,0.386299,0.117557,0.649344,0.821961,0.385829,-0.410985,0.986314,0.321628,0.505776,0.195274,0.999986,0.311333,0.517959,-0.195183,0.999993,0.521977,0.605933,0.463935,0.324991,0.538637,0.632899,-0.139953,0.998198,0.429785,0.740132,0.705708,0.760945,0.420671,0.802097,0.033134,0.999013,0.391572,0.766635,0.722077,0.863015,0.380278,0.825357,0.054026,0.998385,0.524793,0.758348,0.67751,0.91474,0.530089,0.829678,0.021541,0.998798
106,3.490363,0.543055,0.20035,-0.171785,0.999996,0.530312,0.182209,-0.155763,0.999991,0.52718,0.182313,-0.156269,0.999994,0.523946,0.18267,-0.156055,0.999995,0.527794,0.18181,-0.221797,0.999994,0.523069,0.181827,-0.222392,0.999997,0.517428,0.181906,-0.222486,0.999996,0.489558,0.189783,-0.036001,0.999996,0.482088,0.189189,-0.333604,0.99999,0.532966,0.217669,-0.114259,0.999976,0.529952,0.217838,-0.204555,0.999976,0.446301,0.291451,0.170615,0.999978,0.467162,0.281533,-0.459045,0.999982,0.617128,0.340371,0.253901,0.495193,0.646961,0.328488,-0.547814,0.995472,0.757136,0.37113,0.181058,0.55672,0.79436,0.365562,-0.470978,0.991664,0.790517,0.373633,0.191593,0.608129,0.832257,0.372604,-0.563962,0.991874,0.798974,0.371983,0.106603,0.617011,0.833378,0.370511,-0.514623,0.990837,0.787928,0.374444,0.145015,0.618338,0.819028,0.37142,-0.459059,0.984577,0.32545,0.498696,0.202162,0.999985,0.314199,0.509583,-0.202085,0.999993,0.513888,0.606681,0.495494,0.310179,0.535471,0.631756,-0.149616,0.998002,0.431723,0.740176,0.762201,0.745344,0.42066,0.803322,0.013424,0.998975,0.396184,0.767151,0.779945,0.854485,0.380248,0.826809,0.031473,0.998253,0.525988,0.759702,0.71699,0.908483,0.531538,0.833883,-0.028514,0.99874
107,3.523291,0.540332,0.190103,-0.159489,0.999995,0.529131,0.172098,-0.144474,0.999988,0.525771,0.171801,-0.144979,0.999992,0.522246,0.171705,-0.144773,0.999993,0.526603,0.171568,-0.211178,0.999993,0.521835,0.171102,-0.211783,0.999996,0.516354,0.170659,-0.211869,0.999995,0.4851,0.17565,-0.0277,0.999996,0.479522,0.174815,-0.3286,0.999988,0.527322,0.206978,-0.101524,0.999972,0.524929,0.207575,-0.192993,0.999973,0.440889,0.276489,0.178601,0.999977,0.458396,0.266218,-0.456625,0.999982,0.612589,0.32564,0.269312,0.471851,0.643848,0.312625,-0.543467,0.995318,0.758055,0.358023,0.201853,0.517899,0.793908,0.350733,-0.474028,0.990912,0.791702,0.360792,0.212236,0.569407,0.831385,0.357798,-0.567396,0.991201,0.799009,0.358089,0.12745,0.578802,0.832473,0.355308,-0.518909,0.990169,0.787873,0.36124,0.165894,0.580757,0.818647,0.356447,-0.462627,0.983371,0.332394,0.489396,0.201704,0.999983,0.316482,0.499757,-0.201641,0.999992,0.511804,0.606474,0.466881,0.291589,0.526761,0.630059,-0.151931,0.997486,0.433538,0.74009,0.7269,0.720869,0.420665,0.804546,0.007216,0.998882,0.398357,0.7669,0.743134,0.841166,0.380197,0.831661,0.022663,0.998052,0.52574,0.758522,0.666326,0.899067,0.531512,0.835863,-0.059729,0.998623
108,3.556218,0.537929,0.188057,-0.151722,0.999995,0.527208,0.171784,-0.137778,0.999988,0.523898,0.171852,-0.138288,0.999992,0.520294,0.171953,-0.138082,0.999993,0.525137,0.170968,-0.203173,0.999993,0.520381,0.170543,-0.203791,0.999996,0.514656,0.170003,-0.203869,0.999995,0.483473,0.175311,-0.023643,0.999996,0.47655,0.174312,-0.318489,0.999989,0.521479,0.206516,-0.094463,0.999972,0.518596,0.206519,-0.184003,0.999973,0.439496,0.276009,0.190658,0.999977,0.451588,0.264664,-0.452828,0.999983,0.610758,0.321383,0.289176,0.462767,0.638947,0.308948,-0.536845,0.995487,0.758569,0.356102,0.216987,0.500068,0.79236,0.351368,-0.482781,0.991275,0.792023,0.36129,0.226502,0.552399,0.829242,0.359687,-0.580392,0.991548,0.799494,0.358828,0.137009,0.562623,0.831993,0.355304,-0.533438,0.990588,0.78878,0.361281,0.179007,0.564897,0.81857,0.356217,-0.472515,0.984003,0.338047,0.486496,0.202404,0.999983,0.317475,0.498924,-0.202324,0.999992,0.512481,0.60637,0.415441,0.284915,0.521933,0.628927,-0.16546,0.997231,0.433375,0.742913,0.642824,0.715766,0.420365,0.805225,-0.021733,0.998855,0.398252,0.768488,0.655978,0.841518,0.380094,0.831632,-0.007352,0.997992,0.525558,0.760391,0.580192,0.899626,0.534327,0.836761,-0.092386,0.99861
109,3.589146,0.530281,0.167627,-0.156245,0.999995,0.520132,0.149831,-0.14259,0.999988,0.516814,0.149507,-0.143098,0.999992,0.513092,0.149177,-0.142887,0.999993,0.517845,0.148891,-0.206303,0.999993,0.513275,0.148408,-0.206911,0.999996,0.507723,0.147798,-0.207005,0.999995,0.477113,0.153234,-0.028546,0.999995,0.469489,0.152549,-0.319663,0.999989,0.516717,0.182985,-0.099661,0.999972,0.514269,0.182818,-0.187527,0.999974,0.433516,0.25355,0.180159,0.999978,0.448919,0.242439,-0.452639,0.999984,0.604668,0.304612,0.27385,0.468867,0.636233,0.290924,-0.537975,0.995773,0.752196,0.33422,0.202274,0.489843,0.790472,0.331069,-0.503013,0.991821,0.781043,0.338545,0.211506,0.542461,0.827697,0.339029,-0.602375,0.992071,0.791284,0.336783,0.124184,0.553766,0.829839,0.335238,-0.556032,0.991185,0.781613,0.339018,0.165548,0.55569,0.817344,0.336255,-0.493152,0.984933,0.344747,0.47633,0.201816,0.999983,0.328779,0.485223,-0.201733,0.999992,0.500823,0.606269,0.459381,0.294441,0.512581,0.627312,-0.173339,0.997398,0.433282,0.743274,0.736362,0.727575,0.419372,0.80609,-0.053244,0.998937,0.398026,0.769155,0.752888,0.8488,0.379976,0.834129,-0.041941,0.998106,0.525396,0.760107,0.615016,0.905041,0.534339,0.837346,-0.14636,0.9987
110,3.622074,0.523113,0.156123,-0.1567,0.999995,0.512793,0.139966,-0.143196,0.999986,0.50991,0.140112,-0.143717,0.999991,0.506639,0.140207,-0.143496,0.999992,0.510338,0.138515,-0.206498,0.999992,0.505144,0.137842,-0.20714,0.999996,0.49875,0.137005,-0.207251,0.999995,0.470513,0.143364,-0.026685,0.999995,0.459218,0.141946,-0.313602,0.999988,0.509276,0.17332,-0.098288,0.999968,0.505024,0.17347,-0.185589,0.999971,0.430348,0.247418,0.19485,0.999978,0.44442,0.233283,-0.439456,0.999984,0.603943,0.296808,0.307838,0.47442,0.631583,0.28416,-0.515873,0.995977,0.751281,0.32493,0.247851,0.493844,0.788609,0.322266,-0.490655,0.992354,0.781932,0.328171,0.2636,0.545891,0.826253,0.329337,-0.596451,0.992585,0.789835,0.324143,0.170816,0.558108,0.828546,0.322991,-0.545351,0.99177,0.781119,0.32654,0.210245,0.559613,0.816978,0.32411,-0.478613,0.985861,0.354337,0.469096,0.202788,0.999983,0.333642,0.479128,-0.202693,0.999992,0.500522,0.605898,0.489356,0.302384,0.50662,0.626055,-0.177153,0.99752,0.432743,0.743021,0.799688,0.738354,0.419254,0.807599,-0.061975,0.999009,0.397895,0.768818,0.820514,0.854846,0.379922,0.836202,-0.051008,0.998196,0.525355,0.761119,0.725248,0.909756,0.533365,0.837269,-0.161598,0.998778
111,3.655002,0.51173,0.136765,-0.158381,0.999992,0.499958,0.118959,-0.145136,0.999979,0.49722,0.118919,-0.145658,0.999986,0.494335,0.119029,-0.145439,0.999988,0.497033,0.117972,-0.207833,0.999987,0.492275,0.117587,-0.208458,0.999993,0.48686,0.117386,-0.20856,0.999992,0.45752,0.126164,-0.021888,0.999992,0.447703,0.124182,-0.314113,0.999983,0.501029,0.153884,-0.099867,0.99996,0.498072,0.154289,-0.187566,0.999964,0.422883,0.230557,0.201464,0.999977,0.436928,0.213757,-0.43586,0.999984,0.59582,0.278752,0.327612,0.472623,0.625711,0.260365,-0.527252,0.996071,0.74112,0.307473,0.277639,0.488145,0.78599,0.299216,-0.531774,0.992721,0.7711,0.310492,0.293554,0.539262,0.822784,0.307532,-0.637394,0.992945,0.776533,0.305799,0.201139,0.552886,0.826767,0.300654,-0.589789,0.992189,0.770037,0.308186,0.24037,0.553984,0.814936,0.301072,-0.521882,0.98645,0.363604,0.458305,0.203694,0.999981,0.341209,0.465329,-0.2036,0.999992,0.491334,0.604343,0.519383,0.299122,0.496183,0.623922,-0.178305,0.997551,0.432636,0.741502,0.845971,0.7392,0.419011,0.80794,-0.081309,0.999052,0.398924,0.767036,0.868061,0.854517,0.378813,0.839564,-0.074158,0.998182,0.525225,0.761546,0.771237,0.910781,0.533593,0.838316,-0.218469,0.998811
112,3.68793,0.510826,0.138403,-0.142093,0.999988,0.500227,0.120451,-0.130461,0.999971,0.49696,0.119977,-0.131027,0.999979,0.493581,0.119435,-0.13081,0.999982,0.497613,0.119618,-0.192397,0.999982,0.491797,0.118357,-0.19307,0.999991,0.485774,0.117239,-0.193212,0.99999,0.459574,0.123974,-0.015428,0.999988,0.448367,0.123251,-0.298476,0.999977,0.497893,0.154045,-0.083831,0.999946,0.494985,0.153824,-0.170047,0.999952,0.421775,0.228972,0.198983,0.999976,0.434029,0.211343,-0.414215,0.999984,0.593592,0.277355,0.313868,0.456644,0.621288,0.257268,-0.509007,0.996059,0.731847,0.307423,0.255711,0.469582,0.784412,0.296137,-0.512432,0.993038,0.765316,0.310504,0.270873,0.51942,0.820848,0.305467,-0.61458,0.993236,0.771432,0.30707,0.18012,0.533597,0.823996,0.301095,-0.564351,0.992535,0.764256,0.308809,0.219053,0.534334,0.812818,0.301363,-0.501425,0.986887,0.369003,0.4557,0.20274,0.999981,0.343856,0.46501,-0.202653,0.999992,0.490181,0.600731,0.513767,0.287137,0.489882,0.622739,-0.204133,0.997171,0.432441,0.739177,0.835259,0.722404,0.419038,0.808029,-0.139748,0.99897,0.398789,0.763362,0.857565,0.84369,0.378809,0.83956,-0.13616,0.997813,0.518432,0.761413,0.781539,0.904149,0.53393,0.838743,-0.274848,0.998689
113,3.720858,0.509403,0.137292,-0.144764,0.999985,0.49913,0.11938,-0.132994,0.999963,0.495581,0.118997,-0.13359,0.999974,0.492385,0.118612,-0.133366,0.999977,0.495662,0.118231,-0.193496,0.999978,0.489263,0.117345,-0.194234,0.999989,0.483578,0.116735,-0.194413,0.999988,0.459218,0.123312,-0.018808,0.999984,0.446643,0.122918,-0.301061,0.999973,0.496858,0.153956,-0.08634,0.999933,0.493086,0.153791,-0.173381,0.999942,0.421827,0.229447,0.194562,0.999974,0.434251,0.211342,-0.412038,0.999985,0.594498,0.277527,0.302574,0.441744,0.621001,0.258068,-0.499028,0.996083,0.7337,0.306101,0.246366,0.451001,0.783772,0.296688,-0.508366,0.993355,0.764629,0.309423,0.260712,0.500311,0.819429,0.306781,-0.606828,0.993523,0.771378,0.305783,0.164799,0.515045,0.822153,0.302454,-0.553069,0.99287,0.763935,0.307877,0.20813,0.515301,0.811573,0.302395,-0.494893,0.98733,0.368855,0.455857,0.201864,0.99998,0.344555,0.466234,-0.201791,0.999992,0.489649,0.598964,0.509433,0.28004,0.488663,0.6215,-0.199035,0.996962,0.432597,0.73799,0.826237,0.713603,0.419049,0.807976,-0.108728,0.998932,0.39987,0.761945,0.848348,0.837649,0.378387,0.840253,-0.102275,0.997559,0.521032,0.761453,0.768028,0.900718,0.534019,0.840692,-0.243533,0.998608
114,3.753786,0.502058,0.1267,-0.148293,0.999984,0.49246,0.109867,-0.135214,0.999961,0.489741,0.109702,-0.135797,0.999972,0.486838,0.10961,-0.135583,0.999976,0.489108,0.108865,-0.196633,0.999976,0.482831,0.107847,-0.197346,0.999988,0.476287,0.106783,-0.19751,0.999987,0.450482,0.11439,-0.007775,0.999983,0.437149,0.111773,-0.292533,0.99997,0.488935,0.143763,-0.087709,0.999929,0.484774,0.143427,-0.17495,0.999938,0.412059,0.220255,0.207531,0.999974,0.427746,0.200568,-0.39587,0.999985,0.587653,0.265363,0.316896,0.43672,0.615344,0.242269,-0.497365,0.996077,0.730911,0.290789,0.246898,0.449731,0.778825,0.281922,-0.506154,0.993526,0.764418,0.29141,0.25878,0.497713,0.815659,0.287638,-0.606674,0.993701,0.770508,0.287311,0.166948,0.51354,0.819283,0.281657,-0.559104,0.993085,0.763276,0.290459,0.209609,0.512724,0.807923,0.284227,-0.495817,0.987566,0.375295,0.449698,0.201294,0.999979,0.352981,0.456676,-0.201231,0.999992,0.484363,0.598206,0.496,0.27646,0.48231,0.621634,-0.198273,0.996853,0.432193,0.737989,0.824026,0.712863,0.418901,0.808361,-0.136269,0.99894,0.399826,0.76186,0.84625,0.837581,0.377705,0.841533,-0.134611,0.997467,0.522542,0.761538,0.721331,0.901883,0.534021,0.840727,-0.298058,0.9986
115,3.786714,0.500133,0.125927,-0.14008,0.999977,0.488582,0.107829,-0.130409,0.999945,0.485332,0.107365,-0.130993,0.99996,0.481566,0.106973,-0.130768,0.999965,0.486483,0.107232,-0.19135,0.999966,0.480723,0.106501,-0.192064,0.999984,0.474352,0.10591,-0.192234,0.999982,0.447769,0.11314,-0.011641,0.999975,0.437105,0.113071,-0.294499,0.99996,0.486601,0.142474,-0.081974,0.999895,0.483491,0.141811,-0.167589,0.999912,0.405623,0.217325,0.202791,0.999971,0.427591,0.197386,-0.400022,0.999984,0.582072,0.266238,0.300922,0.416822,0.616066,0.244347,-0.492539,0.995979,0.724112,0.287565,0.222883,0.425734,0.779066,0.28141,-0.469166,0.993565,0.752529,0.287323,0.237114,0.473525,0.815686,0.287226,-0.56262,0.993732,0.763149,0.285425,0.15328,0.488914,0.81811,0.282868,-0.514053,0.993141,0.757572,0.287629,0.189354,0.487954,0.80697,0.284116,-0.457273,0.9875,0.37575,0.449007,0.200658,0.999978,0.358786,0.45746,-0.200632,0.999991,0.482442,0.597697,0.526253,0.270431,0.480958,0.620989,-0.178376,0.996647,0.432232,0.738,0.876509,0.708845,0.418779,0.808529,-0.112911,0.998916,0.400937,0.761627,0.902201,0.837189,0.377656,0.841489,-0.107402,0.997273,0.522394,0.761499,0.825651,0.899944,0.534009,0.842273,-0.247571,0.998529
116,3.819642,0.491044,0.120753,-0.13276,0.999974,0.480833,0.102689,-0.118742,0.999939,0.477373,0.101902,-0.119352,0.999956,0.474438,0.101215,-0.11917,0.999961,0.477599,0.101635,-0.18234,0.999962,0.472512,0.100567,-0.183034,0.999982,0.467125,0.09946,-0.183205,0.999979,0.438661,0.104502,0.006808,0.999973,0.427976,0.103588,-0.285214,0.999955,0.479702,0.137129,-0.070987,0.999888,0.474171,0.13671,-0.159958,0.999904,0.403908,0.215196,0.216263,0.99997,0.420304,0.192829,-0.398222,0.999983,0.579037,0.260378,0.328087,0.411432,0.60458,0.229948,-0.503797,0.995859,0.723574,0.281718,0.263268,0.426611,0.769607,0.262996,-0.515865,0.993403,0.75591,0.28147,0.277833,0.473059,0.808298,0.269881,-0.613409,0.993607,0.763932,0.278149,0.192707,0.489556,0.810946,0.265511,-0.568838,0.993051,0.757353,0.280987,0.228967,0.48771,0.799656,0.266909,-0.506446,0.987154,0.385674,0.443957,0.201226,0.999975,0.36528,0.451156,-0.201201,0.99999,0.476642,0.596875,0.528826,0.263376,0.474129,0.620567,-0.241079,0.996578,0.431123,0.738265,0.867551,0.70789,0.418449,0.809014,-0.21778,0.998924,0.400898,0.761707,0.891167,0.837317,0.377581,0.841842,-0.219137,0.997095,0.522307,0.761671,0.802631,0.90094,0.533918,0.844959,-0.397666,0.998533
117,3.85257,0.484552,0.116496,-0.127411,0.999969,0.47506,0.098291,-0.114919,0.999932,0.470764,0.097751,-0.115571,0.99995,0.466981,0.097218,-0.115402,0.999958,0.472406,0.097361,-0.177821,0.999957,0.466135,0.096517,-0.178507,0.999978,0.460383,0.095786,-0.178668,0.999976,0.432439,0.101519,0.001906,0.999971,0.421794,0.101572,-0.286146,0.999947,0.472683,0.134538,-0.068285,0.999879,0.468868,0.133555,-0.156382,0.999891,0.400332,0.211964,0.210834,0.999969,0.409343,0.186847,-0.399726,0.999982,0.5784,0.253905,0.326274,0.400189,0.598771,0.225097,-0.517051,0.995464,0.72578,0.272072,0.240377,0.421656,0.764413,0.256328,-0.531299,0.992497,0.758007,0.271083,0.248338,0.46643,0.80124,0.26184,-0.626053,0.992762,0.765986,0.267253,0.175737,0.483674,0.803438,0.257621,-0.585859,0.992222,0.758965,0.269473,0.210432,0.480189,0.792151,0.258581,-0.523561,0.985246,0.394143,0.439751,0.201106,0.999972,0.371493,0.446164,-0.201081,0.999989,0.468203,0.595936,0.537646,0.252621,0.461176,0.620601,-0.232673,0.995997,0.430938,0.739184,0.874557,0.698859,0.418211,0.809979,-0.210761,0.998808,0.401018,0.761778,0.897119,0.833634,0.377303,0.843269,-0.214068,0.996384,0.522396,0.762766,0.799298,0.898396,0.533901,0.849407,-0.404813,0.998375
118,3.885498,0.482779,0.115222,-0.183849,0.999962,0.470543,0.096237,-0.167639,0.999927,0.467425,0.095825,-0.168396,0.999945,0.464883,0.09552,-0.168284,0.999956,0.466611,0.09471,-0.228526,0.999952,0.461227,0.093802,-0.22924,0.999975,0.454598,0.093136,-0.22945,0.999973,0.430209,0.099581,-0.0411,0.99997,0.416318,0.09825,-0.320177,0.999937,0.469466,0.131892,-0.120589,0.999872,0.464404,0.131488,-0.206366,0.999878,0.402856,0.210031,0.166448,0.999968,0.406403,0.186274,-0.42173,0.99998,0.576719,0.257562,0.294756,0.393566,0.598697,0.223977,-0.569517,0.994963,0.727051,0.273586,0.225822,0.428941,0.760653,0.255196,-0.601086,0.991478,0.759489,0.271605,0.232352,0.470918,0.798483,0.258776,-0.695022,0.991589,0.767112,0.266479,0.165566,0.489142,0.801206,0.253058,-0.6638,0.991052,0.759755,0.269208,0.198322,0.483425,0.789764,0.255359,-0.59704,0.98266,0.39887,0.436559,0.200591,0.99997,0.374672,0.443308,-0.200598,0.999987,0.463364,0.594246,0.572895,0.247344,0.45689,0.61968,-0.236767,0.995329,0.431094,0.737873,0.915805,0.68992,0.416336,0.810452,-0.210999,0.998543,0.40221,0.760683,0.938877,0.827842,0.377297,0.844031,-0.214007,0.994809,0.522979,0.762756,0.851328,0.893172,0.535139,0.850862,-0.402499,0.997989
119,3.918426,0.479741,0.114673,-0.178248,0.999961,0.46617,0.095107,-0.162864,0.999928,0.463216,0.094567,-0.163565,0.999944,0.460328,0.094216,-0.163426,0.999956,0.463195,0.093736,-0.224169,0.999952,0.457699,0.092821,-0.22487,0.999974,0.450868,0.092212,-0.225063,0.999972,0.425577,0.099095,-0.038603,0.99997,0.41213,0.097972,-0.320523,0.999935,0.46539,0.130834,-0.11603,0.999874,0.46136,0.131331,-0.20237,0.999877,0.402389,0.209306,0.168631,0.999968,0.401722,0.18677,-0.429419,0.999979,0.576439,0.256118,0.286323,0.39535,0.595884,0.222382,-0.584104,0.99483,0.727964,0.273173,0.200015,0.442759,0.75931,0.251886,-0.617803,0.991051,0.760111,0.268994,0.204204,0.481138,0.79738,0.253645,-0.715004,0.991,0.76797,0.263504,0.133238,0.500182,0.79949,0.247841,-0.681499,0.99048,0.760469,0.266468,0.170251,0.492248,0.787562,0.250512,-0.613072,0.981261,0.40086,0.434749,0.200772,0.999969,0.377351,0.441124,-0.200787,0.999986,0.457841,0.594333,0.574809,0.244592,0.454991,0.619373,-0.251373,0.995001,0.431008,0.738045,0.928917,0.685181,0.415801,0.810673,-0.233856,0.998399,0.402205,0.761083,0.953012,0.82524,0.377328,0.844147,-0.238323,0.993792,0.523673,0.762774,0.859748,0.890816,0.536509,0.850553,-0.438926,0.997787
120,3.951354,0.477155,0.112497,-0.179339,0.999958,0.463266,0.093369,-0.163085,0.999925,0.460082,0.092795,-0.163793,0.999941,0.457242,0.092375,-0.163667,0.999954,0.460046,0.091988,-0.225985,0.999949,0.454937,0.091025,-0.22668,0.999972,0.448085,0.090422,-0.226881,0.99997,0.421886,0.096069,-0.038174,0.999969,0.408961,0.095444,-0.326714,0.99993,0.460904,0.128618,-0.1167,0.999869,0.45718,0.129054,-0.20521,0.99987,0.401652,0.207478,0.169224,0.999966,0.396681,0.186748,-0.441806,0.999977,0.574217,0.254555,0.276261,0.393083,0.591182,0.218677,-0.601368,0.994623,0.725553,0.267664,0.177689,0.447117,0.755892,0.24895,-0.634854,0.990188,0.758505,0.263964,0.180357,0.482178,0.793217,0.252808,-0.732805,0.989833,0.766769,0.258604,0.107443,0.501845,0.795261,0.246403,-0.698085,0.989306,0.759314,0.261684,0.14653,0.491841,0.783521,0.248594,-0.629376,0.978661,0.404162,0.435225,0.201537,0.999966,0.383083,0.441389,-0.201574,0.999984,0.454226,0.600512,0.583556,0.239763,0.451612,0.621348,-0.241585,0.99427,0.430933,0.739456,0.945141,0.675301,0.415713,0.811496,-0.201375,0.998075,0.402736,0.762677,0.969703,0.819587,0.377353,0.844794,-0.201517,0.992048,0.526773,0.763443,0.867535,0.884771,0.536518,0.852385,-0.393966,0.9973
121,3.984282,0.472575,0.112526,-0.192788,0.999953,0.458987,0.093843,-0.173717,0.999921,0.455411,0.093285,-0.174454,0.999936,0.4527,0.092835,-0.174353,0.999952,0.455029,0.092439,-0.241374,0.999946,0.449884,0.091436,-0.242059,0.999969,0.443963,0.090726,-0.242293,0.999968,0.418584,0.096534,-0.039156,0.999968,0.405793,0.095738,-0.34841,0.999925,0.456464,0.128595,-0.125982,0.999868,0.452743,0.128706,-0.220952,0.999864,0.398805,0.208739,0.175818,0.999966,0.392356,0.186804,-0.477957,0.999974,0.571712,0.254073,0.296614,0.394351,0.589477,0.216367,-0.664172,0.993937,0.725245,0.265731,0.179874,0.459646,0.754204,0.244204,-0.718524,0.988378,0.757292,0.26185,0.18493,0.491526,0.790804,0.247849,-0.825405,0.987619,0.764999,0.256429,0.110284,0.51184,0.792929,0.242494,-0.788926,0.987071,0.757826,0.259283,0.147289,0.499583,0.78106,0.244705,-0.712545,0.973844,0.408526,0.435752,0.210891,0.999964,0.389239,0.440834,-0.210968,0.999982,0.450351,0.604221,0.638402,0.240037,0.448094,0.623862,-0.244823,0.993702,0.429568,0.739768,1.051972,0.671426,0.415417,0.812047,-0.187702,0.997761,0.402824,0.763374,1.081332,0.816044,0.377429,0.845453,-0.186873,0.9901,0.528186,0.764022,0.970278,0.880164,0.536503,0.853357,-0.394019,0.996812
122,4.01721,0.468027,0.113868,-0.179687,0.999949,0.456173,0.095453,-0.159665,0.999917,0.45237,0.094976,-0.160465,0.999932,0.449541,0.094697,-0.160398,0.99995,0.451452,0.094041,-0.22734,0.999942,0.445438,0.093113,-0.22804,0.999966,0.439746,0.092398,-0.228304,0.999965,0.415749,0.097996,-0.027209,0.999966,0.402426,0.097067,-0.338189,0.999918,0.452018,0.130193,-0.113734,0.999862,0.447681,0.130101,-0.209271,0.999854,0.394874,0.208847,0.180904,0.999965,0.388929,0.185911,-0.472816,0.999973,0.569897,0.252963,0.300595,0.393039,0.583661,0.21389,-0.632436,0.993883,0.725525,0.266953,0.21402,0.467455,0.753001,0.241624,-0.676681,0.988071,0.757195,0.26149,0.222221,0.495966,0.790445,0.243696,-0.777342,0.987089,0.764925,0.255962,0.149279,0.516803,0.792779,0.238341,-0.739378,0.986553,0.75699,0.259039,0.18335,0.502747,0.781106,0.240919,-0.670003,0.972557,0.411312,0.43618,0.209311,0.999961,0.394817,0.44024,-0.209456,0.99998,0.442133,0.607539,0.607177,0.237652,0.444309,0.624563,-0.226241,0.992906,0.43014,0.740936,0.977271,0.667389,0.415295,0.812802,-0.176667,0.997485,0.408082,0.763588,1.002942,0.815329,0.376899,0.84673,-0.179781,0.988698,0.529941,0.764996,0.907414,0.87738,0.536231,0.85434,-0.370779,0.99642
123,4.050138,0.465225,0.113215,-0.141721,0.999946,0.453854,0.0955,-0.122174,0.999914,0.450485,0.09507,-0.12294,0.999928,0.447776,0.094792,-0.122843,0.999948,0.449196,0.094274,-0.185144,0.99994,0.442187,0.093133,-0.185864,0.999964,0.435962,0.092398,-0.186114,0.999963,0.413965,0.098623,0.005705,0.999964,0.39941,0.097803,-0.282514,0.999913,0.450471,0.129698,-0.078479,0.999853,0.44528,0.129913,-0.167273,0.999841,0.390857,0.207937,0.197337,0.999963,0.388587,0.185058,-0.409378,0.999973,0.56338,0.25152,0.302485,0.377417,0.57855,0.213839,-0.591092,0.993949,0.721095,0.265548,0.22547,0.459369,0.748307,0.239293,-0.658461,0.988033,0.753351,0.260714,0.234363,0.486363,0.78807,0.242666,-0.736941,0.986884,0.759434,0.254998,0.163044,0.5073,0.789816,0.237376,-0.70536,0.986354,0.751552,0.258199,0.195763,0.491883,0.777533,0.239546,-0.653282,0.971956,0.413877,0.435793,0.198749,0.999961,0.395673,0.438691,-0.198943,0.99998,0.441177,0.608982,0.521274,0.229491,0.442493,0.624827,-0.235742,0.991777,0.4302,0.744694,0.81984,0.656805,0.41506,0.812774,-0.197775,0.997114,0.407914,0.766157,0.839194,0.812384,0.376971,0.846715,-0.200016,0.987256,0.530488,0.768248,0.755514,0.872063,0.535735,0.854997,-0.379935,0.995947
124,4.083066,0.458638,0.115415,-0.149795,0.999945,0.445672,0.097567,-0.134045,0.999913,0.442127,0.097147,-0.134846,0.999927,0.439349,0.096847,-0.134762,0.999947,0.441452,0.096297,-0.19289,0.999938,0.435661,0.095209,-0.193612,0.999962,0.42835,0.094489,-0.193865,0.999961,0.404989,0.100774,-0.016711,0.999963,0.390762,0.099993,-0.285484,0.999909,0.443877,0.131642,-0.089141,0.999848,0.439171,0.132055,-0.17305,0.999831,0.387235,0.209807,0.162414,0.999963,0.384328,0.187457,-0.411144,0.999971,0.55806,0.252003,0.252439,0.36634,0.578996,0.21313,-0.588418,0.993603,0.716722,0.263687,0.185747,0.454605,0.748975,0.237906,-0.635699,0.986759,0.749521,0.259144,0.192526,0.479758,0.788437,0.242964,-0.724838,0.985373,0.755381,0.253571,0.122102,0.50106,0.790792,0.23747,-0.689812,0.984846,0.747558,0.256488,0.156705,0.484064,0.778144,0.239212,-0.629416,0.968909,0.420273,0.435519,0.187884,0.999958,0.404673,0.438893,-0.188106,0.999978,0.44095,0.609905,0.486688,0.220666,0.441094,0.625331,-0.231618,0.989854,0.430252,0.747808,0.779108,0.643093,0.413992,0.812961,-0.191786,0.996551,0.408868,0.769773,0.798019,0.806215,0.37592,0.847656,-0.192226,0.985189,0.530502,0.771113,0.702277,0.865056,0.534032,0.856946,-0.369408,0.995225
125,4.115994,0.454234,0.116737,-0.151,0.999946,0.444399,0.098648,-0.135568,0.999916,0.440978,0.098192,-0.136374,0.999928,0.437997,0.097891,-0.136291,0.999949,0.439466,0.097318,-0.194335,0.99994,0.431997,0.096256,-0.195043,0.999963,0.424493,0.095666,-0.195277,0.999962,0.403612,0.101981,-0.019436,0.999963,0.386804,0.101363,-0.290363,0.999911,0.441403,0.132995,-0.091053,0.999851,0.435521,0.133393,-0.174448,0.999833,0.387662,0.210782,0.16191,0.999964,0.382987,0.188585,-0.411175,0.999971,0.558974,0.252532,0.250362,0.359299,0.577238,0.215912,-0.587597,0.993442,0.717278,0.265164,0.174888,0.454459,0.748223,0.238747,-0.627617,0.986186,0.750685,0.261412,0.181512,0.476975,0.787363,0.244245,-0.724023,0.984413,0.757335,0.256155,0.108086,0.498578,0.790011,0.239035,-0.684375,0.983865,0.748223,0.25876,0.144546,0.480321,0.778001,0.24022,-0.620459,0.966848,0.426032,0.434996,0.184896,0.999958,0.406674,0.438055,-0.18513,0.999978,0.441331,0.610649,0.485604,0.212127,0.439165,0.625893,-0.238456,0.988214,0.430214,0.748204,0.790738,0.623644,0.413127,0.814539,-0.210871,0.995883,0.408736,0.771514,0.811093,0.794015,0.375991,0.848891,-0.213938,0.982233,0.528933,0.771838,0.714886,0.853546,0.533996,0.856923,-0.408194,0.994405
126,4.148922,0.448633,0.117648,-0.125596,0.999948,0.435571,0.099417,-0.108397,0.999919,0.432275,0.0988,-0.109141,0.99993,0.429641,0.098231,-0.109038,0.999951,0.431264,0.09809,-0.16833,0.999942,0.425761,0.096857,-0.169034,0.999964,0.41882,0.096215,-0.169246,0.999964,0.396474,0.10211,0.008172,0.999964,0.380801,0.101959,-0.267071,0.999913,0.435081,0.133342,-0.067016,0.999857,0.430613,0.134158,-0.15162,0.999838,0.384765,0.21166,0.187717,0.999965,0.376484,0.189398,-0.396342,0.999972,0.558607,0.253256,0.270599,0.35505,0.573295,0.217785,-0.573474,0.993532,0.718066,0.264938,0.185521,0.459892,0.744593,0.237448,-0.61601,0.986279,0.751311,0.261947,0.192245,0.478986,0.784636,0.243415,-0.705478,0.98426,0.757613,0.256503,0.121753,0.500773,0.787431,0.237881,-0.669266,0.983697,0.748852,0.258796,0.156316,0.481408,0.775919,0.238582,-0.609484,0.966364,0.429219,0.434171,0.185518,0.999959,0.409566,0.437598,-0.185741,0.999978,0.440185,0.611569,0.481719,0.202829,0.439081,0.626172,-0.258688,0.986762,0.429838,0.750313,0.780353,0.602576,0.412664,0.816429,-0.268884,0.995345,0.408483,0.774269,0.799982,0.781853,0.376069,0.849374,-0.276154,0.97975,0.527455,0.773289,0.705783,0.840979,0.533973,0.858383,-0.475805,0.993735
127,4.181849,0.442101,0.11787,-0.127959,0.99995,0.42854,0.09999,-0.110246,0.999923,0.425375,0.099529,-0.110964,0.999933,0.423139,0.099267,-0.110851,0.999953,0.422089,0.098543,-0.16984,0.999945,0.416401,0.097764,-0.170552,0.999966,0.409634,0.097455,-0.170768,0.999965,0.39025,0.103871,0.011873,0.999965,0.372284,0.103275,-0.261207,0.999916,0.429915,0.13411,-0.067611,0.999861,0.42449,0.134511,-0.151814,0.999842,0.382192,0.212295,0.197297,0.999965,0.372105,0.190113,-0.390462,0.999973,0.554894,0.25399,0.274791,0.349488,0.567649,0.21897,-0.56603,0.993512,0.718344,0.264594,0.18661,0.459759,0.743521,0.237938,-0.613876,0.986252,0.751326,0.261557,0.193778,0.477061,0.784197,0.243033,-0.702267,0.984067,0.758076,0.256972,0.122167,0.499124,0.785789,0.238216,-0.665624,0.98351,0.749353,0.259144,0.156963,0.479269,0.77508,0.239443,-0.606979,0.965917,0.430705,0.432996,0.185483,0.99996,0.409638,0.436476,-0.185716,0.999979,0.440497,0.612694,0.475169,0.196335,0.439379,0.62671,-0.262814,0.986018,0.429384,0.751969,0.774783,0.592462,0.412189,0.816894,-0.279828,0.99517,0.407922,0.775696,0.795072,0.778068,0.375822,0.849701,-0.287188,0.978833,0.525829,0.775311,0.696754,0.836343,0.533982,0.858672,-0.491264,0.993541
128,4.214777,0.437667,0.119465,-0.104374,0.999952,0.423741,0.101875,-0.084038,0.999926,0.42036,0.101751,-0.084736,0.999936,0.417983,0.101826,-0.084615,0.999955,0.417149,0.099908,-0.144941,0.999947,0.411105,0.099067,-0.145661,0.999967,0.404887,0.098809,-0.145877,0.999967,0.384489,0.106696,0.043983,0.999966,0.366819,0.105126,-0.23588,0.999919,0.425788,0.136407,-0.042385,0.999867,0.420435,0.136613,-0.128274,0.999848,0.378999,0.217263,0.235569,0.999966,0.369088,0.191316,-0.372045,0.999974,0.551591,0.255096,0.314166,0.346203,0.564728,0.219072,-0.533247,0.993678,0.715288,0.263648,0.211445,0.465675,0.73996,0.239585,-0.567844,0.986799,0.74885,0.260927,0.218324,0.480336,0.780851,0.244379,-0.656175,0.984563,0.754613,0.256507,0.145534,0.502413,0.781902,0.239689,-0.618896,0.984019,0.746394,0.258471,0.180806,0.482173,0.770959,0.24079,-0.560007,0.966876,0.432481,0.433246,0.185781,0.999961,0.413491,0.436418,-0.18606,0.99998,0.441329,0.613927,0.46622,0.189682,0.439726,0.627889,-0.272772,0.985159,0.428841,0.753999,0.764473,0.576434,0.410606,0.817334,-0.304667,0.994901,0.407521,0.779823,0.785325,0.772782,0.375073,0.849962,-0.313087,0.977725,0.525095,0.776454,0.693051,0.827666,0.53373,0.859193,-0.515372,0.993193
129,4.247705,0.43543,0.11992,-0.135883,0.999954,0.421874,0.102739,-0.114076,0.999929,0.418892,0.10263,-0.114806,0.999938,0.416192,0.10282,-0.114692,0.999956,0.41639,0.100842,-0.172664,0.999949,0.409438,0.100097,-0.173399,0.999968,0.402028,0.100097,-0.173639,0.999968,0.382375,0.108972,0.019957,0.999967,0.364633,0.107697,-0.245637,0.999922,0.425436,0.137598,-0.072782,0.999871,0.41997,0.137724,-0.15564,0.999852,0.379834,0.218832,0.206199,0.999967,0.368082,0.195183,-0.372889,0.999975,0.551523,0.255486,0.273221,0.346012,0.564883,0.219796,-0.53386,0.993773,0.715468,0.26264,0.169888,0.471817,0.739198,0.239649,-0.574556,0.987109,0.748592,0.260126,0.174003,0.483827,0.779009,0.243932,-0.661752,0.984754,0.754914,0.255717,0.100193,0.505963,0.780172,0.240233,-0.627747,0.984214,0.745983,0.257599,0.138875,0.485308,0.769135,0.241102,-0.56785,0.967219,0.435018,0.433117,0.184606,0.999963,0.412703,0.436485,-0.184889,0.99998,0.44178,0.613964,0.468135,0.18888,0.440394,0.627875,-0.267172,0.984883,0.42708,0.754223,0.767073,0.573194,0.40926,0.817271,-0.295899,0.994904,0.406883,0.779297,0.787848,0.772956,0.374649,0.850808,-0.304598,0.977457,0.524504,0.777568,0.695687,0.82655,0.530941,0.860239,-0.508048,0.993209
